sample_instance_uid,global_sample_uid,sample_id,sample_id_canonical_audit,study_id,cv_group,study_key_verified,citation_verified,doi,verified_primary_doi,doi_audit_status,dataset_role,current_n20_main_candidate_17,candidate_focus_tier,region_audited,latitude,longitude,formation,depositional_age_text,stratigraphy_or_depositional_age_audited,material_group,material_group_audited,lithology_audited,physical_sample_status,sample_instance_uid_audit,n_valid_ages,n_valid_ages_recomputed,youngest_age_Ma,youngest_3_mean_Ma,median_age_Ma_recomputed,n_age_le_5Ma,prop_age_le_5Ma,n_age_le_10Ma,prop_age_le_10Ma,n_age_le_20Ma,prop_age_le_20Ma,n_age_le_50Ma,prop_age_le_50Ma,n_age_le_100Ma,prop_age_le_100Ma,near_depositional_evaluation_status,young_feature_class,young_feature_interpretation,published_young_component_crosscheck,volcaniclastic_or_arc_evidence,volcanic_lithic_clast_evidence_status,e4_directness,geologic_e4_verdict,recommended_dataset_role,formal_main_detrital_eligible_after_audit,verdict_reason,data_issue_flags,source_verification_level,primary_source_url,spectrum_fingerprint,cross_endpoint_exact_spectrum_flag,model_leakage_guard
BSPM-187DE532A92A4D4C-E4,E4::MAIN_DATABASE::BSPM-187DE532A92A4D4C-E4,18SB54-6,18SB54-6,10.1016/j.jseaes.2025.106919,10.1016/j.jseaes.2025.106919,Rahmat_2026_Banggi_ophiolite,"Rahmat et al. (2026), Eocene SSZ-type ophiolite from Banggi Island",10.1016/j.jseaes.2025.106919,10.1016/j.jseaes.2025.106919,VERIFIED,MAIN_TRAIN_CANDIDATE_LOW_N,YES,N_GE_20_CURRENT_MAIN_17,"Banggi Island, Sabah, northern Borneo",7.2905278,117.0801111,,Modern/Holocene,N/A — igneous crystallization sample (ca. 55–50 Ma),MODERN_RIVER_OR_SAND,IGNEOUS_OR_VOLCANIC_BEDROCK,metagabbro / hornblende gabbro,VALID_PHYSICAL_SAMPLE,UID_UNIQUE_OK,20,20,48.0,48.0,52.5,0,0.0,0,0.0,0,0.0,6,0.3,20,1.0,NOT_APPLICABLE_BEDROCK,NOT_APPLICABLE_TO_DEPOSITION; CRYSTALLIZATION_AGE_POPULATION,"Bedrock zircon population: ages record host-rock crystallization. A narrow young population is tectonic/magmatic evidence, not a near-depositional detrital signal.",,很强且直接：Banggi SSZ型蛇绿岩、弧型微量元素、年轻正εHf、古南海向南俯冲启动解释。,N/A_BEDROCK_NOT_SEDIMENTARY_CLAST_AUDIT,DIRECT_N_BORNEO_PSCS_BEDROCK,保留—E4直接基岩锚点,AUX_BEDROCK_ONLY,NO,北婆罗洲/古南海SSZ构造证据最直接，但7个均为单块辉长岩/闪长岩基岩定年；河中巨砾采样位置不等于现代河砂年龄谱。,PAPER_LEVEL_HF_EVIDENCE_NOT_LINKED_TO_DATABASE_SAMPLE; MATERIAL_MISCLASSIFIED_AS_MODERN_RIVER_OR_SAND; FALSE_MODERN_DEPOSITIONAL_AGE_FROM_RIVER_BOULDER_LOCALITY,PRIMARY_ARTICLE_AND_PDF_VERIFIED,https://doi.org/10.1016/j.jseaes.2025.106919,92705f658a702a9e97320f6b1ed15391c84d84465cf72dee807d6a9a673930ad,NO,NONE
BSPM-3BA49CF2CFA495D2-E4,E4::MAIN_DATABASE::BSPM-3BA49CF2CFA495D2-E4,18SB59-3,18SB59-3,10.1016/j.jseaes.2025.106919,10.1016/j.jseaes.2025.106919,Rahmat_2026_Banggi_ophiolite,"Rahmat et al. (2026), Eocene SSZ-type ophiolite from Banggi Island",10.1016/j.jseaes.2025.106919,10.1016/j.jseaes.2025.106919,VERIFIED,MAIN_TRAIN_CANDIDATE_LOW_N,YES,N_GE_20_CURRENT_MAIN_17,"Banggi Island, Sabah, northern Borneo",7.2653889,117.0911667,,Modern/Holocene,N/A — igneous crystallization sample (ca. 55–50 Ma),MODERN_RIVER_OR_SAND,IGNEOUS_OR_VOLCANIC_BEDROCK,hornblende gabbro,VALID_PHYSICAL_SAMPLE,UID_UNIQUE_OK,28,28,49.0,49.666666666666664,53.0,0,0.0,0,0.0,0,0.0,3,0.10714285714285714,28,1.0,NOT_APPLICABLE_BEDROCK,NOT_APPLICABLE_TO_DEPOSITION; CRYSTALLIZATION_AGE_POPULATION,"Bedrock zircon population: ages record host-rock crystallization. A narrow young population is tectonic/magmatic evidence, not a near-depositional detrital signal.",,很强且直接：Banggi SSZ型蛇绿岩、弧型微量元素、年轻正εHf、古南海向南俯冲启动解释。,N/A_BEDROCK_NOT_SEDIMENTARY_CLAST_AUDIT,DIRECT_N_BORNEO_PSCS_BEDROCK,保留—E4直接基岩锚点,AUX_BEDROCK_ONLY,NO,北婆罗洲/古南海SSZ构造证据最直接，但7个均为单块辉长岩/闪长岩基岩定年；河中巨砾采样位置不等于现代河砂年龄谱。,PAPER_LEVEL_HF_EVIDENCE_NOT_LINKED_TO_DATABASE_SAMPLE; MATERIAL_MISCLASSIFIED_AS_MODERN_RIVER_OR_SAND; FALSE_MODERN_DEPOSITIONAL_AGE_FROM_RIVER_BOULDER_LOCALITY,PRIMARY_ARTICLE_AND_PDF_VERIFIED,https://doi.org/10.1016/j.jseaes.2025.106919,9654a5c3523837b574c41a2cc87e4bc4df801a58624e25ab14821b19a4a1cea2,NO,NONE
BSPM-2263EA9453CA0ED5-E4,E4::MAIN_DATABASE::BSPM-2263EA9453CA0ED5-E4,18SB60-3,18SB60-3,10.1016/j.jseaes.2025.106919,10.1016/j.jseaes.2025.106919,Rahmat_2026_Banggi_ophiolite,"Rahmat et al. (2026), Eocene SSZ-type ophiolite from Banggi Island",10.1016/j.jseaes.2025.106919,10.1016/j.jseaes.2025.106919,VERIFIED,MAIN_TRAIN_CANDIDATE_LOW_N,YES,N_GE_20_CURRENT_MAIN_17,"Banggi Island, Sabah, northern Borneo",7.2628889,117.0908333,,Modern/Holocene,N/A — igneous crystallization sample (ca. 55–50 Ma),MODERN_RIVER_OR_SAND,IGNEOUS_OR_VOLCANIC_BEDROCK,diorite,VALID_PHYSICAL_SAMPLE,UID_UNIQUE_OK,26,26,52.0,52.0,53.0,0,0.0,0,0.0,0,0.0,0,0.0,26,1.0,NOT_APPLICABLE_BEDROCK,NOT_APPLICABLE_TO_DEPOSITION; CRYSTALLIZATION_AGE_POPULATION,"Bedrock zircon population: ages record host-rock crystallization. A narrow young population is tectonic/magmatic evidence, not a near-depositional detrital signal.",,很强且直接：Banggi SSZ型蛇绿岩、弧型微量元素、年轻正εHf、古南海向南俯冲启动解释。,N/A_BEDROCK_NOT_SEDIMENTARY_CLAST_AUDIT,DIRECT_N_BORNEO_PSCS_BEDROCK,保留—E4直接基岩锚点,AUX_BEDROCK_ONLY,NO,北婆罗洲/古南海SSZ构造证据最直接，但7个均为单块辉长岩/闪长岩基岩定年；河中巨砾采样位置不等于现代河砂年龄谱。,PAPER_LEVEL_HF_EVIDENCE_NOT_LINKED_TO_DATABASE_SAMPLE; MATERIAL_MISCLASSIFIED_AS_MODERN_RIVER_OR_SAND; FALSE_MODERN_DEPOSITIONAL_AGE_FROM_RIVER_BOULDER_LOCALITY,PRIMARY_ARTICLE_AND_PDF_VERIFIED,https://doi.org/10.1016/j.jseaes.2025.106919,f0490c6daabcb21de0010591ff8f6d192911eae85e375ebb136693f11e18911e,NO,NONE
BSPM-CE86459281649163-E4,E4::MAIN_DATABASE::BSPM-CE86459281649163-E4,18SB61-1,18SB61-1,10.1016/j.jseaes.2025.106919,10.1016/j.jseaes.2025.106919,Rahmat_2026_Banggi_ophiolite,"Rahmat et al. (2026), Eocene SSZ-type ophiolite from Banggi Island",10.1016/j.jseaes.2025.106919,10.1016/j.jseaes.2025.106919,VERIFIED,MAIN_TRAIN_CANDIDATE_LOW_N,YES,N_GE_20_CURRENT_MAIN_17,"Banggi Island, Sabah, northern Borneo",7.2611111,117.0911389,,Modern/Holocene,N/A — igneous crystallization sample (ca. 55–50 Ma),MODERN_RIVER_OR_SAND,IGNEOUS_OR_VOLCANIC_BEDROCK,gabbro,VALID_PHYSICAL_SAMPLE,UID_UNIQUE_OK,20,20,51.0,51.0,53.0,0,0.0,0,0.0,0,0.0,0,0.0,20,1.0,NOT_APPLICABLE_BEDROCK,NOT_APPLICABLE_TO_DEPOSITION; CRYSTALLIZATION_AGE_POPULATION,"Bedrock zircon population: ages record host-rock crystallization. A narrow young population is tectonic/magmatic evidence, not a near-depositional detrital signal.",,很强且直接：Banggi SSZ型蛇绿岩、弧型微量元素、年轻正εHf、古南海向南俯冲启动解释。,N/A_BEDROCK_NOT_SEDIMENTARY_CLAST_AUDIT,DIRECT_N_BORNEO_PSCS_BEDROCK,保留—E4直接基岩锚点,AUX_BEDROCK_ONLY,NO,北婆罗洲/古南海SSZ构造证据最直接，但7个均为单块辉长岩/闪长岩基岩定年；河中巨砾采样位置不等于现代河砂年龄谱。,PAPER_LEVEL_HF_EVIDENCE_NOT_LINKED_TO_DATABASE_SAMPLE; MATERIAL_MISCLASSIFIED_AS_MODERN_RIVER_OR_SAND; FALSE_MODERN_DEPOSITIONAL_AGE_FROM_RIVER_BOULDER_LOCALITY,PRIMARY_ARTICLE_AND_PDF_VERIFIED,https://doi.org/10.1016/j.jseaes.2025.106919,4e22780e8a6a9a02dc115993b398b278458d60b3b13adec7830c2aaad09da19b,NO,NONE
BSPM-B364DC973B459777-E4,E4::MAIN_DATABASE::BSPM-B364DC973B459777-E4,18SB62-4,18SB62-4,10.1016/j.jseaes.2025.106919,10.1016/j.jseaes.2025.106919,Rahmat_2026_Banggi_ophiolite,"Rahmat et al. (2026), Eocene SSZ-type ophiolite from Banggi Island",10.1016/j.jseaes.2025.106919,10.1016/j.jseaes.2025.106919,VERIFIED,MAIN_TRAIN_CANDIDATE_LOW_N,YES,N_GE_20_CURRENT_MAIN_17,"Banggi Island, Sabah, northern Borneo",7.3040278,117.0887222,,Modern/Holocene,N/A — igneous crystallization sample (ca. 55–50 Ma),MODERN_RIVER_OR_SAND,IGNEOUS_OR_VOLCANIC_BEDROCK,diorite,VALID_PHYSICAL_SAMPLE,UID_UNIQUE_OK,21,21,49.0,49.0,50.0,0,0.0,0,0.0,0,0.0,11,0.5238095238095238,21,1.0,NOT_APPLICABLE_BEDROCK,NOT_APPLICABLE_TO_DEPOSITION; CRYSTALLIZATION_AGE_POPULATION,"Bedrock zircon population: ages record host-rock crystallization. A narrow young population is tectonic/magmatic evidence, not a near-depositional detrital signal.",,很强且直接：Banggi SSZ型蛇绿岩、弧型微量元素、年轻正εHf、古南海向南俯冲启动解释。,N/A_BEDROCK_NOT_SEDIMENTARY_CLAST_AUDIT,DIRECT_N_BORNEO_PSCS_BEDROCK,保留—E4直接基岩锚点,AUX_BEDROCK_ONLY,NO,北婆罗洲/古南海SSZ构造证据最直接，但7个均为单块辉长岩/闪长岩基岩定年；河中巨砾采样位置不等于现代河砂年龄谱。,PAPER_LEVEL_HF_EVIDENCE_NOT_LINKED_TO_DATABASE_SAMPLE; MATERIAL_MISCLASSIFIED_AS_MODERN_RIVER_OR_SAND; FALSE_MODERN_DEPOSITIONAL_AGE_FROM_RIVER_BOULDER_LOCALITY,PRIMARY_ARTICLE_AND_PDF_VERIFIED,https://doi.org/10.1016/j.jseaes.2025.106919,7872afdf1f42bf126ad91795a10920def81550b58bf7a5c633801de529a1af46,NO,NONE
BSPM-9AE6E55D3B971925-E4,E4::MAIN_DATABASE::BSPM-9AE6E55D3B971925-E4,AB1B,AB-01b,10.5194/essd-18-3671-2026,10.5194/essd-18-3671-2026,Tsai_2019_Luzon_rivers,"Tsai et al. (2019), Detrital zircon record from major rivers of Luzon Island",10.5194/essd-18-3671-2026,10.1144/jgs2019-003,CURRENT_DOI_IS_ONEDZ_AGGREGATOR; PRIMARY_DOI_CORRECTION_REQUIRED,MAIN_TRAIN_CANDIDATE,YES,N_GE_20_CURRENT_MAIN_17,"Abra River, Central West Cordillera, Luzon",17.5472,120.542,,Modern/Holocene,Modern/Holocene (0 Ma),MODERN_RIVER_OR_SAND,MODERN_RIVER_OR_SAND,modern river sand,VALID_PHYSICAL_SAMPLE,UID_UNIQUE_OK; PRIMARY_DOI_REPAIR_NEEDED,56,56,1.0,3.1333333333333333,15.2,4,0.07142857142857142,11,0.19642857142857142,43,0.7678571428571429,56,1.0,56,1.0,EVALUABLE_FOR_MODERN_SAMPLE,PRESENT_BUT_MINOR_NEAR_DEPOSITIONAL_COMPONENT,"Modern sample: ≤10 Ma=19.6%, ≤20 Ma=76.8%, ≤50 Ma=100.0%; youngest=1 Ma. This is a spectrum descriptor, not by itself proof of E4 membership.",,强：现代河砂覆盖弧区流域；U–Pb以<50 Ma为主；Hf同位素接近亏损地幔；论文讨论第四纪火山灰贡献。,NO_SAMPLE_SPECIFIC_VOLCANIC_CLAST_COUNT; PAPER_DISCUSSSES_POSSIBLE_VOLCANIC_ASH_FOR_YOUNGEST_ZIRCONS,REGIONAL_ARC_PROXY,保留—E4弧亲缘参照,AFFINITY_REFERENCE / CHALLENGE_ONLY,NO,现代河砂年龄谱与年轻、亏损地幔型吕宋弧来源相符；但样品均位于吕宋，属于年轻海洋弧类比，不是北婆罗洲/古南海弧的直接碎屑输出。,CURRENT_DOI_IS_ONEDZ_AGGREGATOR; PRIMARY_DOI_CORRECTION_REQUIRED; PAPER_LEVEL_HF_EVIDENCE_NOT_LINKED_TO_DATABASE_SAMPLE,PRIMARY_ARTICLE_VERIFIED,https://doi.org/10.1144/jgs2019-003,9ab6a606f35e53fb980ab2b7b763a1fa3ae2d41e3263510adf2b498325d311aa,NO,NONE
BSPM-212E46E582A6EF78-E4,E4::MAIN_DATABASE::BSPM-212E46E582A6EF78-E4,ABU,ABU,10.5194/essd-18-3671-2026,10.5194/essd-18-3671-2026,Tsai_2019_Luzon_rivers,"Tsai et al. (2019), Detrital zircon record from major rivers of Luzon Island",10.5194/essd-18-3671-2026,10.1144/jgs2019-003,CURRENT_DOI_IS_ONEDZ_AGGREGATOR; PRIMARY_DOI_CORRECTION_REQUIRED,MAIN_TRAIN_CANDIDATE,YES,N_GE_20_CURRENT_MAIN_17,"Abulug River, North Cordillera, Luzon",18.3404,121.4252,,Modern/Holocene,Modern/Holocene (0 Ma),MODERN_RIVER_OR_SAND,MODERN_RIVER_OR_SAND,modern river sand,VALID_PHYSICAL_SAMPLE,UID_UNIQUE_OK; PRIMARY_DOI_REPAIR_NEEDED,47,47,9.0,12.333333333333334,21.8,0,0.0,1,0.02127659574468085,14,0.2978723404255319,47,1.0,47,1.0,EVALUABLE_FOR_MODERN_SAMPLE,PRESENT_BUT_MINOR_NEAR_DEPOSITIONAL_COMPONENT,"Modern sample: ≤10 Ma=2.1%, ≤20 Ma=29.8%, ≤50 Ma=100.0%; youngest=9 Ma. This is a spectrum descriptor, not by itself proof of E4 membership.",,强：现代河砂覆盖弧区流域；U–Pb以<50 Ma为主；Hf同位素接近亏损地幔；论文讨论第四纪火山灰贡献。,NO_SAMPLE_SPECIFIC_VOLCANIC_CLAST_COUNT; PAPER_DISCUSSSES_POSSIBLE_VOLCANIC_ASH_FOR_YOUNGEST_ZIRCONS,REGIONAL_ARC_PROXY,保留—E4弧亲缘参照,AFFINITY_REFERENCE / CHALLENGE_ONLY,NO,现代河砂年龄谱与年轻、亏损地幔型吕宋弧来源相符；但样品均位于吕宋，属于年轻海洋弧类比，不是北婆罗洲/古南海弧的直接碎屑输出。,CURRENT_DOI_IS_ONEDZ_AGGREGATOR; PRIMARY_DOI_CORRECTION_REQUIRED; PAPER_LEVEL_HF_EVIDENCE_NOT_LINKED_TO_DATABASE_SAMPLE,PRIMARY_ARTICLE_VERIFIED,https://doi.org/10.1144/jgs2019-003,6d5997e969239081339ed6aeb9b10ebae9cf176dafaa1e9e7061ada94043f756,NO,NONE
BSPM-235AF1B74DF7B21C-E4,E4::MAIN_DATABASE::BSPM-235AF1B74DF7B21C-E4,AG01,AG-01,10.5194/essd-18-3671-2026,10.5194/essd-18-3671-2026,Tsai_2019_Luzon_rivers,"Tsai et al. (2019), Detrital zircon record from major rivers of Luzon Island",10.5194/essd-18-3671-2026,10.1144/jgs2019-003,CURRENT_DOI_IS_ONEDZ_AGGREGATOR; PRIMARY_DOI_CORRECTION_REQUIRED,MAIN_TRAIN_CANDIDATE,YES,N_GE_20_CURRENT_MAIN_17,"Agno River, SW Cordillera, Luzon",15.9931,120.7076,,Modern/Holocene,Modern/Holocene (0 Ma),MODERN_RIVER_OR_SAND,MODERN_RIVER_OR_SAND,modern river sand,VALID_PHYSICAL_SAMPLE,UID_UNIQUE_OK; PRIMARY_DOI_REPAIR_NEEDED,31,31,0.7,1.3666666666666665,15.7,3,0.0967741935483871,5,0.16129032258064516,23,0.7419354838709677,31,1.0,31,1.0,EVALUABLE_FOR_MODERN_SAMPLE,PRESENT_BUT_MINOR_NEAR_DEPOSITIONAL_COMPONENT,"Modern sample: ≤10 Ma=16.1%, ≤20 Ma=74.2%, ≤50 Ma=100.0%; youngest=0.7 Ma. This is a spectrum descriptor, not by itself proof of E4 membership.",,强：现代河砂覆盖弧区流域；U–Pb以<50 Ma为主；Hf同位素接近亏损地幔；论文讨论第四纪火山灰贡献。,NO_SAMPLE_SPECIFIC_VOLCANIC_CLAST_COUNT; PAPER_DISCUSSSES_POSSIBLE_VOLCANIC_ASH_FOR_YOUNGEST_ZIRCONS,REGIONAL_ARC_PROXY,保留—E4弧亲缘参照,AFFINITY_REFERENCE / CHALLENGE_ONLY,NO,现代河砂年龄谱与年轻、亏损地幔型吕宋弧来源相符；但样品均位于吕宋，属于年轻海洋弧类比，不是北婆罗洲/古南海弧的直接碎屑输出。,CURRENT_DOI_IS_ONEDZ_AGGREGATOR; PRIMARY_DOI_CORRECTION_REQUIRED; PAPER_LEVEL_HF_EVIDENCE_NOT_LINKED_TO_DATABASE_SAMPLE,PRIMARY_ARTICLE_VERIFIED,https://doi.org/10.1144/jgs2019-003,c22217010ff450d1463783f09024c8da3d31ab1c6f4c0ac3d42325aa2a55f2ef,NO,NONE
BSPM-4918C8C1CCD9634C-E4,E4::MAIN_DATABASE::BSPM-4918C8C1CCD9634C-E4,AN01,AN-01,10.5194/essd-18-3671-2026,10.5194/essd-18-3671-2026,Tsai_2019_Luzon_rivers,"Tsai et al. (2019), Detrital zircon record from major rivers of Luzon Island",10.5194/essd-18-3671-2026,10.1144/jgs2019-003,CURRENT_DOI_IS_ONEDZ_AGGREGATOR; PRIMARY_DOI_CORRECTION_REQUIRED,MAIN_TRAIN_CANDIDATE,YES,N_GE_20_CURRENT_MAIN_17,"Angat River, South Sierra Madre, Luzon",14.9212,121.045,,Modern/Holocene,Modern/Holocene (0 Ma),MODERN_RIVER_OR_SAND,MODERN_RIVER_OR_SAND,modern river sand,VALID_PHYSICAL_SAMPLE,UID_UNIQUE_OK; PRIMARY_DOI_REPAIR_NEEDED,48,48,1.5,11.633333333333333,20.1,1,0.020833333333333332,1,0.020833333333333332,24,0.5,46,0.9583333333333334,47,0.9791666666666666,EVALUABLE_FOR_MODERN_SAMPLE,PRESENT_BUT_MINOR_NEAR_DEPOSITIONAL_COMPONENT,"Modern sample: ≤10 Ma=2.1%, ≤20 Ma=50.0%, ≤50 Ma=95.8%; youngest=1.5 Ma. This is a spectrum descriptor, not by itself proof of E4 membership.",原文称 South Sierra Madre 的 BB-01、PE-01、AN-01 均有 <0.5 Ma 锆石；冻结库 AN01 最年轻 1.5 Ma。,强：现代河砂覆盖弧区流域；U–Pb以<50 Ma为主；Hf同位素接近亏损地幔；论文讨论第四纪火山灰贡献。,NO_SAMPLE_SPECIFIC_VOLCANIC_CLAST_COUNT; PAPER_DISCUSSSES_POSSIBLE_VOLCANIC_ASH_FOR_YOUNGEST_ZIRCONS,REGIONAL_ARC_PROXY,保留—E4弧亲缘参照,AFFINITY_REFERENCE / CHALLENGE_ONLY,NO,现代河砂年龄谱与年轻、亏损地幔型吕宋弧来源相符；但样品均位于吕宋，属于年轻海洋弧类比，不是北婆罗洲/古南海弧的直接碎屑输出。,CURRENT_DOI_IS_ONEDZ_AGGREGATOR; PRIMARY_DOI_CORRECTION_REQUIRED; PAPER_LEVEL_HF_EVIDENCE_NOT_LINKED_TO_DATABASE_SAMPLE; PUBLISHED_SUB_MA_ZIRCONS_NOT_REPRODUCED_IN_FROZEN_DB,PRIMARY_ARTICLE_VERIFIED,https://doi.org/10.1144/jgs2019-003,9b2b1551b1ece20a9131e69cbd65c10d48988f0b95d61ea3c42a6d87c1995579,NO,NONE
BSPM-0F0D1592A3149DC6-E4,E4::MAIN_DATABASE::BSPM-0F0D1592A3149DC6-E4,BB01,BB-01,10.5194/essd-18-3671-2026,10.5194/essd-18-3671-2026,Tsai_2019_Luzon_rivers,"Tsai et al. (2019), Detrital zircon record from major rivers of Luzon Island",10.5194/essd-18-3671-2026,10.1144/jgs2019-003,CURRENT_DOI_IS_ONEDZ_AGGREGATOR; PRIMARY_DOI_CORRECTION_REQUIRED,MAIN_TRAIN_CANDIDATE,YES,N_GE_20_CURRENT_MAIN_17,"Bongabon River, Central Sierra Madre, Luzon",15.661,121.23,,Modern/Holocene,Modern/Holocene (0 Ma),MODERN_RIVER_OR_SAND,MODERN_RIVER_OR_SAND,modern river sand,VALID_PHYSICAL_SAMPLE,UID_UNIQUE_OK; PRIMARY_DOI_REPAIR_NEEDED,45,45,32.0,34.333333333333336,103.0,0,0.0,0,0.0,0,0.0,5,0.1111111111111111,22,0.4888888888888889,EVALUABLE_FOR_MODERN_SAMPLE,MIXED_OR_OLDER_SPECTRUM; YOUNGNESS_ALONE_WEAK,"Modern sample: ≤10 Ma=0.0%, ≤20 Ma=0.0%, ≤50 Ma=11.1%; youngest=32 Ma. This is a spectrum descriptor, not by itself proof of E4 membership.",原文称 South Sierra Madre 的 BB-01、PE-01、AN-01 均有 <0.5 Ma 锆石；冻结库 BB01 最年轻 32 Ma。,强：现代河砂覆盖弧区流域；U–Pb以<50 Ma为主；Hf同位素接近亏损地幔；论文讨论第四纪火山灰贡献。,NO_SAMPLE_SPECIFIC_VOLCANIC_CLAST_COUNT; PAPER_DISCUSSSES_POSSIBLE_VOLCANIC_ASH_FOR_YOUNGEST_ZIRCONS,REGIONAL_ARC_PROXY,存疑—冻结库谱与原文年轻组分不一致,SOURCE_RECONCILIATION / CHALLENGE_ONLY,NO,BB-01是真实吕宋河砂，但冻结库45粒最年轻32 Ma、中位数103 Ma、≤50 Ma仅5粒；原文既指出110–70及180–140 Ma中生代年龄群，也报告该样品含<0.5 Ma锆石。当前谱可能漏失年轻组分；在与原文补充表对齐前，仅作数据完整性/异质性挑战，不能断定它地质上缺乏年轻弧亲缘。,CURRENT_DOI_IS_ONEDZ_AGGREGATOR; PRIMARY_DOI_CORRECTION_REQUIRED; PAPER_LEVEL_HF_EVIDENCE_NOT_LINKED_TO_DATABASE_SAMPLE; MESOZOIC_RICH_WITHIN_LUZON_ARC_PROXY; PUBLISHED_SUB_MA_ZIRCONS_NOT_REPRODUCED_IN_FROZEN_DB,PRIMARY_ARTICLE_VERIFIED,https://doi.org/10.1144/jgs2019-003,bbd3695f6be0edb4638e08c9fb11bac4dcd3cf09548be7bc8e4bf3394e943d9c,NO,NONE
BSPM-A2CF7F39E8D5663D-E4,E4::MAIN_DATABASE::BSPM-A2CF7F39E8D5663D-E4,CH01,CH-01,10.5194/essd-18-3671-2026,10.5194/essd-18-3671-2026,Tsai_2019_Luzon_rivers,"Tsai et al. (2019), Detrital zircon record from major rivers of Luzon Island",10.5194/essd-18-3671-2026,10.1144/jgs2019-003,CURRENT_DOI_IS_ONEDZ_AGGREGATOR; PRIMARY_DOI_CORRECTION_REQUIRED,MAIN_TRAIN_CANDIDATE,YES,N_GE_20_CURRENT_MAIN_17,"Chico River, Central East Cordillera, Luzon",17.7533,121.4897,,Modern/Holocene,Modern/Holocene (0 Ma),MODERN_RIVER_OR_SAND,MODERN_RIVER_OR_SAND,modern river sand,VALID_PHYSICAL_SAMPLE,UID_UNIQUE_OK; PRIMARY_DOI_REPAIR_NEEDED,22,22,3.0,6.433333333333334,17.0,1,0.045454545454545456,8,0.36363636363636365,12,0.5454545454545454,22,1.0,22,1.0,EVALUABLE_FOR_MODERN_SAMPLE,STRONG_NEAR_DEPOSITIONAL_YOUNG_COMPONENT,"Modern sample: ≤10 Ma=36.4%, ≤20 Ma=54.5%, ≤50 Ma=100.0%; youngest=3 Ma. This is a spectrum descriptor, not by itself proof of E4 membership.",原文称 CH-01 与 CY-01 的 <0.5 Ma 锆石占比均 >70%；冻结库 CH01 最年轻 3 Ma，年轻组分未被重现。,强：现代河砂覆盖弧区流域；U–Pb以<50 Ma为主；Hf同位素接近亏损地幔；论文讨论第四纪火山灰贡献。,NO_SAMPLE_SPECIFIC_VOLCANIC_CLAST_COUNT; PAPER_DISCUSSSES_POSSIBLE_VOLCANIC_ASH_FOR_YOUNGEST_ZIRCONS,REGIONAL_ARC_PROXY,保留—E4弧亲缘参照,AFFINITY_REFERENCE / CHALLENGE_ONLY,NO,现代河砂年龄谱与年轻、亏损地幔型吕宋弧来源相符；但样品均位于吕宋，属于年轻海洋弧类比，不是北婆罗洲/古南海弧的直接碎屑输出。,CURRENT_DOI_IS_ONEDZ_AGGREGATOR; PRIMARY_DOI_CORRECTION_REQUIRED; PAPER_LEVEL_HF_EVIDENCE_NOT_LINKED_TO_DATABASE_SAMPLE; PUBLISHED_SUB_MA_ZIRCONS_NOT_REPRODUCED_IN_FROZEN_DB,PRIMARY_ARTICLE_VERIFIED,https://doi.org/10.1144/jgs2019-003,f98b74bbb6d4d91f2a452b388c96a03aba9c0ec0aa628cd641fe52ad59a19573,NO,NONE
BSPM-B74C70689FF96AA7-E4,E4::MAIN_DATABASE::BSPM-B74C70689FF96AA7-E4,CY05,CY-05,10.5194/essd-18-3671-2026,10.5194/essd-18-3671-2026,Tsai_2019_Luzon_rivers,"Tsai et al. (2019), Detrital zircon record from major rivers of Luzon Island",10.5194/essd-18-3671-2026,10.1144/jgs2019-003,CURRENT_DOI_IS_ONEDZ_AGGREGATOR; PRIMARY_DOI_CORRECTION_REQUIRED,MAIN_TRAIN_CANDIDATE,YES,N_GE_20_CURRENT_MAIN_17,"Cagayan drainage, North Sierra Madre–Caraballo, Luzon",16.6059,121.6789,,Modern/Holocene,Modern/Holocene (0 Ma),MODERN_RIVER_OR_SAND,MODERN_RIVER_OR_SAND,modern river sand,VALID_PHYSICAL_SAMPLE,UID_UNIQUE_OK; PRIMARY_DOI_REPAIR_NEEDED,44,44,4.6,11.6,33.400000000000006,1,0.022727272727272728,2,0.045454545454545456,2,0.045454545454545456,40,0.9090909090909091,40,0.9090909090909091,EVALUABLE_FOR_MODERN_SAMPLE,PRESENT_BUT_MINOR_NEAR_DEPOSITIONAL_COMPONENT,"Modern sample: ≤10 Ma=4.5%, ≤20 Ma=4.5%, ≤50 Ma=90.9%; youngest=4.6 Ma. This is a spectrum descriptor, not by itself proof of E4 membership.",,强：现代河砂覆盖弧区流域；U–Pb以<50 Ma为主；Hf同位素接近亏损地幔；论文讨论第四纪火山灰贡献。,NO_SAMPLE_SPECIFIC_VOLCANIC_CLAST_COUNT; PAPER_DISCUSSSES_POSSIBLE_VOLCANIC_ASH_FOR_YOUNGEST_ZIRCONS,REGIONAL_ARC_PROXY,保留—E4弧亲缘参照,AFFINITY_REFERENCE / CHALLENGE_ONLY,NO,现代河砂年龄谱与年轻、亏损地幔型吕宋弧来源相符；但样品均位于吕宋，属于年轻海洋弧类比，不是北婆罗洲/古南海弧的直接碎屑输出。,CURRENT_DOI_IS_ONEDZ_AGGREGATOR; PRIMARY_DOI_CORRECTION_REQUIRED; PAPER_LEVEL_HF_EVIDENCE_NOT_LINKED_TO_DATABASE_SAMPLE,PRIMARY_ARTICLE_VERIFIED,https://doi.org/10.1144/jgs2019-003,2fcf95b15007ec073d119f20bafffbaf1bcb9a5c6075dd61ccefe4337ffe7b91,NO,NONE
BSPM-B581E8B406F8FAA7-E4,E4::MAIN_DATABASE::BSPM-B581E8B406F8FAA7-E4,IL01,IL-01,10.5194/essd-18-3671-2026,10.5194/essd-18-3671-2026,Tsai_2019_Luzon_rivers,"Tsai et al. (2019), Detrital zircon record from major rivers of Luzon Island",10.5194/essd-18-3671-2026,10.1144/jgs2019-003,CURRENT_DOI_IS_ONEDZ_AGGREGATOR; PRIMARY_DOI_CORRECTION_REQUIRED,MAIN_TRAIN_CANDIDATE,YES,N_GE_20_CURRENT_MAIN_17,"Ilagan River, North Sierra Madre, Luzon",17.1242,121.9073,,Modern/Holocene,Modern/Holocene (0 Ma),MODERN_RIVER_OR_SAND,MODERN_RIVER_OR_SAND,modern river sand,VALID_PHYSICAL_SAMPLE,UID_UNIQUE_OK; PRIMARY_DOI_REPAIR_NEEDED,36,36,25.0,25.96666666666667,32.15,0,0.0,0,0.0,0,0.0,34,0.9444444444444444,35,0.9722222222222222,EVALUABLE_FOR_MODERN_SAMPLE,YOUNG_CENOZOIC_ARC_COMPONENT_NOT_NEAR_DEPOSITIONAL,"Modern sample: ≤10 Ma=0.0%, ≤20 Ma=0.0%, ≤50 Ma=94.4%; youngest=25 Ma. This is a spectrum descriptor, not by itself proof of E4 membership.",,强：现代河砂覆盖弧区流域；U–Pb以<50 Ma为主；Hf同位素接近亏损地幔；论文讨论第四纪火山灰贡献。,NO_SAMPLE_SPECIFIC_VOLCANIC_CLAST_COUNT; PAPER_DISCUSSSES_POSSIBLE_VOLCANIC_ASH_FOR_YOUNGEST_ZIRCONS,REGIONAL_ARC_PROXY,保留—E4弧亲缘参照,AFFINITY_REFERENCE / CHALLENGE_ONLY,NO,现代河砂年龄谱与年轻、亏损地幔型吕宋弧来源相符；但样品均位于吕宋，属于年轻海洋弧类比，不是北婆罗洲/古南海弧的直接碎屑输出。,CURRENT_DOI_IS_ONEDZ_AGGREGATOR; PRIMARY_DOI_CORRECTION_REQUIRED; PAPER_LEVEL_HF_EVIDENCE_NOT_LINKED_TO_DATABASE_SAMPLE,PRIMARY_ARTICLE_VERIFIED,https://doi.org/10.1144/jgs2019-003,c87ac143eab55e6de9e36878e6f3d05187a343ccb9e69df8ffed2712ef8cf16e,NO,NONE
BSPM-B7E6596D6D7D10E1-E4,E4::MAIN_DATABASE::BSPM-B7E6596D6D7D10E1-E4,MG02,MG-02,10.5194/essd-18-3671-2026,10.5194/essd-18-3671-2026,Tsai_2019_Luzon_rivers,"Tsai et al. (2019), Detrital zircon record from major rivers of Luzon Island",10.5194/essd-18-3671-2026,10.1144/jgs2019-003,CURRENT_DOI_IS_ONEDZ_AGGREGATOR; PRIMARY_DOI_CORRECTION_REQUIRED,MAIN_TRAIN_CANDIDATE,YES,N_GE_20_CURRENT_MAIN_17,"Magat River, SE Cordillera–Caraballo, Luzon",16.5674,121.2698,,Modern/Holocene,Modern/Holocene (0 Ma),MODERN_RIVER_OR_SAND,MODERN_RIVER_OR_SAND,modern river sand,VALID_PHYSICAL_SAMPLE,UID_UNIQUE_OK; PRIMARY_DOI_REPAIR_NEEDED,46,46,14.0,14.266666666666666,29.9,0,0.0,0,0.0,7,0.15217391304347827,45,0.9782608695652174,45,0.9782608695652174,EVALUABLE_FOR_MODERN_SAMPLE,YOUNG_CENOZOIC_ARC_COMPONENT_NOT_NEAR_DEPOSITIONAL,"Modern sample: ≤10 Ma=0.0%, ≤20 Ma=15.2%, ≤50 Ma=97.8%; youngest=14 Ma. This is a spectrum descriptor, not by itself proof of E4 membership.",原文称 MG-02 有少量（约 8%）<0.5 Ma 锆石；冻结库 MG02 最年轻 14 Ma。,强：现代河砂覆盖弧区流域；U–Pb以<50 Ma为主；Hf同位素接近亏损地幔；论文讨论第四纪火山灰贡献。,NO_SAMPLE_SPECIFIC_VOLCANIC_CLAST_COUNT; PAPER_DISCUSSSES_POSSIBLE_VOLCANIC_ASH_FOR_YOUNGEST_ZIRCONS,REGIONAL_ARC_PROXY,保留—E4弧亲缘参照,AFFINITY_REFERENCE / CHALLENGE_ONLY,NO,现代河砂年龄谱与年轻、亏损地幔型吕宋弧来源相符；但样品均位于吕宋，属于年轻海洋弧类比，不是北婆罗洲/古南海弧的直接碎屑输出。,CURRENT_DOI_IS_ONEDZ_AGGREGATOR; PRIMARY_DOI_CORRECTION_REQUIRED; PAPER_LEVEL_HF_EVIDENCE_NOT_LINKED_TO_DATABASE_SAMPLE; PUBLISHED_SUB_MA_ZIRCONS_NOT_REPRODUCED_IN_FROZEN_DB,PRIMARY_ARTICLE_VERIFIED,https://doi.org/10.1144/jgs2019-003,b6105f4a067099d7f244ff7898fae507c86f552adb323093b5fa45bab4232ae5,NO,NONE
BSPM-94EF7F0B2ADA5748-E4,E4::MAIN_DATABASE::BSPM-94EF7F0B2ADA5748-E4,PE01,PE-01,10.5194/essd-18-3671-2026,10.5194/essd-18-3671-2026,Tsai_2019_Luzon_rivers,"Tsai et al. (2019), Detrital zircon record from major rivers of Luzon Island",10.5194/essd-18-3671-2026,10.1144/jgs2019-003,CURRENT_DOI_IS_ONEDZ_AGGREGATOR; PRIMARY_DOI_CORRECTION_REQUIRED,MAIN_TRAIN_CANDIDATE,YES,N_GE_20_CURRENT_MAIN_17,"Peñaranda River, South Sierra Madre, Luzon",15.3654,120.9938,,Modern/Holocene,Modern/Holocene (0 Ma),MODERN_RIVER_OR_SAND,MODERN_RIVER_OR_SAND,modern river sand,VALID_PHYSICAL_SAMPLE,UID_UNIQUE_OK; PRIMARY_DOI_REPAIR_NEEDED,58,58,10.8,10.966666666666667,22.299999999999997,0,0.0,0,0.0,20,0.3448275862068966,56,0.9655172413793104,58,1.0,EVALUABLE_FOR_MODERN_SAMPLE,YOUNG_CENOZOIC_ARC_COMPONENT_NOT_NEAR_DEPOSITIONAL,"Modern sample: ≤10 Ma=0.0%, ≤20 Ma=34.5%, ≤50 Ma=96.6%; youngest=10.8 Ma. This is a spectrum descriptor, not by itself proof of E4 membership.",原文称 South Sierra Madre 的 BB-01、PE-01、AN-01 均有 <0.5 Ma 锆石；冻结库 PE01 最年轻 10.8 Ma。,强：现代河砂覆盖弧区流域；U–Pb以<50 Ma为主；Hf同位素接近亏损地幔；论文讨论第四纪火山灰贡献。,NO_SAMPLE_SPECIFIC_VOLCANIC_CLAST_COUNT; PAPER_DISCUSSSES_POSSIBLE_VOLCANIC_ASH_FOR_YOUNGEST_ZIRCONS,REGIONAL_ARC_PROXY,保留—E4弧亲缘参照,AFFINITY_REFERENCE / CHALLENGE_ONLY,NO,现代河砂年龄谱与年轻、亏损地幔型吕宋弧来源相符；但样品均位于吕宋，属于年轻海洋弧类比，不是北婆罗洲/古南海弧的直接碎屑输出。,CURRENT_DOI_IS_ONEDZ_AGGREGATOR; PRIMARY_DOI_CORRECTION_REQUIRED; PAPER_LEVEL_HF_EVIDENCE_NOT_LINKED_TO_DATABASE_SAMPLE; PUBLISHED_SUB_MA_ZIRCONS_NOT_REPRODUCED_IN_FROZEN_DB,PRIMARY_ARTICLE_VERIFIED,https://doi.org/10.1144/jgs2019-003,198ed93b7d9e89df66fbcc4d772750c88c7c78ea8eb86486c5e21e7b8a24f3f3,NO,NONE
BSPM-76118D5AAB4F8D88-R4,E4::MAIN_DATABASE::BSPM-76118D5AAB4F8D88-R4,BG13,BG-13,10.1111/iar.12535,10.1111/iar.12535,Walia_2024_BG13,"Walia et al. (2024), U–Pb Geochronology of the Baguio Area",10.1111/iar.12535,10.1111/iar.12535,VERIFIED,MAIN_TRAIN_CANDIDATE,YES,N_GE_20_CURRENT_MAIN_17,"Bued River, Baguio/Cordillera, northern Luzon",16.2303611111,120.5051111111,,Modern/Holocene,Modern/Holocene (0 Ma),MODERN_RIVER_OR_SAND,MODERN_RIVER_OR_SAND,modern river sand,VALID_PHYSICAL_SAMPLE,UID_UNIQUE_BUT_LEGACY_R4_SUFFIX,54,54,2.7,2.8333333333333335,16.45,6,0.1111111111111111,7,0.12962962962962962,49,0.9074074074074074,54,1.0,54,1.0,EVALUABLE_FOR_MODERN_SAMPLE,PRESENT_BUT_MINOR_NEAR_DEPOSITIONAL_COMPONENT,"Modern sample: ≤10 Ma=13.0%, ≤20 Ma=90.7%, ≤50 Ma=100.0%; youngest=2.7 Ma. This is a spectrum descriptor, not by itself proof of E4 membership.",,强：河流汇集Baguio弧岩浆岩；2.7–3.2 Ma与16–17 Ma年龄群；正εHf。,ARC_IGNEOUS_ROCKS_IN_CATCHMENT; NO_SAMPLE_SPECIFIC_VOLCANIC_CLAST_COUNT,REGIONAL_ARC_PROXY,保留—E4弧亲缘参照,AFFINITY_REFERENCE / CHALLENGE_ONLY,NO,真实现代河砂，年轻弧源与正εHf证据强；但位于北吕宋，是弧亲缘类比而非北婆罗洲/古南海直接碎屑端元。,DB_HAS_54_VALID_AGES_VS_56_ANALYSED_IN_PAPER; PAPER_LEVEL_HF_EVIDENCE_NOT_LINKED_TO_DATABASE_SAMPLE; LEGACY_R4_UID_SUFFIX,PRIMARY_ARTICLE_VERIFIED,https://doi.org/10.1111/iar.12535,e6c0bf013b73a0827430ac0754e444255cabb764de3618542a618cf28535dcc3,NO,NONE
BSPM-F556A3B7C9707E93-R4,E4::MAIN_DATABASE::BSPM-F556A3B7C9707E93-R4,ARS,ARS,10.1111/iar.70028,10.1111/iar.70028,Yang_2025_ARS,"Yang et al. (2025), Ages and Geochemistry of Igneous Rocks in the Northern Sierra Madre–Caraballo Mountains",10.1111/iar.70028,10.1111/iar.70028,VERIFIED,MAIN_TRAIN_CANDIDATE,YES,N_GE_20_CURRENT_MAIN_17,"Abuan River headstream, Northern Sierra Madre, Luzon",,,,Modern/Holocene,Modern/Holocene (0 Ma),MODERN_RIVER_OR_SAND,MODERN_RIVER_OR_SAND,modern river sand,VALID_PHYSICAL_SAMPLE,UID_UNIQUE_BUT_LEGACY_R4_SUFFIX,28,28,26.0,27.3,34.0,0,0.0,0,0.0,0,0.0,28,1.0,28,1.0,EVALUABLE_FOR_MODERN_SAMPLE,YOUNG_CENOZOIC_ARC_COMPONENT_NOT_NEAR_DEPOSITIONAL,"Modern sample: ≤10 Ma=0.0%, ≤20 Ma=0.0%, ≤50 Ma=100.0%; youngest=26 Ma. This is a spectrum descriptor, not by itself proof of E4 membership.",,强：Abuan River弧岩浆岩流域；约34与31 Ma岛弧岩浆岩；河砂年龄26–43 Ma。,PILLOW_BASALT_AND_TUFFACEOUS_STRATA_IN_SOURCE_AREA; NO_VOLCANIC_CLAST_COUNT_FOR_ARS,REGIONAL_ARC_PROXY,保留—E4弧亲缘参照,AFFINITY_REFERENCE / CHALLENGE_ONLY,NO,真实现代河砂且弧源背景清楚；但仍是北吕宋类比样品，不是北婆罗洲/古南海直接碎屑输出。,PAPER_LEVEL_HF_EVIDENCE_NOT_LINKED_TO_DATABASE_SAMPLE; LEGACY_R4_UID_SUFFIX,PRIMARY_ARTICLE_VERIFIED,https://doi.org/10.1111/iar.70028,66767ac4b4a96db0897eeea11b86cdd45116ba0a05c751975816c89eb0947c8e,NO,NONE
BSPM-FCC43A6CDC4C4A5D-E4,E4::MAIN_DATABASE::BSPM-FCC43A6CDC4C4A5D-E4,A-01,A-01,http://www.geojournals.cn/dzxb/ch/index.aspx,http://www.geojournals.cn/dzxb/ch/index.aspx,Hou_2025_unresolved_Philippine_records,"Hou Fanghui (2025), title/DOI unresolved in current database",http://www.geojournals.cn/dzxb/ch/index.aspx,,JOURNAL_HOMEPAGE_ONLY; DOI_AND_ARTICLE_TITLE_UNRESOLVED,MAIN_TRAIN_CANDIDATE_LOW_N,NO,ALL_CANDIDATE_CONTEXT,Unresolved; current database only states Philippine juvenile arc / West Philippine Basin,,,,nan nan nan,Unknown,SEDIMENTARY_DETRITAL,UNRESOLVED_RECORD_GRANULARITY,database text: sandstone-bearing limestone / unresolved,NOT_VERIFIED_AS_PHYSICAL_SAMPLE,UID_UNIQUE_STRING_BUT_LIKELY_GRAIN_LEVEL_IDENTITY,1,1,2420.0,2420.0,2420.0,0,0.0,0,0.0,0,0.0,0,0.0,0,0.0,NOT_EVALUABLE,NOT_EVALUABLE_SAMPLE_IDENTITY_AND_DEPOSITION_UNKNOWN,Only 1–2 ages are attached to this identifier and depositional age is unknown; near-depositional or syndepositional zircon cannot be assessed.,,不可判定：当前元数据不能把年轻年龄、火山岩屑或弧背景落实到物理样品。,UNVERIFIABLE_ORIGINAL_STUDY_NOT_RESOLVED,UNRESOLVED,存疑—来源与物理样品身份未解决,QUARANTINE / REBUILD_SAMPLE_ID,NO,缺少可核验论文DOI、地区、地层和沉积时代；A/B编号表现为颗粒/分析编号而非完整物理样品，1–2粒不能构成年龄谱。,JOURNAL_HOMEPAGE_ONLY; DOI_AND_ARTICLE_TITLE_UNRESOLVED; PHYSICAL_SAMPLE_IDENTITY_UNRESOLVED; ONLY_1_TO_2_GRAINS_PER_ID; LOCATION_FORMATION_DEPOSITIONAL_AGE_MISSING; NOT_AN_INDEPENDENT_AGE_SPECTRUM; LOW_N_LT20,SOURCE_NOT_RECOVERED,https://geo.ijournals.cn/dzxbe/dzxbe/home,f22f7204705bcfe06803385c00e6ee1611110687948b36233bd0b27c3d4265c1,NO,NONE
BSPM-8263BEA4A0B04E3A-E4,E4::MAIN_DATABASE::BSPM-8263BEA4A0B04E3A-E4,A-05,A-05,http://www.geojournals.cn/dzxb/ch/index.aspx,http://www.geojournals.cn/dzxb/ch/index.aspx,Hou_2025_unresolved_Philippine_records,"Hou Fanghui (2025), title/DOI unresolved in current database",http://www.geojournals.cn/dzxb/ch/index.aspx,,JOURNAL_HOMEPAGE_ONLY; DOI_AND_ARTICLE_TITLE_UNRESOLVED,MAIN_TRAIN_CANDIDATE_LOW_N,NO,ALL_CANDIDATE_CONTEXT,Unresolved; current database only states Philippine juvenile arc / West Philippine Basin,,,,nan nan nan,Unknown,SEDIMENTARY_DETRITAL,UNRESOLVED_RECORD_GRANULARITY,database text: sandstone-bearing limestone / unresolved,NOT_VERIFIED_AS_PHYSICAL_SAMPLE,UID_UNIQUE_STRING_BUT_LIKELY_GRAIN_LEVEL_IDENTITY,1,1,1570.0,1570.0,1570.0,0,0.0,0,0.0,0,0.0,0,0.0,0,0.0,NOT_EVALUABLE,NOT_EVALUABLE_SAMPLE_IDENTITY_AND_DEPOSITION_UNKNOWN,Only 1–2 ages are attached to this identifier and depositional age is unknown; near-depositional or syndepositional zircon cannot be assessed.,,不可判定：当前元数据不能把年轻年龄、火山岩屑或弧背景落实到物理样品。,UNVERIFIABLE_ORIGINAL_STUDY_NOT_RESOLVED,UNRESOLVED,存疑—来源与物理样品身份未解决,QUARANTINE / REBUILD_SAMPLE_ID,NO,缺少可核验论文DOI、地区、地层和沉积时代；A/B编号表现为颗粒/分析编号而非完整物理样品，1–2粒不能构成年龄谱。,JOURNAL_HOMEPAGE_ONLY; DOI_AND_ARTICLE_TITLE_UNRESOLVED; PHYSICAL_SAMPLE_IDENTITY_UNRESOLVED; ONLY_1_TO_2_GRAINS_PER_ID; LOCATION_FORMATION_DEPOSITIONAL_AGE_MISSING; NOT_AN_INDEPENDENT_AGE_SPECTRUM; LOW_N_LT20,SOURCE_NOT_RECOVERED,https://geo.ijournals.cn/dzxbe/dzxbe/home,b97c409c7529980d3d7199d18e6a6dcd92c7403ab23b23c0244eede3b3f9b12a,NO,NONE
BSPM-3D04A9432D58FEAA-E4,E4::MAIN_DATABASE::BSPM-3D04A9432D58FEAA-E4,A-07,A-07,http://www.geojournals.cn/dzxb/ch/index.aspx,http://www.geojournals.cn/dzxb/ch/index.aspx,Hou_2025_unresolved_Philippine_records,"Hou Fanghui (2025), title/DOI unresolved in current database",http://www.geojournals.cn/dzxb/ch/index.aspx,,JOURNAL_HOMEPAGE_ONLY; DOI_AND_ARTICLE_TITLE_UNRESOLVED,MAIN_TRAIN_CANDIDATE_LOW_N,NO,ALL_CANDIDATE_CONTEXT,Unresolved; current database only states Philippine juvenile arc / West Philippine Basin,,,,nan nan nan,Unknown,SEDIMENTARY_DETRITAL,UNRESOLVED_RECORD_GRANULARITY,database text: sandstone-bearing limestone / unresolved,NOT_VERIFIED_AS_PHYSICAL_SAMPLE,UID_UNIQUE_STRING_BUT_LIKELY_GRAIN_LEVEL_IDENTITY,1,1,3112.0,3112.0,3112.0,0,0.0,0,0.0,0,0.0,0,0.0,0,0.0,NOT_EVALUABLE,NOT_EVALUABLE_SAMPLE_IDENTITY_AND_DEPOSITION_UNKNOWN,Only 1–2 ages are attached to this identifier and depositional age is unknown; near-depositional or syndepositional zircon cannot be assessed.,,不可判定：当前元数据不能把年轻年龄、火山岩屑或弧背景落实到物理样品。,UNVERIFIABLE_ORIGINAL_STUDY_NOT_RESOLVED,UNRESOLVED,存疑—来源与物理样品身份未解决,QUARANTINE / REBUILD_SAMPLE_ID,NO,缺少可核验论文DOI、地区、地层和沉积时代；A/B编号表现为颗粒/分析编号而非完整物理样品，1–2粒不能构成年龄谱。,JOURNAL_HOMEPAGE_ONLY; DOI_AND_ARTICLE_TITLE_UNRESOLVED; PHYSICAL_SAMPLE_IDENTITY_UNRESOLVED; ONLY_1_TO_2_GRAINS_PER_ID; LOCATION_FORMATION_DEPOSITIONAL_AGE_MISSING; NOT_AN_INDEPENDENT_AGE_SPECTRUM; LOW_N_LT20,SOURCE_NOT_RECOVERED,https://geo.ijournals.cn/dzxbe/dzxbe/home,8d24f0e054b3cddf3934923daa8dba1e73a594fc950927aef1236df17557b1ed,NO,NONE
BSPM-939BE6F2C3D3DABF-E4,E4::MAIN_DATABASE::BSPM-939BE6F2C3D3DABF-E4,A-08,A-08,http://www.geojournals.cn/dzxb/ch/index.aspx,http://www.geojournals.cn/dzxb/ch/index.aspx,Hou_2025_unresolved_Philippine_records,"Hou Fanghui (2025), title/DOI unresolved in current database",http://www.geojournals.cn/dzxb/ch/index.aspx,,JOURNAL_HOMEPAGE_ONLY; DOI_AND_ARTICLE_TITLE_UNRESOLVED,MAIN_TRAIN_CANDIDATE_LOW_N,NO,ALL_CANDIDATE_CONTEXT,Unresolved; current database only states Philippine juvenile arc / West Philippine Basin,,,,nan nan nan,Unknown,SEDIMENTARY_DETRITAL,UNRESOLVED_RECORD_GRANULARITY,database text: sandstone-bearing limestone / unresolved,NOT_VERIFIED_AS_PHYSICAL_SAMPLE,UID_UNIQUE_STRING_BUT_LIKELY_GRAIN_LEVEL_IDENTITY,1,1,2707.0,2707.0,2707.0,0,0.0,0,0.0,0,0.0,0,0.0,0,0.0,NOT_EVALUABLE,NOT_EVALUABLE_SAMPLE_IDENTITY_AND_DEPOSITION_UNKNOWN,Only 1–2 ages are attached to this identifier and depositional age is unknown; near-depositional or syndepositional zircon cannot be assessed.,,不可判定：当前元数据不能把年轻年龄、火山岩屑或弧背景落实到物理样品。,UNVERIFIABLE_ORIGINAL_STUDY_NOT_RESOLVED,UNRESOLVED,存疑—来源与物理样品身份未解决,QUARANTINE / REBUILD_SAMPLE_ID,NO,缺少可核验论文DOI、地区、地层和沉积时代；A/B编号表现为颗粒/分析编号而非完整物理样品，1–2粒不能构成年龄谱。,JOURNAL_HOMEPAGE_ONLY; DOI_AND_ARTICLE_TITLE_UNRESOLVED; PHYSICAL_SAMPLE_IDENTITY_UNRESOLVED; ONLY_1_TO_2_GRAINS_PER_ID; LOCATION_FORMATION_DEPOSITIONAL_AGE_MISSING; NOT_AN_INDEPENDENT_AGE_SPECTRUM; LOW_N_LT20,SOURCE_NOT_RECOVERED,https://geo.ijournals.cn/dzxbe/dzxbe/home,59a2ceb69a920a93f26b2b737e0d28d56e021cecc40df4c649de0cbaccd0cb50,NO,NONE
BSPM-10B2CF70EF37EBF6-E4,E4::MAIN_DATABASE::BSPM-10B2CF70EF37EBF6-E4,A-09,A-09,http://www.geojournals.cn/dzxb/ch/index.aspx,http://www.geojournals.cn/dzxb/ch/index.aspx,Hou_2025_unresolved_Philippine_records,"Hou Fanghui (2025), title/DOI unresolved in current database",http://www.geojournals.cn/dzxb/ch/index.aspx,,JOURNAL_HOMEPAGE_ONLY; DOI_AND_ARTICLE_TITLE_UNRESOLVED,MAIN_TRAIN_CANDIDATE_LOW_N,NO,ALL_CANDIDATE_CONTEXT,Unresolved; current database only states Philippine juvenile arc / West Philippine Basin,,,,nan nan nan,Unknown,SEDIMENTARY_DETRITAL,UNRESOLVED_RECORD_GRANULARITY,database text: sandstone-bearing limestone / unresolved,NOT_VERIFIED_AS_PHYSICAL_SAMPLE,UID_UNIQUE_STRING_BUT_LIKELY_GRAIN_LEVEL_IDENTITY,1,1,1529.0,1529.0,1529.0,0,0.0,0,0.0,0,0.0,0,0.0,0,0.0,NOT_EVALUABLE,NOT_EVALUABLE_SAMPLE_IDENTITY_AND_DEPOSITION_UNKNOWN,Only 1–2 ages are attached to this identifier and depositional age is unknown; near-depositional or syndepositional zircon cannot be assessed.,,不可判定：当前元数据不能把年轻年龄、火山岩屑或弧背景落实到物理样品。,UNVERIFIABLE_ORIGINAL_STUDY_NOT_RESOLVED,UNRESOLVED,存疑—来源与物理样品身份未解决,QUARANTINE / REBUILD_SAMPLE_ID,NO,缺少可核验论文DOI、地区、地层和沉积时代；A/B编号表现为颗粒/分析编号而非完整物理样品，1–2粒不能构成年龄谱。,JOURNAL_HOMEPAGE_ONLY; DOI_AND_ARTICLE_TITLE_UNRESOLVED; PHYSICAL_SAMPLE_IDENTITY_UNRESOLVED; ONLY_1_TO_2_GRAINS_PER_ID; LOCATION_FORMATION_DEPOSITIONAL_AGE_MISSING; NOT_AN_INDEPENDENT_AGE_SPECTRUM; LOW_N_LT20,SOURCE_NOT_RECOVERED,https://geo.ijournals.cn/dzxbe/dzxbe/home,c02d9a3ec2f54910782aa8a565d9c1b44781ef1723239ddc923e31de1a98783a,NO,NONE
BSPM-E655777319A26765-E4,E4::MAIN_DATABASE::BSPM-E655777319A26765-E4,A-10,A-10,http://www.geojournals.cn/dzxb/ch/index.aspx,http://www.geojournals.cn/dzxb/ch/index.aspx,Hou_2025_unresolved_Philippine_records,"Hou Fanghui (2025), title/DOI unresolved in current database",http://www.geojournals.cn/dzxb/ch/index.aspx,,JOURNAL_HOMEPAGE_ONLY; DOI_AND_ARTICLE_TITLE_UNRESOLVED,MAIN_TRAIN_CANDIDATE_LOW_N,NO,ALL_CANDIDATE_CONTEXT,Unresolved; current database only states Philippine juvenile arc / West Philippine Basin,,,,nan nan nan,Unknown,SEDIMENTARY_DETRITAL,UNRESOLVED_RECORD_GRANULARITY,database text: sandstone-bearing limestone / unresolved,NOT_VERIFIED_AS_PHYSICAL_SAMPLE,UID_UNIQUE_STRING_BUT_LIKELY_GRAIN_LEVEL_IDENTITY,1,1,2962.0,2962.0,2962.0,0,0.0,0,0.0,0,0.0,0,0.0,0,0.0,NOT_EVALUABLE,NOT_EVALUABLE_SAMPLE_IDENTITY_AND_DEPOSITION_UNKNOWN,Only 1–2 ages are attached to this identifier and depositional age is unknown; near-depositional or syndepositional zircon cannot be assessed.,,不可判定：当前元数据不能把年轻年龄、火山岩屑或弧背景落实到物理样品。,UNVERIFIABLE_ORIGINAL_STUDY_NOT_RESOLVED,UNRESOLVED,存疑—来源与物理样品身份未解决,QUARANTINE / REBUILD_SAMPLE_ID,NO,缺少可核验论文DOI、地区、地层和沉积时代；A/B编号表现为颗粒/分析编号而非完整物理样品，1–2粒不能构成年龄谱。,JOURNAL_HOMEPAGE_ONLY; DOI_AND_ARTICLE_TITLE_UNRESOLVED; PHYSICAL_SAMPLE_IDENTITY_UNRESOLVED; ONLY_1_TO_2_GRAINS_PER_ID; LOCATION_FORMATION_DEPOSITIONAL_AGE_MISSING; NOT_AN_INDEPENDENT_AGE_SPECTRUM; LOW_N_LT20,SOURCE_NOT_RECOVERED,https://geo.ijournals.cn/dzxbe/dzxbe/home,9d363588710f78a767bb145d96039af473512eb24e2c2adefa4b686b3ec14588,NO,NONE
BSPM-E09257585CB66BAE-E4,E4::MAIN_DATABASE::BSPM-E09257585CB66BAE-E4,A-11,A-11,http://www.geojournals.cn/dzxb/ch/index.aspx,http://www.geojournals.cn/dzxb/ch/index.aspx,Hou_2025_unresolved_Philippine_records,"Hou Fanghui (2025), title/DOI unresolved in current database",http://www.geojournals.cn/dzxb/ch/index.aspx,,JOURNAL_HOMEPAGE_ONLY; DOI_AND_ARTICLE_TITLE_UNRESOLVED,MAIN_TRAIN_CANDIDATE_LOW_N,NO,ALL_CANDIDATE_CONTEXT,Unresolved; current database only states Philippine juvenile arc / West Philippine Basin,,,,nan nan nan,Unknown,SEDIMENTARY_DETRITAL,UNRESOLVED_RECORD_GRANULARITY,database text: sandstone-bearing limestone / unresolved,NOT_VERIFIED_AS_PHYSICAL_SAMPLE,UID_UNIQUE_STRING_BUT_LIKELY_GRAIN_LEVEL_IDENTITY,1,1,2989.0,2989.0,2989.0,0,0.0,0,0.0,0,0.0,0,0.0,0,0.0,NOT_EVALUABLE,NOT_EVALUABLE_SAMPLE_IDENTITY_AND_DEPOSITION_UNKNOWN,Only 1–2 ages are attached to this identifier and depositional age is unknown; near-depositional or syndepositional zircon cannot be assessed.,,不可判定：当前元数据不能把年轻年龄、火山岩屑或弧背景落实到物理样品。,UNVERIFIABLE_ORIGINAL_STUDY_NOT_RESOLVED,UNRESOLVED,存疑—来源与物理样品身份未解决,QUARANTINE / REBUILD_SAMPLE_ID,NO,缺少可核验论文DOI、地区、地层和沉积时代；A/B编号表现为颗粒/分析编号而非完整物理样品，1–2粒不能构成年龄谱。,JOURNAL_HOMEPAGE_ONLY; DOI_AND_ARTICLE_TITLE_UNRESOLVED; PHYSICAL_SAMPLE_IDENTITY_UNRESOLVED; ONLY_1_TO_2_GRAINS_PER_ID; LOCATION_FORMATION_DEPOSITIONAL_AGE_MISSING; NOT_AN_INDEPENDENT_AGE_SPECTRUM; LOW_N_LT20,SOURCE_NOT_RECOVERED,https://geo.ijournals.cn/dzxbe/dzxbe/home,6c5594589eae4b0c625d25ec2cec7dbb81872a753b44b1d59c88f69dd632d0f4,NO,NONE
BSPM-3135DC23DD8A0259-E4,E4::MAIN_DATABASE::BSPM-3135DC23DD8A0259-E4,A-12,A-12,http://www.geojournals.cn/dzxb/ch/index.aspx,http://www.geojournals.cn/dzxb/ch/index.aspx,Hou_2025_unresolved_Philippine_records,"Hou Fanghui (2025), title/DOI unresolved in current database",http://www.geojournals.cn/dzxb/ch/index.aspx,,JOURNAL_HOMEPAGE_ONLY; DOI_AND_ARTICLE_TITLE_UNRESOLVED,MAIN_TRAIN_CANDIDATE_LOW_N,NO,ALL_CANDIDATE_CONTEXT,Unresolved; current database only states Philippine juvenile arc / West Philippine Basin,,,,nan nan nan,Unknown,SEDIMENTARY_DETRITAL,UNRESOLVED_RECORD_GRANULARITY,database text: sandstone-bearing limestone / unresolved,NOT_VERIFIED_AS_PHYSICAL_SAMPLE,UID_UNIQUE_STRING_BUT_LIKELY_GRAIN_LEVEL_IDENTITY,1,1,2141.0,2141.0,2141.0,0,0.0,0,0.0,0,0.0,0,0.0,0,0.0,NOT_EVALUABLE,NOT_EVALUABLE_SAMPLE_IDENTITY_AND_DEPOSITION_UNKNOWN,Only 1–2 ages are attached to this identifier and depositional age is unknown; near-depositional or syndepositional zircon cannot be assessed.,,不可判定：当前元数据不能把年轻年龄、火山岩屑或弧背景落实到物理样品。,UNVERIFIABLE_ORIGINAL_STUDY_NOT_RESOLVED,UNRESOLVED,存疑—来源与物理样品身份未解决,QUARANTINE / REBUILD_SAMPLE_ID,NO,缺少可核验论文DOI、地区、地层和沉积时代；A/B编号表现为颗粒/分析编号而非完整物理样品，1–2粒不能构成年龄谱。,JOURNAL_HOMEPAGE_ONLY; DOI_AND_ARTICLE_TITLE_UNRESOLVED; PHYSICAL_SAMPLE_IDENTITY_UNRESOLVED; ONLY_1_TO_2_GRAINS_PER_ID; LOCATION_FORMATION_DEPOSITIONAL_AGE_MISSING; NOT_AN_INDEPENDENT_AGE_SPECTRUM; LOW_N_LT20,SOURCE_NOT_RECOVERED,https://geo.ijournals.cn/dzxbe/dzxbe/home,1b201de03cc3310de41057cb903750c9decbfacbafe6b756a3c0c91a32ed6ccb,NO,NONE
BSPM-C865245FE41DE323-E4,E4::MAIN_DATABASE::BSPM-C865245FE41DE323-E4,A-15,A-15,http://www.geojournals.cn/dzxb/ch/index.aspx,http://www.geojournals.cn/dzxb/ch/index.aspx,Hou_2025_unresolved_Philippine_records,"Hou Fanghui (2025), title/DOI unresolved in current database",http://www.geojournals.cn/dzxb/ch/index.aspx,,JOURNAL_HOMEPAGE_ONLY; DOI_AND_ARTICLE_TITLE_UNRESOLVED,MAIN_TRAIN_CANDIDATE_LOW_N,NO,ALL_CANDIDATE_CONTEXT,Unresolved; current database only states Philippine juvenile arc / West Philippine Basin,,,,nan nan nan,Unknown,SEDIMENTARY_DETRITAL,UNRESOLVED_RECORD_GRANULARITY,database text: sandstone-bearing limestone / unresolved,NOT_VERIFIED_AS_PHYSICAL_SAMPLE,UID_UNIQUE_STRING_BUT_LIKELY_GRAIN_LEVEL_IDENTITY,1,1,659.0,659.0,659.0,0,0.0,0,0.0,0,0.0,0,0.0,0,0.0,NOT_EVALUABLE,NOT_EVALUABLE_SAMPLE_IDENTITY_AND_DEPOSITION_UNKNOWN,Only 1–2 ages are attached to this identifier and depositional age is unknown; near-depositional or syndepositional zircon cannot be assessed.,,不可判定：当前元数据不能把年轻年龄、火山岩屑或弧背景落实到物理样品。,UNVERIFIABLE_ORIGINAL_STUDY_NOT_RESOLVED,UNRESOLVED,存疑—来源与物理样品身份未解决,QUARANTINE / REBUILD_SAMPLE_ID,NO,缺少可核验论文DOI、地区、地层和沉积时代；A/B编号表现为颗粒/分析编号而非完整物理样品，1–2粒不能构成年龄谱。,JOURNAL_HOMEPAGE_ONLY; DOI_AND_ARTICLE_TITLE_UNRESOLVED; PHYSICAL_SAMPLE_IDENTITY_UNRESOLVED; ONLY_1_TO_2_GRAINS_PER_ID; LOCATION_FORMATION_DEPOSITIONAL_AGE_MISSING; NOT_AN_INDEPENDENT_AGE_SPECTRUM; LOW_N_LT20,SOURCE_NOT_RECOVERED,https://geo.ijournals.cn/dzxbe/dzxbe/home,8f080bc234a2f4a3be9eb627f0dd281c1e8d702b40c02d598be7e7d8d64e21af,NO,NONE
BSPM-AC3DFD4CC71D44D5-E4,E4::MAIN_DATABASE::BSPM-AC3DFD4CC71D44D5-E4,A-16,A-16,http://www.geojournals.cn/dzxb/ch/index.aspx,http://www.geojournals.cn/dzxb/ch/index.aspx,Hou_2025_unresolved_Philippine_records,"Hou Fanghui (2025), title/DOI unresolved in current database",http://www.geojournals.cn/dzxb/ch/index.aspx,,JOURNAL_HOMEPAGE_ONLY; DOI_AND_ARTICLE_TITLE_UNRESOLVED,MAIN_TRAIN_CANDIDATE_LOW_N,NO,ALL_CANDIDATE_CONTEXT,Unresolved; current database only states Philippine juvenile arc / West Philippine Basin,,,,nan nan nan,Unknown,SEDIMENTARY_DETRITAL,UNRESOLVED_RECORD_GRANULARITY,database text: sandstone-bearing limestone / unresolved,NOT_VERIFIED_AS_PHYSICAL_SAMPLE,UID_UNIQUE_STRING_BUT_LIKELY_GRAIN_LEVEL_IDENTITY,1,1,3157.0,3157.0,3157.0,0,0.0,0,0.0,0,0.0,0,0.0,0,0.0,NOT_EVALUABLE,NOT_EVALUABLE_SAMPLE_IDENTITY_AND_DEPOSITION_UNKNOWN,Only 1–2 ages are attached to this identifier and depositional age is unknown; near-depositional or syndepositional zircon cannot be assessed.,,不可判定：当前元数据不能把年轻年龄、火山岩屑或弧背景落实到物理样品。,UNVERIFIABLE_ORIGINAL_STUDY_NOT_RESOLVED,UNRESOLVED,存疑—来源与物理样品身份未解决,QUARANTINE / REBUILD_SAMPLE_ID,NO,缺少可核验论文DOI、地区、地层和沉积时代；A/B编号表现为颗粒/分析编号而非完整物理样品，1–2粒不能构成年龄谱。,JOURNAL_HOMEPAGE_ONLY; DOI_AND_ARTICLE_TITLE_UNRESOLVED; PHYSICAL_SAMPLE_IDENTITY_UNRESOLVED; ONLY_1_TO_2_GRAINS_PER_ID; LOCATION_FORMATION_DEPOSITIONAL_AGE_MISSING; NOT_AN_INDEPENDENT_AGE_SPECTRUM; LOW_N_LT20,SOURCE_NOT_RECOVERED,https://geo.ijournals.cn/dzxbe/dzxbe/home,2a594df05c96c02d77025673323ae89bbe608ee20c8011d0380c1157541eed77,NO,NONE
BSPM-F599DAFF98CA85A0-E4,E4::MAIN_DATABASE::BSPM-F599DAFF98CA85A0-E4,A-17,A-17,http://www.geojournals.cn/dzxb/ch/index.aspx,http://www.geojournals.cn/dzxb/ch/index.aspx,Hou_2025_unresolved_Philippine_records,"Hou Fanghui (2025), title/DOI unresolved in current database",http://www.geojournals.cn/dzxb/ch/index.aspx,,JOURNAL_HOMEPAGE_ONLY; DOI_AND_ARTICLE_TITLE_UNRESOLVED,MAIN_TRAIN_CANDIDATE_LOW_N,NO,ALL_CANDIDATE_CONTEXT,Unresolved; current database only states Philippine juvenile arc / West Philippine Basin,,,,nan nan nan,Unknown,SEDIMENTARY_DETRITAL,UNRESOLVED_RECORD_GRANULARITY,database text: sandstone-bearing limestone / unresolved,NOT_VERIFIED_AS_PHYSICAL_SAMPLE,UID_UNIQUE_STRING_BUT_LIKELY_GRAIN_LEVEL_IDENTITY,1,1,1650.0,1650.0,1650.0,0,0.0,0,0.0,0,0.0,0,0.0,0,0.0,NOT_EVALUABLE,NOT_EVALUABLE_SAMPLE_IDENTITY_AND_DEPOSITION_UNKNOWN,Only 1–2 ages are attached to this identifier and depositional age is unknown; near-depositional or syndepositional zircon cannot be assessed.,,不可判定：当前元数据不能把年轻年龄、火山岩屑或弧背景落实到物理样品。,UNVERIFIABLE_ORIGINAL_STUDY_NOT_RESOLVED,UNRESOLVED,存疑—来源与物理样品身份未解决,QUARANTINE / REBUILD_SAMPLE_ID,NO,缺少可核验论文DOI、地区、地层和沉积时代；A/B编号表现为颗粒/分析编号而非完整物理样品，1–2粒不能构成年龄谱。,JOURNAL_HOMEPAGE_ONLY; DOI_AND_ARTICLE_TITLE_UNRESOLVED; PHYSICAL_SAMPLE_IDENTITY_UNRESOLVED; ONLY_1_TO_2_GRAINS_PER_ID; LOCATION_FORMATION_DEPOSITIONAL_AGE_MISSING; NOT_AN_INDEPENDENT_AGE_SPECTRUM; LOW_N_LT20,SOURCE_NOT_RECOVERED,https://geo.ijournals.cn/dzxbe/dzxbe/home,e8a433b636f7e78ed6507b6105ee5b38eb3dc7a671831f77556229a82375315a,NO,NONE
BSPM-02B8AD4BAC57708A-E4,E4::MAIN_DATABASE::BSPM-02B8AD4BAC57708A-E4,A-18,A-18,http://www.geojournals.cn/dzxb/ch/index.aspx,http://www.geojournals.cn/dzxb/ch/index.aspx,Hou_2025_unresolved_Philippine_records,"Hou Fanghui (2025), title/DOI unresolved in current database",http://www.geojournals.cn/dzxb/ch/index.aspx,,JOURNAL_HOMEPAGE_ONLY; DOI_AND_ARTICLE_TITLE_UNRESOLVED,MAIN_TRAIN_CANDIDATE_LOW_N,NO,ALL_CANDIDATE_CONTEXT,Unresolved; current database only states Philippine juvenile arc / West Philippine Basin,,,,nan nan nan,Unknown,SEDIMENTARY_DETRITAL,UNRESOLVED_RECORD_GRANULARITY,database text: sandstone-bearing limestone / unresolved,NOT_VERIFIED_AS_PHYSICAL_SAMPLE,UID_UNIQUE_STRING_BUT_LIKELY_GRAIN_LEVEL_IDENTITY,1,1,3383.0,3383.0,3383.0,0,0.0,0,0.0,0,0.0,0,0.0,0,0.0,NOT_EVALUABLE,NOT_EVALUABLE_SAMPLE_IDENTITY_AND_DEPOSITION_UNKNOWN,Only 1–2 ages are attached to this identifier and depositional age is unknown; near-depositional or syndepositional zircon cannot be assessed.,,不可判定：当前元数据不能把年轻年龄、火山岩屑或弧背景落实到物理样品。,UNVERIFIABLE_ORIGINAL_STUDY_NOT_RESOLVED,UNRESOLVED,存疑—来源与物理样品身份未解决,QUARANTINE / REBUILD_SAMPLE_ID,NO,缺少可核验论文DOI、地区、地层和沉积时代；A/B编号表现为颗粒/分析编号而非完整物理样品，1–2粒不能构成年龄谱。,JOURNAL_HOMEPAGE_ONLY; DOI_AND_ARTICLE_TITLE_UNRESOLVED; PHYSICAL_SAMPLE_IDENTITY_UNRESOLVED; ONLY_1_TO_2_GRAINS_PER_ID; LOCATION_FORMATION_DEPOSITIONAL_AGE_MISSING; NOT_AN_INDEPENDENT_AGE_SPECTRUM; LOW_N_LT20,SOURCE_NOT_RECOVERED,https://geo.ijournals.cn/dzxbe/dzxbe/home,d79de862c1e9c943c9ceca755c911c69da31e668ed50a98336dba934df45870a,NO,NONE
BSPM-71779C6812AEF074-E4,E4::MAIN_DATABASE::BSPM-71779C6812AEF074-E4,A-19,A-19,http://www.geojournals.cn/dzxb/ch/index.aspx,http://www.geojournals.cn/dzxb/ch/index.aspx,Hou_2025_unresolved_Philippine_records,"Hou Fanghui (2025), title/DOI unresolved in current database",http://www.geojournals.cn/dzxb/ch/index.aspx,,JOURNAL_HOMEPAGE_ONLY; DOI_AND_ARTICLE_TITLE_UNRESOLVED,MAIN_TRAIN_CANDIDATE_LOW_N,NO,ALL_CANDIDATE_CONTEXT,Unresolved; current database only states Philippine juvenile arc / West Philippine Basin,,,,nan nan nan,Unknown,SEDIMENTARY_DETRITAL,UNRESOLVED_RECORD_GRANULARITY,database text: sandstone-bearing limestone / unresolved,NOT_VERIFIED_AS_PHYSICAL_SAMPLE,UID_UNIQUE_STRING_BUT_LIKELY_GRAIN_LEVEL_IDENTITY,1,1,1510.0,1510.0,1510.0,0,0.0,0,0.0,0,0.0,0,0.0,0,0.0,NOT_EVALUABLE,NOT_EVALUABLE_SAMPLE_IDENTITY_AND_DEPOSITION_UNKNOWN,Only 1–2 ages are attached to this identifier and depositional age is unknown; near-depositional or syndepositional zircon cannot be assessed.,,不可判定：当前元数据不能把年轻年龄、火山岩屑或弧背景落实到物理样品。,UNVERIFIABLE_ORIGINAL_STUDY_NOT_RESOLVED,UNRESOLVED,存疑—来源与物理样品身份未解决,QUARANTINE / REBUILD_SAMPLE_ID,NO,缺少可核验论文DOI、地区、地层和沉积时代；A/B编号表现为颗粒/分析编号而非完整物理样品，1–2粒不能构成年龄谱。,JOURNAL_HOMEPAGE_ONLY; DOI_AND_ARTICLE_TITLE_UNRESOLVED; PHYSICAL_SAMPLE_IDENTITY_UNRESOLVED; ONLY_1_TO_2_GRAINS_PER_ID; LOCATION_FORMATION_DEPOSITIONAL_AGE_MISSING; NOT_AN_INDEPENDENT_AGE_SPECTRUM; LOW_N_LT20,SOURCE_NOT_RECOVERED,https://geo.ijournals.cn/dzxbe/dzxbe/home,a313d09e6f53147da10834f989d8eeb176c93bff43c5be63df21989276681d2e,NO,NONE
BSPM-0B828BDAC90D6109-E4,E4::MAIN_DATABASE::BSPM-0B828BDAC90D6109-E4,A-20,A-20,http://www.geojournals.cn/dzxb/ch/index.aspx,http://www.geojournals.cn/dzxb/ch/index.aspx,Hou_2025_unresolved_Philippine_records,"Hou Fanghui (2025), title/DOI unresolved in current database",http://www.geojournals.cn/dzxb/ch/index.aspx,,JOURNAL_HOMEPAGE_ONLY; DOI_AND_ARTICLE_TITLE_UNRESOLVED,MAIN_TRAIN_CANDIDATE_LOW_N,NO,ALL_CANDIDATE_CONTEXT,Unresolved; current database only states Philippine juvenile arc / West Philippine Basin,,,,nan nan nan,Unknown,SEDIMENTARY_DETRITAL,UNRESOLVED_RECORD_GRANULARITY,database text: sandstone-bearing limestone / unresolved,NOT_VERIFIED_AS_PHYSICAL_SAMPLE,UID_UNIQUE_STRING_BUT_LIKELY_GRAIN_LEVEL_IDENTITY,1,1,1773.0,1773.0,1773.0,0,0.0,0,0.0,0,0.0,0,0.0,0,0.0,NOT_EVALUABLE,NOT_EVALUABLE_SAMPLE_IDENTITY_AND_DEPOSITION_UNKNOWN,Only 1–2 ages are attached to this identifier and depositional age is unknown; near-depositional or syndepositional zircon cannot be assessed.,,不可判定：当前元数据不能把年轻年龄、火山岩屑或弧背景落实到物理样品。,UNVERIFIABLE_ORIGINAL_STUDY_NOT_RESOLVED,UNRESOLVED,存疑—来源与物理样品身份未解决,QUARANTINE / REBUILD_SAMPLE_ID,NO,缺少可核验论文DOI、地区、地层和沉积时代；A/B编号表现为颗粒/分析编号而非完整物理样品，1–2粒不能构成年龄谱。,JOURNAL_HOMEPAGE_ONLY; DOI_AND_ARTICLE_TITLE_UNRESOLVED; PHYSICAL_SAMPLE_IDENTITY_UNRESOLVED; ONLY_1_TO_2_GRAINS_PER_ID; LOCATION_FORMATION_DEPOSITIONAL_AGE_MISSING; NOT_AN_INDEPENDENT_AGE_SPECTRUM; LOW_N_LT20,SOURCE_NOT_RECOVERED,https://geo.ijournals.cn/dzxbe/dzxbe/home,c6ee87a40488c4fb38e6157c4abde636bb2840d5d8034bf86ce1af19392f859e,NO,NONE
BSPM-705F650D1A800A23-E4,E4::MAIN_DATABASE::BSPM-705F650D1A800A23-E4,A-22,A-22,http://www.geojournals.cn/dzxb/ch/index.aspx,http://www.geojournals.cn/dzxb/ch/index.aspx,Hou_2025_unresolved_Philippine_records,"Hou Fanghui (2025), title/DOI unresolved in current database",http://www.geojournals.cn/dzxb/ch/index.aspx,,JOURNAL_HOMEPAGE_ONLY; DOI_AND_ARTICLE_TITLE_UNRESOLVED,MAIN_TRAIN_CANDIDATE_LOW_N,NO,ALL_CANDIDATE_CONTEXT,Unresolved; current database only states Philippine juvenile arc / West Philippine Basin,,,,nan nan nan,Unknown,SEDIMENTARY_DETRITAL,UNRESOLVED_RECORD_GRANULARITY,database text: sandstone-bearing limestone / unresolved,NOT_VERIFIED_AS_PHYSICAL_SAMPLE,UID_UNIQUE_STRING_BUT_LIKELY_GRAIN_LEVEL_IDENTITY,1,1,2685.0,2685.0,2685.0,0,0.0,0,0.0,0,0.0,0,0.0,0,0.0,NOT_EVALUABLE,NOT_EVALUABLE_SAMPLE_IDENTITY_AND_DEPOSITION_UNKNOWN,Only 1–2 ages are attached to this identifier and depositional age is unknown; near-depositional or syndepositional zircon cannot be assessed.,,不可判定：当前元数据不能把年轻年龄、火山岩屑或弧背景落实到物理样品。,UNVERIFIABLE_ORIGINAL_STUDY_NOT_RESOLVED,UNRESOLVED,存疑—来源与物理样品身份未解决,QUARANTINE / REBUILD_SAMPLE_ID,NO,缺少可核验论文DOI、地区、地层和沉积时代；A/B编号表现为颗粒/分析编号而非完整物理样品，1–2粒不能构成年龄谱。,JOURNAL_HOMEPAGE_ONLY; DOI_AND_ARTICLE_TITLE_UNRESOLVED; PHYSICAL_SAMPLE_IDENTITY_UNRESOLVED; ONLY_1_TO_2_GRAINS_PER_ID; LOCATION_FORMATION_DEPOSITIONAL_AGE_MISSING; NOT_AN_INDEPENDENT_AGE_SPECTRUM; LOW_N_LT20,SOURCE_NOT_RECOVERED,https://geo.ijournals.cn/dzxbe/dzxbe/home,909955ad686f5d28c9d8a50bcd30d78e040a0b5f72bc003a3ecd57ee19bd890f,NO,NONE
BSPM-ECF22A9EBFADE422-E4,E4::MAIN_DATABASE::BSPM-ECF22A9EBFADE422-E4,A-23,A-23,http://www.geojournals.cn/dzxb/ch/index.aspx,http://www.geojournals.cn/dzxb/ch/index.aspx,Hou_2025_unresolved_Philippine_records,"Hou Fanghui (2025), title/DOI unresolved in current database",http://www.geojournals.cn/dzxb/ch/index.aspx,,JOURNAL_HOMEPAGE_ONLY; DOI_AND_ARTICLE_TITLE_UNRESOLVED,MAIN_TRAIN_CANDIDATE_LOW_N,NO,ALL_CANDIDATE_CONTEXT,Unresolved; current database only states Philippine juvenile arc / West Philippine Basin,,,,nan nan nan,Unknown,SEDIMENTARY_DETRITAL,UNRESOLVED_RECORD_GRANULARITY,database text: sandstone-bearing limestone / unresolved,NOT_VERIFIED_AS_PHYSICAL_SAMPLE,UID_UNIQUE_STRING_BUT_LIKELY_GRAIN_LEVEL_IDENTITY,1,1,2912.0,2912.0,2912.0,0,0.0,0,0.0,0,0.0,0,0.0,0,0.0,NOT_EVALUABLE,NOT_EVALUABLE_SAMPLE_IDENTITY_AND_DEPOSITION_UNKNOWN,Only 1–2 ages are attached to this identifier and depositional age is unknown; near-depositional or syndepositional zircon cannot be assessed.,,不可判定：当前元数据不能把年轻年龄、火山岩屑或弧背景落实到物理样品。,UNVERIFIABLE_ORIGINAL_STUDY_NOT_RESOLVED,UNRESOLVED,存疑—来源与物理样品身份未解决,QUARANTINE / REBUILD_SAMPLE_ID,NO,缺少可核验论文DOI、地区、地层和沉积时代；A/B编号表现为颗粒/分析编号而非完整物理样品，1–2粒不能构成年龄谱。,JOURNAL_HOMEPAGE_ONLY; DOI_AND_ARTICLE_TITLE_UNRESOLVED; PHYSICAL_SAMPLE_IDENTITY_UNRESOLVED; ONLY_1_TO_2_GRAINS_PER_ID; LOCATION_FORMATION_DEPOSITIONAL_AGE_MISSING; NOT_AN_INDEPENDENT_AGE_SPECTRUM; LOW_N_LT20,SOURCE_NOT_RECOVERED,https://geo.ijournals.cn/dzxbe/dzxbe/home,11a5cdab292233772dff41f047a63661e8f0ead49457b86d6dd5b753bab92ffe,NO,NONE
BSPM-6A3F795B1454D3A0-E4,E4::MAIN_DATABASE::BSPM-6A3F795B1454D3A0-E4,A-24,A-24,http://www.geojournals.cn/dzxb/ch/index.aspx,http://www.geojournals.cn/dzxb/ch/index.aspx,Hou_2025_unresolved_Philippine_records,"Hou Fanghui (2025), title/DOI unresolved in current database",http://www.geojournals.cn/dzxb/ch/index.aspx,,JOURNAL_HOMEPAGE_ONLY; DOI_AND_ARTICLE_TITLE_UNRESOLVED,MAIN_TRAIN_CANDIDATE_LOW_N,NO,ALL_CANDIDATE_CONTEXT,Unresolved; current database only states Philippine juvenile arc / West Philippine Basin,,,,nan nan nan,Unknown,SEDIMENTARY_DETRITAL,UNRESOLVED_RECORD_GRANULARITY,database text: sandstone-bearing limestone / unresolved,NOT_VERIFIED_AS_PHYSICAL_SAMPLE,UID_UNIQUE_STRING_BUT_LIKELY_GRAIN_LEVEL_IDENTITY,1,1,1508.0,1508.0,1508.0,0,0.0,0,0.0,0,0.0,0,0.0,0,0.0,NOT_EVALUABLE,NOT_EVALUABLE_SAMPLE_IDENTITY_AND_DEPOSITION_UNKNOWN,Only 1–2 ages are attached to this identifier and depositional age is unknown; near-depositional or syndepositional zircon cannot be assessed.,,不可判定：当前元数据不能把年轻年龄、火山岩屑或弧背景落实到物理样品。,UNVERIFIABLE_ORIGINAL_STUDY_NOT_RESOLVED,UNRESOLVED,存疑—来源与物理样品身份未解决,QUARANTINE / REBUILD_SAMPLE_ID,NO,缺少可核验论文DOI、地区、地层和沉积时代；A/B编号表现为颗粒/分析编号而非完整物理样品，1–2粒不能构成年龄谱。,JOURNAL_HOMEPAGE_ONLY; DOI_AND_ARTICLE_TITLE_UNRESOLVED; PHYSICAL_SAMPLE_IDENTITY_UNRESOLVED; ONLY_1_TO_2_GRAINS_PER_ID; LOCATION_FORMATION_DEPOSITIONAL_AGE_MISSING; NOT_AN_INDEPENDENT_AGE_SPECTRUM; LOW_N_LT20,SOURCE_NOT_RECOVERED,https://geo.ijournals.cn/dzxbe/dzxbe/home,cbfa90fa8c52e0ea5f4e36e00f753cf95b5b8f0e086cba07b2be9cefa545f155,NO,NONE
BSPM-24289F42BD2C25C5-E4,E4::MAIN_DATABASE::BSPM-24289F42BD2C25C5-E4,A-25,A-25,http://www.geojournals.cn/dzxb/ch/index.aspx,http://www.geojournals.cn/dzxb/ch/index.aspx,Hou_2025_unresolved_Philippine_records,"Hou Fanghui (2025), title/DOI unresolved in current database",http://www.geojournals.cn/dzxb/ch/index.aspx,,JOURNAL_HOMEPAGE_ONLY; DOI_AND_ARTICLE_TITLE_UNRESOLVED,MAIN_TRAIN_CANDIDATE_LOW_N,NO,ALL_CANDIDATE_CONTEXT,Unresolved; current database only states Philippine juvenile arc / West Philippine Basin,,,,nan nan nan,Unknown,SEDIMENTARY_DETRITAL,UNRESOLVED_RECORD_GRANULARITY,database text: sandstone-bearing limestone / unresolved,NOT_VERIFIED_AS_PHYSICAL_SAMPLE,UID_UNIQUE_STRING_BUT_LIKELY_GRAIN_LEVEL_IDENTITY,1,1,1732.0,1732.0,1732.0,0,0.0,0,0.0,0,0.0,0,0.0,0,0.0,NOT_EVALUABLE,NOT_EVALUABLE_SAMPLE_IDENTITY_AND_DEPOSITION_UNKNOWN,Only 1–2 ages are attached to this identifier and depositional age is unknown; near-depositional or syndepositional zircon cannot be assessed.,,不可判定：当前元数据不能把年轻年龄、火山岩屑或弧背景落实到物理样品。,UNVERIFIABLE_ORIGINAL_STUDY_NOT_RESOLVED,UNRESOLVED,存疑—来源与物理样品身份未解决,QUARANTINE / REBUILD_SAMPLE_ID,NO,缺少可核验论文DOI、地区、地层和沉积时代；A/B编号表现为颗粒/分析编号而非完整物理样品，1–2粒不能构成年龄谱。,JOURNAL_HOMEPAGE_ONLY; DOI_AND_ARTICLE_TITLE_UNRESOLVED; PHYSICAL_SAMPLE_IDENTITY_UNRESOLVED; ONLY_1_TO_2_GRAINS_PER_ID; LOCATION_FORMATION_DEPOSITIONAL_AGE_MISSING; NOT_AN_INDEPENDENT_AGE_SPECTRUM; LOW_N_LT20,SOURCE_NOT_RECOVERED,https://geo.ijournals.cn/dzxbe/dzxbe/home,828319c95ec562beec842d07374af892012e3ee1671019df0889b65da96f0b15,NO,NONE
BSPM-3578A8F5547C036B-E4,E4::MAIN_DATABASE::BSPM-3578A8F5547C036B-E4,A-26,A-26,http://www.geojournals.cn/dzxb/ch/index.aspx,http://www.geojournals.cn/dzxb/ch/index.aspx,Hou_2025_unresolved_Philippine_records,"Hou Fanghui (2025), title/DOI unresolved in current database",http://www.geojournals.cn/dzxb/ch/index.aspx,,JOURNAL_HOMEPAGE_ONLY; DOI_AND_ARTICLE_TITLE_UNRESOLVED,MAIN_TRAIN_CANDIDATE_LOW_N,NO,ALL_CANDIDATE_CONTEXT,Unresolved; current database only states Philippine juvenile arc / West Philippine Basin,,,,nan nan nan,Unknown,SEDIMENTARY_DETRITAL,UNRESOLVED_RECORD_GRANULARITY,database text: sandstone-bearing limestone / unresolved,NOT_VERIFIED_AS_PHYSICAL_SAMPLE,UID_UNIQUE_STRING_BUT_LIKELY_GRAIN_LEVEL_IDENTITY,1,1,2700.0,2700.0,2700.0,0,0.0,0,0.0,0,0.0,0,0.0,0,0.0,NOT_EVALUABLE,NOT_EVALUABLE_SAMPLE_IDENTITY_AND_DEPOSITION_UNKNOWN,Only 1–2 ages are attached to this identifier and depositional age is unknown; near-depositional or syndepositional zircon cannot be assessed.,,不可判定：当前元数据不能把年轻年龄、火山岩屑或弧背景落实到物理样品。,UNVERIFIABLE_ORIGINAL_STUDY_NOT_RESOLVED,UNRESOLVED,存疑—来源与物理样品身份未解决,QUARANTINE / REBUILD_SAMPLE_ID,NO,缺少可核验论文DOI、地区、地层和沉积时代；A/B编号表现为颗粒/分析编号而非完整物理样品，1–2粒不能构成年龄谱。,JOURNAL_HOMEPAGE_ONLY; DOI_AND_ARTICLE_TITLE_UNRESOLVED; PHYSICAL_SAMPLE_IDENTITY_UNRESOLVED; ONLY_1_TO_2_GRAINS_PER_ID; LOCATION_FORMATION_DEPOSITIONAL_AGE_MISSING; NOT_AN_INDEPENDENT_AGE_SPECTRUM; LOW_N_LT20,SOURCE_NOT_RECOVERED,https://geo.ijournals.cn/dzxbe/dzxbe/home,8b94dd4b226cdaca99f8f6ca9dd142b501e0f7fd5368ed18c9c91d93859b1a86,NO,NONE
BSPM-2BDA5DEDDA0192FE-E4,E4::MAIN_DATABASE::BSPM-2BDA5DEDDA0192FE-E4,A-27,A-27,http://www.geojournals.cn/dzxb/ch/index.aspx,http://www.geojournals.cn/dzxb/ch/index.aspx,Hou_2025_unresolved_Philippine_records,"Hou Fanghui (2025), title/DOI unresolved in current database",http://www.geojournals.cn/dzxb/ch/index.aspx,,JOURNAL_HOMEPAGE_ONLY; DOI_AND_ARTICLE_TITLE_UNRESOLVED,MAIN_TRAIN_CANDIDATE_LOW_N,NO,ALL_CANDIDATE_CONTEXT,Unresolved; current database only states Philippine juvenile arc / West Philippine Basin,,,,nan nan nan,Unknown,SEDIMENTARY_DETRITAL,UNRESOLVED_RECORD_GRANULARITY,database text: sandstone-bearing limestone / unresolved,NOT_VERIFIED_AS_PHYSICAL_SAMPLE,UID_UNIQUE_STRING_BUT_LIKELY_GRAIN_LEVEL_IDENTITY,1,1,2026.0,2026.0,2026.0,0,0.0,0,0.0,0,0.0,0,0.0,0,0.0,NOT_EVALUABLE,NOT_EVALUABLE_SAMPLE_IDENTITY_AND_DEPOSITION_UNKNOWN,Only 1–2 ages are attached to this identifier and depositional age is unknown; near-depositional or syndepositional zircon cannot be assessed.,,不可判定：当前元数据不能把年轻年龄、火山岩屑或弧背景落实到物理样品。,UNVERIFIABLE_ORIGINAL_STUDY_NOT_RESOLVED,UNRESOLVED,存疑—来源与物理样品身份未解决,QUARANTINE / REBUILD_SAMPLE_ID,NO,缺少可核验论文DOI、地区、地层和沉积时代；A/B编号表现为颗粒/分析编号而非完整物理样品，1–2粒不能构成年龄谱。,JOURNAL_HOMEPAGE_ONLY; DOI_AND_ARTICLE_TITLE_UNRESOLVED; PHYSICAL_SAMPLE_IDENTITY_UNRESOLVED; ONLY_1_TO_2_GRAINS_PER_ID; LOCATION_FORMATION_DEPOSITIONAL_AGE_MISSING; NOT_AN_INDEPENDENT_AGE_SPECTRUM; LOW_N_LT20,SOURCE_NOT_RECOVERED,https://geo.ijournals.cn/dzxbe/dzxbe/home,c16fc9725e7b34ca2c254d31d462f01a8dfcc32e465bbd6928ce087788003ef7,NO,NONE
BSPM-37980A4C9B23D0AB-E4,E4::MAIN_DATABASE::BSPM-37980A4C9B23D0AB-E4,A-28,A-28,http://www.geojournals.cn/dzxb/ch/index.aspx,http://www.geojournals.cn/dzxb/ch/index.aspx,Hou_2025_unresolved_Philippine_records,"Hou Fanghui (2025), title/DOI unresolved in current database",http://www.geojournals.cn/dzxb/ch/index.aspx,,JOURNAL_HOMEPAGE_ONLY; DOI_AND_ARTICLE_TITLE_UNRESOLVED,MAIN_TRAIN_CANDIDATE_LOW_N,NO,ALL_CANDIDATE_CONTEXT,Unresolved; current database only states Philippine juvenile arc / West Philippine Basin,,,,nan nan nan,Unknown,SEDIMENTARY_DETRITAL,UNRESOLVED_RECORD_GRANULARITY,database text: sandstone-bearing limestone / unresolved,NOT_VERIFIED_AS_PHYSICAL_SAMPLE,UID_UNIQUE_STRING_BUT_LIKELY_GRAIN_LEVEL_IDENTITY,1,1,1635.0,1635.0,1635.0,0,0.0,0,0.0,0,0.0,0,0.0,0,0.0,NOT_EVALUABLE,NOT_EVALUABLE_SAMPLE_IDENTITY_AND_DEPOSITION_UNKNOWN,Only 1–2 ages are attached to this identifier and depositional age is unknown; near-depositional or syndepositional zircon cannot be assessed.,,不可判定：当前元数据不能把年轻年龄、火山岩屑或弧背景落实到物理样品。,UNVERIFIABLE_ORIGINAL_STUDY_NOT_RESOLVED,UNRESOLVED,存疑—来源与物理样品身份未解决,QUARANTINE / REBUILD_SAMPLE_ID,NO,缺少可核验论文DOI、地区、地层和沉积时代；A/B编号表现为颗粒/分析编号而非完整物理样品，1–2粒不能构成年龄谱。,JOURNAL_HOMEPAGE_ONLY; DOI_AND_ARTICLE_TITLE_UNRESOLVED; PHYSICAL_SAMPLE_IDENTITY_UNRESOLVED; ONLY_1_TO_2_GRAINS_PER_ID; LOCATION_FORMATION_DEPOSITIONAL_AGE_MISSING; NOT_AN_INDEPENDENT_AGE_SPECTRUM; LOW_N_LT20,SOURCE_NOT_RECOVERED,https://geo.ijournals.cn/dzxbe/dzxbe/home,167bdca48266fe415f30c67be5d4b875b1fe939d54dfee6493bfbc393b8f9f5c,NO,NONE
BSPM-8D9582A3FE6D98D8-E4,E4::MAIN_DATABASE::BSPM-8D9582A3FE6D98D8-E4,A-29,A-29,http://www.geojournals.cn/dzxb/ch/index.aspx,http://www.geojournals.cn/dzxb/ch/index.aspx,Hou_2025_unresolved_Philippine_records,"Hou Fanghui (2025), title/DOI unresolved in current database",http://www.geojournals.cn/dzxb/ch/index.aspx,,JOURNAL_HOMEPAGE_ONLY; DOI_AND_ARTICLE_TITLE_UNRESOLVED,MAIN_TRAIN_CANDIDATE_LOW_N,NO,ALL_CANDIDATE_CONTEXT,Unresolved; current database only states Philippine juvenile arc / West Philippine Basin,,,,nan nan nan,Unknown,SEDIMENTARY_DETRITAL,UNRESOLVED_RECORD_GRANULARITY,database text: sandstone-bearing limestone / unresolved,NOT_VERIFIED_AS_PHYSICAL_SAMPLE,UID_UNIQUE_STRING_BUT_LIKELY_GRAIN_LEVEL_IDENTITY,1,1,1604.0,1604.0,1604.0,0,0.0,0,0.0,0,0.0,0,0.0,0,0.0,NOT_EVALUABLE,NOT_EVALUABLE_SAMPLE_IDENTITY_AND_DEPOSITION_UNKNOWN,Only 1–2 ages are attached to this identifier and depositional age is unknown; near-depositional or syndepositional zircon cannot be assessed.,,不可判定：当前元数据不能把年轻年龄、火山岩屑或弧背景落实到物理样品。,UNVERIFIABLE_ORIGINAL_STUDY_NOT_RESOLVED,UNRESOLVED,存疑—来源与物理样品身份未解决,QUARANTINE / REBUILD_SAMPLE_ID,NO,缺少可核验论文DOI、地区、地层和沉积时代；A/B编号表现为颗粒/分析编号而非完整物理样品，1–2粒不能构成年龄谱。,JOURNAL_HOMEPAGE_ONLY; DOI_AND_ARTICLE_TITLE_UNRESOLVED; PHYSICAL_SAMPLE_IDENTITY_UNRESOLVED; ONLY_1_TO_2_GRAINS_PER_ID; LOCATION_FORMATION_DEPOSITIONAL_AGE_MISSING; NOT_AN_INDEPENDENT_AGE_SPECTRUM; LOW_N_LT20,SOURCE_NOT_RECOVERED,https://geo.ijournals.cn/dzxbe/dzxbe/home,3e14076304237321aa5d4a5c580afd656ff085f2d1f95e9d01998bed286df825,NO,NONE
BSPM-281E74BECCF5F889-E4,E4::MAIN_DATABASE::BSPM-281E74BECCF5F889-E4,A-30,A-30,http://www.geojournals.cn/dzxb/ch/index.aspx,http://www.geojournals.cn/dzxb/ch/index.aspx,Hou_2025_unresolved_Philippine_records,"Hou Fanghui (2025), title/DOI unresolved in current database",http://www.geojournals.cn/dzxb/ch/index.aspx,,JOURNAL_HOMEPAGE_ONLY; DOI_AND_ARTICLE_TITLE_UNRESOLVED,MAIN_TRAIN_CANDIDATE_LOW_N,NO,ALL_CANDIDATE_CONTEXT,Unresolved; current database only states Philippine juvenile arc / West Philippine Basin,,,,nan nan nan,Unknown,SEDIMENTARY_DETRITAL,UNRESOLVED_RECORD_GRANULARITY,database text: sandstone-bearing limestone / unresolved,NOT_VERIFIED_AS_PHYSICAL_SAMPLE,UID_UNIQUE_STRING_BUT_LIKELY_GRAIN_LEVEL_IDENTITY,1,1,1819.0,1819.0,1819.0,0,0.0,0,0.0,0,0.0,0,0.0,0,0.0,NOT_EVALUABLE,NOT_EVALUABLE_SAMPLE_IDENTITY_AND_DEPOSITION_UNKNOWN,Only 1–2 ages are attached to this identifier and depositional age is unknown; near-depositional or syndepositional zircon cannot be assessed.,,不可判定：当前元数据不能把年轻年龄、火山岩屑或弧背景落实到物理样品。,UNVERIFIABLE_ORIGINAL_STUDY_NOT_RESOLVED,UNRESOLVED,存疑—来源与物理样品身份未解决,QUARANTINE / REBUILD_SAMPLE_ID,NO,缺少可核验论文DOI、地区、地层和沉积时代；A/B编号表现为颗粒/分析编号而非完整物理样品，1–2粒不能构成年龄谱。,JOURNAL_HOMEPAGE_ONLY; DOI_AND_ARTICLE_TITLE_UNRESOLVED; PHYSICAL_SAMPLE_IDENTITY_UNRESOLVED; ONLY_1_TO_2_GRAINS_PER_ID; LOCATION_FORMATION_DEPOSITIONAL_AGE_MISSING; NOT_AN_INDEPENDENT_AGE_SPECTRUM; LOW_N_LT20,SOURCE_NOT_RECOVERED,https://geo.ijournals.cn/dzxbe/dzxbe/home,0be8fa76448329e0543f11dbf266537f72675179b46d5ff6579540f8f57c340b,NO,NONE
BSPM-0E0EBF806AFEB7D1-E4,E4::MAIN_DATABASE::BSPM-0E0EBF806AFEB7D1-E4,A-31,A-31,http://www.geojournals.cn/dzxb/ch/index.aspx,http://www.geojournals.cn/dzxb/ch/index.aspx,Hou_2025_unresolved_Philippine_records,"Hou Fanghui (2025), title/DOI unresolved in current database",http://www.geojournals.cn/dzxb/ch/index.aspx,,JOURNAL_HOMEPAGE_ONLY; DOI_AND_ARTICLE_TITLE_UNRESOLVED,MAIN_TRAIN_CANDIDATE_LOW_N,NO,ALL_CANDIDATE_CONTEXT,Unresolved; current database only states Philippine juvenile arc / West Philippine Basin,,,,nan nan nan,Unknown,SEDIMENTARY_DETRITAL,UNRESOLVED_RECORD_GRANULARITY,database text: sandstone-bearing limestone / unresolved,NOT_VERIFIED_AS_PHYSICAL_SAMPLE,UID_UNIQUE_STRING_BUT_LIKELY_GRAIN_LEVEL_IDENTITY,1,1,2324.0,2324.0,2324.0,0,0.0,0,0.0,0,0.0,0,0.0,0,0.0,NOT_EVALUABLE,NOT_EVALUABLE_SAMPLE_IDENTITY_AND_DEPOSITION_UNKNOWN,Only 1–2 ages are attached to this identifier and depositional age is unknown; near-depositional or syndepositional zircon cannot be assessed.,,不可判定：当前元数据不能把年轻年龄、火山岩屑或弧背景落实到物理样品。,UNVERIFIABLE_ORIGINAL_STUDY_NOT_RESOLVED,UNRESOLVED,存疑—来源与物理样品身份未解决,QUARANTINE / REBUILD_SAMPLE_ID,NO,缺少可核验论文DOI、地区、地层和沉积时代；A/B编号表现为颗粒/分析编号而非完整物理样品，1–2粒不能构成年龄谱。,JOURNAL_HOMEPAGE_ONLY; DOI_AND_ARTICLE_TITLE_UNRESOLVED; PHYSICAL_SAMPLE_IDENTITY_UNRESOLVED; ONLY_1_TO_2_GRAINS_PER_ID; LOCATION_FORMATION_DEPOSITIONAL_AGE_MISSING; NOT_AN_INDEPENDENT_AGE_SPECTRUM; LOW_N_LT20,SOURCE_NOT_RECOVERED,https://geo.ijournals.cn/dzxbe/dzxbe/home,0d9ddac8c3c3ac3a5f40790e9b9cd55b8f0de136dedd0c5fcfef92468a80fa27,NO,NONE
BSPM-2FCD55896A7A4238-E4,E4::MAIN_DATABASE::BSPM-2FCD55896A7A4238-E4,A-32,A-32,http://www.geojournals.cn/dzxb/ch/index.aspx,http://www.geojournals.cn/dzxb/ch/index.aspx,Hou_2025_unresolved_Philippine_records,"Hou Fanghui (2025), title/DOI unresolved in current database",http://www.geojournals.cn/dzxb/ch/index.aspx,,JOURNAL_HOMEPAGE_ONLY; DOI_AND_ARTICLE_TITLE_UNRESOLVED,MAIN_TRAIN_CANDIDATE_LOW_N,NO,ALL_CANDIDATE_CONTEXT,Unresolved; current database only states Philippine juvenile arc / West Philippine Basin,,,,nan nan nan,Unknown,SEDIMENTARY_DETRITAL,UNRESOLVED_RECORD_GRANULARITY,database text: sandstone-bearing limestone / unresolved,NOT_VERIFIED_AS_PHYSICAL_SAMPLE,UID_UNIQUE_STRING_BUT_LIKELY_GRAIN_LEVEL_IDENTITY,1,1,3163.0,3163.0,3163.0,0,0.0,0,0.0,0,0.0,0,0.0,0,0.0,NOT_EVALUABLE,NOT_EVALUABLE_SAMPLE_IDENTITY_AND_DEPOSITION_UNKNOWN,Only 1–2 ages are attached to this identifier and depositional age is unknown; near-depositional or syndepositional zircon cannot be assessed.,,不可判定：当前元数据不能把年轻年龄、火山岩屑或弧背景落实到物理样品。,UNVERIFIABLE_ORIGINAL_STUDY_NOT_RESOLVED,UNRESOLVED,存疑—来源与物理样品身份未解决,QUARANTINE / REBUILD_SAMPLE_ID,NO,缺少可核验论文DOI、地区、地层和沉积时代；A/B编号表现为颗粒/分析编号而非完整物理样品，1–2粒不能构成年龄谱。,JOURNAL_HOMEPAGE_ONLY; DOI_AND_ARTICLE_TITLE_UNRESOLVED; PHYSICAL_SAMPLE_IDENTITY_UNRESOLVED; ONLY_1_TO_2_GRAINS_PER_ID; LOCATION_FORMATION_DEPOSITIONAL_AGE_MISSING; NOT_AN_INDEPENDENT_AGE_SPECTRUM; LOW_N_LT20,SOURCE_NOT_RECOVERED,https://geo.ijournals.cn/dzxbe/dzxbe/home,10ba8820fe9dea931cb05567820399331f4a4aef872c80d16bea4797d7628026,NO,NONE
BSPM-7938565683997298-E4,E4::MAIN_DATABASE::BSPM-7938565683997298-E4,A-33,A-33,http://www.geojournals.cn/dzxb/ch/index.aspx,http://www.geojournals.cn/dzxb/ch/index.aspx,Hou_2025_unresolved_Philippine_records,"Hou Fanghui (2025), title/DOI unresolved in current database",http://www.geojournals.cn/dzxb/ch/index.aspx,,JOURNAL_HOMEPAGE_ONLY; DOI_AND_ARTICLE_TITLE_UNRESOLVED,MAIN_TRAIN_CANDIDATE_LOW_N,NO,ALL_CANDIDATE_CONTEXT,Unresolved; current database only states Philippine juvenile arc / West Philippine Basin,,,,nan nan nan,Unknown,SEDIMENTARY_DETRITAL,UNRESOLVED_RECORD_GRANULARITY,database text: sandstone-bearing limestone / unresolved,NOT_VERIFIED_AS_PHYSICAL_SAMPLE,UID_UNIQUE_STRING_BUT_LIKELY_GRAIN_LEVEL_IDENTITY,1,1,2310.0,2310.0,2310.0,0,0.0,0,0.0,0,0.0,0,0.0,0,0.0,NOT_EVALUABLE,NOT_EVALUABLE_SAMPLE_IDENTITY_AND_DEPOSITION_UNKNOWN,Only 1–2 ages are attached to this identifier and depositional age is unknown; near-depositional or syndepositional zircon cannot be assessed.,,不可判定：当前元数据不能把年轻年龄、火山岩屑或弧背景落实到物理样品。,UNVERIFIABLE_ORIGINAL_STUDY_NOT_RESOLVED,UNRESOLVED,存疑—来源与物理样品身份未解决,QUARANTINE / REBUILD_SAMPLE_ID,NO,缺少可核验论文DOI、地区、地层和沉积时代；A/B编号表现为颗粒/分析编号而非完整物理样品，1–2粒不能构成年龄谱。,JOURNAL_HOMEPAGE_ONLY; DOI_AND_ARTICLE_TITLE_UNRESOLVED; PHYSICAL_SAMPLE_IDENTITY_UNRESOLVED; ONLY_1_TO_2_GRAINS_PER_ID; LOCATION_FORMATION_DEPOSITIONAL_AGE_MISSING; NOT_AN_INDEPENDENT_AGE_SPECTRUM; LOW_N_LT20,SOURCE_NOT_RECOVERED,https://geo.ijournals.cn/dzxbe/dzxbe/home,aa412ec008291d6de2596df381a4fefb9584804ef41ab62f0a70bf40c7b13195,NO,NONE
BSPM-5545B9C61116077F-E4,E4::MAIN_DATABASE::BSPM-5545B9C61116077F-E4,A-34,A-34,http://www.geojournals.cn/dzxb/ch/index.aspx,http://www.geojournals.cn/dzxb/ch/index.aspx,Hou_2025_unresolved_Philippine_records,"Hou Fanghui (2025), title/DOI unresolved in current database",http://www.geojournals.cn/dzxb/ch/index.aspx,,JOURNAL_HOMEPAGE_ONLY; DOI_AND_ARTICLE_TITLE_UNRESOLVED,MAIN_TRAIN_CANDIDATE_LOW_N,NO,ALL_CANDIDATE_CONTEXT,Unresolved; current database only states Philippine juvenile arc / West Philippine Basin,,,,nan nan nan,Unknown,SEDIMENTARY_DETRITAL,UNRESOLVED_RECORD_GRANULARITY,database text: sandstone-bearing limestone / unresolved,NOT_VERIFIED_AS_PHYSICAL_SAMPLE,UID_UNIQUE_STRING_BUT_LIKELY_GRAIN_LEVEL_IDENTITY,1,1,3965.0,3965.0,3965.0,0,0.0,0,0.0,0,0.0,0,0.0,0,0.0,NOT_EVALUABLE,NOT_EVALUABLE_SAMPLE_IDENTITY_AND_DEPOSITION_UNKNOWN,Only 1–2 ages are attached to this identifier and depositional age is unknown; near-depositional or syndepositional zircon cannot be assessed.,,不可判定：当前元数据不能把年轻年龄、火山岩屑或弧背景落实到物理样品。,UNVERIFIABLE_ORIGINAL_STUDY_NOT_RESOLVED,UNRESOLVED,存疑—来源与物理样品身份未解决,QUARANTINE / REBUILD_SAMPLE_ID,NO,缺少可核验论文DOI、地区、地层和沉积时代；A/B编号表现为颗粒/分析编号而非完整物理样品，1–2粒不能构成年龄谱。,JOURNAL_HOMEPAGE_ONLY; DOI_AND_ARTICLE_TITLE_UNRESOLVED; PHYSICAL_SAMPLE_IDENTITY_UNRESOLVED; ONLY_1_TO_2_GRAINS_PER_ID; LOCATION_FORMATION_DEPOSITIONAL_AGE_MISSING; NOT_AN_INDEPENDENT_AGE_SPECTRUM; LOW_N_LT20,SOURCE_NOT_RECOVERED,https://geo.ijournals.cn/dzxbe/dzxbe/home,a2f77544e3ac512995c3c328ecc9eca7ed8fd8d6f6f783c8861ea55b8e12c24c,NO,NONE
BSPM-90FE82B35A5A4037-E4,E4::MAIN_DATABASE::BSPM-90FE82B35A5A4037-E4,A-35,A-35,http://www.geojournals.cn/dzxb/ch/index.aspx,http://www.geojournals.cn/dzxb/ch/index.aspx,Hou_2025_unresolved_Philippine_records,"Hou Fanghui (2025), title/DOI unresolved in current database",http://www.geojournals.cn/dzxb/ch/index.aspx,,JOURNAL_HOMEPAGE_ONLY; DOI_AND_ARTICLE_TITLE_UNRESOLVED,MAIN_TRAIN_CANDIDATE_LOW_N,NO,ALL_CANDIDATE_CONTEXT,Unresolved; current database only states Philippine juvenile arc / West Philippine Basin,,,,nan nan nan,Unknown,SEDIMENTARY_DETRITAL,UNRESOLVED_RECORD_GRANULARITY,database text: sandstone-bearing limestone / unresolved,NOT_VERIFIED_AS_PHYSICAL_SAMPLE,UID_UNIQUE_STRING_BUT_LIKELY_GRAIN_LEVEL_IDENTITY,1,1,3229.0,3229.0,3229.0,0,0.0,0,0.0,0,0.0,0,0.0,0,0.0,NOT_EVALUABLE,NOT_EVALUABLE_SAMPLE_IDENTITY_AND_DEPOSITION_UNKNOWN,Only 1–2 ages are attached to this identifier and depositional age is unknown; near-depositional or syndepositional zircon cannot be assessed.,,不可判定：当前元数据不能把年轻年龄、火山岩屑或弧背景落实到物理样品。,UNVERIFIABLE_ORIGINAL_STUDY_NOT_RESOLVED,UNRESOLVED,存疑—来源与物理样品身份未解决,QUARANTINE / REBUILD_SAMPLE_ID,NO,缺少可核验论文DOI、地区、地层和沉积时代；A/B编号表现为颗粒/分析编号而非完整物理样品，1–2粒不能构成年龄谱。,JOURNAL_HOMEPAGE_ONLY; DOI_AND_ARTICLE_TITLE_UNRESOLVED; PHYSICAL_SAMPLE_IDENTITY_UNRESOLVED; ONLY_1_TO_2_GRAINS_PER_ID; LOCATION_FORMATION_DEPOSITIONAL_AGE_MISSING; NOT_AN_INDEPENDENT_AGE_SPECTRUM; LOW_N_LT20,SOURCE_NOT_RECOVERED,https://geo.ijournals.cn/dzxbe/dzxbe/home,b74a83e1268e8c82fcb1aa58a451051627a79a0d4e3afe6e1742f3ddfb0c17d5,NO,NONE
BSPM-01958C4B12BABEDF-E4,E4::MAIN_DATABASE::BSPM-01958C4B12BABEDF-E4,A-36,A-36,http://www.geojournals.cn/dzxb/ch/index.aspx,http://www.geojournals.cn/dzxb/ch/index.aspx,Hou_2025_unresolved_Philippine_records,"Hou Fanghui (2025), title/DOI unresolved in current database",http://www.geojournals.cn/dzxb/ch/index.aspx,,JOURNAL_HOMEPAGE_ONLY; DOI_AND_ARTICLE_TITLE_UNRESOLVED,MAIN_TRAIN_CANDIDATE_LOW_N,NO,ALL_CANDIDATE_CONTEXT,Unresolved; current database only states Philippine juvenile arc / West Philippine Basin,,,,nan nan nan,Unknown,SEDIMENTARY_DETRITAL,UNRESOLVED_RECORD_GRANULARITY,database text: sandstone-bearing limestone / unresolved,NOT_VERIFIED_AS_PHYSICAL_SAMPLE,UID_UNIQUE_STRING_BUT_LIKELY_GRAIN_LEVEL_IDENTITY,1,1,2812.0,2812.0,2812.0,0,0.0,0,0.0,0,0.0,0,0.0,0,0.0,NOT_EVALUABLE,NOT_EVALUABLE_SAMPLE_IDENTITY_AND_DEPOSITION_UNKNOWN,Only 1–2 ages are attached to this identifier and depositional age is unknown; near-depositional or syndepositional zircon cannot be assessed.,,不可判定：当前元数据不能把年轻年龄、火山岩屑或弧背景落实到物理样品。,UNVERIFIABLE_ORIGINAL_STUDY_NOT_RESOLVED,UNRESOLVED,存疑—来源与物理样品身份未解决,QUARANTINE / REBUILD_SAMPLE_ID,NO,缺少可核验论文DOI、地区、地层和沉积时代；A/B编号表现为颗粒/分析编号而非完整物理样品，1–2粒不能构成年龄谱。,JOURNAL_HOMEPAGE_ONLY; DOI_AND_ARTICLE_TITLE_UNRESOLVED; PHYSICAL_SAMPLE_IDENTITY_UNRESOLVED; ONLY_1_TO_2_GRAINS_PER_ID; LOCATION_FORMATION_DEPOSITIONAL_AGE_MISSING; NOT_AN_INDEPENDENT_AGE_SPECTRUM; LOW_N_LT20,SOURCE_NOT_RECOVERED,https://geo.ijournals.cn/dzxbe/dzxbe/home,30380f189575ab8943ff4c214db36708cb3f99ef8b3d1381f8cfbd9ada4c75cb,NO,NONE
BSPM-E1EECF2E169A6CC9-E4,E4::MAIN_DATABASE::BSPM-E1EECF2E169A6CC9-E4,A-37,A-37,http://www.geojournals.cn/dzxb/ch/index.aspx,http://www.geojournals.cn/dzxb/ch/index.aspx,Hou_2025_unresolved_Philippine_records,"Hou Fanghui (2025), title/DOI unresolved in current database",http://www.geojournals.cn/dzxb/ch/index.aspx,,JOURNAL_HOMEPAGE_ONLY; DOI_AND_ARTICLE_TITLE_UNRESOLVED,MAIN_TRAIN_CANDIDATE_LOW_N,NO,ALL_CANDIDATE_CONTEXT,Unresolved; current database only states Philippine juvenile arc / West Philippine Basin,,,,nan nan nan,Unknown,SEDIMENTARY_DETRITAL,UNRESOLVED_RECORD_GRANULARITY,database text: sandstone-bearing limestone / unresolved,NOT_VERIFIED_AS_PHYSICAL_SAMPLE,UID_UNIQUE_STRING_BUT_LIKELY_GRAIN_LEVEL_IDENTITY,1,1,1735.0,1735.0,1735.0,0,0.0,0,0.0,0,0.0,0,0.0,0,0.0,NOT_EVALUABLE,NOT_EVALUABLE_SAMPLE_IDENTITY_AND_DEPOSITION_UNKNOWN,Only 1–2 ages are attached to this identifier and depositional age is unknown; near-depositional or syndepositional zircon cannot be assessed.,,不可判定：当前元数据不能把年轻年龄、火山岩屑或弧背景落实到物理样品。,UNVERIFIABLE_ORIGINAL_STUDY_NOT_RESOLVED,UNRESOLVED,存疑—来源与物理样品身份未解决,QUARANTINE / REBUILD_SAMPLE_ID,NO,缺少可核验论文DOI、地区、地层和沉积时代；A/B编号表现为颗粒/分析编号而非完整物理样品，1–2粒不能构成年龄谱。,JOURNAL_HOMEPAGE_ONLY; DOI_AND_ARTICLE_TITLE_UNRESOLVED; PHYSICAL_SAMPLE_IDENTITY_UNRESOLVED; ONLY_1_TO_2_GRAINS_PER_ID; LOCATION_FORMATION_DEPOSITIONAL_AGE_MISSING; NOT_AN_INDEPENDENT_AGE_SPECTRUM; LOW_N_LT20,SOURCE_NOT_RECOVERED,https://geo.ijournals.cn/dzxbe/dzxbe/home,e801c8db064f0dd9f750c6d94a3682e5587ea27e9bef2384b02a237b8201f773,NO,NONE
BSPM-9B2759B50C351FD0-E4,E4::MAIN_DATABASE::BSPM-9B2759B50C351FD0-E4,A-38,A-38,http://www.geojournals.cn/dzxb/ch/index.aspx,http://www.geojournals.cn/dzxb/ch/index.aspx,Hou_2025_unresolved_Philippine_records,"Hou Fanghui (2025), title/DOI unresolved in current database",http://www.geojournals.cn/dzxb/ch/index.aspx,,JOURNAL_HOMEPAGE_ONLY; DOI_AND_ARTICLE_TITLE_UNRESOLVED,MAIN_TRAIN_CANDIDATE_LOW_N,NO,ALL_CANDIDATE_CONTEXT,Unresolved; current database only states Philippine juvenile arc / West Philippine Basin,,,,nan nan nan,Unknown,SEDIMENTARY_DETRITAL,UNRESOLVED_RECORD_GRANULARITY,database text: sandstone-bearing limestone / unresolved,NOT_VERIFIED_AS_PHYSICAL_SAMPLE,UID_UNIQUE_STRING_BUT_LIKELY_GRAIN_LEVEL_IDENTITY,1,1,1735.0,1735.0,1735.0,0,0.0,0,0.0,0,0.0,0,0.0,0,0.0,NOT_EVALUABLE,NOT_EVALUABLE_SAMPLE_IDENTITY_AND_DEPOSITION_UNKNOWN,Only 1–2 ages are attached to this identifier and depositional age is unknown; near-depositional or syndepositional zircon cannot be assessed.,,不可判定：当前元数据不能把年轻年龄、火山岩屑或弧背景落实到物理样品。,UNVERIFIABLE_ORIGINAL_STUDY_NOT_RESOLVED,UNRESOLVED,存疑—来源与物理样品身份未解决,QUARANTINE / REBUILD_SAMPLE_ID,NO,缺少可核验论文DOI、地区、地层和沉积时代；A/B编号表现为颗粒/分析编号而非完整物理样品，1–2粒不能构成年龄谱。,JOURNAL_HOMEPAGE_ONLY; DOI_AND_ARTICLE_TITLE_UNRESOLVED; PHYSICAL_SAMPLE_IDENTITY_UNRESOLVED; ONLY_1_TO_2_GRAINS_PER_ID; LOCATION_FORMATION_DEPOSITIONAL_AGE_MISSING; NOT_AN_INDEPENDENT_AGE_SPECTRUM; LOW_N_LT20,SOURCE_NOT_RECOVERED,https://geo.ijournals.cn/dzxbe/dzxbe/home,e801c8db064f0dd9f750c6d94a3682e5587ea27e9bef2384b02a237b8201f773,NO,NONE
BSPM-78B3BE24E704D066-E4,E4::MAIN_DATABASE::BSPM-78B3BE24E704D066-E4,A-40,A-40,http://www.geojournals.cn/dzxb/ch/index.aspx,http://www.geojournals.cn/dzxb/ch/index.aspx,Hou_2025_unresolved_Philippine_records,"Hou Fanghui (2025), title/DOI unresolved in current database",http://www.geojournals.cn/dzxb/ch/index.aspx,,JOURNAL_HOMEPAGE_ONLY; DOI_AND_ARTICLE_TITLE_UNRESOLVED,MAIN_TRAIN_CANDIDATE_LOW_N,NO,ALL_CANDIDATE_CONTEXT,Unresolved; current database only states Philippine juvenile arc / West Philippine Basin,,,,nan nan nan,Unknown,SEDIMENTARY_DETRITAL,UNRESOLVED_RECORD_GRANULARITY,database text: sandstone-bearing limestone / unresolved,NOT_VERIFIED_AS_PHYSICAL_SAMPLE,UID_UNIQUE_STRING_BUT_LIKELY_GRAIN_LEVEL_IDENTITY,1,1,1838.0,1838.0,1838.0,0,0.0,0,0.0,0,0.0,0,0.0,0,0.0,NOT_EVALUABLE,NOT_EVALUABLE_SAMPLE_IDENTITY_AND_DEPOSITION_UNKNOWN,Only 1–2 ages are attached to this identifier and depositional age is unknown; near-depositional or syndepositional zircon cannot be assessed.,,不可判定：当前元数据不能把年轻年龄、火山岩屑或弧背景落实到物理样品。,UNVERIFIABLE_ORIGINAL_STUDY_NOT_RESOLVED,UNRESOLVED,存疑—来源与物理样品身份未解决,QUARANTINE / REBUILD_SAMPLE_ID,NO,缺少可核验论文DOI、地区、地层和沉积时代；A/B编号表现为颗粒/分析编号而非完整物理样品，1–2粒不能构成年龄谱。,JOURNAL_HOMEPAGE_ONLY; DOI_AND_ARTICLE_TITLE_UNRESOLVED; PHYSICAL_SAMPLE_IDENTITY_UNRESOLVED; ONLY_1_TO_2_GRAINS_PER_ID; LOCATION_FORMATION_DEPOSITIONAL_AGE_MISSING; NOT_AN_INDEPENDENT_AGE_SPECTRUM; LOW_N_LT20,SOURCE_NOT_RECOVERED,https://geo.ijournals.cn/dzxbe/dzxbe/home,4bac877d26fcbedd1dad58af5801c729c0c9001f7fbc711fa46e68f35fc76003,NO,NONE
BSPM-45A01BD2FB47CE08-E4,E4::MAIN_DATABASE::BSPM-45A01BD2FB47CE08-E4,A-42,A-42,http://www.geojournals.cn/dzxb/ch/index.aspx,http://www.geojournals.cn/dzxb/ch/index.aspx,Hou_2025_unresolved_Philippine_records,"Hou Fanghui (2025), title/DOI unresolved in current database",http://www.geojournals.cn/dzxb/ch/index.aspx,,JOURNAL_HOMEPAGE_ONLY; DOI_AND_ARTICLE_TITLE_UNRESOLVED,MAIN_TRAIN_CANDIDATE_LOW_N,NO,ALL_CANDIDATE_CONTEXT,Unresolved; current database only states Philippine juvenile arc / West Philippine Basin,,,,nan nan nan,Unknown,SEDIMENTARY_DETRITAL,UNRESOLVED_RECORD_GRANULARITY,database text: sandstone-bearing limestone / unresolved,NOT_VERIFIED_AS_PHYSICAL_SAMPLE,UID_UNIQUE_STRING_BUT_LIKELY_GRAIN_LEVEL_IDENTITY,1,1,2790.0,2790.0,2790.0,0,0.0,0,0.0,0,0.0,0,0.0,0,0.0,NOT_EVALUABLE,NOT_EVALUABLE_SAMPLE_IDENTITY_AND_DEPOSITION_UNKNOWN,Only 1–2 ages are attached to this identifier and depositional age is unknown; near-depositional or syndepositional zircon cannot be assessed.,,不可判定：当前元数据不能把年轻年龄、火山岩屑或弧背景落实到物理样品。,UNVERIFIABLE_ORIGINAL_STUDY_NOT_RESOLVED,UNRESOLVED,存疑—来源与物理样品身份未解决,QUARANTINE / REBUILD_SAMPLE_ID,NO,缺少可核验论文DOI、地区、地层和沉积时代；A/B编号表现为颗粒/分析编号而非完整物理样品，1–2粒不能构成年龄谱。,JOURNAL_HOMEPAGE_ONLY; DOI_AND_ARTICLE_TITLE_UNRESOLVED; PHYSICAL_SAMPLE_IDENTITY_UNRESOLVED; ONLY_1_TO_2_GRAINS_PER_ID; LOCATION_FORMATION_DEPOSITIONAL_AGE_MISSING; NOT_AN_INDEPENDENT_AGE_SPECTRUM; LOW_N_LT20,SOURCE_NOT_RECOVERED,https://geo.ijournals.cn/dzxbe/dzxbe/home,c847e65f67ea0763dfdbe271e6a2798ccc8b992458ef32b15758fcb306223567,NO,NONE
BSPM-CC1A98DD65CD351A-E4,E4::MAIN_DATABASE::BSPM-CC1A98DD65CD351A-E4,A-44,A-44,http://www.geojournals.cn/dzxb/ch/index.aspx,http://www.geojournals.cn/dzxb/ch/index.aspx,Hou_2025_unresolved_Philippine_records,"Hou Fanghui (2025), title/DOI unresolved in current database",http://www.geojournals.cn/dzxb/ch/index.aspx,,JOURNAL_HOMEPAGE_ONLY; DOI_AND_ARTICLE_TITLE_UNRESOLVED,MAIN_TRAIN_CANDIDATE_LOW_N,NO,ALL_CANDIDATE_CONTEXT,Unresolved; current database only states Philippine juvenile arc / West Philippine Basin,,,,nan nan nan,Unknown,SEDIMENTARY_DETRITAL,UNRESOLVED_RECORD_GRANULARITY,database text: sandstone-bearing limestone / unresolved,NOT_VERIFIED_AS_PHYSICAL_SAMPLE,UID_UNIQUE_STRING_BUT_LIKELY_GRAIN_LEVEL_IDENTITY,1,1,2462.0,2462.0,2462.0,0,0.0,0,0.0,0,0.0,0,0.0,0,0.0,NOT_EVALUABLE,NOT_EVALUABLE_SAMPLE_IDENTITY_AND_DEPOSITION_UNKNOWN,Only 1–2 ages are attached to this identifier and depositional age is unknown; near-depositional or syndepositional zircon cannot be assessed.,,不可判定：当前元数据不能把年轻年龄、火山岩屑或弧背景落实到物理样品。,UNVERIFIABLE_ORIGINAL_STUDY_NOT_RESOLVED,UNRESOLVED,存疑—来源与物理样品身份未解决,QUARANTINE / REBUILD_SAMPLE_ID,NO,缺少可核验论文DOI、地区、地层和沉积时代；A/B编号表现为颗粒/分析编号而非完整物理样品，1–2粒不能构成年龄谱。,JOURNAL_HOMEPAGE_ONLY; DOI_AND_ARTICLE_TITLE_UNRESOLVED; PHYSICAL_SAMPLE_IDENTITY_UNRESOLVED; ONLY_1_TO_2_GRAINS_PER_ID; LOCATION_FORMATION_DEPOSITIONAL_AGE_MISSING; NOT_AN_INDEPENDENT_AGE_SPECTRUM; LOW_N_LT20,SOURCE_NOT_RECOVERED,https://geo.ijournals.cn/dzxbe/dzxbe/home,9201026cd78f3956c5609c421d39138446f7eaeed85cf810bf491d1b04004cd5,NO,NONE
BSPM-FE0D73ECCD4A0E90-E4,E4::MAIN_DATABASE::BSPM-FE0D73ECCD4A0E90-E4,A-46,A-46,http://www.geojournals.cn/dzxb/ch/index.aspx,http://www.geojournals.cn/dzxb/ch/index.aspx,Hou_2025_unresolved_Philippine_records,"Hou Fanghui (2025), title/DOI unresolved in current database",http://www.geojournals.cn/dzxb/ch/index.aspx,,JOURNAL_HOMEPAGE_ONLY; DOI_AND_ARTICLE_TITLE_UNRESOLVED,MAIN_TRAIN_CANDIDATE_LOW_N,NO,ALL_CANDIDATE_CONTEXT,Unresolved; current database only states Philippine juvenile arc / West Philippine Basin,,,,nan nan nan,Unknown,SEDIMENTARY_DETRITAL,UNRESOLVED_RECORD_GRANULARITY,database text: sandstone-bearing limestone / unresolved,NOT_VERIFIED_AS_PHYSICAL_SAMPLE,UID_UNIQUE_STRING_BUT_LIKELY_GRAIN_LEVEL_IDENTITY,1,1,2117.0,2117.0,2117.0,0,0.0,0,0.0,0,0.0,0,0.0,0,0.0,NOT_EVALUABLE,NOT_EVALUABLE_SAMPLE_IDENTITY_AND_DEPOSITION_UNKNOWN,Only 1–2 ages are attached to this identifier and depositional age is unknown; near-depositional or syndepositional zircon cannot be assessed.,,不可判定：当前元数据不能把年轻年龄、火山岩屑或弧背景落实到物理样品。,UNVERIFIABLE_ORIGINAL_STUDY_NOT_RESOLVED,UNRESOLVED,存疑—来源与物理样品身份未解决,QUARANTINE / REBUILD_SAMPLE_ID,NO,缺少可核验论文DOI、地区、地层和沉积时代；A/B编号表现为颗粒/分析编号而非完整物理样品，1–2粒不能构成年龄谱。,JOURNAL_HOMEPAGE_ONLY; DOI_AND_ARTICLE_TITLE_UNRESOLVED; PHYSICAL_SAMPLE_IDENTITY_UNRESOLVED; ONLY_1_TO_2_GRAINS_PER_ID; LOCATION_FORMATION_DEPOSITIONAL_AGE_MISSING; NOT_AN_INDEPENDENT_AGE_SPECTRUM; LOW_N_LT20,SOURCE_NOT_RECOVERED,https://geo.ijournals.cn/dzxbe/dzxbe/home,5b3e1deb457c5c9ca1dd05c93b2e5407a3c2d5ed353e31a95eacfc82cf3096c6,NO,NONE
BSPM-C7B56EEFB259B473-E4,E4::MAIN_DATABASE::BSPM-C7B56EEFB259B473-E4,A-47,A-47,http://www.geojournals.cn/dzxb/ch/index.aspx,http://www.geojournals.cn/dzxb/ch/index.aspx,Hou_2025_unresolved_Philippine_records,"Hou Fanghui (2025), title/DOI unresolved in current database",http://www.geojournals.cn/dzxb/ch/index.aspx,,JOURNAL_HOMEPAGE_ONLY; DOI_AND_ARTICLE_TITLE_UNRESOLVED,MAIN_TRAIN_CANDIDATE_LOW_N,NO,ALL_CANDIDATE_CONTEXT,Unresolved; current database only states Philippine juvenile arc / West Philippine Basin,,,,nan nan nan,Unknown,SEDIMENTARY_DETRITAL,UNRESOLVED_RECORD_GRANULARITY,database text: sandstone-bearing limestone / unresolved,NOT_VERIFIED_AS_PHYSICAL_SAMPLE,UID_UNIQUE_STRING_BUT_LIKELY_GRAIN_LEVEL_IDENTITY,1,1,1572.0,1572.0,1572.0,0,0.0,0,0.0,0,0.0,0,0.0,0,0.0,NOT_EVALUABLE,NOT_EVALUABLE_SAMPLE_IDENTITY_AND_DEPOSITION_UNKNOWN,Only 1–2 ages are attached to this identifier and depositional age is unknown; near-depositional or syndepositional zircon cannot be assessed.,,不可判定：当前元数据不能把年轻年龄、火山岩屑或弧背景落实到物理样品。,UNVERIFIABLE_ORIGINAL_STUDY_NOT_RESOLVED,UNRESOLVED,存疑—来源与物理样品身份未解决,QUARANTINE / REBUILD_SAMPLE_ID,NO,缺少可核验论文DOI、地区、地层和沉积时代；A/B编号表现为颗粒/分析编号而非完整物理样品，1–2粒不能构成年龄谱。,JOURNAL_HOMEPAGE_ONLY; DOI_AND_ARTICLE_TITLE_UNRESOLVED; PHYSICAL_SAMPLE_IDENTITY_UNRESOLVED; ONLY_1_TO_2_GRAINS_PER_ID; LOCATION_FORMATION_DEPOSITIONAL_AGE_MISSING; NOT_AN_INDEPENDENT_AGE_SPECTRUM; LOW_N_LT20,SOURCE_NOT_RECOVERED,https://geo.ijournals.cn/dzxbe/dzxbe/home,53d726c96274caef6b68b0de29ffdbd58db36414c39b1f499179c5c6af6f3b77,NO,NONE
BSPM-B8B25F8D196C6291-E4,E4::MAIN_DATABASE::BSPM-B8B25F8D196C6291-E4,A-48,A-48,http://www.geojournals.cn/dzxb/ch/index.aspx,http://www.geojournals.cn/dzxb/ch/index.aspx,Hou_2025_unresolved_Philippine_records,"Hou Fanghui (2025), title/DOI unresolved in current database",http://www.geojournals.cn/dzxb/ch/index.aspx,,JOURNAL_HOMEPAGE_ONLY; DOI_AND_ARTICLE_TITLE_UNRESOLVED,MAIN_TRAIN_CANDIDATE_LOW_N,NO,ALL_CANDIDATE_CONTEXT,Unresolved; current database only states Philippine juvenile arc / West Philippine Basin,,,,nan nan nan,Unknown,SEDIMENTARY_DETRITAL,UNRESOLVED_RECORD_GRANULARITY,database text: sandstone-bearing limestone / unresolved,NOT_VERIFIED_AS_PHYSICAL_SAMPLE,UID_UNIQUE_STRING_BUT_LIKELY_GRAIN_LEVEL_IDENTITY,1,1,2514.0,2514.0,2514.0,0,0.0,0,0.0,0,0.0,0,0.0,0,0.0,NOT_EVALUABLE,NOT_EVALUABLE_SAMPLE_IDENTITY_AND_DEPOSITION_UNKNOWN,Only 1–2 ages are attached to this identifier and depositional age is unknown; near-depositional or syndepositional zircon cannot be assessed.,,不可判定：当前元数据不能把年轻年龄、火山岩屑或弧背景落实到物理样品。,UNVERIFIABLE_ORIGINAL_STUDY_NOT_RESOLVED,UNRESOLVED,存疑—来源与物理样品身份未解决,QUARANTINE / REBUILD_SAMPLE_ID,NO,缺少可核验论文DOI、地区、地层和沉积时代；A/B编号表现为颗粒/分析编号而非完整物理样品，1–2粒不能构成年龄谱。,JOURNAL_HOMEPAGE_ONLY; DOI_AND_ARTICLE_TITLE_UNRESOLVED; PHYSICAL_SAMPLE_IDENTITY_UNRESOLVED; ONLY_1_TO_2_GRAINS_PER_ID; LOCATION_FORMATION_DEPOSITIONAL_AGE_MISSING; NOT_AN_INDEPENDENT_AGE_SPECTRUM; LOW_N_LT20,SOURCE_NOT_RECOVERED,https://geo.ijournals.cn/dzxbe/dzxbe/home,1325c9d8464748e82da669a08da5c9fb19f40222d376224e75777ffd42e836e0,NO,NONE
BSPM-A3FEF0DA63EFC7B3-E4,E4::MAIN_DATABASE::BSPM-A3FEF0DA63EFC7B3-E4,A-49,A-49,http://www.geojournals.cn/dzxb/ch/index.aspx,http://www.geojournals.cn/dzxb/ch/index.aspx,Hou_2025_unresolved_Philippine_records,"Hou Fanghui (2025), title/DOI unresolved in current database",http://www.geojournals.cn/dzxb/ch/index.aspx,,JOURNAL_HOMEPAGE_ONLY; DOI_AND_ARTICLE_TITLE_UNRESOLVED,MAIN_TRAIN_CANDIDATE_LOW_N,NO,ALL_CANDIDATE_CONTEXT,Unresolved; current database only states Philippine juvenile arc / West Philippine Basin,,,,nan nan nan,Unknown,SEDIMENTARY_DETRITAL,UNRESOLVED_RECORD_GRANULARITY,database text: sandstone-bearing limestone / unresolved,NOT_VERIFIED_AS_PHYSICAL_SAMPLE,UID_UNIQUE_STRING_BUT_LIKELY_GRAIN_LEVEL_IDENTITY,1,1,2440.0,2440.0,2440.0,0,0.0,0,0.0,0,0.0,0,0.0,0,0.0,NOT_EVALUABLE,NOT_EVALUABLE_SAMPLE_IDENTITY_AND_DEPOSITION_UNKNOWN,Only 1–2 ages are attached to this identifier and depositional age is unknown; near-depositional or syndepositional zircon cannot be assessed.,,不可判定：当前元数据不能把年轻年龄、火山岩屑或弧背景落实到物理样品。,UNVERIFIABLE_ORIGINAL_STUDY_NOT_RESOLVED,UNRESOLVED,存疑—来源与物理样品身份未解决,QUARANTINE / REBUILD_SAMPLE_ID,NO,缺少可核验论文DOI、地区、地层和沉积时代；A/B编号表现为颗粒/分析编号而非完整物理样品，1–2粒不能构成年龄谱。,JOURNAL_HOMEPAGE_ONLY; DOI_AND_ARTICLE_TITLE_UNRESOLVED; PHYSICAL_SAMPLE_IDENTITY_UNRESOLVED; ONLY_1_TO_2_GRAINS_PER_ID; LOCATION_FORMATION_DEPOSITIONAL_AGE_MISSING; NOT_AN_INDEPENDENT_AGE_SPECTRUM; LOW_N_LT20,SOURCE_NOT_RECOVERED,https://geo.ijournals.cn/dzxbe/dzxbe/home,27c59172327ae815bc016985010a88d4ec15b30e55de17286f12867df7901c06,NO,NONE
BSPM-5252DC1CFB5BF620-E4,E4::MAIN_DATABASE::BSPM-5252DC1CFB5BF620-E4,A-50,A-50,http://www.geojournals.cn/dzxb/ch/index.aspx,http://www.geojournals.cn/dzxb/ch/index.aspx,Hou_2025_unresolved_Philippine_records,"Hou Fanghui (2025), title/DOI unresolved in current database",http://www.geojournals.cn/dzxb/ch/index.aspx,,JOURNAL_HOMEPAGE_ONLY; DOI_AND_ARTICLE_TITLE_UNRESOLVED,MAIN_TRAIN_CANDIDATE_LOW_N,NO,ALL_CANDIDATE_CONTEXT,Unresolved; current database only states Philippine juvenile arc / West Philippine Basin,,,,nan nan nan,Unknown,SEDIMENTARY_DETRITAL,UNRESOLVED_RECORD_GRANULARITY,database text: sandstone-bearing limestone / unresolved,NOT_VERIFIED_AS_PHYSICAL_SAMPLE,UID_UNIQUE_STRING_BUT_LIKELY_GRAIN_LEVEL_IDENTITY,1,1,1763.0,1763.0,1763.0,0,0.0,0,0.0,0,0.0,0,0.0,0,0.0,NOT_EVALUABLE,NOT_EVALUABLE_SAMPLE_IDENTITY_AND_DEPOSITION_UNKNOWN,Only 1–2 ages are attached to this identifier and depositional age is unknown; near-depositional or syndepositional zircon cannot be assessed.,,不可判定：当前元数据不能把年轻年龄、火山岩屑或弧背景落实到物理样品。,UNVERIFIABLE_ORIGINAL_STUDY_NOT_RESOLVED,UNRESOLVED,存疑—来源与物理样品身份未解决,QUARANTINE / REBUILD_SAMPLE_ID,NO,缺少可核验论文DOI、地区、地层和沉积时代；A/B编号表现为颗粒/分析编号而非完整物理样品，1–2粒不能构成年龄谱。,JOURNAL_HOMEPAGE_ONLY; DOI_AND_ARTICLE_TITLE_UNRESOLVED; PHYSICAL_SAMPLE_IDENTITY_UNRESOLVED; ONLY_1_TO_2_GRAINS_PER_ID; LOCATION_FORMATION_DEPOSITIONAL_AGE_MISSING; NOT_AN_INDEPENDENT_AGE_SPECTRUM; LOW_N_LT20,SOURCE_NOT_RECOVERED,https://geo.ijournals.cn/dzxbe/dzxbe/home,3e6f967b67d5f0fd27efe67f27edf44a079703f27e16a7e007352d089354aa12,NO,NONE
BSPM-1A820BA648635E69-E4,E4::MAIN_DATABASE::BSPM-1A820BA648635E69-E4,B-01,B-01,http://www.geojournals.cn/dzxb/ch/index.aspx,http://www.geojournals.cn/dzxb/ch/index.aspx,Hou_2025_unresolved_Philippine_records,"Hou Fanghui (2025), title/DOI unresolved in current database",http://www.geojournals.cn/dzxb/ch/index.aspx,,JOURNAL_HOMEPAGE_ONLY; DOI_AND_ARTICLE_TITLE_UNRESOLVED,MAIN_TRAIN_CANDIDATE_LOW_N,NO,ALL_CANDIDATE_CONTEXT,Unresolved; current database only states Philippine juvenile arc / West Philippine Basin,,,,nan nan nan,Unknown,SEDIMENTARY_DETRITAL,UNRESOLVED_RECORD_GRANULARITY,database text: sandstone-bearing limestone / unresolved,NOT_VERIFIED_AS_PHYSICAL_SAMPLE,UID_UNIQUE_STRING_BUT_LIKELY_GRAIN_LEVEL_IDENTITY,1,1,1076.0,1076.0,1076.0,0,0.0,0,0.0,0,0.0,0,0.0,0,0.0,NOT_EVALUABLE,NOT_EVALUABLE_SAMPLE_IDENTITY_AND_DEPOSITION_UNKNOWN,Only 1–2 ages are attached to this identifier and depositional age is unknown; near-depositional or syndepositional zircon cannot be assessed.,,不可判定：当前元数据不能把年轻年龄、火山岩屑或弧背景落实到物理样品。,UNVERIFIABLE_ORIGINAL_STUDY_NOT_RESOLVED,UNRESOLVED,存疑—来源与物理样品身份未解决,QUARANTINE / REBUILD_SAMPLE_ID,NO,缺少可核验论文DOI、地区、地层和沉积时代；A/B编号表现为颗粒/分析编号而非完整物理样品，1–2粒不能构成年龄谱。,JOURNAL_HOMEPAGE_ONLY; DOI_AND_ARTICLE_TITLE_UNRESOLVED; PHYSICAL_SAMPLE_IDENTITY_UNRESOLVED; ONLY_1_TO_2_GRAINS_PER_ID; LOCATION_FORMATION_DEPOSITIONAL_AGE_MISSING; NOT_AN_INDEPENDENT_AGE_SPECTRUM; LOW_N_LT20,SOURCE_NOT_RECOVERED,https://geo.ijournals.cn/dzxbe/dzxbe/home,b7ceb94e3327cf80aecc5ba21d2fa7f434a28634d4b103b00154656dc0ce11a8,NO,NONE
BSPM-66F36266618CEF30-E4,E4::MAIN_DATABASE::BSPM-66F36266618CEF30-E4,B-02,B-02,http://www.geojournals.cn/dzxb/ch/index.aspx,http://www.geojournals.cn/dzxb/ch/index.aspx,Hou_2025_unresolved_Philippine_records,"Hou Fanghui (2025), title/DOI unresolved in current database",http://www.geojournals.cn/dzxb/ch/index.aspx,,JOURNAL_HOMEPAGE_ONLY; DOI_AND_ARTICLE_TITLE_UNRESOLVED,MAIN_TRAIN_CANDIDATE_LOW_N,NO,ALL_CANDIDATE_CONTEXT,Unresolved; current database only states Philippine juvenile arc / West Philippine Basin,,,,nan nan nan,Unknown,SEDIMENTARY_DETRITAL,UNRESOLVED_RECORD_GRANULARITY,database text: sandstone-bearing limestone / unresolved,NOT_VERIFIED_AS_PHYSICAL_SAMPLE,UID_UNIQUE_STRING_BUT_LIKELY_GRAIN_LEVEL_IDENTITY,1,1,1469.0,1469.0,1469.0,0,0.0,0,0.0,0,0.0,0,0.0,0,0.0,NOT_EVALUABLE,NOT_EVALUABLE_SAMPLE_IDENTITY_AND_DEPOSITION_UNKNOWN,Only 1–2 ages are attached to this identifier and depositional age is unknown; near-depositional or syndepositional zircon cannot be assessed.,,不可判定：当前元数据不能把年轻年龄、火山岩屑或弧背景落实到物理样品。,UNVERIFIABLE_ORIGINAL_STUDY_NOT_RESOLVED,UNRESOLVED,存疑—来源与物理样品身份未解决,QUARANTINE / REBUILD_SAMPLE_ID,NO,缺少可核验论文DOI、地区、地层和沉积时代；A/B编号表现为颗粒/分析编号而非完整物理样品，1–2粒不能构成年龄谱。,JOURNAL_HOMEPAGE_ONLY; DOI_AND_ARTICLE_TITLE_UNRESOLVED; PHYSICAL_SAMPLE_IDENTITY_UNRESOLVED; ONLY_1_TO_2_GRAINS_PER_ID; LOCATION_FORMATION_DEPOSITIONAL_AGE_MISSING; NOT_AN_INDEPENDENT_AGE_SPECTRUM; LOW_N_LT20,SOURCE_NOT_RECOVERED,https://geo.ijournals.cn/dzxbe/dzxbe/home,03563bc8dd881b3e852f65c3b7068c9b28ac2492f0111592799a7838dc586914,NO,NONE
BSPM-AC717B002CFA3AEF-E4,E4::MAIN_DATABASE::BSPM-AC717B002CFA3AEF-E4,B-03,B-03,http://www.geojournals.cn/dzxb/ch/index.aspx,http://www.geojournals.cn/dzxb/ch/index.aspx,Hou_2025_unresolved_Philippine_records,"Hou Fanghui (2025), title/DOI unresolved in current database",http://www.geojournals.cn/dzxb/ch/index.aspx,,JOURNAL_HOMEPAGE_ONLY; DOI_AND_ARTICLE_TITLE_UNRESOLVED,MAIN_TRAIN_CANDIDATE_LOW_N,NO,ALL_CANDIDATE_CONTEXT,Unresolved; current database only states Philippine juvenile arc / West Philippine Basin,,,,nan nan nan,Unknown,SEDIMENTARY_DETRITAL,UNRESOLVED_RECORD_GRANULARITY,database text: sandstone-bearing limestone / unresolved,NOT_VERIFIED_AS_PHYSICAL_SAMPLE,UID_UNIQUE_STRING_BUT_LIKELY_GRAIN_LEVEL_IDENTITY,2,2,106.0,1113.0,1113.0,0,0.0,0,0.0,0,0.0,0,0.0,0,0.0,NOT_EVALUABLE,NOT_EVALUABLE_SAMPLE_IDENTITY_AND_DEPOSITION_UNKNOWN,Only 1–2 ages are attached to this identifier and depositional age is unknown; near-depositional or syndepositional zircon cannot be assessed.,,不可判定：当前元数据不能把年轻年龄、火山岩屑或弧背景落实到物理样品。,UNVERIFIABLE_ORIGINAL_STUDY_NOT_RESOLVED,UNRESOLVED,存疑—来源与物理样品身份未解决,QUARANTINE / REBUILD_SAMPLE_ID,NO,缺少可核验论文DOI、地区、地层和沉积时代；A/B编号表现为颗粒/分析编号而非完整物理样品，1–2粒不能构成年龄谱。,JOURNAL_HOMEPAGE_ONLY; DOI_AND_ARTICLE_TITLE_UNRESOLVED; PHYSICAL_SAMPLE_IDENTITY_UNRESOLVED; ONLY_1_TO_2_GRAINS_PER_ID; LOCATION_FORMATION_DEPOSITIONAL_AGE_MISSING; NOT_AN_INDEPENDENT_AGE_SPECTRUM; LOW_N_LT20,SOURCE_NOT_RECOVERED,https://geo.ijournals.cn/dzxbe/dzxbe/home,16f6b4accbb3431389efdb9757d618cf3c07563a093acd29a939818caa39e223,NO,NONE
BSPM-D7C075C35523FC55-E4,E4::MAIN_DATABASE::BSPM-D7C075C35523FC55-E4,B-04,B-04,http://www.geojournals.cn/dzxb/ch/index.aspx,http://www.geojournals.cn/dzxb/ch/index.aspx,Hou_2025_unresolved_Philippine_records,"Hou Fanghui (2025), title/DOI unresolved in current database",http://www.geojournals.cn/dzxb/ch/index.aspx,,JOURNAL_HOMEPAGE_ONLY; DOI_AND_ARTICLE_TITLE_UNRESOLVED,MAIN_TRAIN_CANDIDATE_LOW_N,NO,ALL_CANDIDATE_CONTEXT,Unresolved; current database only states Philippine juvenile arc / West Philippine Basin,,,,nan nan nan,Unknown,SEDIMENTARY_DETRITAL,UNRESOLVED_RECORD_GRANULARITY,database text: sandstone-bearing limestone / unresolved,NOT_VERIFIED_AS_PHYSICAL_SAMPLE,UID_UNIQUE_STRING_BUT_LIKELY_GRAIN_LEVEL_IDENTITY,2,2,10.0,880.5,880.5,0,0.0,1,0.5,1,0.5,1,0.5,1,0.5,NOT_EVALUABLE,NOT_EVALUABLE_SAMPLE_IDENTITY_AND_DEPOSITION_UNKNOWN,Only 1–2 ages are attached to this identifier and depositional age is unknown; near-depositional or syndepositional zircon cannot be assessed.,,不可判定：当前元数据不能把年轻年龄、火山岩屑或弧背景落实到物理样品。,UNVERIFIABLE_ORIGINAL_STUDY_NOT_RESOLVED,UNRESOLVED,存疑—来源与物理样品身份未解决,QUARANTINE / REBUILD_SAMPLE_ID,NO,缺少可核验论文DOI、地区、地层和沉积时代；A/B编号表现为颗粒/分析编号而非完整物理样品，1–2粒不能构成年龄谱。,JOURNAL_HOMEPAGE_ONLY; DOI_AND_ARTICLE_TITLE_UNRESOLVED; PHYSICAL_SAMPLE_IDENTITY_UNRESOLVED; ONLY_1_TO_2_GRAINS_PER_ID; LOCATION_FORMATION_DEPOSITIONAL_AGE_MISSING; NOT_AN_INDEPENDENT_AGE_SPECTRUM; LOW_N_LT20,SOURCE_NOT_RECOVERED,https://geo.ijournals.cn/dzxbe/dzxbe/home,3c00f6955ca76adee47781660746680817dd3be3317bbd0f4a755f25fb2554ad,NO,NONE
BSPM-DF673E20D711754B-E4,E4::MAIN_DATABASE::BSPM-DF673E20D711754B-E4,B-05,B-05,http://www.geojournals.cn/dzxb/ch/index.aspx,http://www.geojournals.cn/dzxb/ch/index.aspx,Hou_2025_unresolved_Philippine_records,"Hou Fanghui (2025), title/DOI unresolved in current database",http://www.geojournals.cn/dzxb/ch/index.aspx,,JOURNAL_HOMEPAGE_ONLY; DOI_AND_ARTICLE_TITLE_UNRESOLVED,MAIN_TRAIN_CANDIDATE_LOW_N,NO,ALL_CANDIDATE_CONTEXT,Unresolved; current database only states Philippine juvenile arc / West Philippine Basin,,,,nan nan nan,Unknown,SEDIMENTARY_DETRITAL,UNRESOLVED_RECORD_GRANULARITY,database text: sandstone-bearing limestone / unresolved,NOT_VERIFIED_AS_PHYSICAL_SAMPLE,UID_UNIQUE_STRING_BUT_LIKELY_GRAIN_LEVEL_IDENTITY,2,2,9.0,600.0,600.0,0,0.0,1,0.5,1,0.5,1,0.5,1,0.5,NOT_EVALUABLE,NOT_EVALUABLE_SAMPLE_IDENTITY_AND_DEPOSITION_UNKNOWN,Only 1–2 ages are attached to this identifier and depositional age is unknown; near-depositional or syndepositional zircon cannot be assessed.,,不可判定：当前元数据不能把年轻年龄、火山岩屑或弧背景落实到物理样品。,UNVERIFIABLE_ORIGINAL_STUDY_NOT_RESOLVED,UNRESOLVED,存疑—来源与物理样品身份未解决,QUARANTINE / REBUILD_SAMPLE_ID,NO,缺少可核验论文DOI、地区、地层和沉积时代；A/B编号表现为颗粒/分析编号而非完整物理样品，1–2粒不能构成年龄谱。,JOURNAL_HOMEPAGE_ONLY; DOI_AND_ARTICLE_TITLE_UNRESOLVED; PHYSICAL_SAMPLE_IDENTITY_UNRESOLVED; ONLY_1_TO_2_GRAINS_PER_ID; LOCATION_FORMATION_DEPOSITIONAL_AGE_MISSING; NOT_AN_INDEPENDENT_AGE_SPECTRUM; LOW_N_LT20,SOURCE_NOT_RECOVERED,https://geo.ijournals.cn/dzxbe/dzxbe/home,0d3095282dfbfcd9f0d3190389a49a98cc325e68ac0579f5ea98df1adf2e5c56,NO,NONE
BSPM-749B1EF2B9C5BE5E-E4,E4::MAIN_DATABASE::BSPM-749B1EF2B9C5BE5E-E4,B-06,B-06,http://www.geojournals.cn/dzxb/ch/index.aspx,http://www.geojournals.cn/dzxb/ch/index.aspx,Hou_2025_unresolved_Philippine_records,"Hou Fanghui (2025), title/DOI unresolved in current database",http://www.geojournals.cn/dzxb/ch/index.aspx,,JOURNAL_HOMEPAGE_ONLY; DOI_AND_ARTICLE_TITLE_UNRESOLVED,MAIN_TRAIN_CANDIDATE_LOW_N,NO,ALL_CANDIDATE_CONTEXT,Unresolved; current database only states Philippine juvenile arc / West Philippine Basin,,,,nan nan nan,Unknown,SEDIMENTARY_DETRITAL,UNRESOLVED_RECORD_GRANULARITY,database text: sandstone-bearing limestone / unresolved,NOT_VERIFIED_AS_PHYSICAL_SAMPLE,UID_UNIQUE_STRING_BUT_LIKELY_GRAIN_LEVEL_IDENTITY,2,2,8.0,373.5,373.5,0,0.0,1,0.5,1,0.5,1,0.5,1,0.5,NOT_EVALUABLE,NOT_EVALUABLE_SAMPLE_IDENTITY_AND_DEPOSITION_UNKNOWN,Only 1–2 ages are attached to this identifier and depositional age is unknown; near-depositional or syndepositional zircon cannot be assessed.,,不可判定：当前元数据不能把年轻年龄、火山岩屑或弧背景落实到物理样品。,UNVERIFIABLE_ORIGINAL_STUDY_NOT_RESOLVED,UNRESOLVED,存疑—来源与物理样品身份未解决,QUARANTINE / REBUILD_SAMPLE_ID,NO,缺少可核验论文DOI、地区、地层和沉积时代；A/B编号表现为颗粒/分析编号而非完整物理样品，1–2粒不能构成年龄谱。,JOURNAL_HOMEPAGE_ONLY; DOI_AND_ARTICLE_TITLE_UNRESOLVED; PHYSICAL_SAMPLE_IDENTITY_UNRESOLVED; ONLY_1_TO_2_GRAINS_PER_ID; LOCATION_FORMATION_DEPOSITIONAL_AGE_MISSING; NOT_AN_INDEPENDENT_AGE_SPECTRUM; LOW_N_LT20,SOURCE_NOT_RECOVERED,https://geo.ijournals.cn/dzxbe/dzxbe/home,4504b88b9bfa7eb2109f825483e149cbccece2f6201b545202bf14eec2578722,NO,NONE
BSPM-D7A3D6202A8041AB-E4,E4::MAIN_DATABASE::BSPM-D7A3D6202A8041AB-E4,B-07,B-07,http://www.geojournals.cn/dzxb/ch/index.aspx,http://www.geojournals.cn/dzxb/ch/index.aspx,Hou_2025_unresolved_Philippine_records,"Hou Fanghui (2025), title/DOI unresolved in current database",http://www.geojournals.cn/dzxb/ch/index.aspx,,JOURNAL_HOMEPAGE_ONLY; DOI_AND_ARTICLE_TITLE_UNRESOLVED,MAIN_TRAIN_CANDIDATE_LOW_N,NO,ALL_CANDIDATE_CONTEXT,Unresolved; current database only states Philippine juvenile arc / West Philippine Basin,,,,nan nan nan,Unknown,SEDIMENTARY_DETRITAL,UNRESOLVED_RECORD_GRANULARITY,database text: sandstone-bearing limestone / unresolved,NOT_VERIFIED_AS_PHYSICAL_SAMPLE,UID_UNIQUE_STRING_BUT_LIKELY_GRAIN_LEVEL_IDENTITY,2,2,12.0,972.5,972.5,0,0.0,0,0.0,1,0.5,1,0.5,1,0.5,NOT_EVALUABLE,NOT_EVALUABLE_SAMPLE_IDENTITY_AND_DEPOSITION_UNKNOWN,Only 1–2 ages are attached to this identifier and depositional age is unknown; near-depositional or syndepositional zircon cannot be assessed.,,不可判定：当前元数据不能把年轻年龄、火山岩屑或弧背景落实到物理样品。,UNVERIFIABLE_ORIGINAL_STUDY_NOT_RESOLVED,UNRESOLVED,存疑—来源与物理样品身份未解决,QUARANTINE / REBUILD_SAMPLE_ID,NO,缺少可核验论文DOI、地区、地层和沉积时代；A/B编号表现为颗粒/分析编号而非完整物理样品，1–2粒不能构成年龄谱。,JOURNAL_HOMEPAGE_ONLY; DOI_AND_ARTICLE_TITLE_UNRESOLVED; PHYSICAL_SAMPLE_IDENTITY_UNRESOLVED; ONLY_1_TO_2_GRAINS_PER_ID; LOCATION_FORMATION_DEPOSITIONAL_AGE_MISSING; NOT_AN_INDEPENDENT_AGE_SPECTRUM; LOW_N_LT20,SOURCE_NOT_RECOVERED,https://geo.ijournals.cn/dzxbe/dzxbe/home,da0993852ad2bdad4ee3d1a02ed416c14df1dc227c1a368aa54739325390f40c,NO,NONE
BSPM-B6BAC30D6B0582B5-E4,E4::MAIN_DATABASE::BSPM-B6BAC30D6B0582B5-E4,B-09,B-09,http://www.geojournals.cn/dzxb/ch/index.aspx,http://www.geojournals.cn/dzxb/ch/index.aspx,Hou_2025_unresolved_Philippine_records,"Hou Fanghui (2025), title/DOI unresolved in current database",http://www.geojournals.cn/dzxb/ch/index.aspx,,JOURNAL_HOMEPAGE_ONLY; DOI_AND_ARTICLE_TITLE_UNRESOLVED,MAIN_TRAIN_CANDIDATE_LOW_N,NO,ALL_CANDIDATE_CONTEXT,Unresolved; current database only states Philippine juvenile arc / West Philippine Basin,,,,nan nan nan,Unknown,SEDIMENTARY_DETRITAL,UNRESOLVED_RECORD_GRANULARITY,database text: sandstone-bearing limestone / unresolved,NOT_VERIFIED_AS_PHYSICAL_SAMPLE,UID_UNIQUE_STRING_BUT_LIKELY_GRAIN_LEVEL_IDENTITY,2,2,10.0,753.5,753.5,0,0.0,1,0.5,1,0.5,1,0.5,1,0.5,NOT_EVALUABLE,NOT_EVALUABLE_SAMPLE_IDENTITY_AND_DEPOSITION_UNKNOWN,Only 1–2 ages are attached to this identifier and depositional age is unknown; near-depositional or syndepositional zircon cannot be assessed.,,不可判定：当前元数据不能把年轻年龄、火山岩屑或弧背景落实到物理样品。,UNVERIFIABLE_ORIGINAL_STUDY_NOT_RESOLVED,UNRESOLVED,存疑—来源与物理样品身份未解决,QUARANTINE / REBUILD_SAMPLE_ID,NO,缺少可核验论文DOI、地区、地层和沉积时代；A/B编号表现为颗粒/分析编号而非完整物理样品，1–2粒不能构成年龄谱。,JOURNAL_HOMEPAGE_ONLY; DOI_AND_ARTICLE_TITLE_UNRESOLVED; PHYSICAL_SAMPLE_IDENTITY_UNRESOLVED; ONLY_1_TO_2_GRAINS_PER_ID; LOCATION_FORMATION_DEPOSITIONAL_AGE_MISSING; NOT_AN_INDEPENDENT_AGE_SPECTRUM; LOW_N_LT20,SOURCE_NOT_RECOVERED,https://geo.ijournals.cn/dzxbe/dzxbe/home,13758a38ed30629578e42c34544dd4a2d5e9986bc66ad24062e73e64ef9ffd15,NO,NONE
BSPM-124857443386BF9C-E4,E4::MAIN_DATABASE::BSPM-124857443386BF9C-E4,B-10,B-10,http://www.geojournals.cn/dzxb/ch/index.aspx,http://www.geojournals.cn/dzxb/ch/index.aspx,Hou_2025_unresolved_Philippine_records,"Hou Fanghui (2025), title/DOI unresolved in current database",http://www.geojournals.cn/dzxb/ch/index.aspx,,JOURNAL_HOMEPAGE_ONLY; DOI_AND_ARTICLE_TITLE_UNRESOLVED,MAIN_TRAIN_CANDIDATE_LOW_N,NO,ALL_CANDIDATE_CONTEXT,Unresolved; current database only states Philippine juvenile arc / West Philippine Basin,,,,nan nan nan,Unknown,SEDIMENTARY_DETRITAL,UNRESOLVED_RECORD_GRANULARITY,database text: sandstone-bearing limestone / unresolved,NOT_VERIFIED_AS_PHYSICAL_SAMPLE,UID_UNIQUE_STRING_BUT_LIKELY_GRAIN_LEVEL_IDENTITY,2,2,20.0,1030.5,1030.5,0,0.0,0,0.0,1,0.5,1,0.5,1,0.5,NOT_EVALUABLE,NOT_EVALUABLE_SAMPLE_IDENTITY_AND_DEPOSITION_UNKNOWN,Only 1–2 ages are attached to this identifier and depositional age is unknown; near-depositional or syndepositional zircon cannot be assessed.,,不可判定：当前元数据不能把年轻年龄、火山岩屑或弧背景落实到物理样品。,UNVERIFIABLE_ORIGINAL_STUDY_NOT_RESOLVED,UNRESOLVED,存疑—来源与物理样品身份未解决,QUARANTINE / REBUILD_SAMPLE_ID,NO,缺少可核验论文DOI、地区、地层和沉积时代；A/B编号表现为颗粒/分析编号而非完整物理样品，1–2粒不能构成年龄谱。,JOURNAL_HOMEPAGE_ONLY; DOI_AND_ARTICLE_TITLE_UNRESOLVED; PHYSICAL_SAMPLE_IDENTITY_UNRESOLVED; ONLY_1_TO_2_GRAINS_PER_ID; LOCATION_FORMATION_DEPOSITIONAL_AGE_MISSING; NOT_AN_INDEPENDENT_AGE_SPECTRUM; LOW_N_LT20,SOURCE_NOT_RECOVERED,https://geo.ijournals.cn/dzxbe/dzxbe/home,cbeda899f909f6d0da9fefb16b62b887e14667a03f2aa5c685f8c9e32227438e,NO,NONE
BSPM-47344354F5B59FF9-E4,E4::MAIN_DATABASE::BSPM-47344354F5B59FF9-E4,B-11,B-11,http://www.geojournals.cn/dzxb/ch/index.aspx,http://www.geojournals.cn/dzxb/ch/index.aspx,Hou_2025_unresolved_Philippine_records,"Hou Fanghui (2025), title/DOI unresolved in current database",http://www.geojournals.cn/dzxb/ch/index.aspx,,JOURNAL_HOMEPAGE_ONLY; DOI_AND_ARTICLE_TITLE_UNRESOLVED,MAIN_TRAIN_CANDIDATE_LOW_N,NO,ALL_CANDIDATE_CONTEXT,Unresolved; current database only states Philippine juvenile arc / West Philippine Basin,,,,nan nan nan,Unknown,SEDIMENTARY_DETRITAL,UNRESOLVED_RECORD_GRANULARITY,database text: sandstone-bearing limestone / unresolved,NOT_VERIFIED_AS_PHYSICAL_SAMPLE,UID_UNIQUE_STRING_BUT_LIKELY_GRAIN_LEVEL_IDENTITY,2,2,7.0,580.0,580.0,0,0.0,1,0.5,1,0.5,1,0.5,1,0.5,NOT_EVALUABLE,NOT_EVALUABLE_SAMPLE_IDENTITY_AND_DEPOSITION_UNKNOWN,Only 1–2 ages are attached to this identifier and depositional age is unknown; near-depositional or syndepositional zircon cannot be assessed.,,不可判定：当前元数据不能把年轻年龄、火山岩屑或弧背景落实到物理样品。,UNVERIFIABLE_ORIGINAL_STUDY_NOT_RESOLVED,UNRESOLVED,存疑—来源与物理样品身份未解决,QUARANTINE / REBUILD_SAMPLE_ID,NO,缺少可核验论文DOI、地区、地层和沉积时代；A/B编号表现为颗粒/分析编号而非完整物理样品，1–2粒不能构成年龄谱。,JOURNAL_HOMEPAGE_ONLY; DOI_AND_ARTICLE_TITLE_UNRESOLVED; PHYSICAL_SAMPLE_IDENTITY_UNRESOLVED; ONLY_1_TO_2_GRAINS_PER_ID; LOCATION_FORMATION_DEPOSITIONAL_AGE_MISSING; NOT_AN_INDEPENDENT_AGE_SPECTRUM; LOW_N_LT20,SOURCE_NOT_RECOVERED,https://geo.ijournals.cn/dzxbe/dzxbe/home,74256a8fcc4e6e7cf7c43e311119a7c7d0afcfb98bf024aca2b22cd2eeb5e75a,NO,NONE
BSPM-7ADAE3DEBCC0D394-E4,E4::MAIN_DATABASE::BSPM-7ADAE3DEBCC0D394-E4,B-12,B-12,http://www.geojournals.cn/dzxb/ch/index.aspx,http://www.geojournals.cn/dzxb/ch/index.aspx,Hou_2025_unresolved_Philippine_records,"Hou Fanghui (2025), title/DOI unresolved in current database",http://www.geojournals.cn/dzxb/ch/index.aspx,,JOURNAL_HOMEPAGE_ONLY; DOI_AND_ARTICLE_TITLE_UNRESOLVED,MAIN_TRAIN_CANDIDATE_LOW_N,NO,ALL_CANDIDATE_CONTEXT,Unresolved; current database only states Philippine juvenile arc / West Philippine Basin,,,,nan nan nan,Unknown,SEDIMENTARY_DETRITAL,UNRESOLVED_RECORD_GRANULARITY,database text: sandstone-bearing limestone / unresolved,NOT_VERIFIED_AS_PHYSICAL_SAMPLE,UID_UNIQUE_STRING_BUT_LIKELY_GRAIN_LEVEL_IDENTITY,2,2,12.0,1136.5,1136.5,0,0.0,0,0.0,1,0.5,1,0.5,1,0.5,NOT_EVALUABLE,NOT_EVALUABLE_SAMPLE_IDENTITY_AND_DEPOSITION_UNKNOWN,Only 1–2 ages are attached to this identifier and depositional age is unknown; near-depositional or syndepositional zircon cannot be assessed.,,不可判定：当前元数据不能把年轻年龄、火山岩屑或弧背景落实到物理样品。,UNVERIFIABLE_ORIGINAL_STUDY_NOT_RESOLVED,UNRESOLVED,存疑—来源与物理样品身份未解决,QUARANTINE / REBUILD_SAMPLE_ID,NO,缺少可核验论文DOI、地区、地层和沉积时代；A/B编号表现为颗粒/分析编号而非完整物理样品，1–2粒不能构成年龄谱。,JOURNAL_HOMEPAGE_ONLY; DOI_AND_ARTICLE_TITLE_UNRESOLVED; PHYSICAL_SAMPLE_IDENTITY_UNRESOLVED; ONLY_1_TO_2_GRAINS_PER_ID; LOCATION_FORMATION_DEPOSITIONAL_AGE_MISSING; NOT_AN_INDEPENDENT_AGE_SPECTRUM; LOW_N_LT20,SOURCE_NOT_RECOVERED,https://geo.ijournals.cn/dzxbe/dzxbe/home,a113dfcfb39ea0c040cb217911642b30980dec5318b58cb8fb78b6b6857c562d,NO,NONE
BSPM-1069AE17EF4F2E52-E4,E4::MAIN_DATABASE::BSPM-1069AE17EF4F2E52-E4,B-13,B-13,http://www.geojournals.cn/dzxb/ch/index.aspx,http://www.geojournals.cn/dzxb/ch/index.aspx,Hou_2025_unresolved_Philippine_records,"Hou Fanghui (2025), title/DOI unresolved in current database",http://www.geojournals.cn/dzxb/ch/index.aspx,,JOURNAL_HOMEPAGE_ONLY; DOI_AND_ARTICLE_TITLE_UNRESOLVED,MAIN_TRAIN_CANDIDATE_LOW_N,NO,ALL_CANDIDATE_CONTEXT,Unresolved; current database only states Philippine juvenile arc / West Philippine Basin,,,,nan nan nan,Unknown,SEDIMENTARY_DETRITAL,UNRESOLVED_RECORD_GRANULARITY,database text: sandstone-bearing limestone / unresolved,NOT_VERIFIED_AS_PHYSICAL_SAMPLE,UID_UNIQUE_STRING_BUT_LIKELY_GRAIN_LEVEL_IDENTITY,1,1,44.0,44.0,44.0,0,0.0,0,0.0,0,0.0,1,1.0,1,1.0,NOT_EVALUABLE,NOT_EVALUABLE_SAMPLE_IDENTITY_AND_DEPOSITION_UNKNOWN,Only 1–2 ages are attached to this identifier and depositional age is unknown; near-depositional or syndepositional zircon cannot be assessed.,,不可判定：当前元数据不能把年轻年龄、火山岩屑或弧背景落实到物理样品。,UNVERIFIABLE_ORIGINAL_STUDY_NOT_RESOLVED,UNRESOLVED,存疑—来源与物理样品身份未解决,QUARANTINE / REBUILD_SAMPLE_ID,NO,缺少可核验论文DOI、地区、地层和沉积时代；A/B编号表现为颗粒/分析编号而非完整物理样品，1–2粒不能构成年龄谱。,JOURNAL_HOMEPAGE_ONLY; DOI_AND_ARTICLE_TITLE_UNRESOLVED; PHYSICAL_SAMPLE_IDENTITY_UNRESOLVED; ONLY_1_TO_2_GRAINS_PER_ID; LOCATION_FORMATION_DEPOSITIONAL_AGE_MISSING; NOT_AN_INDEPENDENT_AGE_SPECTRUM; LOW_N_LT20,SOURCE_NOT_RECOVERED,https://geo.ijournals.cn/dzxbe/dzxbe/home,e0681b05cff3c767ebe8403a430d9aeda7201c143d6f242c74797eecd487f090,YES,EXCLUDE_MATCHED_COPY_WHEN_TRAINING_AND_TESTING_THE_PAIRED_DOMAINS
BSPM-0B7790352C449DDD-E4,E4::MAIN_DATABASE::BSPM-0B7790352C449DDD-E4,B-14,B-14,http://www.geojournals.cn/dzxb/ch/index.aspx,http://www.geojournals.cn/dzxb/ch/index.aspx,Hou_2025_unresolved_Philippine_records,"Hou Fanghui (2025), title/DOI unresolved in current database",http://www.geojournals.cn/dzxb/ch/index.aspx,,JOURNAL_HOMEPAGE_ONLY; DOI_AND_ARTICLE_TITLE_UNRESOLVED,MAIN_TRAIN_CANDIDATE_LOW_N,NO,ALL_CANDIDATE_CONTEXT,Unresolved; current database only states Philippine juvenile arc / West Philippine Basin,,,,nan nan nan,Unknown,SEDIMENTARY_DETRITAL,UNRESOLVED_RECORD_GRANULARITY,database text: sandstone-bearing limestone / unresolved,NOT_VERIFIED_AS_PHYSICAL_SAMPLE,UID_UNIQUE_STRING_BUT_LIKELY_GRAIN_LEVEL_IDENTITY,1,1,55.0,55.0,55.0,0,0.0,0,0.0,0,0.0,0,0.0,1,1.0,NOT_EVALUABLE,NOT_EVALUABLE_SAMPLE_IDENTITY_AND_DEPOSITION_UNKNOWN,Only 1–2 ages are attached to this identifier and depositional age is unknown; near-depositional or syndepositional zircon cannot be assessed.,,不可判定：当前元数据不能把年轻年龄、火山岩屑或弧背景落实到物理样品。,UNVERIFIABLE_ORIGINAL_STUDY_NOT_RESOLVED,UNRESOLVED,存疑—来源与物理样品身份未解决,QUARANTINE / REBUILD_SAMPLE_ID,NO,缺少可核验论文DOI、地区、地层和沉积时代；A/B编号表现为颗粒/分析编号而非完整物理样品，1–2粒不能构成年龄谱。,JOURNAL_HOMEPAGE_ONLY; DOI_AND_ARTICLE_TITLE_UNRESOLVED; PHYSICAL_SAMPLE_IDENTITY_UNRESOLVED; ONLY_1_TO_2_GRAINS_PER_ID; LOCATION_FORMATION_DEPOSITIONAL_AGE_MISSING; NOT_AN_INDEPENDENT_AGE_SPECTRUM; LOW_N_LT20,SOURCE_NOT_RECOVERED,https://geo.ijournals.cn/dzxbe/dzxbe/home,d4ee1e346c61890a886616bed86a0818d5f8ed4bfa87ece1bc62181c4e2f97b1,NO,NONE
BSPM-FDA429B76877D2ED-E4,E4::MAIN_DATABASE::BSPM-FDA429B76877D2ED-E4,B-15,B-15,http://www.geojournals.cn/dzxb/ch/index.aspx,http://www.geojournals.cn/dzxb/ch/index.aspx,Hou_2025_unresolved_Philippine_records,"Hou Fanghui (2025), title/DOI unresolved in current database",http://www.geojournals.cn/dzxb/ch/index.aspx,,JOURNAL_HOMEPAGE_ONLY; DOI_AND_ARTICLE_TITLE_UNRESOLVED,MAIN_TRAIN_CANDIDATE_LOW_N,NO,ALL_CANDIDATE_CONTEXT,Unresolved; current database only states Philippine juvenile arc / West Philippine Basin,,,,nan nan nan,Unknown,SEDIMENTARY_DETRITAL,UNRESOLVED_RECORD_GRANULARITY,database text: sandstone-bearing limestone / unresolved,NOT_VERIFIED_AS_PHYSICAL_SAMPLE,UID_UNIQUE_STRING_BUT_LIKELY_GRAIN_LEVEL_IDENTITY,1,1,30.0,30.0,30.0,0,0.0,0,0.0,0,0.0,1,1.0,1,1.0,NOT_EVALUABLE,NOT_EVALUABLE_SAMPLE_IDENTITY_AND_DEPOSITION_UNKNOWN,Only 1–2 ages are attached to this identifier and depositional age is unknown; near-depositional or syndepositional zircon cannot be assessed.,,不可判定：当前元数据不能把年轻年龄、火山岩屑或弧背景落实到物理样品。,UNVERIFIABLE_ORIGINAL_STUDY_NOT_RESOLVED,UNRESOLVED,存疑—来源与物理样品身份未解决,QUARANTINE / REBUILD_SAMPLE_ID,NO,缺少可核验论文DOI、地区、地层和沉积时代；A/B编号表现为颗粒/分析编号而非完整物理样品，1–2粒不能构成年龄谱。,JOURNAL_HOMEPAGE_ONLY; DOI_AND_ARTICLE_TITLE_UNRESOLVED; PHYSICAL_SAMPLE_IDENTITY_UNRESOLVED; ONLY_1_TO_2_GRAINS_PER_ID; LOCATION_FORMATION_DEPOSITIONAL_AGE_MISSING; NOT_AN_INDEPENDENT_AGE_SPECTRUM; LOW_N_LT20,SOURCE_NOT_RECOVERED,https://geo.ijournals.cn/dzxbe/dzxbe/home,a6eb657cf3aab7d4083b6f0eca93d6e4726d1db995b090f29decf45f2376682d,NO,NONE
BSPM-476D7124290B544D-E4,E4::MAIN_DATABASE::BSPM-476D7124290B544D-E4,B-16,B-16,http://www.geojournals.cn/dzxb/ch/index.aspx,http://www.geojournals.cn/dzxb/ch/index.aspx,Hou_2025_unresolved_Philippine_records,"Hou Fanghui (2025), title/DOI unresolved in current database",http://www.geojournals.cn/dzxb/ch/index.aspx,,JOURNAL_HOMEPAGE_ONLY; DOI_AND_ARTICLE_TITLE_UNRESOLVED,MAIN_TRAIN_CANDIDATE_LOW_N,NO,ALL_CANDIDATE_CONTEXT,Unresolved; current database only states Philippine juvenile arc / West Philippine Basin,,,,nan nan nan,Unknown,SEDIMENTARY_DETRITAL,UNRESOLVED_RECORD_GRANULARITY,database text: sandstone-bearing limestone / unresolved,NOT_VERIFIED_AS_PHYSICAL_SAMPLE,UID_UNIQUE_STRING_BUT_LIKELY_GRAIN_LEVEL_IDENTITY,1,1,16.0,16.0,16.0,0,0.0,0,0.0,1,1.0,1,1.0,1,1.0,NOT_EVALUABLE,NOT_EVALUABLE_SAMPLE_IDENTITY_AND_DEPOSITION_UNKNOWN,Only 1–2 ages are attached to this identifier and depositional age is unknown; near-depositional or syndepositional zircon cannot be assessed.,,不可判定：当前元数据不能把年轻年龄、火山岩屑或弧背景落实到物理样品。,UNVERIFIABLE_ORIGINAL_STUDY_NOT_RESOLVED,UNRESOLVED,存疑—来源与物理样品身份未解决,QUARANTINE / REBUILD_SAMPLE_ID,NO,缺少可核验论文DOI、地区、地层和沉积时代；A/B编号表现为颗粒/分析编号而非完整物理样品，1–2粒不能构成年龄谱。,JOURNAL_HOMEPAGE_ONLY; DOI_AND_ARTICLE_TITLE_UNRESOLVED; PHYSICAL_SAMPLE_IDENTITY_UNRESOLVED; ONLY_1_TO_2_GRAINS_PER_ID; LOCATION_FORMATION_DEPOSITIONAL_AGE_MISSING; NOT_AN_INDEPENDENT_AGE_SPECTRUM; LOW_N_LT20,SOURCE_NOT_RECOVERED,https://geo.ijournals.cn/dzxbe/dzxbe/home,fc57e20e0f4b24af2c72cdd8d1652a641c478704bfcbb087e8096dac9091af68,NO,NONE
BSPM-D6DC381B815ADA48-E4,E4::MAIN_DATABASE::BSPM-D6DC381B815ADA48-E4,B-17,B-17,http://www.geojournals.cn/dzxb/ch/index.aspx,http://www.geojournals.cn/dzxb/ch/index.aspx,Hou_2025_unresolved_Philippine_records,"Hou Fanghui (2025), title/DOI unresolved in current database",http://www.geojournals.cn/dzxb/ch/index.aspx,,JOURNAL_HOMEPAGE_ONLY; DOI_AND_ARTICLE_TITLE_UNRESOLVED,MAIN_TRAIN_CANDIDATE_LOW_N,NO,ALL_CANDIDATE_CONTEXT,Unresolved; current database only states Philippine juvenile arc / West Philippine Basin,,,,nan nan nan,Unknown,SEDIMENTARY_DETRITAL,UNRESOLVED_RECORD_GRANULARITY,database text: sandstone-bearing limestone / unresolved,NOT_VERIFIED_AS_PHYSICAL_SAMPLE,UID_UNIQUE_STRING_BUT_LIKELY_GRAIN_LEVEL_IDENTITY,2,2,0.48,16.24,16.24,1,0.5,1,0.5,1,0.5,2,1.0,2,1.0,NOT_EVALUABLE,NOT_EVALUABLE_SAMPLE_IDENTITY_AND_DEPOSITION_UNKNOWN,Only 1–2 ages are attached to this identifier and depositional age is unknown; near-depositional or syndepositional zircon cannot be assessed.,,不可判定：当前元数据不能把年轻年龄、火山岩屑或弧背景落实到物理样品。,UNVERIFIABLE_ORIGINAL_STUDY_NOT_RESOLVED,UNRESOLVED,存疑—来源与物理样品身份未解决,QUARANTINE / REBUILD_SAMPLE_ID,NO,缺少可核验论文DOI、地区、地层和沉积时代；A/B编号表现为颗粒/分析编号而非完整物理样品，1–2粒不能构成年龄谱。,JOURNAL_HOMEPAGE_ONLY; DOI_AND_ARTICLE_TITLE_UNRESOLVED; PHYSICAL_SAMPLE_IDENTITY_UNRESOLVED; ONLY_1_TO_2_GRAINS_PER_ID; LOCATION_FORMATION_DEPOSITIONAL_AGE_MISSING; NOT_AN_INDEPENDENT_AGE_SPECTRUM; LOW_N_LT20,SOURCE_NOT_RECOVERED,https://geo.ijournals.cn/dzxbe/dzxbe/home,343930f47e34091d65c26e4558f0656a98e9704b7e4aa8841609059eda6e7816,NO,NONE
BSPM-55A7D132FAD670F4-E4,E4::MAIN_DATABASE::BSPM-55A7D132FAD670F4-E4,B-18,B-18,http://www.geojournals.cn/dzxb/ch/index.aspx,http://www.geojournals.cn/dzxb/ch/index.aspx,Hou_2025_unresolved_Philippine_records,"Hou Fanghui (2025), title/DOI unresolved in current database",http://www.geojournals.cn/dzxb/ch/index.aspx,,JOURNAL_HOMEPAGE_ONLY; DOI_AND_ARTICLE_TITLE_UNRESOLVED,MAIN_TRAIN_CANDIDATE_LOW_N,NO,ALL_CANDIDATE_CONTEXT,Unresolved; current database only states Philippine juvenile arc / West Philippine Basin,,,,nan nan nan,Unknown,SEDIMENTARY_DETRITAL,UNRESOLVED_RECORD_GRANULARITY,database text: sandstone-bearing limestone / unresolved,NOT_VERIFIED_AS_PHYSICAL_SAMPLE,UID_UNIQUE_STRING_BUT_LIKELY_GRAIN_LEVEL_IDENTITY,2,2,0.54,2.77,2.77,2,1.0,2,1.0,2,1.0,2,1.0,2,1.0,NOT_EVALUABLE,NOT_EVALUABLE_SAMPLE_IDENTITY_AND_DEPOSITION_UNKNOWN,Only 1–2 ages are attached to this identifier and depositional age is unknown; near-depositional or syndepositional zircon cannot be assessed.,,不可判定：当前元数据不能把年轻年龄、火山岩屑或弧背景落实到物理样品。,UNVERIFIABLE_ORIGINAL_STUDY_NOT_RESOLVED,UNRESOLVED,存疑—来源与物理样品身份未解决,QUARANTINE / REBUILD_SAMPLE_ID,NO,缺少可核验论文DOI、地区、地层和沉积时代；A/B编号表现为颗粒/分析编号而非完整物理样品，1–2粒不能构成年龄谱。,JOURNAL_HOMEPAGE_ONLY; DOI_AND_ARTICLE_TITLE_UNRESOLVED; PHYSICAL_SAMPLE_IDENTITY_UNRESOLVED; ONLY_1_TO_2_GRAINS_PER_ID; LOCATION_FORMATION_DEPOSITIONAL_AGE_MISSING; NOT_AN_INDEPENDENT_AGE_SPECTRUM; LOW_N_LT20,SOURCE_NOT_RECOVERED,https://geo.ijournals.cn/dzxbe/dzxbe/home,7c8abb5083561fec61e5a0179d45dca666bcc7e77ae7fa034a0fb52c19b93a44,NO,NONE
BSPM-4792F703045162E5-E4,E4::MAIN_DATABASE::BSPM-4792F703045162E5-E4,B-19,B-19,http://www.geojournals.cn/dzxb/ch/index.aspx,http://www.geojournals.cn/dzxb/ch/index.aspx,Hou_2025_unresolved_Philippine_records,"Hou Fanghui (2025), title/DOI unresolved in current database",http://www.geojournals.cn/dzxb/ch/index.aspx,,JOURNAL_HOMEPAGE_ONLY; DOI_AND_ARTICLE_TITLE_UNRESOLVED,MAIN_TRAIN_CANDIDATE_LOW_N,NO,ALL_CANDIDATE_CONTEXT,Unresolved; current database only states Philippine juvenile arc / West Philippine Basin,,,,nan nan nan,Unknown,SEDIMENTARY_DETRITAL,UNRESOLVED_RECORD_GRANULARITY,database text: sandstone-bearing limestone / unresolved,NOT_VERIFIED_AS_PHYSICAL_SAMPLE,UID_UNIQUE_STRING_BUT_LIKELY_GRAIN_LEVEL_IDENTITY,1,1,20.0,20.0,20.0,0,0.0,0,0.0,1,1.0,1,1.0,1,1.0,NOT_EVALUABLE,NOT_EVALUABLE_SAMPLE_IDENTITY_AND_DEPOSITION_UNKNOWN,Only 1–2 ages are attached to this identifier and depositional age is unknown; near-depositional or syndepositional zircon cannot be assessed.,,不可判定：当前元数据不能把年轻年龄、火山岩屑或弧背景落实到物理样品。,UNVERIFIABLE_ORIGINAL_STUDY_NOT_RESOLVED,UNRESOLVED,存疑—来源与物理样品身份未解决,QUARANTINE / REBUILD_SAMPLE_ID,NO,缺少可核验论文DOI、地区、地层和沉积时代；A/B编号表现为颗粒/分析编号而非完整物理样品，1–2粒不能构成年龄谱。,JOURNAL_HOMEPAGE_ONLY; DOI_AND_ARTICLE_TITLE_UNRESOLVED; PHYSICAL_SAMPLE_IDENTITY_UNRESOLVED; ONLY_1_TO_2_GRAINS_PER_ID; LOCATION_FORMATION_DEPOSITIONAL_AGE_MISSING; NOT_AN_INDEPENDENT_AGE_SPECTRUM; LOW_N_LT20,SOURCE_NOT_RECOVERED,https://geo.ijournals.cn/dzxbe/dzxbe/home,055e7dd5bc7591c950c5683cab13f99a935400b719798b39b6152f8c1bf71555,NO,NONE
BSPM-F9DEA491895B3C59-E4,E4::MAIN_DATABASE::BSPM-F9DEA491895B3C59-E4,B-20,B-20,http://www.geojournals.cn/dzxb/ch/index.aspx,http://www.geojournals.cn/dzxb/ch/index.aspx,Hou_2025_unresolved_Philippine_records,"Hou Fanghui (2025), title/DOI unresolved in current database",http://www.geojournals.cn/dzxb/ch/index.aspx,,JOURNAL_HOMEPAGE_ONLY; DOI_AND_ARTICLE_TITLE_UNRESOLVED,MAIN_TRAIN_CANDIDATE_LOW_N,NO,ALL_CANDIDATE_CONTEXT,Unresolved; current database only states Philippine juvenile arc / West Philippine Basin,,,,nan nan nan,Unknown,SEDIMENTARY_DETRITAL,UNRESOLVED_RECORD_GRANULARITY,database text: sandstone-bearing limestone / unresolved,NOT_VERIFIED_AS_PHYSICAL_SAMPLE,UID_UNIQUE_STRING_BUT_LIKELY_GRAIN_LEVEL_IDENTITY,2,2,0.84,12.42,12.42,1,0.5,1,0.5,1,0.5,2,1.0,2,1.0,NOT_EVALUABLE,NOT_EVALUABLE_SAMPLE_IDENTITY_AND_DEPOSITION_UNKNOWN,Only 1–2 ages are attached to this identifier and depositional age is unknown; near-depositional or syndepositional zircon cannot be assessed.,,不可判定：当前元数据不能把年轻年龄、火山岩屑或弧背景落实到物理样品。,UNVERIFIABLE_ORIGINAL_STUDY_NOT_RESOLVED,UNRESOLVED,存疑—来源与物理样品身份未解决,QUARANTINE / REBUILD_SAMPLE_ID,NO,缺少可核验论文DOI、地区、地层和沉积时代；A/B编号表现为颗粒/分析编号而非完整物理样品，1–2粒不能构成年龄谱。,JOURNAL_HOMEPAGE_ONLY; DOI_AND_ARTICLE_TITLE_UNRESOLVED; PHYSICAL_SAMPLE_IDENTITY_UNRESOLVED; ONLY_1_TO_2_GRAINS_PER_ID; LOCATION_FORMATION_DEPOSITIONAL_AGE_MISSING; NOT_AN_INDEPENDENT_AGE_SPECTRUM; LOW_N_LT20,SOURCE_NOT_RECOVERED,https://geo.ijournals.cn/dzxbe/dzxbe/home,0df2b35db5a83743b5909b17e2f8b81585ee179f576ad86c7fd3e045d695ebeb,NO,NONE
BSPM-59D4F739E77B9D23-E4,E4::MAIN_DATABASE::BSPM-59D4F739E77B9D23-E4,B-21,B-21,http://www.geojournals.cn/dzxb/ch/index.aspx,http://www.geojournals.cn/dzxb/ch/index.aspx,Hou_2025_unresolved_Philippine_records,"Hou Fanghui (2025), title/DOI unresolved in current database",http://www.geojournals.cn/dzxb/ch/index.aspx,,JOURNAL_HOMEPAGE_ONLY; DOI_AND_ARTICLE_TITLE_UNRESOLVED,MAIN_TRAIN_CANDIDATE_LOW_N,NO,ALL_CANDIDATE_CONTEXT,Unresolved; current database only states Philippine juvenile arc / West Philippine Basin,,,,nan nan nan,Unknown,SEDIMENTARY_DETRITAL,UNRESOLVED_RECORD_GRANULARITY,database text: sandstone-bearing limestone / unresolved,NOT_VERIFIED_AS_PHYSICAL_SAMPLE,UID_UNIQUE_STRING_BUT_LIKELY_GRAIN_LEVEL_IDENTITY,2,2,0.64,4.82,4.82,1,0.5,2,1.0,2,1.0,2,1.0,2,1.0,NOT_EVALUABLE,NOT_EVALUABLE_SAMPLE_IDENTITY_AND_DEPOSITION_UNKNOWN,Only 1–2 ages are attached to this identifier and depositional age is unknown; near-depositional or syndepositional zircon cannot be assessed.,,不可判定：当前元数据不能把年轻年龄、火山岩屑或弧背景落实到物理样品。,UNVERIFIABLE_ORIGINAL_STUDY_NOT_RESOLVED,UNRESOLVED,存疑—来源与物理样品身份未解决,QUARANTINE / REBUILD_SAMPLE_ID,NO,缺少可核验论文DOI、地区、地层和沉积时代；A/B编号表现为颗粒/分析编号而非完整物理样品，1–2粒不能构成年龄谱。,JOURNAL_HOMEPAGE_ONLY; DOI_AND_ARTICLE_TITLE_UNRESOLVED; PHYSICAL_SAMPLE_IDENTITY_UNRESOLVED; ONLY_1_TO_2_GRAINS_PER_ID; LOCATION_FORMATION_DEPOSITIONAL_AGE_MISSING; NOT_AN_INDEPENDENT_AGE_SPECTRUM; LOW_N_LT20,SOURCE_NOT_RECOVERED,https://geo.ijournals.cn/dzxbe/dzxbe/home,c4c24539f5792c38827d91f15e6471bcd79e9bdc09ec8dd0f570c1f4ad03ee8a,NO,NONE
BSPM-993E5CD621A86E3D-E4,E4::MAIN_DATABASE::BSPM-993E5CD621A86E3D-E4,B-22,B-22,http://www.geojournals.cn/dzxb/ch/index.aspx,http://www.geojournals.cn/dzxb/ch/index.aspx,Hou_2025_unresolved_Philippine_records,"Hou Fanghui (2025), title/DOI unresolved in current database",http://www.geojournals.cn/dzxb/ch/index.aspx,,JOURNAL_HOMEPAGE_ONLY; DOI_AND_ARTICLE_TITLE_UNRESOLVED,MAIN_TRAIN_CANDIDATE_LOW_N,NO,ALL_CANDIDATE_CONTEXT,Unresolved; current database only states Philippine juvenile arc / West Philippine Basin,,,,nan nan nan,Unknown,SEDIMENTARY_DETRITAL,UNRESOLVED_RECORD_GRANULARITY,database text: sandstone-bearing limestone / unresolved,NOT_VERIFIED_AS_PHYSICAL_SAMPLE,UID_UNIQUE_STRING_BUT_LIKELY_GRAIN_LEVEL_IDENTITY,2,2,0.67,6.835,6.835,1,0.5,1,0.5,2,1.0,2,1.0,2,1.0,NOT_EVALUABLE,NOT_EVALUABLE_SAMPLE_IDENTITY_AND_DEPOSITION_UNKNOWN,Only 1–2 ages are attached to this identifier and depositional age is unknown; near-depositional or syndepositional zircon cannot be assessed.,,不可判定：当前元数据不能把年轻年龄、火山岩屑或弧背景落实到物理样品。,UNVERIFIABLE_ORIGINAL_STUDY_NOT_RESOLVED,UNRESOLVED,存疑—来源与物理样品身份未解决,QUARANTINE / REBUILD_SAMPLE_ID,NO,缺少可核验论文DOI、地区、地层和沉积时代；A/B编号表现为颗粒/分析编号而非完整物理样品，1–2粒不能构成年龄谱。,JOURNAL_HOMEPAGE_ONLY; DOI_AND_ARTICLE_TITLE_UNRESOLVED; PHYSICAL_SAMPLE_IDENTITY_UNRESOLVED; ONLY_1_TO_2_GRAINS_PER_ID; LOCATION_FORMATION_DEPOSITIONAL_AGE_MISSING; NOT_AN_INDEPENDENT_AGE_SPECTRUM; LOW_N_LT20,SOURCE_NOT_RECOVERED,https://geo.ijournals.cn/dzxbe/dzxbe/home,0ffa24ec050c02193739da4b431a848f73855529e05582a161375713c908dd34,NO,NONE
BSPM-98D1D1CC5D4F1415-E4,E4::MAIN_DATABASE::BSPM-98D1D1CC5D4F1415-E4,B-23,B-23,http://www.geojournals.cn/dzxb/ch/index.aspx,http://www.geojournals.cn/dzxb/ch/index.aspx,Hou_2025_unresolved_Philippine_records,"Hou Fanghui (2025), title/DOI unresolved in current database",http://www.geojournals.cn/dzxb/ch/index.aspx,,JOURNAL_HOMEPAGE_ONLY; DOI_AND_ARTICLE_TITLE_UNRESOLVED,MAIN_TRAIN_CANDIDATE_LOW_N,NO,ALL_CANDIDATE_CONTEXT,Unresolved; current database only states Philippine juvenile arc / West Philippine Basin,,,,nan nan nan,Unknown,SEDIMENTARY_DETRITAL,UNRESOLVED_RECORD_GRANULARITY,database text: sandstone-bearing limestone / unresolved,NOT_VERIFIED_AS_PHYSICAL_SAMPLE,UID_UNIQUE_STRING_BUT_LIKELY_GRAIN_LEVEL_IDENTITY,2,2,0.84,18.42,18.42,1,0.5,1,0.5,1,0.5,2,1.0,2,1.0,NOT_EVALUABLE,NOT_EVALUABLE_SAMPLE_IDENTITY_AND_DEPOSITION_UNKNOWN,Only 1–2 ages are attached to this identifier and depositional age is unknown; near-depositional or syndepositional zircon cannot be assessed.,,不可判定：当前元数据不能把年轻年龄、火山岩屑或弧背景落实到物理样品。,UNVERIFIABLE_ORIGINAL_STUDY_NOT_RESOLVED,UNRESOLVED,存疑—来源与物理样品身份未解决,QUARANTINE / REBUILD_SAMPLE_ID,NO,缺少可核验论文DOI、地区、地层和沉积时代；A/B编号表现为颗粒/分析编号而非完整物理样品，1–2粒不能构成年龄谱。,JOURNAL_HOMEPAGE_ONLY; DOI_AND_ARTICLE_TITLE_UNRESOLVED; PHYSICAL_SAMPLE_IDENTITY_UNRESOLVED; ONLY_1_TO_2_GRAINS_PER_ID; LOCATION_FORMATION_DEPOSITIONAL_AGE_MISSING; NOT_AN_INDEPENDENT_AGE_SPECTRUM; LOW_N_LT20,SOURCE_NOT_RECOVERED,https://geo.ijournals.cn/dzxbe/dzxbe/home,e5cc9587290cad5a1b487e66c4e75a6fc6a79d261311a53edc4755929880a326,NO,NONE
BSPM-8A09CC5B9ED6D77B-E4,E4::MAIN_DATABASE::BSPM-8A09CC5B9ED6D77B-E4,B-24,B-24,http://www.geojournals.cn/dzxb/ch/index.aspx,http://www.geojournals.cn/dzxb/ch/index.aspx,Hou_2025_unresolved_Philippine_records,"Hou Fanghui (2025), title/DOI unresolved in current database",http://www.geojournals.cn/dzxb/ch/index.aspx,,JOURNAL_HOMEPAGE_ONLY; DOI_AND_ARTICLE_TITLE_UNRESOLVED,MAIN_TRAIN_CANDIDATE_LOW_N,NO,ALL_CANDIDATE_CONTEXT,Unresolved; current database only states Philippine juvenile arc / West Philippine Basin,,,,nan nan nan,Unknown,SEDIMENTARY_DETRITAL,UNRESOLVED_RECORD_GRANULARITY,database text: sandstone-bearing limestone / unresolved,NOT_VERIFIED_AS_PHYSICAL_SAMPLE,UID_UNIQUE_STRING_BUT_LIKELY_GRAIN_LEVEL_IDENTITY,2,2,0.86,6.93,6.93,1,0.5,1,0.5,2,1.0,2,1.0,2,1.0,NOT_EVALUABLE,NOT_EVALUABLE_SAMPLE_IDENTITY_AND_DEPOSITION_UNKNOWN,Only 1–2 ages are attached to this identifier and depositional age is unknown; near-depositional or syndepositional zircon cannot be assessed.,,不可判定：当前元数据不能把年轻年龄、火山岩屑或弧背景落实到物理样品。,UNVERIFIABLE_ORIGINAL_STUDY_NOT_RESOLVED,UNRESOLVED,存疑—来源与物理样品身份未解决,QUARANTINE / REBUILD_SAMPLE_ID,NO,缺少可核验论文DOI、地区、地层和沉积时代；A/B编号表现为颗粒/分析编号而非完整物理样品，1–2粒不能构成年龄谱。,JOURNAL_HOMEPAGE_ONLY; DOI_AND_ARTICLE_TITLE_UNRESOLVED; PHYSICAL_SAMPLE_IDENTITY_UNRESOLVED; ONLY_1_TO_2_GRAINS_PER_ID; LOCATION_FORMATION_DEPOSITIONAL_AGE_MISSING; NOT_AN_INDEPENDENT_AGE_SPECTRUM; LOW_N_LT20,SOURCE_NOT_RECOVERED,https://geo.ijournals.cn/dzxbe/dzxbe/home,026dd1ce8842b3a1e6ec8cf9b917cb178ee3d012fdd03e66629ebdeb94a317cc,NO,NONE
BSPM-B18A99A506C113B4-E4,E4::MAIN_DATABASE::BSPM-B18A99A506C113B4-E4,B-25,B-25,http://www.geojournals.cn/dzxb/ch/index.aspx,http://www.geojournals.cn/dzxb/ch/index.aspx,Hou_2025_unresolved_Philippine_records,"Hou Fanghui (2025), title/DOI unresolved in current database",http://www.geojournals.cn/dzxb/ch/index.aspx,,JOURNAL_HOMEPAGE_ONLY; DOI_AND_ARTICLE_TITLE_UNRESOLVED,MAIN_TRAIN_CANDIDATE_LOW_N,NO,ALL_CANDIDATE_CONTEXT,Unresolved; current database only states Philippine juvenile arc / West Philippine Basin,,,,nan nan nan,Unknown,SEDIMENTARY_DETRITAL,UNRESOLVED_RECORD_GRANULARITY,database text: sandstone-bearing limestone / unresolved,NOT_VERIFIED_AS_PHYSICAL_SAMPLE,UID_UNIQUE_STRING_BUT_LIKELY_GRAIN_LEVEL_IDENTITY,2,2,0.54,6.77,6.77,1,0.5,1,0.5,2,1.0,2,1.0,2,1.0,NOT_EVALUABLE,NOT_EVALUABLE_SAMPLE_IDENTITY_AND_DEPOSITION_UNKNOWN,Only 1–2 ages are attached to this identifier and depositional age is unknown; near-depositional or syndepositional zircon cannot be assessed.,,不可判定：当前元数据不能把年轻年龄、火山岩屑或弧背景落实到物理样品。,UNVERIFIABLE_ORIGINAL_STUDY_NOT_RESOLVED,UNRESOLVED,存疑—来源与物理样品身份未解决,QUARANTINE / REBUILD_SAMPLE_ID,NO,缺少可核验论文DOI、地区、地层和沉积时代；A/B编号表现为颗粒/分析编号而非完整物理样品，1–2粒不能构成年龄谱。,JOURNAL_HOMEPAGE_ONLY; DOI_AND_ARTICLE_TITLE_UNRESOLVED; PHYSICAL_SAMPLE_IDENTITY_UNRESOLVED; ONLY_1_TO_2_GRAINS_PER_ID; LOCATION_FORMATION_DEPOSITIONAL_AGE_MISSING; NOT_AN_INDEPENDENT_AGE_SPECTRUM; LOW_N_LT20,SOURCE_NOT_RECOVERED,https://geo.ijournals.cn/dzxbe/dzxbe/home,6d436efc988085b06d1f990d538110fba142ce6fe39840ed031e4b54403775bc,NO,NONE
BSPM-03267975442EBD7B-E4,E4::MAIN_DATABASE::BSPM-03267975442EBD7B-E4,B-26,B-26,http://www.geojournals.cn/dzxb/ch/index.aspx,http://www.geojournals.cn/dzxb/ch/index.aspx,Hou_2025_unresolved_Philippine_records,"Hou Fanghui (2025), title/DOI unresolved in current database",http://www.geojournals.cn/dzxb/ch/index.aspx,,JOURNAL_HOMEPAGE_ONLY; DOI_AND_ARTICLE_TITLE_UNRESOLVED,MAIN_TRAIN_CANDIDATE_LOW_N,NO,ALL_CANDIDATE_CONTEXT,Unresolved; current database only states Philippine juvenile arc / West Philippine Basin,,,,nan nan nan,Unknown,SEDIMENTARY_DETRITAL,UNRESOLVED_RECORD_GRANULARITY,database text: sandstone-bearing limestone / unresolved,NOT_VERIFIED_AS_PHYSICAL_SAMPLE,UID_UNIQUE_STRING_BUT_LIKELY_GRAIN_LEVEL_IDENTITY,2,2,0.54,8.27,8.27,1,0.5,1,0.5,2,1.0,2,1.0,2,1.0,NOT_EVALUABLE,NOT_EVALUABLE_SAMPLE_IDENTITY_AND_DEPOSITION_UNKNOWN,Only 1–2 ages are attached to this identifier and depositional age is unknown; near-depositional or syndepositional zircon cannot be assessed.,,不可判定：当前元数据不能把年轻年龄、火山岩屑或弧背景落实到物理样品。,UNVERIFIABLE_ORIGINAL_STUDY_NOT_RESOLVED,UNRESOLVED,存疑—来源与物理样品身份未解决,QUARANTINE / REBUILD_SAMPLE_ID,NO,缺少可核验论文DOI、地区、地层和沉积时代；A/B编号表现为颗粒/分析编号而非完整物理样品，1–2粒不能构成年龄谱。,JOURNAL_HOMEPAGE_ONLY; DOI_AND_ARTICLE_TITLE_UNRESOLVED; PHYSICAL_SAMPLE_IDENTITY_UNRESOLVED; ONLY_1_TO_2_GRAINS_PER_ID; LOCATION_FORMATION_DEPOSITIONAL_AGE_MISSING; NOT_AN_INDEPENDENT_AGE_SPECTRUM; LOW_N_LT20,SOURCE_NOT_RECOVERED,https://geo.ijournals.cn/dzxbe/dzxbe/home,36e50e69f4b962a086ad1260845038a7d71555f58fa78daa39ba31662f54c05d,NO,NONE
BSPM-513F4D500525B870-E4,E4::MAIN_DATABASE::BSPM-513F4D500525B870-E4,B-27,B-27,http://www.geojournals.cn/dzxb/ch/index.aspx,http://www.geojournals.cn/dzxb/ch/index.aspx,Hou_2025_unresolved_Philippine_records,"Hou Fanghui (2025), title/DOI unresolved in current database",http://www.geojournals.cn/dzxb/ch/index.aspx,,JOURNAL_HOMEPAGE_ONLY; DOI_AND_ARTICLE_TITLE_UNRESOLVED,MAIN_TRAIN_CANDIDATE_LOW_N,NO,ALL_CANDIDATE_CONTEXT,Unresolved; current database only states Philippine juvenile arc / West Philippine Basin,,,,nan nan nan,Unknown,SEDIMENTARY_DETRITAL,UNRESOLVED_RECORD_GRANULARITY,database text: sandstone-bearing limestone / unresolved,NOT_VERIFIED_AS_PHYSICAL_SAMPLE,UID_UNIQUE_STRING_BUT_LIKELY_GRAIN_LEVEL_IDENTITY,2,2,0.69,17.345,17.345,1,0.5,1,0.5,1,0.5,2,1.0,2,1.0,NOT_EVALUABLE,NOT_EVALUABLE_SAMPLE_IDENTITY_AND_DEPOSITION_UNKNOWN,Only 1–2 ages are attached to this identifier and depositional age is unknown; near-depositional or syndepositional zircon cannot be assessed.,,不可判定：当前元数据不能把年轻年龄、火山岩屑或弧背景落实到物理样品。,UNVERIFIABLE_ORIGINAL_STUDY_NOT_RESOLVED,UNRESOLVED,存疑—来源与物理样品身份未解决,QUARANTINE / REBUILD_SAMPLE_ID,NO,缺少可核验论文DOI、地区、地层和沉积时代；A/B编号表现为颗粒/分析编号而非完整物理样品，1–2粒不能构成年龄谱。,JOURNAL_HOMEPAGE_ONLY; DOI_AND_ARTICLE_TITLE_UNRESOLVED; PHYSICAL_SAMPLE_IDENTITY_UNRESOLVED; ONLY_1_TO_2_GRAINS_PER_ID; LOCATION_FORMATION_DEPOSITIONAL_AGE_MISSING; NOT_AN_INDEPENDENT_AGE_SPECTRUM; LOW_N_LT20,SOURCE_NOT_RECOVERED,https://geo.ijournals.cn/dzxbe/dzxbe/home,ab2a9ede36356c59fe3c71f45924cd85caccf20f5c90980ac820690d3d879ac9,NO,NONE
BSPM-DD79DF6E6B61776B-E4,E4::MAIN_DATABASE::BSPM-DD79DF6E6B61776B-E4,B-28,B-28,http://www.geojournals.cn/dzxb/ch/index.aspx,http://www.geojournals.cn/dzxb/ch/index.aspx,Hou_2025_unresolved_Philippine_records,"Hou Fanghui (2025), title/DOI unresolved in current database",http://www.geojournals.cn/dzxb/ch/index.aspx,,JOURNAL_HOMEPAGE_ONLY; DOI_AND_ARTICLE_TITLE_UNRESOLVED,MAIN_TRAIN_CANDIDATE_LOW_N,NO,ALL_CANDIDATE_CONTEXT,Unresolved; current database only states Philippine juvenile arc / West Philippine Basin,,,,nan nan nan,Unknown,SEDIMENTARY_DETRITAL,UNRESOLVED_RECORD_GRANULARITY,database text: sandstone-bearing limestone / unresolved,NOT_VERIFIED_AS_PHYSICAL_SAMPLE,UID_UNIQUE_STRING_BUT_LIKELY_GRAIN_LEVEL_IDENTITY,2,2,0.81,5.905,5.905,1,0.5,1,0.5,2,1.0,2,1.0,2,1.0,NOT_EVALUABLE,NOT_EVALUABLE_SAMPLE_IDENTITY_AND_DEPOSITION_UNKNOWN,Only 1–2 ages are attached to this identifier and depositional age is unknown; near-depositional or syndepositional zircon cannot be assessed.,,不可判定：当前元数据不能把年轻年龄、火山岩屑或弧背景落实到物理样品。,UNVERIFIABLE_ORIGINAL_STUDY_NOT_RESOLVED,UNRESOLVED,存疑—来源与物理样品身份未解决,QUARANTINE / REBUILD_SAMPLE_ID,NO,缺少可核验论文DOI、地区、地层和沉积时代；A/B编号表现为颗粒/分析编号而非完整物理样品，1–2粒不能构成年龄谱。,JOURNAL_HOMEPAGE_ONLY; DOI_AND_ARTICLE_TITLE_UNRESOLVED; PHYSICAL_SAMPLE_IDENTITY_UNRESOLVED; ONLY_1_TO_2_GRAINS_PER_ID; LOCATION_FORMATION_DEPOSITIONAL_AGE_MISSING; NOT_AN_INDEPENDENT_AGE_SPECTRUM; LOW_N_LT20,SOURCE_NOT_RECOVERED,https://geo.ijournals.cn/dzxbe/dzxbe/home,47b51ac27efee150578f5b551c1a453a90d9d1363648506f4aa41b976a57cf00,NO,NONE
BSPM-094F519DA6A7786A-E4,E4::MAIN_DATABASE::BSPM-094F519DA6A7786A-E4,B-29,B-29,http://www.geojournals.cn/dzxb/ch/index.aspx,http://www.geojournals.cn/dzxb/ch/index.aspx,Hou_2025_unresolved_Philippine_records,"Hou Fanghui (2025), title/DOI unresolved in current database",http://www.geojournals.cn/dzxb/ch/index.aspx,,JOURNAL_HOMEPAGE_ONLY; DOI_AND_ARTICLE_TITLE_UNRESOLVED,MAIN_TRAIN_CANDIDATE_LOW_N,NO,ALL_CANDIDATE_CONTEXT,Unresolved; current database only states Philippine juvenile arc / West Philippine Basin,,,,nan nan nan,Unknown,SEDIMENTARY_DETRITAL,UNRESOLVED_RECORD_GRANULARITY,database text: sandstone-bearing limestone / unresolved,NOT_VERIFIED_AS_PHYSICAL_SAMPLE,UID_UNIQUE_STRING_BUT_LIKELY_GRAIN_LEVEL_IDENTITY,2,2,0.49,13.245,13.245,1,0.5,1,0.5,1,0.5,2,1.0,2,1.0,NOT_EVALUABLE,NOT_EVALUABLE_SAMPLE_IDENTITY_AND_DEPOSITION_UNKNOWN,Only 1–2 ages are attached to this identifier and depositional age is unknown; near-depositional or syndepositional zircon cannot be assessed.,,不可判定：当前元数据不能把年轻年龄、火山岩屑或弧背景落实到物理样品。,UNVERIFIABLE_ORIGINAL_STUDY_NOT_RESOLVED,UNRESOLVED,存疑—来源与物理样品身份未解决,QUARANTINE / REBUILD_SAMPLE_ID,NO,缺少可核验论文DOI、地区、地层和沉积时代；A/B编号表现为颗粒/分析编号而非完整物理样品，1–2粒不能构成年龄谱。,JOURNAL_HOMEPAGE_ONLY; DOI_AND_ARTICLE_TITLE_UNRESOLVED; PHYSICAL_SAMPLE_IDENTITY_UNRESOLVED; ONLY_1_TO_2_GRAINS_PER_ID; LOCATION_FORMATION_DEPOSITIONAL_AGE_MISSING; NOT_AN_INDEPENDENT_AGE_SPECTRUM; LOW_N_LT20,SOURCE_NOT_RECOVERED,https://geo.ijournals.cn/dzxbe/dzxbe/home,f1e58dcac6631f45e59997129d87845298ed8c01be9c89f7ee939d160d4a44f1,NO,NONE
BSPM-DB6149BB12CFD48E-E4,E4::MAIN_DATABASE::BSPM-DB6149BB12CFD48E-E4,B-30,B-30,http://www.geojournals.cn/dzxb/ch/index.aspx,http://www.geojournals.cn/dzxb/ch/index.aspx,Hou_2025_unresolved_Philippine_records,"Hou Fanghui (2025), title/DOI unresolved in current database",http://www.geojournals.cn/dzxb/ch/index.aspx,,JOURNAL_HOMEPAGE_ONLY; DOI_AND_ARTICLE_TITLE_UNRESOLVED,MAIN_TRAIN_CANDIDATE_LOW_N,NO,ALL_CANDIDATE_CONTEXT,Unresolved; current database only states Philippine juvenile arc / West Philippine Basin,,,,nan nan nan,Unknown,SEDIMENTARY_DETRITAL,UNRESOLVED_RECORD_GRANULARITY,database text: sandstone-bearing limestone / unresolved,NOT_VERIFIED_AS_PHYSICAL_SAMPLE,UID_UNIQUE_STRING_BUT_LIKELY_GRAIN_LEVEL_IDENTITY,2,2,0.56,5.78,5.78,1,0.5,1,0.5,2,1.0,2,1.0,2,1.0,NOT_EVALUABLE,NOT_EVALUABLE_SAMPLE_IDENTITY_AND_DEPOSITION_UNKNOWN,Only 1–2 ages are attached to this identifier and depositional age is unknown; near-depositional or syndepositional zircon cannot be assessed.,,不可判定：当前元数据不能把年轻年龄、火山岩屑或弧背景落实到物理样品。,UNVERIFIABLE_ORIGINAL_STUDY_NOT_RESOLVED,UNRESOLVED,存疑—来源与物理样品身份未解决,QUARANTINE / REBUILD_SAMPLE_ID,NO,缺少可核验论文DOI、地区、地层和沉积时代；A/B编号表现为颗粒/分析编号而非完整物理样品，1–2粒不能构成年龄谱。,JOURNAL_HOMEPAGE_ONLY; DOI_AND_ARTICLE_TITLE_UNRESOLVED; PHYSICAL_SAMPLE_IDENTITY_UNRESOLVED; ONLY_1_TO_2_GRAINS_PER_ID; LOCATION_FORMATION_DEPOSITIONAL_AGE_MISSING; NOT_AN_INDEPENDENT_AGE_SPECTRUM; LOW_N_LT20,SOURCE_NOT_RECOVERED,https://geo.ijournals.cn/dzxbe/dzxbe/home,fd36ad05d285fe89a2eefc4dec9e259b4a1a040db7e6f03143cf4ba8ea51921b,NO,NONE
BSPM-03075811863DD3B6-E4,E4::MAIN_DATABASE::BSPM-03075811863DD3B6-E4,B-31,B-31,http://www.geojournals.cn/dzxb/ch/index.aspx,http://www.geojournals.cn/dzxb/ch/index.aspx,Hou_2025_unresolved_Philippine_records,"Hou Fanghui (2025), title/DOI unresolved in current database",http://www.geojournals.cn/dzxb/ch/index.aspx,,JOURNAL_HOMEPAGE_ONLY; DOI_AND_ARTICLE_TITLE_UNRESOLVED,MAIN_TRAIN_CANDIDATE_LOW_N,NO,ALL_CANDIDATE_CONTEXT,Unresolved; current database only states Philippine juvenile arc / West Philippine Basin,,,,nan nan nan,Unknown,SEDIMENTARY_DETRITAL,UNRESOLVED_RECORD_GRANULARITY,database text: sandstone-bearing limestone / unresolved,NOT_VERIFIED_AS_PHYSICAL_SAMPLE,UID_UNIQUE_STRING_BUT_LIKELY_GRAIN_LEVEL_IDENTITY,2,2,0.56,23.78,23.78,1,0.5,1,0.5,1,0.5,2,1.0,2,1.0,NOT_EVALUABLE,NOT_EVALUABLE_SAMPLE_IDENTITY_AND_DEPOSITION_UNKNOWN,Only 1–2 ages are attached to this identifier and depositional age is unknown; near-depositional or syndepositional zircon cannot be assessed.,,不可判定：当前元数据不能把年轻年龄、火山岩屑或弧背景落实到物理样品。,UNVERIFIABLE_ORIGINAL_STUDY_NOT_RESOLVED,UNRESOLVED,存疑—来源与物理样品身份未解决,QUARANTINE / REBUILD_SAMPLE_ID,NO,缺少可核验论文DOI、地区、地层和沉积时代；A/B编号表现为颗粒/分析编号而非完整物理样品，1–2粒不能构成年龄谱。,JOURNAL_HOMEPAGE_ONLY; DOI_AND_ARTICLE_TITLE_UNRESOLVED; PHYSICAL_SAMPLE_IDENTITY_UNRESOLVED; ONLY_1_TO_2_GRAINS_PER_ID; LOCATION_FORMATION_DEPOSITIONAL_AGE_MISSING; NOT_AN_INDEPENDENT_AGE_SPECTRUM; LOW_N_LT20,SOURCE_NOT_RECOVERED,https://geo.ijournals.cn/dzxbe/dzxbe/home,46b5400ab7dea7c84136f5596dc4d7669a1496f20fd96e58553c41d6ebd05d5f,NO,NONE
BSPM-078C4452C7A5DD9A-E4,E4::MAIN_DATABASE::BSPM-078C4452C7A5DD9A-E4,B-32,B-32,http://www.geojournals.cn/dzxb/ch/index.aspx,http://www.geojournals.cn/dzxb/ch/index.aspx,Hou_2025_unresolved_Philippine_records,"Hou Fanghui (2025), title/DOI unresolved in current database",http://www.geojournals.cn/dzxb/ch/index.aspx,,JOURNAL_HOMEPAGE_ONLY; DOI_AND_ARTICLE_TITLE_UNRESOLVED,MAIN_TRAIN_CANDIDATE_LOW_N,NO,ALL_CANDIDATE_CONTEXT,Unresolved; current database only states Philippine juvenile arc / West Philippine Basin,,,,nan nan nan,Unknown,SEDIMENTARY_DETRITAL,UNRESOLVED_RECORD_GRANULARITY,database text: sandstone-bearing limestone / unresolved,NOT_VERIFIED_AS_PHYSICAL_SAMPLE,UID_UNIQUE_STRING_BUT_LIKELY_GRAIN_LEVEL_IDENTITY,2,2,0.66,23.83,23.83,1,0.5,1,0.5,1,0.5,2,1.0,2,1.0,NOT_EVALUABLE,NOT_EVALUABLE_SAMPLE_IDENTITY_AND_DEPOSITION_UNKNOWN,Only 1–2 ages are attached to this identifier and depositional age is unknown; near-depositional or syndepositional zircon cannot be assessed.,,不可判定：当前元数据不能把年轻年龄、火山岩屑或弧背景落实到物理样品。,UNVERIFIABLE_ORIGINAL_STUDY_NOT_RESOLVED,UNRESOLVED,存疑—来源与物理样品身份未解决,QUARANTINE / REBUILD_SAMPLE_ID,NO,缺少可核验论文DOI、地区、地层和沉积时代；A/B编号表现为颗粒/分析编号而非完整物理样品，1–2粒不能构成年龄谱。,JOURNAL_HOMEPAGE_ONLY; DOI_AND_ARTICLE_TITLE_UNRESOLVED; PHYSICAL_SAMPLE_IDENTITY_UNRESOLVED; ONLY_1_TO_2_GRAINS_PER_ID; LOCATION_FORMATION_DEPOSITIONAL_AGE_MISSING; NOT_AN_INDEPENDENT_AGE_SPECTRUM; LOW_N_LT20,SOURCE_NOT_RECOVERED,https://geo.ijournals.cn/dzxbe/dzxbe/home,5fe1beae4e23bc7f012848716471efad1471143285576eb62d85e38203355c81,NO,NONE
BSPM-980622C828C98D22-E4,E4::MAIN_DATABASE::BSPM-980622C828C98D22-E4,B-34,B-34,http://www.geojournals.cn/dzxb/ch/index.aspx,http://www.geojournals.cn/dzxb/ch/index.aspx,Hou_2025_unresolved_Philippine_records,"Hou Fanghui (2025), title/DOI unresolved in current database",http://www.geojournals.cn/dzxb/ch/index.aspx,,JOURNAL_HOMEPAGE_ONLY; DOI_AND_ARTICLE_TITLE_UNRESOLVED,MAIN_TRAIN_CANDIDATE_LOW_N,NO,ALL_CANDIDATE_CONTEXT,Unresolved; current database only states Philippine juvenile arc / West Philippine Basin,,,,nan nan nan,Unknown,SEDIMENTARY_DETRITAL,UNRESOLVED_RECORD_GRANULARITY,database text: sandstone-bearing limestone / unresolved,NOT_VERIFIED_AS_PHYSICAL_SAMPLE,UID_UNIQUE_STRING_BUT_LIKELY_GRAIN_LEVEL_IDENTITY,2,2,0.69,3.8449999999999998,3.8449999999999998,1,0.5,2,1.0,2,1.0,2,1.0,2,1.0,NOT_EVALUABLE,NOT_EVALUABLE_SAMPLE_IDENTITY_AND_DEPOSITION_UNKNOWN,Only 1–2 ages are attached to this identifier and depositional age is unknown; near-depositional or syndepositional zircon cannot be assessed.,,不可判定：当前元数据不能把年轻年龄、火山岩屑或弧背景落实到物理样品。,UNVERIFIABLE_ORIGINAL_STUDY_NOT_RESOLVED,UNRESOLVED,存疑—来源与物理样品身份未解决,QUARANTINE / REBUILD_SAMPLE_ID,NO,缺少可核验论文DOI、地区、地层和沉积时代；A/B编号表现为颗粒/分析编号而非完整物理样品，1–2粒不能构成年龄谱。,JOURNAL_HOMEPAGE_ONLY; DOI_AND_ARTICLE_TITLE_UNRESOLVED; PHYSICAL_SAMPLE_IDENTITY_UNRESOLVED; ONLY_1_TO_2_GRAINS_PER_ID; LOCATION_FORMATION_DEPOSITIONAL_AGE_MISSING; NOT_AN_INDEPENDENT_AGE_SPECTRUM; LOW_N_LT20,SOURCE_NOT_RECOVERED,https://geo.ijournals.cn/dzxbe/dzxbe/home,5449cf78ab2fae6766f7fd723043cd0f28b6950c3ef9554e09019db81f02d715,NO,NONE
BSPM-EDC8582E51C67607-E4,E4::MAIN_DATABASE::BSPM-EDC8582E51C67607-E4,B-35,B-35,http://www.geojournals.cn/dzxb/ch/index.aspx,http://www.geojournals.cn/dzxb/ch/index.aspx,Hou_2025_unresolved_Philippine_records,"Hou Fanghui (2025), title/DOI unresolved in current database",http://www.geojournals.cn/dzxb/ch/index.aspx,,JOURNAL_HOMEPAGE_ONLY; DOI_AND_ARTICLE_TITLE_UNRESOLVED,MAIN_TRAIN_CANDIDATE_LOW_N,NO,ALL_CANDIDATE_CONTEXT,Unresolved; current database only states Philippine juvenile arc / West Philippine Basin,,,,nan nan nan,Unknown,SEDIMENTARY_DETRITAL,UNRESOLVED_RECORD_GRANULARITY,database text: sandstone-bearing limestone / unresolved,NOT_VERIFIED_AS_PHYSICAL_SAMPLE,UID_UNIQUE_STRING_BUT_LIKELY_GRAIN_LEVEL_IDENTITY,2,2,0.43,12.715,12.715,1,0.5,1,0.5,1,0.5,2,1.0,2,1.0,NOT_EVALUABLE,NOT_EVALUABLE_SAMPLE_IDENTITY_AND_DEPOSITION_UNKNOWN,Only 1–2 ages are attached to this identifier and depositional age is unknown; near-depositional or syndepositional zircon cannot be assessed.,,不可判定：当前元数据不能把年轻年龄、火山岩屑或弧背景落实到物理样品。,UNVERIFIABLE_ORIGINAL_STUDY_NOT_RESOLVED,UNRESOLVED,存疑—来源与物理样品身份未解决,QUARANTINE / REBUILD_SAMPLE_ID,NO,缺少可核验论文DOI、地区、地层和沉积时代；A/B编号表现为颗粒/分析编号而非完整物理样品，1–2粒不能构成年龄谱。,JOURNAL_HOMEPAGE_ONLY; DOI_AND_ARTICLE_TITLE_UNRESOLVED; PHYSICAL_SAMPLE_IDENTITY_UNRESOLVED; ONLY_1_TO_2_GRAINS_PER_ID; LOCATION_FORMATION_DEPOSITIONAL_AGE_MISSING; NOT_AN_INDEPENDENT_AGE_SPECTRUM; LOW_N_LT20,SOURCE_NOT_RECOVERED,https://geo.ijournals.cn/dzxbe/dzxbe/home,e6b8417666d2395012954174166a12e0a071a051f9c52c969b155cde6e4ad3f3,NO,NONE
BSPM-AD9D0125CF5C3CA8-E4,E4::MAIN_DATABASE::BSPM-AD9D0125CF5C3CA8-E4,B-36,B-36,http://www.geojournals.cn/dzxb/ch/index.aspx,http://www.geojournals.cn/dzxb/ch/index.aspx,Hou_2025_unresolved_Philippine_records,"Hou Fanghui (2025), title/DOI unresolved in current database",http://www.geojournals.cn/dzxb/ch/index.aspx,,JOURNAL_HOMEPAGE_ONLY; DOI_AND_ARTICLE_TITLE_UNRESOLVED,MAIN_TRAIN_CANDIDATE_LOW_N,NO,ALL_CANDIDATE_CONTEXT,Unresolved; current database only states Philippine juvenile arc / West Philippine Basin,,,,nan nan nan,Unknown,SEDIMENTARY_DETRITAL,UNRESOLVED_RECORD_GRANULARITY,database text: sandstone-bearing limestone / unresolved,NOT_VERIFIED_AS_PHYSICAL_SAMPLE,UID_UNIQUE_STRING_BUT_LIKELY_GRAIN_LEVEL_IDENTITY,2,2,0.78,0.89,0.89,2,1.0,2,1.0,2,1.0,2,1.0,2,1.0,NOT_EVALUABLE,NOT_EVALUABLE_SAMPLE_IDENTITY_AND_DEPOSITION_UNKNOWN,Only 1–2 ages are attached to this identifier and depositional age is unknown; near-depositional or syndepositional zircon cannot be assessed.,,不可判定：当前元数据不能把年轻年龄、火山岩屑或弧背景落实到物理样品。,UNVERIFIABLE_ORIGINAL_STUDY_NOT_RESOLVED,UNRESOLVED,存疑—来源与物理样品身份未解决,QUARANTINE / REBUILD_SAMPLE_ID,NO,缺少可核验论文DOI、地区、地层和沉积时代；A/B编号表现为颗粒/分析编号而非完整物理样品，1–2粒不能构成年龄谱。,JOURNAL_HOMEPAGE_ONLY; DOI_AND_ARTICLE_TITLE_UNRESOLVED; PHYSICAL_SAMPLE_IDENTITY_UNRESOLVED; ONLY_1_TO_2_GRAINS_PER_ID; LOCATION_FORMATION_DEPOSITIONAL_AGE_MISSING; NOT_AN_INDEPENDENT_AGE_SPECTRUM; LOW_N_LT20,SOURCE_NOT_RECOVERED,https://geo.ijournals.cn/dzxbe/dzxbe/home,d16d0530021174ba0bde490bd7453017cdb54444e57545915569a9646b366d4f,NO,NONE
BSPM-58865D71F511A541-E4,E4::MAIN_DATABASE::BSPM-58865D71F511A541-E4,B-38,B-38,http://www.geojournals.cn/dzxb/ch/index.aspx,http://www.geojournals.cn/dzxb/ch/index.aspx,Hou_2025_unresolved_Philippine_records,"Hou Fanghui (2025), title/DOI unresolved in current database",http://www.geojournals.cn/dzxb/ch/index.aspx,,JOURNAL_HOMEPAGE_ONLY; DOI_AND_ARTICLE_TITLE_UNRESOLVED,MAIN_TRAIN_CANDIDATE_LOW_N,NO,ALL_CANDIDATE_CONTEXT,Unresolved; current database only states Philippine juvenile arc / West Philippine Basin,,,,nan nan nan,Unknown,SEDIMENTARY_DETRITAL,UNRESOLVED_RECORD_GRANULARITY,database text: sandstone-bearing limestone / unresolved,NOT_VERIFIED_AS_PHYSICAL_SAMPLE,UID_UNIQUE_STRING_BUT_LIKELY_GRAIN_LEVEL_IDENTITY,2,2,0.78,9.39,9.39,1,0.5,1,0.5,2,1.0,2,1.0,2,1.0,NOT_EVALUABLE,NOT_EVALUABLE_SAMPLE_IDENTITY_AND_DEPOSITION_UNKNOWN,Only 1–2 ages are attached to this identifier and depositional age is unknown; near-depositional or syndepositional zircon cannot be assessed.,,不可判定：当前元数据不能把年轻年龄、火山岩屑或弧背景落实到物理样品。,UNVERIFIABLE_ORIGINAL_STUDY_NOT_RESOLVED,UNRESOLVED,存疑—来源与物理样品身份未解决,QUARANTINE / REBUILD_SAMPLE_ID,NO,缺少可核验论文DOI、地区、地层和沉积时代；A/B编号表现为颗粒/分析编号而非完整物理样品，1–2粒不能构成年龄谱。,JOURNAL_HOMEPAGE_ONLY; DOI_AND_ARTICLE_TITLE_UNRESOLVED; PHYSICAL_SAMPLE_IDENTITY_UNRESOLVED; ONLY_1_TO_2_GRAINS_PER_ID; LOCATION_FORMATION_DEPOSITIONAL_AGE_MISSING; NOT_AN_INDEPENDENT_AGE_SPECTRUM; LOW_N_LT20,SOURCE_NOT_RECOVERED,https://geo.ijournals.cn/dzxbe/dzxbe/home,1548cc5336901a5626e44e391ff4bfac69f45d412e27921e5069135674a5811a,NO,NONE
BSPM-242B4470909AB685-E4,E4::MAIN_DATABASE::BSPM-242B4470909AB685-E4,B-39,B-39,http://www.geojournals.cn/dzxb/ch/index.aspx,http://www.geojournals.cn/dzxb/ch/index.aspx,Hou_2025_unresolved_Philippine_records,"Hou Fanghui (2025), title/DOI unresolved in current database",http://www.geojournals.cn/dzxb/ch/index.aspx,,JOURNAL_HOMEPAGE_ONLY; DOI_AND_ARTICLE_TITLE_UNRESOLVED,MAIN_TRAIN_CANDIDATE_LOW_N,NO,ALL_CANDIDATE_CONTEXT,Unresolved; current database only states Philippine juvenile arc / West Philippine Basin,,,,nan nan nan,Unknown,SEDIMENTARY_DETRITAL,UNRESOLVED_RECORD_GRANULARITY,database text: sandstone-bearing limestone / unresolved,NOT_VERIFIED_AS_PHYSICAL_SAMPLE,UID_UNIQUE_STRING_BUT_LIKELY_GRAIN_LEVEL_IDENTITY,2,2,0.54,26.27,26.27,1,0.5,1,0.5,1,0.5,1,0.5,2,1.0,NOT_EVALUABLE,NOT_EVALUABLE_SAMPLE_IDENTITY_AND_DEPOSITION_UNKNOWN,Only 1–2 ages are attached to this identifier and depositional age is unknown; near-depositional or syndepositional zircon cannot be assessed.,,不可判定：当前元数据不能把年轻年龄、火山岩屑或弧背景落实到物理样品。,UNVERIFIABLE_ORIGINAL_STUDY_NOT_RESOLVED,UNRESOLVED,存疑—来源与物理样品身份未解决,QUARANTINE / REBUILD_SAMPLE_ID,NO,缺少可核验论文DOI、地区、地层和沉积时代；A/B编号表现为颗粒/分析编号而非完整物理样品，1–2粒不能构成年龄谱。,JOURNAL_HOMEPAGE_ONLY; DOI_AND_ARTICLE_TITLE_UNRESOLVED; PHYSICAL_SAMPLE_IDENTITY_UNRESOLVED; ONLY_1_TO_2_GRAINS_PER_ID; LOCATION_FORMATION_DEPOSITIONAL_AGE_MISSING; NOT_AN_INDEPENDENT_AGE_SPECTRUM; LOW_N_LT20,SOURCE_NOT_RECOVERED,https://geo.ijournals.cn/dzxbe/dzxbe/home,fcf21c839c52a322e901235fd6e74553bfae97cfdaa7954e35bc7936d85fce03,NO,NONE
BSPM-6B467BBB61253BD5-E4,E4::MAIN_DATABASE::BSPM-6B467BBB61253BD5-E4,B-40,B-40,http://www.geojournals.cn/dzxb/ch/index.aspx,http://www.geojournals.cn/dzxb/ch/index.aspx,Hou_2025_unresolved_Philippine_records,"Hou Fanghui (2025), title/DOI unresolved in current database",http://www.geojournals.cn/dzxb/ch/index.aspx,,JOURNAL_HOMEPAGE_ONLY; DOI_AND_ARTICLE_TITLE_UNRESOLVED,MAIN_TRAIN_CANDIDATE_LOW_N,NO,ALL_CANDIDATE_CONTEXT,Unresolved; current database only states Philippine juvenile arc / West Philippine Basin,,,,nan nan nan,Unknown,SEDIMENTARY_DETRITAL,UNRESOLVED_RECORD_GRANULARITY,database text: sandstone-bearing limestone / unresolved,NOT_VERIFIED_AS_PHYSICAL_SAMPLE,UID_UNIQUE_STRING_BUT_LIKELY_GRAIN_LEVEL_IDENTITY,2,2,0.43,6.715,6.715,1,0.5,1,0.5,2,1.0,2,1.0,2,1.0,NOT_EVALUABLE,NOT_EVALUABLE_SAMPLE_IDENTITY_AND_DEPOSITION_UNKNOWN,Only 1–2 ages are attached to this identifier and depositional age is unknown; near-depositional or syndepositional zircon cannot be assessed.,,不可判定：当前元数据不能把年轻年龄、火山岩屑或弧背景落实到物理样品。,UNVERIFIABLE_ORIGINAL_STUDY_NOT_RESOLVED,UNRESOLVED,存疑—来源与物理样品身份未解决,QUARANTINE / REBUILD_SAMPLE_ID,NO,缺少可核验论文DOI、地区、地层和沉积时代；A/B编号表现为颗粒/分析编号而非完整物理样品，1–2粒不能构成年龄谱。,JOURNAL_HOMEPAGE_ONLY; DOI_AND_ARTICLE_TITLE_UNRESOLVED; PHYSICAL_SAMPLE_IDENTITY_UNRESOLVED; ONLY_1_TO_2_GRAINS_PER_ID; LOCATION_FORMATION_DEPOSITIONAL_AGE_MISSING; NOT_AN_INDEPENDENT_AGE_SPECTRUM; LOW_N_LT20,SOURCE_NOT_RECOVERED,https://geo.ijournals.cn/dzxbe/dzxbe/home,d09f778fb6ff7509ba73e3479d429d8ef61724ef5e35c47d1287fc693003e6f6,NO,NONE
BSPM-D91A1E0D308680FC-E4,E4::MAIN_DATABASE::BSPM-D91A1E0D308680FC-E4,B-42,B-42,http://www.geojournals.cn/dzxb/ch/index.aspx,http://www.geojournals.cn/dzxb/ch/index.aspx,Hou_2025_unresolved_Philippine_records,"Hou Fanghui (2025), title/DOI unresolved in current database",http://www.geojournals.cn/dzxb/ch/index.aspx,,JOURNAL_HOMEPAGE_ONLY; DOI_AND_ARTICLE_TITLE_UNRESOLVED,MAIN_TRAIN_CANDIDATE_LOW_N,NO,ALL_CANDIDATE_CONTEXT,Unresolved; current database only states Philippine juvenile arc / West Philippine Basin,,,,nan nan nan,Unknown,SEDIMENTARY_DETRITAL,UNRESOLVED_RECORD_GRANULARITY,database text: sandstone-bearing limestone / unresolved,NOT_VERIFIED_AS_PHYSICAL_SAMPLE,UID_UNIQUE_STRING_BUT_LIKELY_GRAIN_LEVEL_IDENTITY,2,2,0.56,3.2800000000000002,3.2800000000000002,1,0.5,2,1.0,2,1.0,2,1.0,2,1.0,NOT_EVALUABLE,NOT_EVALUABLE_SAMPLE_IDENTITY_AND_DEPOSITION_UNKNOWN,Only 1–2 ages are attached to this identifier and depositional age is unknown; near-depositional or syndepositional zircon cannot be assessed.,,不可判定：当前元数据不能把年轻年龄、火山岩屑或弧背景落实到物理样品。,UNVERIFIABLE_ORIGINAL_STUDY_NOT_RESOLVED,UNRESOLVED,存疑—来源与物理样品身份未解决,QUARANTINE / REBUILD_SAMPLE_ID,NO,缺少可核验论文DOI、地区、地层和沉积时代；A/B编号表现为颗粒/分析编号而非完整物理样品，1–2粒不能构成年龄谱。,JOURNAL_HOMEPAGE_ONLY; DOI_AND_ARTICLE_TITLE_UNRESOLVED; PHYSICAL_SAMPLE_IDENTITY_UNRESOLVED; ONLY_1_TO_2_GRAINS_PER_ID; LOCATION_FORMATION_DEPOSITIONAL_AGE_MISSING; NOT_AN_INDEPENDENT_AGE_SPECTRUM; LOW_N_LT20,SOURCE_NOT_RECOVERED,https://geo.ijournals.cn/dzxbe/dzxbe/home,b54ae9bc5d4eff700770532a4e17c1c1d757a87da27411d8b793a5344de1692a,NO,NONE
BSPM-B40E0A19F9E5B0D2-E4,E4::MAIN_DATABASE::BSPM-B40E0A19F9E5B0D2-E4,B-44,B-44,http://www.geojournals.cn/dzxb/ch/index.aspx,http://www.geojournals.cn/dzxb/ch/index.aspx,Hou_2025_unresolved_Philippine_records,"Hou Fanghui (2025), title/DOI unresolved in current database",http://www.geojournals.cn/dzxb/ch/index.aspx,,JOURNAL_HOMEPAGE_ONLY; DOI_AND_ARTICLE_TITLE_UNRESOLVED,MAIN_TRAIN_CANDIDATE_LOW_N,NO,ALL_CANDIDATE_CONTEXT,Unresolved; current database only states Philippine juvenile arc / West Philippine Basin,,,,nan nan nan,Unknown,SEDIMENTARY_DETRITAL,UNRESOLVED_RECORD_GRANULARITY,database text: sandstone-bearing limestone / unresolved,NOT_VERIFIED_AS_PHYSICAL_SAMPLE,UID_UNIQUE_STRING_BUT_LIKELY_GRAIN_LEVEL_IDENTITY,2,2,0.74,5.87,5.87,1,0.5,1,0.5,2,1.0,2,1.0,2,1.0,NOT_EVALUABLE,NOT_EVALUABLE_SAMPLE_IDENTITY_AND_DEPOSITION_UNKNOWN,Only 1–2 ages are attached to this identifier and depositional age is unknown; near-depositional or syndepositional zircon cannot be assessed.,,不可判定：当前元数据不能把年轻年龄、火山岩屑或弧背景落实到物理样品。,UNVERIFIABLE_ORIGINAL_STUDY_NOT_RESOLVED,UNRESOLVED,存疑—来源与物理样品身份未解决,QUARANTINE / REBUILD_SAMPLE_ID,NO,缺少可核验论文DOI、地区、地层和沉积时代；A/B编号表现为颗粒/分析编号而非完整物理样品，1–2粒不能构成年龄谱。,JOURNAL_HOMEPAGE_ONLY; DOI_AND_ARTICLE_TITLE_UNRESOLVED; PHYSICAL_SAMPLE_IDENTITY_UNRESOLVED; ONLY_1_TO_2_GRAINS_PER_ID; LOCATION_FORMATION_DEPOSITIONAL_AGE_MISSING; NOT_AN_INDEPENDENT_AGE_SPECTRUM; LOW_N_LT20,SOURCE_NOT_RECOVERED,https://geo.ijournals.cn/dzxbe/dzxbe/home,422edb733378216c1dd56950b31e36afc58890b74c2ca66d6a124caa4f015c59,NO,NONE
BSPM-2FA1F1E8790CD360-E4,E4::MAIN_DATABASE::BSPM-2FA1F1E8790CD360-E4,B-45,B-45,http://www.geojournals.cn/dzxb/ch/index.aspx,http://www.geojournals.cn/dzxb/ch/index.aspx,Hou_2025_unresolved_Philippine_records,"Hou Fanghui (2025), title/DOI unresolved in current database",http://www.geojournals.cn/dzxb/ch/index.aspx,,JOURNAL_HOMEPAGE_ONLY; DOI_AND_ARTICLE_TITLE_UNRESOLVED,MAIN_TRAIN_CANDIDATE_LOW_N,NO,ALL_CANDIDATE_CONTEXT,Unresolved; current database only states Philippine juvenile arc / West Philippine Basin,,,,nan nan nan,Unknown,SEDIMENTARY_DETRITAL,UNRESOLVED_RECORD_GRANULARITY,database text: sandstone-bearing limestone / unresolved,NOT_VERIFIED_AS_PHYSICAL_SAMPLE,UID_UNIQUE_STRING_BUT_LIKELY_GRAIN_LEVEL_IDENTITY,2,2,0.61,6.305,6.305,1,0.5,1,0.5,2,1.0,2,1.0,2,1.0,NOT_EVALUABLE,NOT_EVALUABLE_SAMPLE_IDENTITY_AND_DEPOSITION_UNKNOWN,Only 1–2 ages are attached to this identifier and depositional age is unknown; near-depositional or syndepositional zircon cannot be assessed.,,不可判定：当前元数据不能把年轻年龄、火山岩屑或弧背景落实到物理样品。,UNVERIFIABLE_ORIGINAL_STUDY_NOT_RESOLVED,UNRESOLVED,存疑—来源与物理样品身份未解决,QUARANTINE / REBUILD_SAMPLE_ID,NO,缺少可核验论文DOI、地区、地层和沉积时代；A/B编号表现为颗粒/分析编号而非完整物理样品，1–2粒不能构成年龄谱。,JOURNAL_HOMEPAGE_ONLY; DOI_AND_ARTICLE_TITLE_UNRESOLVED; PHYSICAL_SAMPLE_IDENTITY_UNRESOLVED; ONLY_1_TO_2_GRAINS_PER_ID; LOCATION_FORMATION_DEPOSITIONAL_AGE_MISSING; NOT_AN_INDEPENDENT_AGE_SPECTRUM; LOW_N_LT20,SOURCE_NOT_RECOVERED,https://geo.ijournals.cn/dzxbe/dzxbe/home,088c13becfac5da4e661ec9cb00c2706a2ebae612fbe97a2ceac39a8bf515127,NO,NONE
BSPM-68CB99FA3D0C4287-E4,E4::MAIN_DATABASE::BSPM-68CB99FA3D0C4287-E4,B-46,B-46,http://www.geojournals.cn/dzxb/ch/index.aspx,http://www.geojournals.cn/dzxb/ch/index.aspx,Hou_2025_unresolved_Philippine_records,"Hou Fanghui (2025), title/DOI unresolved in current database",http://www.geojournals.cn/dzxb/ch/index.aspx,,JOURNAL_HOMEPAGE_ONLY; DOI_AND_ARTICLE_TITLE_UNRESOLVED,MAIN_TRAIN_CANDIDATE_LOW_N,NO,ALL_CANDIDATE_CONTEXT,Unresolved; current database only states Philippine juvenile arc / West Philippine Basin,,,,nan nan nan,Unknown,SEDIMENTARY_DETRITAL,UNRESOLVED_RECORD_GRANULARITY,database text: sandstone-bearing limestone / unresolved,NOT_VERIFIED_AS_PHYSICAL_SAMPLE,UID_UNIQUE_STRING_BUT_LIKELY_GRAIN_LEVEL_IDENTITY,2,2,0.74,28.37,28.37,1,0.5,1,0.5,1,0.5,1,0.5,2,1.0,NOT_EVALUABLE,NOT_EVALUABLE_SAMPLE_IDENTITY_AND_DEPOSITION_UNKNOWN,Only 1–2 ages are attached to this identifier and depositional age is unknown; near-depositional or syndepositional zircon cannot be assessed.,,不可判定：当前元数据不能把年轻年龄、火山岩屑或弧背景落实到物理样品。,UNVERIFIABLE_ORIGINAL_STUDY_NOT_RESOLVED,UNRESOLVED,存疑—来源与物理样品身份未解决,QUARANTINE / REBUILD_SAMPLE_ID,NO,缺少可核验论文DOI、地区、地层和沉积时代；A/B编号表现为颗粒/分析编号而非完整物理样品，1–2粒不能构成年龄谱。,JOURNAL_HOMEPAGE_ONLY; DOI_AND_ARTICLE_TITLE_UNRESOLVED; PHYSICAL_SAMPLE_IDENTITY_UNRESOLVED; ONLY_1_TO_2_GRAINS_PER_ID; LOCATION_FORMATION_DEPOSITIONAL_AGE_MISSING; NOT_AN_INDEPENDENT_AGE_SPECTRUM; LOW_N_LT20,SOURCE_NOT_RECOVERED,https://geo.ijournals.cn/dzxbe/dzxbe/home,a71dfb1d376aec0f55c543179a9e77143c0a5ab6534dd36499799683d8c06ec7,NO,NONE
BSPM-E151B0A99D26C3A4-E4,E4::MAIN_DATABASE::BSPM-E151B0A99D26C3A4-E4,B-48,B-48,http://www.geojournals.cn/dzxb/ch/index.aspx,http://www.geojournals.cn/dzxb/ch/index.aspx,Hou_2025_unresolved_Philippine_records,"Hou Fanghui (2025), title/DOI unresolved in current database",http://www.geojournals.cn/dzxb/ch/index.aspx,,JOURNAL_HOMEPAGE_ONLY; DOI_AND_ARTICLE_TITLE_UNRESOLVED,MAIN_TRAIN_CANDIDATE_LOW_N,NO,ALL_CANDIDATE_CONTEXT,Unresolved; current database only states Philippine juvenile arc / West Philippine Basin,,,,nan nan nan,Unknown,SEDIMENTARY_DETRITAL,UNRESOLVED_RECORD_GRANULARITY,database text: sandstone-bearing limestone / unresolved,NOT_VERIFIED_AS_PHYSICAL_SAMPLE,UID_UNIQUE_STRING_BUT_LIKELY_GRAIN_LEVEL_IDENTITY,2,2,0.46,8.23,8.23,1,0.5,1,0.5,2,1.0,2,1.0,2,1.0,NOT_EVALUABLE,NOT_EVALUABLE_SAMPLE_IDENTITY_AND_DEPOSITION_UNKNOWN,Only 1–2 ages are attached to this identifier and depositional age is unknown; near-depositional or syndepositional zircon cannot be assessed.,,不可判定：当前元数据不能把年轻年龄、火山岩屑或弧背景落实到物理样品。,UNVERIFIABLE_ORIGINAL_STUDY_NOT_RESOLVED,UNRESOLVED,存疑—来源与物理样品身份未解决,QUARANTINE / REBUILD_SAMPLE_ID,NO,缺少可核验论文DOI、地区、地层和沉积时代；A/B编号表现为颗粒/分析编号而非完整物理样品，1–2粒不能构成年龄谱。,JOURNAL_HOMEPAGE_ONLY; DOI_AND_ARTICLE_TITLE_UNRESOLVED; PHYSICAL_SAMPLE_IDENTITY_UNRESOLVED; ONLY_1_TO_2_GRAINS_PER_ID; LOCATION_FORMATION_DEPOSITIONAL_AGE_MISSING; NOT_AN_INDEPENDENT_AGE_SPECTRUM; LOW_N_LT20,SOURCE_NOT_RECOVERED,https://geo.ijournals.cn/dzxbe/dzxbe/home,51fd4b3b7795a23d007bc1f21149899291d6d72ae83ce127838603b629f33b85,NO,NONE
BSPM-3E8A0CDC6DFEE7EE-E4,E4::MAIN_DATABASE::BSPM-3E8A0CDC6DFEE7EE-E4,B-49,B-49,http://www.geojournals.cn/dzxb/ch/index.aspx,http://www.geojournals.cn/dzxb/ch/index.aspx,Hou_2025_unresolved_Philippine_records,"Hou Fanghui (2025), title/DOI unresolved in current database",http://www.geojournals.cn/dzxb/ch/index.aspx,,JOURNAL_HOMEPAGE_ONLY; DOI_AND_ARTICLE_TITLE_UNRESOLVED,MAIN_TRAIN_CANDIDATE_LOW_N,NO,ALL_CANDIDATE_CONTEXT,Unresolved; current database only states Philippine juvenile arc / West Philippine Basin,,,,nan nan nan,Unknown,SEDIMENTARY_DETRITAL,UNRESOLVED_RECORD_GRANULARITY,database text: sandstone-bearing limestone / unresolved,NOT_VERIFIED_AS_PHYSICAL_SAMPLE,UID_UNIQUE_STRING_BUT_LIKELY_GRAIN_LEVEL_IDENTITY,2,2,0.4,8.7,8.7,1,0.5,1,0.5,2,1.0,2,1.0,2,1.0,NOT_EVALUABLE,NOT_EVALUABLE_SAMPLE_IDENTITY_AND_DEPOSITION_UNKNOWN,Only 1–2 ages are attached to this identifier and depositional age is unknown; near-depositional or syndepositional zircon cannot be assessed.,,不可判定：当前元数据不能把年轻年龄、火山岩屑或弧背景落实到物理样品。,UNVERIFIABLE_ORIGINAL_STUDY_NOT_RESOLVED,UNRESOLVED,存疑—来源与物理样品身份未解决,QUARANTINE / REBUILD_SAMPLE_ID,NO,缺少可核验论文DOI、地区、地层和沉积时代；A/B编号表现为颗粒/分析编号而非完整物理样品，1–2粒不能构成年龄谱。,JOURNAL_HOMEPAGE_ONLY; DOI_AND_ARTICLE_TITLE_UNRESOLVED; PHYSICAL_SAMPLE_IDENTITY_UNRESOLVED; ONLY_1_TO_2_GRAINS_PER_ID; LOCATION_FORMATION_DEPOSITIONAL_AGE_MISSING; NOT_AN_INDEPENDENT_AGE_SPECTRUM; LOW_N_LT20,SOURCE_NOT_RECOVERED,https://geo.ijournals.cn/dzxbe/dzxbe/home,956da7f17e6631c487dc653ef26679cc1ade815c4cbd8d43613aeedecb48e2ef,NO,NONE
BSPM-DC15016EE2DAEE35-E4,E4::MAIN_DATABASE::BSPM-DC15016EE2DAEE35-E4,18SB52-1,18SB52-1,10.1016/j.jseaes.2025.106919,10.1016/j.jseaes.2025.106919,Rahmat_2026_Banggi_ophiolite,"Rahmat et al. (2026), Eocene SSZ-type ophiolite from Banggi Island",10.1016/j.jseaes.2025.106919,10.1016/j.jseaes.2025.106919,VERIFIED,MAIN_TRAIN_CANDIDATE_LOW_N,NO,ALL_CANDIDATE_CONTEXT,"Banggi Island, Sabah, northern Borneo",7.2074444,117.0556944,,,N/A — igneous crystallization sample (ca. 55–50 Ma),IGNEOUS_OR_VOLCANIC_BEDROCK,IGNEOUS_OR_VOLCANIC_BEDROCK,gabbro (cumulate),VALID_PHYSICAL_SAMPLE,UID_UNIQUE_OK,19,19,54.0,54.333333333333336,55.0,0,0.0,0,0.0,0,0.0,0,0.0,19,1.0,NOT_APPLICABLE_BEDROCK,NOT_APPLICABLE_TO_DEPOSITION; CRYSTALLIZATION_AGE_POPULATION,"Bedrock zircon population: ages record host-rock crystallization. A narrow young population is tectonic/magmatic evidence, not a near-depositional detrital signal.",,很强且直接：Banggi SSZ型蛇绿岩、弧型微量元素、年轻正εHf、古南海向南俯冲启动解释。,N/A_BEDROCK_NOT_SEDIMENTARY_CLAST_AUDIT,DIRECT_N_BORNEO_PSCS_BEDROCK,保留—E4直接基岩锚点,AUX_BEDROCK_ONLY,NO,北婆罗洲/古南海SSZ构造证据最直接，但7个均为单块辉长岩/闪长岩基岩定年；河中巨砾采样位置不等于现代河砂年龄谱。,PAPER_LEVEL_HF_EVIDENCE_NOT_LINKED_TO_DATABASE_SAMPLE; LOW_N_LT20,PRIMARY_ARTICLE_AND_PDF_VERIFIED,https://doi.org/10.1016/j.jseaes.2025.106919,7ed12c73519ec03b2a660d6566c7dc6aded8e42ced8023b0d1eef7498e21b39b,NO,NONE
BSPM-BD5D9AFE4A3245B1-E4,E4::MAIN_DATABASE::BSPM-BD5D9AFE4A3245B1-E4,18SB67-2,18SB67-2,10.1016/j.jseaes.2025.106919,10.1016/j.jseaes.2025.106919,Rahmat_2026_Banggi_ophiolite,"Rahmat et al. (2026), Eocene SSZ-type ophiolite from Banggi Island",10.1016/j.jseaes.2025.106919,10.1016/j.jseaes.2025.106919,VERIFIED,MAIN_TRAIN_CANDIDATE_LOW_N,NO,ALL_CANDIDATE_CONTEXT,"Banggi Island, Sabah, northern Borneo",7.3461944,117.1733056,,,N/A — igneous crystallization sample (ca. 55–50 Ma),IGNEOUS_OR_VOLCANIC_BEDROCK,IGNEOUS_OR_VOLCANIC_BEDROCK,gabbro (cumulate),VALID_PHYSICAL_SAMPLE,UID_UNIQUE_OK,15,15,51.0,52.333333333333336,55.0,0,0.0,0,0.0,0,0.0,0,0.0,15,1.0,NOT_APPLICABLE_BEDROCK,NOT_APPLICABLE_TO_DEPOSITION; CRYSTALLIZATION_AGE_POPULATION,"Bedrock zircon population: ages record host-rock crystallization. A narrow young population is tectonic/magmatic evidence, not a near-depositional detrital signal.",,很强且直接：Banggi SSZ型蛇绿岩、弧型微量元素、年轻正εHf、古南海向南俯冲启动解释。,N/A_BEDROCK_NOT_SEDIMENTARY_CLAST_AUDIT,DIRECT_N_BORNEO_PSCS_BEDROCK,保留—E4直接基岩锚点,AUX_BEDROCK_ONLY,NO,北婆罗洲/古南海SSZ构造证据最直接，但7个均为单块辉长岩/闪长岩基岩定年；河中巨砾采样位置不等于现代河砂年龄谱。,PAPER_LEVEL_HF_EVIDENCE_NOT_LINKED_TO_DATABASE_SAMPLE; LOW_N_LT20,PRIMARY_ARTICLE_AND_PDF_VERIFIED,https://doi.org/10.1016/j.jseaes.2025.106919,dc78722ca578b7f41ced0cec729903d7a33556919d468582ec91888f5a2ab60e,NO,NONE
BSPM-D8EF3FDB26772A02-E4,E4::MAIN_DATABASE::BSPM-D8EF3FDB26772A02-E4,CB01,CB-01,10.5194/essd-18-3671-2026,10.5194/essd-18-3671-2026,Tsai_2019_Luzon_rivers,"Tsai et al. (2019), Detrital zircon record from major rivers of Luzon Island",10.5194/essd-18-3671-2026,10.1144/jgs2019-003,CURRENT_DOI_IS_ONEDZ_AGGREGATOR; PRIMARY_DOI_CORRECTION_REQUIRED,MAIN_TRAIN_CANDIDATE,NO,ALL_CANDIDATE_CONTEXT,"Cabangan River, Zambales, Luzon",15.1557,120.0473,,Modern/Holocene,Modern/Holocene (0 Ma),MODERN_RIVER_OR_SAND,MODERN_RIVER_OR_SAND,modern river sand,VALID_PHYSICAL_SAMPLE,UID_UNIQUE_OK; PRIMARY_DOI_REPAIR_NEEDED,5,5,0.1,0.4000000000000001,0.8,3,0.6,3,0.6,3,0.6,3,0.6,4,0.8,EVALUABLE_FOR_MODERN_SAMPLE,STRONG_NEAR_DEPOSITIONAL_YOUNG_COMPONENT,"Modern sample: ≤10 Ma=60.0%, ≤20 Ma=60.0%, ≤50 Ma=60.0%; youngest=0.1 Ma. This is a spectrum descriptor, not by itself proof of E4 membership.",,强：现代河砂覆盖弧区流域；U–Pb以<50 Ma为主；Hf同位素接近亏损地幔；论文讨论第四纪火山灰贡献。,NO_SAMPLE_SPECIFIC_VOLCANIC_CLAST_COUNT; PAPER_DISCUSSSES_POSSIBLE_VOLCANIC_ASH_FOR_YOUNGEST_ZIRCONS,REGIONAL_ARC_PROXY,保留—E4弧亲缘参照,AFFINITY_REFERENCE / CHALLENGE_ONLY,NO,现代河砂年龄谱与年轻、亏损地幔型吕宋弧来源相符；但样品均位于吕宋，属于年轻海洋弧类比，不是北婆罗洲/古南海弧的直接碎屑输出。,CURRENT_DOI_IS_ONEDZ_AGGREGATOR; PRIMARY_DOI_CORRECTION_REQUIRED; PAPER_LEVEL_HF_EVIDENCE_NOT_LINKED_TO_DATABASE_SAMPLE; LOW_N_LT20,PRIMARY_ARTICLE_VERIFIED,https://doi.org/10.1144/jgs2019-003,ed1b8a9cf06459f833a797d9d6855e8893c5cfae1b1a6d14c1541e52d8af3526,NO,NONE
BSPM-466751DDBC93ED46-E4,E4::MAIN_DATABASE::BSPM-466751DDBC93ED46-E4,LW01,LW-01,10.5194/essd-18-3671-2026,10.5194/essd-18-3671-2026,Tsai_2019_Luzon_rivers,"Tsai et al. (2019), Detrital zircon record from major rivers of Luzon Island",10.5194/essd-18-3671-2026,10.1144/jgs2019-003,CURRENT_DOI_IS_ONEDZ_AGGREGATOR; PRIMARY_DOI_CORRECTION_REQUIRED,MAIN_TRAIN_CANDIDATE,NO,ALL_CANDIDATE_CONTEXT,"Lawis River, Zambales, Luzon",15.5798,119.9617,,Modern/Holocene,Modern/Holocene (0 Ma),MODERN_RIVER_OR_SAND,MODERN_RIVER_OR_SAND,modern river sand,VALID_PHYSICAL_SAMPLE,UID_UNIQUE_OK; PRIMARY_DOI_REPAIR_NEEDED,9,9,0.4,19.03333333333333,42.0,1,0.1111111111111111,1,0.1111111111111111,2,0.2222222222222222,8,0.8888888888888888,9,1.0,EVALUABLE_FOR_MODERN_SAMPLE,PRESENT_BUT_MINOR_NEAR_DEPOSITIONAL_COMPONENT,"Modern sample: ≤10 Ma=11.1%, ≤20 Ma=22.2%, ≤50 Ma=88.9%; youngest=0.4 Ma. This is a spectrum descriptor, not by itself proof of E4 membership.",,强：现代河砂覆盖弧区流域；U–Pb以<50 Ma为主；Hf同位素接近亏损地幔；论文讨论第四纪火山灰贡献。,NO_SAMPLE_SPECIFIC_VOLCANIC_CLAST_COUNT; PAPER_DISCUSSSES_POSSIBLE_VOLCANIC_ASH_FOR_YOUNGEST_ZIRCONS,REGIONAL_ARC_PROXY,保留—E4弧亲缘参照,AFFINITY_REFERENCE / CHALLENGE_ONLY,NO,现代河砂年龄谱与年轻、亏损地幔型吕宋弧来源相符；但样品均位于吕宋，属于年轻海洋弧类比，不是北婆罗洲/古南海弧的直接碎屑输出。,CURRENT_DOI_IS_ONEDZ_AGGREGATOR; PRIMARY_DOI_CORRECTION_REQUIRED; PAPER_LEVEL_HF_EVIDENCE_NOT_LINKED_TO_DATABASE_SAMPLE; LOW_N_LT20,PRIMARY_ARTICLE_VERIFIED,https://doi.org/10.1144/jgs2019-003,43bebe4361e27444a8c6c2199301a4c2d762394a9a4b1fd97d90a9507fa97313,NO,NONE
BSPM-593216B098B07047-E4,E4::MAIN_DATABASE::BSPM-593216B098B07047-E4,SS01,SS-01,10.5194/essd-18-3671-2026,10.5194/essd-18-3671-2026,Tsai_2019_Luzon_rivers,"Tsai et al. (2019), Detrital zircon record from major rivers of Luzon Island",10.5194/essd-18-3671-2026,10.1144/jgs2019-003,CURRENT_DOI_IS_ONEDZ_AGGREGATOR; PRIMARY_DOI_CORRECTION_REQUIRED,MAIN_TRAIN_CANDIDATE,NO,ALL_CANDIDATE_CONTEXT,"Salasa River, Zambales, Luzon",15.4553,119.9666,,Modern/Holocene,Modern/Holocene (0 Ma),MODERN_RIVER_OR_SAND,MODERN_RIVER_OR_SAND,modern river sand,VALID_PHYSICAL_SAMPLE,UID_UNIQUE_OK; PRIMARY_DOI_REPAIR_NEEDED,19,19,0.1,0.5,6.0,8,0.42105263157894735,11,0.5789473684210527,11,0.5789473684210527,14,0.7368421052631579,15,0.7894736842105263,EVALUABLE_FOR_MODERN_SAMPLE,STRONG_NEAR_DEPOSITIONAL_YOUNG_COMPONENT,"Modern sample: ≤10 Ma=57.9%, ≤20 Ma=57.9%, ≤50 Ma=73.7%; youngest=0.1 Ma. This is a spectrum descriptor, not by itself proof of E4 membership.",,强：现代河砂覆盖弧区流域；U–Pb以<50 Ma为主；Hf同位素接近亏损地幔；论文讨论第四纪火山灰贡献。,NO_SAMPLE_SPECIFIC_VOLCANIC_CLAST_COUNT; PAPER_DISCUSSSES_POSSIBLE_VOLCANIC_ASH_FOR_YOUNGEST_ZIRCONS,REGIONAL_ARC_PROXY,保留—E4弧亲缘参照,AFFINITY_REFERENCE / CHALLENGE_ONLY,NO,现代河砂年龄谱与年轻、亏损地幔型吕宋弧来源相符；但样品均位于吕宋，属于年轻海洋弧类比，不是北婆罗洲/古南海弧的直接碎屑输出。,CURRENT_DOI_IS_ONEDZ_AGGREGATOR; PRIMARY_DOI_CORRECTION_REQUIRED; PAPER_LEVEL_HF_EVIDENCE_NOT_LINKED_TO_DATABASE_SAMPLE; LOW_N_LT20,PRIMARY_ARTICLE_VERIFIED,https://doi.org/10.1144/jgs2019-003,c02f04f7a46ccb8d5aa8238d41fb753f47c0f0e82ab47ea81cac486143332560,NO,NONE
BSPM-26CD4A0D697F2FDD-E4,E4::MAIN_DATABASE::BSPM-26CD4A0D697F2FDD-E4,P3-3,P3-3,10.1016/j.epsl.2020.116217,10.1016/j.epsl.2020.116217,Yu_2020_Amnay_Mindoro_SSZ,"Yu et al. (2020), Slab-controlled elemental-isotopic enrichments during subduction initiation magmatism",10.1016/j.epsl.2020.116217,10.1016/j.epsl.2020.116217,VERIFIED,MAIN_TRAIN_CANDIDATE_LOW_N,NO,ALL_CANDIDATE_CONTEXT,"Amnay/Mindoro forearc ophiolite, western Philippines",13.4297222,120.4982778,,,N/A — igneous crystallization sample,IGNEOUS_OR_VOLCANIC_BEDROCK,IGNEOUS_OR_VOLCANIC_BEDROCK,ophiolitic/forearc igneous bedrock,VALID_PHYSICAL_SAMPLE,UID_UNIQUE_OK,11,11,22.8,22.833333333333332,23.3,0,0.0,0,0.0,0,0.0,11,1.0,11,1.0,NOT_APPLICABLE_BEDROCK,NOT_APPLICABLE_TO_DEPOSITION; CRYSTALLIZATION_AGE_POPULATION,"Bedrock zircon population: ages record host-rock crystallization. A narrow young population is tectonic/magmatic evidence, not a near-depositional detrital signal.",,强：俯冲启动前弧岩浆作用与SSZ蛇绿岩证据；但为基岩。,N/A_BEDROCK_NOT_SEDIMENTARY_CLAST_AUDIT,PSCS_RELATED_SSZ_BEDROCK_REFERENCE,保留—E4辅助SSZ基岩参照,AUX_BEDROCK_ONLY,NO,可作为古南海相关SSZ/前弧岩浆活动的辅助构造参照，但为基岩；且位于Mindoro–PCT邻区，不能直接代表北婆罗洲碎屑输出。,PAPER_LEVEL_HF_EVIDENCE_NOT_LINKED_TO_DATABASE_SAMPLE; LOW_N_LT20,PRIMARY_ARTICLE_VERIFIED,https://doi.org/10.1016/j.epsl.2020.116217,0e8f1fd69426b4ef289cf52c9bb40757661d8478718d3954e1126cb555251f52,NO,NONE
BSPM-733B20B4DDC94A66-E4,E4::MAIN_DATABASE::BSPM-733B20B4DDC94A66-E4,P4-2,P4-2,10.1016/j.epsl.2020.116217,10.1016/j.epsl.2020.116217,Yu_2020_Amnay_Mindoro_SSZ,"Yu et al. (2020), Slab-controlled elemental-isotopic enrichments during subduction initiation magmatism",10.1016/j.epsl.2020.116217,10.1016/j.epsl.2020.116217,VERIFIED,MAIN_TRAIN_CANDIDATE_LOW_N,NO,ALL_CANDIDATE_CONTEXT,"Amnay/Mindoro forearc ophiolite, western Philippines",13.4086111,120.4655556,,,N/A — igneous crystallization sample,IGNEOUS_OR_VOLCANIC_BEDROCK,IGNEOUS_OR_VOLCANIC_BEDROCK,ophiolitic/forearc igneous bedrock,VALID_PHYSICAL_SAMPLE,UID_UNIQUE_OK,16,16,21.9,22.53333333333333,23.4,0,0.0,0,0.0,0,0.0,16,1.0,16,1.0,NOT_APPLICABLE_BEDROCK,NOT_APPLICABLE_TO_DEPOSITION; CRYSTALLIZATION_AGE_POPULATION,"Bedrock zircon population: ages record host-rock crystallization. A narrow young population is tectonic/magmatic evidence, not a near-depositional detrital signal.",,强：俯冲启动前弧岩浆作用与SSZ蛇绿岩证据；但为基岩。,N/A_BEDROCK_NOT_SEDIMENTARY_CLAST_AUDIT,PSCS_RELATED_SSZ_BEDROCK_REFERENCE,保留—E4辅助SSZ基岩参照,AUX_BEDROCK_ONLY,NO,可作为古南海相关SSZ/前弧岩浆活动的辅助构造参照，但为基岩；且位于Mindoro–PCT邻区，不能直接代表北婆罗洲碎屑输出。,PAPER_LEVEL_HF_EVIDENCE_NOT_LINKED_TO_DATABASE_SAMPLE; LOW_N_LT20,PRIMARY_ARTICLE_VERIFIED,https://doi.org/10.1016/j.epsl.2020.116217,78be4bb8fb8c1ee12e5fc7404dd1b63750d2993dcd137a6c74734886029f4816,NO,NONE
BSPM-4B84553D7A3E6E1C-E4,E4::MAIN_DATABASE::BSPM-4B84553D7A3E6E1C-E4,S2-2,S2-2,10.1016/j.epsl.2020.116217,10.1016/j.epsl.2020.116217,Yu_2020_Amnay_Mindoro_SSZ,"Yu et al. (2020), Slab-controlled elemental-isotopic enrichments during subduction initiation magmatism",10.1016/j.epsl.2020.116217,10.1016/j.epsl.2020.116217,VERIFIED,MAIN_TRAIN_CANDIDATE_LOW_N,NO,ALL_CANDIDATE_CONTEXT,"Amnay/Mindoro forearc ophiolite, western Philippines",13.0012778,120.8320833,,,N/A — igneous crystallization sample,IGNEOUS_OR_VOLCANIC_BEDROCK,IGNEOUS_OR_VOLCANIC_BEDROCK,ophiolitic/forearc igneous bedrock,VALID_PHYSICAL_SAMPLE,UID_UNIQUE_OK,13,13,31.8,31.96666666666667,33.2,0,0.0,0,0.0,0,0.0,13,1.0,13,1.0,NOT_APPLICABLE_BEDROCK,NOT_APPLICABLE_TO_DEPOSITION; CRYSTALLIZATION_AGE_POPULATION,"Bedrock zircon population: ages record host-rock crystallization. A narrow young population is tectonic/magmatic evidence, not a near-depositional detrital signal.",,强：俯冲启动前弧岩浆作用与SSZ蛇绿岩证据；但为基岩。,N/A_BEDROCK_NOT_SEDIMENTARY_CLAST_AUDIT,PSCS_RELATED_SSZ_BEDROCK_REFERENCE,保留—E4辅助SSZ基岩参照,AUX_BEDROCK_ONLY,NO,可作为古南海相关SSZ/前弧岩浆活动的辅助构造参照，但为基岩；且位于Mindoro–PCT邻区，不能直接代表北婆罗洲碎屑输出。,PAPER_LEVEL_HF_EVIDENCE_NOT_LINKED_TO_DATABASE_SAMPLE; LOW_N_LT20,PRIMARY_ARTICLE_VERIFIED,https://doi.org/10.1016/j.epsl.2020.116217,85be136c7bd1234a57aeb8fa1035eecbcb93d2b75bd61523c0c0a359ab153530,NO,NONE
