endpoint,global_sample_uid,sample_instance_uid,sample_id,study_id,doi,study_group_audit,latitude,longitude,country,province_state,geographic_locality,source_tectonic_unit,source_component,dataset_role,material_group,material_audit,sample_material_grain,formation,formation_grain,sedimentary_environment,sedimentary_environment_note,n_upb_rows,n_upb_valid,n_upb_author_qc,n_hf_actual,spectrum_fingerprint,audit_spectrum_fingerprint,candidate_original,is_main_ready,is_main_conditional,decision,decision_zh,geology_basis,audit_note,identity_flag,location_flag,material_flag,age_qc_flag,freeze_blocker,source_evidence_url,uid_unique_in_E1_E3
E1,E1::MAIN::10.1016/j.jseaes.2022.105111::18JV73E,10.1016/j.jseaes.2022.105111::18JV73E,18JV-73E,Wang2022_JSEAS105111,10.1016/j.jseaes.2022.105111,10.1016/j.jseaes.2022.105111,-0.56639,110.42667,Indonesia,West Kalimantan,SE of Balai Berkuak (Kerabai area),SW Borneo / Schwaner domain,Schwaner,MAIN_TRAIN_CANDIDATE,SEDIMENTARY_DETRITAL,SEDIMENTARY_DETRITAL,sedimentary rock (detrital zircon),Kerabai Volcanics (volcaniclastic / sandstone interval),Kerabai Volcanics (volcaniclastic / sandstone interval),youngest detrital zircon ~129 Ma (this dataset),沉积岩；具体沉积相未系统提取，不能据空值推断,90,90,90,0,e986ad65367ba426b7f1adb9336495fb5f6f3d41e2ecf769c4bf06b1802de80c,2e36ede58bdd476556333192c8ed6b50d7e9b3889bfc5de2f97b9930b82d21fe,True,True,True,KEEP_MAIN,保留进入主训练,直接采自 SW Borneo/Schwaner 的碎屑岩或河砂；未依谱形判断。,,,,,,,,True
E1,E1::MAIN::10.1016/j.jseaes.2022.105111::18JV85,10.1016/j.jseaes.2022.105111::18JV85,18JV-85,Wang2022_JSEAS105111,10.1016/j.jseaes.2022.105111,10.1016/j.jseaes.2022.105111,,,Indonesia,West Kalimantan / Central Kalimantan,"western South Schwaner Zone, West/Central Kalimantan border area",SW Borneo / Schwaner domain,Schwaner,MAIN_TRAIN_CANDIDATE,SEDIMENTARY_DETRITAL,SEDIMENTARY_DETRITAL,sedimentary rock (detrital zircon),Kuayan Formation (inferred from youngest-zircon age),Kuayan Formation (inferred from youngest-zircon age),youngest detrital zircon ~184 Ma (this dataset; Kuayan Fm is earliest Jurassic per source study),沉积岩；具体沉积相未系统提取，不能据空值推断,57,57,57,0,ac8d91185e324984ede87f137caaba3e309ea57ce5373814c7055729e048e743,28c88036019f64d58b29b5906532e2db4a1293334b3b81bcd3a7998fbceb9c5d,True,True,True,KEEP_MAIN,保留进入主训练,直接采自 SW Borneo/Schwaner 的碎屑岩或河砂；未依谱形判断。,,,COORDINATES_MISSING; ORIGINAL_STUDY_LOCALITY_CHECK,,,,,True
E1,E1::MAIN::10.1016/j.jseaes.2022.105111::18JV931,10.1016/j.jseaes.2022.105111::18JV931,18JV-93-1,Wang2022_JSEAS105111,10.1016/j.jseaes.2022.105111,10.1016/j.jseaes.2022.105111,-1.98833,111.18361,Indonesia,Central Kalimantan,south of Panopa,SW Borneo / Schwaner domain,Schwaner,MAIN_TRAIN_CANDIDATE,SEDIMENTARY_DETRITAL,SEDIMENTARY_DETRITAL,sedimentary rock (detrital zircon),Kuayan Formation,Kuayan Formation,youngest detrital zircon ~180 Ma (this dataset; Kuayan Fm is earliest Jurassic per source study),沉积岩；具体沉积相未系统提取，不能据空值推断,29,29,29,0,8b20fe256c00d04cfdd4e5bf8656169eb980e1d561a596cbb1d40eb0c5f4a84e,0f752eeb0a59ac832f6de8bc085cf6e4734226edb3fcda15ecc994c2e195884c,True,True,True,KEEP_MAIN,保留进入主训练,直接采自 SW Borneo/Schwaner 的碎屑岩或河砂；未依谱形判断。,,,,,,,,True
E1,E1::MAIN::10.1007/s00343-021-0405-6::11LA1,10.1007/s00343-021-0405-6::11LA1,11LA-1,Li2022_JOL0405_Ketapang,10.1007/s00343-021-0405-6,10.1007/s00343-021-0405-6,-1.53333,111.29167,Indonesia,West Kalimantan,Lamandau,SW Borneo / Schwaner domain,Schwaner,MAIN_TRAIN_CANDIDATE,SEDIMENTARY_DETRITAL,SEDIMENTARY_DETRITAL,sandstone (detrital),,,,沉积岩；具体沉积相未系统提取，不能据空值推断,113,113,113,0,0e24ab5e93ef0b2822497a848d9728748e4d65f6e57b7f0d4d5b0e20368c67c1,f2cf3da92ac6dcca07b344c9e64ad4c351e37514546533bb99f2fc0669703226,True,True,True,KEEP_MAIN,保留进入主训练,直接采自 SW Borneo/Schwaner 的碎屑岩或河砂；未依谱形判断。,,,,,,,,True
E1,E1::MAIN::10.3389/feart.2020.568715::LD10013C,10.3389/feart.2020.568715::LD10013C,LD10-013C,Breitfeld2020_Frontiers568715_RiverSand,10.3389/feart.2020.568715,10.3389/feart.2020.568715,-0.99571788,111.50113556,Indonesia,West Kalimantan,"Schwaner drainage, SW Borneo",SW Borneo / Schwaner domain,Schwaner,MAIN_TRAIN_CANDIDATE,MODERN_RIVER_OR_SAND,MODERN_RIVER_OR_SAND,modern river sand,,,modern (Quaternary river sand),现代河流/河砂（来源材料字段）；具体流域待原文复核,120,120,90,0,bbc5fbbd44bb7ee2da2b9dea816bbd7530955b962f09f986dbec9e5723b82a46,91b646dac0e637e2d35776df2e04a1310d2f96a7395ba1705f9a4d824ba647ab,True,False,True,HOLD_VERIFY,存疑待核实,地理归属 Schwaner 可接受；但原文8个河砂样品/837 concordant ages，与库中9个ID/1025 VALID_AGE不符。,,,,,AUTHOR_15_PERCENT_CONCORDANCE; 1025_TO_837_STUDY_TOTAL,YES,https://www.frontiersin.org/journals/earth-science/articles/10.3389/feart.2020.568715/full,True
E1,E1::MAIN::10.3389/feart.2020.568715::LD10042,10.3389/feart.2020.568715::LD10042,LD10-042,Breitfeld2020_Frontiers568715_RiverSand,10.3389/feart.2020.568715,10.3389/feart.2020.568715,-0.75420457,111.67671673,Indonesia,West Kalimantan,"Schwaner drainage, SW Borneo",SW Borneo / Schwaner domain,Schwaner,MAIN_TRAIN_CANDIDATE,MODERN_RIVER_OR_SAND,MODERN_RIVER_OR_SAND,modern river sand,,,modern (Quaternary river sand),现代河流/河砂（来源材料字段）；具体流域待原文复核,110,110,90,0,62fbd0045d7db18e36c50e735b50c8256f4c798edfb151a4ff44ea47af16a6ab,8ecdf0e87a9e09a5ef44302ae2c0a9aa8f114c2451d9a2c43b73639cb6d93709,True,False,True,HOLD_VERIFY,存疑待核实,地理归属 Schwaner 可接受；但原文8个河砂样品/837 concordant ages，与库中9个ID/1025 VALID_AGE不符。,,,,,AUTHOR_15_PERCENT_CONCORDANCE; 1025_TO_837_STUDY_TOTAL,YES,https://www.frontiersin.org/journals/earth-science/articles/10.3389/feart.2020.568715/full,True
E1,E1::MAIN::10.3389/feart.2020.568715::LD10062,10.3389/feart.2020.568715::LD10062,LD10-062,Breitfeld2020_Frontiers568715_RiverSand,10.3389/feart.2020.568715,10.3389/feart.2020.568715,-0.40892347,111.99935077,Indonesia,West Kalimantan,"Schwaner drainage, SW Borneo",SW Borneo / Schwaner domain,Schwaner,MAIN_TRAIN_CANDIDATE,MODERN_RIVER_OR_SAND,MODERN_RIVER_OR_SAND,modern river sand,,,modern (Quaternary river sand),现代河流/河砂（来源材料字段）；具体流域待原文复核,99,99,96,0,9ad9e293fc7b23f98f57fd4e4baddc66c5e6483bc803329ddcc96b2327d59246,dc14c4cde7bf6db69b25d2015ef2e1389f99caedd700b5fcced89ef11b2b79a5,True,False,True,HOLD_VERIFY,存疑待核实,地理归属 Schwaner 可接受；但原文8个河砂样品/837 concordant ages，与库中9个ID/1025 VALID_AGE不符。,,,,,AUTHOR_15_PERCENT_CONCORDANCE; 1025_TO_837_STUDY_TOTAL,YES,https://www.frontiersin.org/journals/earth-science/articles/10.3389/feart.2020.568715/full,True
E1,E1::MAIN::10.3389/feart.2020.568715::LD10104,10.3389/feart.2020.568715::LD10104,LD10-104,Breitfeld2020_Frontiers568715_RiverSand,10.3389/feart.2020.568715,10.3389/feart.2020.568715,-1.29064042,112.75728495,Indonesia,West Kalimantan,"Schwaner drainage, SW Borneo",SW Borneo / Schwaner domain,Schwaner,MAIN_TRAIN_CANDIDATE,MODERN_RIVER_OR_SAND,MODERN_RIVER_OR_SAND,modern river sand,,,modern (Quaternary river sand),现代河流/河砂（来源材料字段）；具体流域待原文复核,147,147,121,0,ee9f7afb2536106970c221dd1a369a74ef703842505532c436e76571c776a3bc,3db1ce0da2d63496b860a29f8ffa706c3778bd09744c5ac3bd4d67e07b3ee443,True,False,True,HOLD_VERIFY,存疑待核实,地理归属 Schwaner 可接受；但原文8个河砂样品/837 concordant ages，与库中9个ID/1025 VALID_AGE不符。,,,,,AUTHOR_15_PERCENT_CONCORDANCE; 1025_TO_837_STUDY_TOTAL,YES,https://www.frontiersin.org/journals/earth-science/articles/10.3389/feart.2020.568715/full,True
E1,E1::MAIN::10.3389/feart.2020.568715::SW3,10.3389/feart.2020.568715::SW3,SW3,Breitfeld2020_Frontiers568715_RiverSand,10.3389/feart.2020.568715,10.3389/feart.2020.568715,-0.422766,111.76395,Indonesia,West Kalimantan,"Schwaner drainage, SW Borneo",SW Borneo / Schwaner domain,Schwaner,MAIN_TRAIN_CANDIDATE,MODERN_RIVER_OR_SAND,MODERN_RIVER_OR_SAND,modern river sand,,,modern (Quaternary river sand),现代河流/河砂（来源材料字段）；具体流域待原文复核,120,120,98,0,ccd2ab0876b109290db8223faca669d8112c07998b321b595ffc7787fabccacd,827907ee25886c7c9c88b66f87bea6c269d0e97e0b872b139f624a2810a128fc,True,False,True,HOLD_VERIFY,存疑待核实,地理归属 Schwaner 可接受；但原文8个河砂样品/837 concordant ages，与库中9个ID/1025 VALID_AGE不符。,,,,,AUTHOR_15_PERCENT_CONCORDANCE; 1025_TO_837_STUDY_TOTAL,YES,https://www.frontiersin.org/journals/earth-science/articles/10.3389/feart.2020.568715/full,True
E1,E1::MAIN::10.3389/feart.2020.568715::SW4,10.3389/feart.2020.568715::SW4,SW4,Breitfeld2020_Frontiers568715_RiverSand,10.3389/feart.2020.568715,10.3389/feart.2020.568715,-0.43729,111.757512,Indonesia,West Kalimantan,"Schwaner drainage, SW Borneo",SW Borneo / Schwaner domain,Schwaner,MAIN_TRAIN_CANDIDATE,MODERN_RIVER_OR_SAND,MODERN_RIVER_OR_SAND,modern river sand,,,modern (Quaternary river sand),现代河流/河砂（来源材料字段）；具体流域待原文复核,89,89,51,0,08626af6a5e844cc6ac98c19e9a838c7ca10de31dc748f90a5955c53f898342f,60e1177dcfcfec5c33cad77fcc68b31e58cf482659e55fa2486be149d12c4bcd,True,False,True,HOLD_VERIFY,存疑待核实,地理归属 Schwaner 可接受；但原文8个河砂样品/837 concordant ages，与库中9个ID/1025 VALID_AGE不符。,,,,,AUTHOR_15_PERCENT_CONCORDANCE; 1025_TO_837_STUDY_TOTAL,YES,https://www.frontiersin.org/journals/earth-science/articles/10.3389/feart.2020.568715/full,True
E1,E1::MAIN::10.3389/feart.2020.568715::SW8,10.3389/feart.2020.568715::SW8,SW8,Breitfeld2020_Frontiers568715_RiverSand,10.3389/feart.2020.568715,10.3389/feart.2020.568715,-0.459465,111.753274,Indonesia,West Kalimantan,"Schwaner drainage, SW Borneo",SW Borneo / Schwaner domain,Schwaner,MAIN_TRAIN_CANDIDATE,MODERN_RIVER_OR_SAND,MODERN_RIVER_OR_SAND,modern river sand,,,modern (Quaternary river sand),现代河流/河砂（来源材料字段）；具体流域待原文复核,101,101,84,0,3ed6f5154fa45ec947bf2e85842f8a7a17ed16b4779d09dcf7dc41eb863852be,e6b559bcf3233a4af4ca08710ab4cafe6acdaf3f32f440496561a2dcea68b364,True,False,True,HOLD_VERIFY,存疑待核实,地理归属 Schwaner 可接受；但原文8个河砂样品/837 concordant ages，与库中9个ID/1025 VALID_AGE不符。,,,,,AUTHOR_15_PERCENT_CONCORDANCE; 1025_TO_837_STUDY_TOTAL,YES,https://www.frontiersin.org/journals/earth-science/articles/10.3389/feart.2020.568715/full,True
E1,E1::MAIN::10.3389/feart.2020.568715::SW15,10.3389/feart.2020.568715::SW15,SW15,Breitfeld2020_Frontiers568715_RiverSand,10.3389/feart.2020.568715,10.3389/feart.2020.568715,-0.606426,111.71986,Indonesia,West Kalimantan,"Schwaner drainage, SW Borneo",SW Borneo / Schwaner domain,Schwaner,MAIN_TRAIN_CANDIDATE,MODERN_RIVER_OR_SAND,MODERN_RIVER_OR_SAND,modern river sand,,,modern (Quaternary river sand),现代河流/河砂（来源材料字段）；具体流域待原文复核,124,124,104,0,058be912f3b3573d45b8969ac5b3cf3438c091979b25df547e29fd7d34c68152,53a9cb14d5d596ee22d6cc04ac34a87780efa4dd91a1f5d6314b2ae73d50e144,True,False,True,HOLD_VERIFY,存疑待核实,地理归属 Schwaner 可接受；但原文8个河砂样品/837 concordant ages，与库中9个ID/1025 VALID_AGE不符。,,,,,AUTHOR_15_PERCENT_CONCORDANCE; 1025_TO_837_STUDY_TOTAL,YES,https://www.frontiersin.org/journals/earth-science/articles/10.3389/feart.2020.568715/full,True
E1,E1::MAIN::10.3389/feart.2020.568715::SW20,10.3389/feart.2020.568715::SW20,SW20,Breitfeld2020_Frontiers568715_RiverSand,10.3389/feart.2020.568715,10.3389/feart.2020.568715,-0.631457,111.655045,Indonesia,West Kalimantan,"Schwaner drainage, SW Borneo",SW Borneo / Schwaner domain,Schwaner,MAIN_TRAIN_CANDIDATE,MODERN_RIVER_OR_SAND,MODERN_RIVER_OR_SAND,modern river sand,,,modern (Quaternary river sand),现代河流/河砂（来源材料字段）；具体流域待原文复核,115,115,103,0,c203344bbc6dbb2df6802a924f7ff50c5f9d1784afb502dd44c53946874f3854,04d877c03ddd281301591316dda57e50130e8e850903203d99f9fa5b35a1f15a,True,False,True,HOLD_VERIFY,存疑待核实,地理归属 Schwaner 可接受；但原文8个河砂样品/837 concordant ages，与库中9个ID/1025 VALID_AGE不符。,,,,,AUTHOR_15_PERCENT_CONCORDANCE; 1025_TO_837_STUDY_TOTAL,YES,https://www.frontiersin.org/journals/earth-science/articles/10.3389/feart.2020.568715/full,True
E1,E1::MAIN::10.1130/g50966.1::WK272,10.1130/g50966.1::WK272,WK-27.2,Quek2023_Geology51,10.1130/G50966.1,10.1130/g50966.1,-0.168889,110.848056,Indonesia,West Kalimantan,"n=102) (0°10′8″ S, 110°50′53″ E",SW Borneo (Banda) Block / North Schwaner Zone,Schwaner,MAIN_TRAIN_CANDIDATE,SEDIMENTARY_DETRITAL,SEDIMENTARY_DETRITAL,sedimentary rock (detrital zircon; type not stated in SI),,,,沉积岩；具体沉积相未系统提取，不能据空值推断,102,102,102,0,d46ddeb6123a01e09f0143147d9810c8c2952dca56bdda2b38a37e8f4de51dbd,1d17caf3a849c9d7c05e755c32028087c16634880a8be08e907451c93fd929f0,True,True,True,KEEP_MAIN,保留进入主训练,直接采自 SW Borneo/Schwaner 的碎屑岩或河砂；未依谱形判断。,,,,,,,,True
E1,E1::MAIN::10.1130/g50966.1::WK36,10.1130/g50966.1::WK36,WK-36,Quek2023_Geology51,10.1130/G50966.1,10.1130/g50966.1,-0.6925,111.705278,Indonesia,West Kalimantan,"n=88) (0°41′33″ S, 111°42′19″ E",SW Borneo (Banda) Block / North Schwaner Zone (Pinoh Metamorphics area),Schwaner,MAIN_TRAIN_CANDIDATE,SEDIMENTARY_DETRITAL,SEDIMENTARY_DETRITAL,sedimentary rock (detrital zircon; type not stated in SI),,,,沉积岩；具体沉积相未系统提取，不能据空值推断,88,88,88,0,3a1a29c8519fabab96a6e9762b3f27e88acc685dfbb3c6f68dba023c2fed188f,714127aa4bfe306fdbede0e70ef45f2815e183af7d8876945010161379886000,True,True,True,KEEP_MAIN,保留进入主训练,直接采自 SW Borneo/Schwaner 的碎屑岩或河砂；未依谱形判断。,,,,,,,,True
E1,E1::MAIN::10.1016/j.tecto.2016.11.034::712,10.1016/j.tecto.2016.11.034::712,712,Breitfeld2017_Tectonophysics694,10.1016/j.tecto.2016.11.034,10.1016/j.tecto.2016.11.034,0.94992,110.54333,Malaysia,Sarawak,SSW of Kampung Bugu,Kuching Zone (West Sarawak) — 不等同于 SW Borneo 块体,Kuching Zone,TARGET_OVERLAP_REFERENCE,SEDIMENTARY_DETRITAL,SEDIMENTARY_DETRITAL,sedimentary rock (detrital zircon),Sadong Formation,Sadong Formation,,沉积岩；具体沉积相未系统提取，不能据空值推断,131,131,131,0,e869ab65963f7c274406461763aefd56b37c06e7ee3599ad606bad9379c274c3,981af2cb070f79d0b9896cccee4c52737e17129b111db84e3b9c8d3a6d5df064,False,False,False,CHALLENGE_ONLY,转 challenge_only,与 TARGET 完全同谱，泄漏风险，不能主训练。,,,,,,,,True
E1,E1::MAIN::10.1016/j.tecto.2016.11.034::713B,10.1016/j.tecto.2016.11.034::713B,713b,Breitfeld2017_Tectonophysics694,10.1016/j.tecto.2016.11.034,10.1016/j.tecto.2016.11.034,0.99672,110.60248,Malaysia,Sarawak,SE of Kampung Bugu,Kuching Zone (West Sarawak) — 不等同于 SW Borneo 块体,Kuching Zone,TARGET_OVERLAP_REFERENCE,SEDIMENTARY_DETRITAL,SEDIMENTARY_DETRITAL,sedimentary rock (detrital zircon),Sadong Formation,Sadong Formation,,沉积岩；具体沉积相未系统提取，不能据空值推断,148,148,148,0,315ba38038df4db424e6321ac1306ecdf697705b6f02d98235a9b50a7533bf7e,aec4ba9d4c259653f065a65143b1a6be7f8790c703b2ad84517cfd8d1ea98abe,False,False,False,CHALLENGE_ONLY,转 challenge_only,与 TARGET 完全同谱，泄漏风险，不能主训练。,,,,,,,,True
E1,E1::MAIN::10.1016/j.tecto.2016.11.034::STB07A,10.1016/j.tecto.2016.11.034::STB07A,STB-07a,Breitfeld2017_Tectonophysics694,10.1016/j.tecto.2016.11.034,10.1016/j.tecto.2016.11.034,1.57748,109.89238,Malaysia,Sarawak,Kampung Peran,Kuching Zone (West Sarawak) — 不等同于 SW Borneo 块体,Kuching Zone,TARGET_OVERLAP_REFERENCE,SEDIMENTARY_DETRITAL,SEDIMENTARY_DETRITAL,sedimentary rock (detrital zircon),Pedawan Formation,Pedawan Formation,,沉积岩；具体沉积相未系统提取，不能据空值推断,86,86,86,0,b6cbbe524d0e7750c4f4d634b7948dc0e45c05bbbe89fc26ea689021678b6cf8,cedf8af7fb8be9b166f91f347b3e56e7c945fb4684eb07d8475a4359c5a36d90,False,False,False,CHALLENGE_ONLY,转 challenge_only,与 TARGET 完全同谱，泄漏风险，不能主训练。,,,,,,,,True
E1,E1::MAIN::10.1016/j.tecto.2016.11.034::STB34,10.1016/j.tecto.2016.11.034::STB34,STB-34,Breitfeld2017_Tectonophysics694,10.1016/j.tecto.2016.11.034,10.1016/j.tecto.2016.11.034,1.18386,110.26054,Malaysia,Sarawak,east of Kampung Sapit,Kuching Zone (West Sarawak) — 不等同于 SW Borneo 块体,Kuching Zone,TARGET_OVERLAP_REFERENCE,SEDIMENTARY_DETRITAL,SEDIMENTARY_DETRITAL,sedimentary rock (detrital zircon),Pedawan Formation,Pedawan Formation,,沉积岩；具体沉积相未系统提取，不能据空值推断,79,79,79,0,93bfac0f52bccc50dd43fe618ec808c66105d46980ca0ba574f04b74f4536dd5,821f66cd5c35d7c9d6415ecf01b24a5a3667a0385fb3ced7cdb336d7e1e3f68f,False,False,False,CHALLENGE_ONLY,转 challenge_only,与 TARGET 完全同谱，泄漏风险，不能主训练。,,,,,,,,True
E1,E1::MAIN::10.1016/j.tecto.2016.11.034::STB68B,10.1016/j.tecto.2016.11.034::STB68B,STB-68b,Breitfeld2017_Tectonophysics694,10.1016/j.tecto.2016.11.034,10.1016/j.tecto.2016.11.034,1.49882,110.14464,Malaysia,Sarawak,NW of Kampung Atas,Kuching Zone (West Sarawak) — 不等同于 SW Borneo 块体,Kuching Zone,TARGET_OVERLAP_REFERENCE,SEDIMENTARY_DETRITAL,SEDIMENTARY_DETRITAL,sedimentary rock (detrital zircon),Pedawan Formation,Pedawan Formation,,沉积岩；具体沉积相未系统提取，不能据空值推断,113,113,113,0,f8b08c8de6efacd9a01edde94a9142e50d937e561077e31144afb5f88e3b2dbf,5e9d45dd6f01ab289ea98da8b957c20e295c51ef1dbf954071ee6f35bdf8a55c,False,False,False,CHALLENGE_ONLY,转 challenge_only,与 TARGET 完全同谱，泄漏风险，不能主训练。,,,,,,,,True
E1,E1::MAIN::10.1016/j.tecto.2016.11.034::TB250A,10.1016/j.tecto.2016.11.034::TB250A,TB-250a,Breitfeld2017_Tectonophysics694,10.1016/j.tecto.2016.11.034,10.1016/j.tecto.2016.11.034,1.53395,110.36448,Malaysia,Sarawak,Kuching,Kuching Zone (West Sarawak) — 不等同于 SW Borneo 块体,Kuching Zone,TARGET_OVERLAP_REFERENCE,SEDIMENTARY_DETRITAL,SEDIMENTARY_DETRITAL,sedimentary rock (detrital zircon),Kuching Formation,Kuching Formation,,沉积岩；具体沉积相未系统提取，不能据空值推断,132,132,132,0,c846d5bba56d1b7f1f53e137390402ffe7dc8bb31d7fa713e1248da3c52a1172,1b92902608b3f153237fae9a423c22532f6b8c0976de5490faed82bd967caa71,False,False,False,CHALLENGE_ONLY,转 challenge_only,与 TARGET 完全同谱，泄漏风险，不能主训练。,,,,,,,,True
E1,E1::MAIN::10.1016/j.jseaes.2022.105111::18JV52,10.1016/j.jseaes.2022.105111::18JV52,18JV-52,Wang2022_JSEAS105111,10.1016/j.jseaes.2022.105111,10.1016/j.jseaes.2022.105111,1.03861,109.62028,Indonesia,West Kalimantan,Ledo (Bengkayang area),"Kuching Zone (West Borneo block, north of SW Borneo)",Schwaner,MAIN_TRAIN_CANDIDATE,SEDIMENTARY_DETRITAL,SEDIMENTARY_DETRITAL,sedimentary rock (detrital zircon),Bengkayang Formation,Bengkayang Formation,youngest detrital zircon ~153–154 Ma (source study),沉积岩；具体沉积相未系统提取，不能据空值推断,80,80,80,0,f3ac6be03cd03aa9c2fce3357ef87b2a8109468427a2e4b6a841c6b3739c3922,989cbe76853b0133fe1e38a80a19a4723842381a36050c7c0cb1bc435969ea97,True,False,False,EXTERNAL_REFERENCE,转 external reference,实际位于 Kuching Zone、Lupar 或 Meratus，不属严格 SW Borneo/Schwaner。,,,DOMAIN_CONFLICT,,,,https://doi.org/10.1016/j.gr.2018.06.001,True
E1,E1::MAIN::10.1016/j.jseaes.2022.105111::18JV531,10.1016/j.jseaes.2022.105111::18JV531,18JV-53-1,Wang2022_JSEAS105111,10.1016/j.jseaes.2022.105111,10.1016/j.jseaes.2022.105111,1.35,109.72,Indonesia,West Kalimantan,Bengkayang area (same Bengkayang Fm transect as 18JV-52 / 18JV-56-1),"Kuching Zone (West Borneo block, north of SW Borneo)",Schwaner,MAIN_TRAIN_CANDIDATE,SEDIMENTARY_DETRITAL,SEDIMENTARY_DETRITAL,sedimentary rock (detrital zircon),Bengkayang Formation,Bengkayang Formation,youngest detrital zircon ~153–154 Ma (source study),沉积岩；具体沉积相未系统提取，不能据空值推断,71,71,71,0,b68ab5cdb27f86ece3cffa54bd5ba6324bafbf10f6feae0507abdea39f3b54c9,6817b1eec879af1f0f0024c0088c3bbac2fd79a16ed3b228ccf1bb9920ff8aaa,True,False,False,EXTERNAL_REFERENCE,转 external reference,实际位于 Kuching Zone、Lupar 或 Meratus，不属严格 SW Borneo/Schwaner。,,,DOMAIN_CONFLICT,,,,https://doi.org/10.1016/j.gr.2018.06.001,True
E1,E1::MAIN::10.1016/j.jseaes.2022.105111::18JV561,10.1016/j.jseaes.2022.105111::18JV561,18JV-56-1,Wang2022_JSEAS105111,10.1016/j.jseaes.2022.105111,10.1016/j.jseaes.2022.105111,0.87889,109.50667,Indonesia,West Kalimantan,NNE of Bengkayang,"Kuching Zone (West Borneo block, north of SW Borneo)",Schwaner,MAIN_TRAIN_CANDIDATE,SEDIMENTARY_DETRITAL,SEDIMENTARY_DETRITAL,sedimentary rock (detrital zircon),Bengkayang Formation,Bengkayang Formation,youngest detrital zircon ~153–154 Ma (source study),沉积岩；具体沉积相未系统提取，不能据空值推断,79,79,79,0,bc282e4625c4d11a1697e84675ee98ee6df35c55df1f96f78aa8591635227d75,c3c93ce88e6d0d5e593ace6da237f6b4d7629f53ad6afac93ffe1bebda6e6eda,True,False,False,EXTERNAL_REFERENCE,转 external reference,实际位于 Kuching Zone、Lupar 或 Meratus，不属严格 SW Borneo/Schwaner。,,,DOMAIN_CONFLICT,,,,https://doi.org/10.1016/j.gr.2018.06.001,True
E1,E1::MAIN::10.1029/2025gc012837::SR09,10.1029/2025gc012837::SR09,SR09,Zhou2026_G3_2025GC012837,10.1029/2025GC012837,10.1029/2025gc012837,1.83,109.62,Malaysia,Sarawak,"Serabang area (SW of Lundu, near Indonesian border)",Kuching Zone (West Sarawak) — 不等同于 SW Borneo 块体,Kuching Zone,MAIN_TRAIN_CANDIDATE,SEDIMENTARY_DETRITAL,SEDIMENTARY_DETRITAL,sandstone (detrital),Serabang Formation,Serabang Formation,Cretaceous (poorly constrained; see MDA note),沉积岩；具体沉积相未系统提取，不能据空值推断,97,97,97,0,e652eb626ccedbdbfbc762077e3364bce9be57bc18f6e7e0709e4e28dafc69b6,abf12b80efea6376688148e48b61054f87e233f33c05c6f8756d4b8634b2f922,True,False,False,EXTERNAL_REFERENCE,转 external reference,实际位于 Kuching Zone、Lupar 或 Meratus，不属严格 SW Borneo/Schwaner。,,,DOMAIN_CONFLICT,,,,https://doi.org/10.1016/j.gr.2018.06.001,True
E1,E1::MAIN::10.1029/2025gc012837::SR30,10.1029/2025gc012837::SR30,SR30,Zhou2026_G3_2025GC012837,10.1029/2025GC012837,10.1029/2025gc012837,1.83,109.62,Malaysia,Sarawak,"Serabang area (SW of Lundu, near Indonesian border)",Kuching Zone (West Sarawak) — 不等同于 SW Borneo 块体,Kuching Zone,MAIN_TRAIN_CANDIDATE,SEDIMENTARY_DETRITAL,SEDIMENTARY_DETRITAL,sandstone (detrital),Serabang Formation,Serabang Formation,Cretaceous (poorly constrained; see MDA note),沉积岩；具体沉积相未系统提取，不能据空值推断,97,97,97,0,a24df7b5c79e97c315d677be2849a4429b51b2efd7d9b2cde46703c156d60a66,184268c42de61f5fbf9b157bdb28c073d1daa50ae060cb5faa831e000f10f3df,True,False,False,EXTERNAL_REFERENCE,转 external reference,实际位于 Kuching Zone、Lupar 或 Meratus，不属严格 SW Borneo/Schwaner。,,,DOMAIN_CONFLICT,,,,https://doi.org/10.1016/j.gr.2018.06.001,True
E1,E1::MAIN::10.1016/j.gr.2018.06.001::STB01,10.1016/j.gr.2018.06.001::STB01,STB01,Breitfeld2018_GondwanaRes63,10.1016/j.gr.2018.06.001,10.1016/j.gr.2018.06.001,1.48316,110.07816,Malaysia,Sarawak,Kayan Syncline,Kuching Zone (West Sarawak) — 不等同于 SW Borneo 块体,Kuching Zone,TARGET_OVERLAP_REFERENCE,SEDIMENTARY_DETRITAL,SEDIMENTARY_DETRITAL,sandstone (detrital),Kayan Sst (Kayan Syncline),Kayan Sst (Kayan Syncline),Paleogene (latest Cretaceous to Late Eocene Kuching Zone succession; unit age see source),沉积岩；具体沉积相未系统提取，不能据空值推断,148,148,148,0,d041c1606c036d1c05fd06658bab0a6764e8330ec952d548a2dfcb6d204ab88a,2584f51087c37fb25ca8b8aa65add110005737a4910d86d9e7baba4f4951b86c,False,False,False,CHALLENGE_ONLY,转 challenge_only,与 TARGET 完全同谱，泄漏风险，不能主训练。,,,,,,,,True
E1,E1::MAIN::10.1016/j.gr.2018.06.001::STB10,10.1016/j.gr.2018.06.001::STB10,STB10,Breitfeld2018_GondwanaRes63,10.1016/j.gr.2018.06.001,10.1016/j.gr.2018.06.001,1.62068,109.97058,Malaysia,Sarawak,Kayan Syncline,Kuching Zone (West Sarawak) — 不等同于 SW Borneo 块体,Kuching Zone,TARGET_OVERLAP_REFERENCE,SEDIMENTARY_DETRITAL,SEDIMENTARY_DETRITAL,sandstone (detrital),Kayan Sst (Kayan Syncline),Kayan Sst (Kayan Syncline),Paleogene (latest Cretaceous to Late Eocene Kuching Zone succession; unit age see source),沉积岩；具体沉积相未系统提取，不能据空值推断,66,66,66,0,3993da54551bdcc953c6876f1a9df66ecc99c5103982e34452886f1834b6a6bd,a73c956a4a0b5a28268a2fcce1bb03fac570a5a924f899c40ff925c6e4913304,False,False,False,CHALLENGE_ONLY,转 challenge_only,与 TARGET 完全同谱，泄漏风险，不能主训练。,,,,,,,,True
E1,E1::MAIN::10.1016/j.gr.2018.06.001::STB18A,10.1016/j.gr.2018.06.001::STB18A,STB18a,Breitfeld2018_GondwanaRes63,10.1016/j.gr.2018.06.001,10.1016/j.gr.2018.06.001,1.64384,110.19166,Malaysia,Sarawak,Matang,Kuching Zone (West Sarawak) — 不等同于 SW Borneo 块体,Kuching Zone,TARGET_OVERLAP_REFERENCE,SEDIMENTARY_DETRITAL,SEDIMENTARY_DETRITAL,sandstone (detrital),Kayan Sst (Matang/Serapi),Kayan Sst (Matang/Serapi),Paleogene (latest Cretaceous to Late Eocene Kuching Zone succession; unit age see source),沉积岩；具体沉积相未系统提取，不能据空值推断,170,170,170,0,ef669ee9a20a04c82e6b530bb7d05e3213216b5b94318ba7b136fe42a605b885,8538c62ada6dc1fc34da75e171b29c8c0d98e259d37f974045f0381d77e7ef83,False,False,False,CHALLENGE_ONLY,转 challenge_only,与 TARGET 完全同谱，泄漏风险，不能主训练。,,,,,,,,True
E1,E1::MAIN::10.1016/j.gr.2018.06.001::STB18B,10.1016/j.gr.2018.06.001::STB18B,STB18b,Breitfeld2018_GondwanaRes63,10.1016/j.gr.2018.06.001,10.1016/j.gr.2018.06.001,1.64384,110.19166,Malaysia,Sarawak,Matang,Kuching Zone (West Sarawak) — 不等同于 SW Borneo 块体,Kuching Zone,TARGET_OVERLAP_REFERENCE,SEDIMENTARY_DETRITAL,SEDIMENTARY_DETRITAL,sandstone (detrital),,,Paleogene (latest Cretaceous to Late Eocene Kuching Zone succession; unit age see source),沉积岩；具体沉积相未系统提取，不能据空值推断,119,119,119,0,0a7074de1e2514a246d1ed904ca2d2ac9d4c47223000a925fd7b209c3d544892,d47f92a38df33f457d3d7f647a9bb62da0120583d1c87020620e8f5aa35732b3,False,False,False,CHALLENGE_ONLY,转 challenge_only,与 TARGET 完全同谱，泄漏风险，不能主训练。,,,,,,,,True
E1,E1::MAIN::10.1016/j.gr.2018.06.001::STB20A,10.1016/j.gr.2018.06.001::STB20A,STB20a,Breitfeld2018_GondwanaRes63,10.1016/j.gr.2018.06.001,10.1016/j.gr.2018.06.001,1.18649,110.24229,Malaysia,Sarawak,Bungo Range,Kuching Zone (West Sarawak) — 不等同于 SW Borneo 块体,Kuching Zone,TARGET_OVERLAP_REFERENCE,SEDIMENTARY_DETRITAL,SEDIMENTARY_DETRITAL,sandstone (detrital),,,Paleogene (latest Cretaceous to Late Eocene Kuching Zone succession; unit age see source),沉积岩；具体沉积相未系统提取，不能据空值推断,44,44,44,0,c9f98423f5d5b3607bba6eed9bcd1a23e4026d9d080ce5e6d869c0073ae2cc94,3a5321a8addc0db1526bcfcea2c73ba406b7d6831bbf2b40805c1a5b2df01702,False,False,False,CHALLENGE_ONLY,转 challenge_only,与 TARGET 完全同谱，泄漏风险，不能主训练。,,,,,,,,True
E1,E1::MAIN::10.1016/j.gr.2018.06.001::STB21,10.1016/j.gr.2018.06.001::STB21,STB21,Breitfeld2018_GondwanaRes63,10.1016/j.gr.2018.06.001,10.1016/j.gr.2018.06.001,1.18649,110.24229,Malaysia,Sarawak,Bungo Range (SHRIMP),Kuching Zone (West Sarawak) — 不等同于 SW Borneo 块体,Kuching Zone,MAIN_TRAIN_CANDIDATE,SEDIMENTARY_DETRITAL,SEDIMENTARY_DETRITAL,sandstone (detrital),Kayan Sst (Bungo Range),Kayan Sst (Bungo Range),Paleogene (latest Cretaceous to Late Eocene Kuching Zone succession; unit age see source),沉积岩；具体沉积相未系统提取，不能据空值推断,43,43,43,0,db542fcfcf88bc74de3319bd42d9403aaea928a392b40dc7982adbfe471afb72,372e090101bd4725cabad09c7ee4fc55a640ae93afb3c67939e48f95d0997128,True,False,False,EXTERNAL_REFERENCE,转 external reference,实际位于 Kuching Zone、Lupar 或 Meratus，不属严格 SW Borneo/Schwaner。,,,DOMAIN_CONFLICT,,,,https://doi.org/10.1016/j.gr.2018.06.001,True
E1,E1::MAIN::10.1016/j.gr.2018.06.001::STB48C,10.1016/j.gr.2018.06.001::STB48C,STB48c,Breitfeld2018_GondwanaRes63,10.1016/j.gr.2018.06.001,10.1016/j.gr.2018.06.001,1.77708,110.341,Malaysia,Sarawak,Santubong,Kuching Zone (West Sarawak) — 不等同于 SW Borneo 块体,Kuching Zone,TARGET_OVERLAP_REFERENCE,SEDIMENTARY_DETRITAL,SEDIMENTARY_DETRITAL,sandstone (detrital),,,Paleogene (latest Cretaceous to Late Eocene Kuching Zone succession; unit age see source),沉积岩；具体沉积相未系统提取，不能据空值推断,168,168,168,0,462fe60e9b198888f9b06a1f3853b4419cbb4fb78ff7136a8357e44470d23057,1a51259ba8a50850541dd2af4288cfc2a508a54e8754417d3301989e997c5f88,False,False,False,CHALLENGE_ONLY,转 challenge_only,与 TARGET 完全同谱，泄漏风险，不能主训练。,,,,,,,,True
E1,E1::MAIN::10.1016/j.gr.2018.06.001::STB50,10.1016/j.gr.2018.06.001::STB50,STB50,Breitfeld2018_GondwanaRes63,10.1016/j.gr.2018.06.001,10.1016/j.gr.2018.06.001,1.77708,110.341,Malaysia,Sarawak,Santubong,Kuching Zone (West Sarawak) — 不等同于 SW Borneo 块体,Kuching Zone,TARGET_OVERLAP_REFERENCE,SEDIMENTARY_DETRITAL,SEDIMENTARY_DETRITAL,sandstone (detrital),Kayan Sst (Santubong),Kayan Sst (Santubong),Paleogene (latest Cretaceous to Late Eocene Kuching Zone succession; unit age see source),沉积岩；具体沉积相未系统提取，不能据空值推断,72,72,72,0,f0fecb01553892c7c6d641a92612ccc695d47d7b1c681c6b25a5d2c29d973373,cb82f06c2a68625c1ab8494c3c03230fd5411455d328c2b458080eb795c00af2,False,False,False,CHALLENGE_ONLY,转 challenge_only,与 TARGET 完全同谱，泄漏风险，不能主训练。,,,,,,,,True
E1,E1::MAIN::10.1016/j.gr.2018.06.001::TB21,10.1016/j.gr.2018.06.001::TB21,TB21,Breitfeld2018_GondwanaRes63,10.1016/j.gr.2018.06.001,10.1016/j.gr.2018.06.001,1.58793,110.19226,Malaysia,Sarawak,Serapi,Kuching Zone (West Sarawak) — 不等同于 SW Borneo 块体,Kuching Zone,TARGET_OVERLAP_REFERENCE,SEDIMENTARY_DETRITAL,SEDIMENTARY_DETRITAL,sandstone (detrital),Kayan Sst (Matang/Serapi),Kayan Sst (Matang/Serapi),Paleogene (latest Cretaceous to Late Eocene Kuching Zone succession; unit age see source),沉积岩；具体沉积相未系统提取，不能据空值推断,149,149,149,0,fbdb2c4e2d06b4cd67a3f8a391d070b015f8c3be0c0297bfd2dd14d9a70c9b10,044515fbaba0ebd51ddb6d6e0eecaf648e204ea72e4794254a8672ee27c98312,False,False,False,CHALLENGE_ONLY,转 challenge_only,与 TARGET 完全同谱，泄漏风险，不能主训练。,,,,,,,,True
E1,E1::MAIN::10.1016/j.gr.2018.06.001::TB89B,10.1016/j.gr.2018.06.001::TB89B,TB89b,Breitfeld2018_GondwanaRes63,10.1016/j.gr.2018.06.001,10.1016/j.gr.2018.06.001,1.83191,109.68271,Malaysia,Sarawak,Pueh area/Serabang,Kuching Zone (West Sarawak) — 不等同于 SW Borneo 块体,Kuching Zone,TARGET_OVERLAP_REFERENCE,SEDIMENTARY_DETRITAL,SEDIMENTARY_DETRITAL,sandstone (detrital),Kayan Sst (Pueh area),Kayan Sst (Pueh area),Paleogene (latest Cretaceous to Late Eocene Kuching Zone succession; unit age see source),沉积岩；具体沉积相未系统提取，不能据空值推断,143,143,143,0,62bf843d51fa0493c4b43053de9c26a34881778b38d25c9f2428a07191a8911f,f85a68b5ff2b9993d5460da6236e513428487f18dd7f284828fa0bdd9bbc7320,False,False,False,CHALLENGE_ONLY,转 challenge_only,与 TARGET 完全同谱，泄漏风险，不能主训练。,,,,,,,,True
E1,E1::MAIN::10.1016/j.gr.2018.06.001::TB124B,10.1016/j.gr.2018.06.001::TB124B,TB124b,Breitfeld2018_GondwanaRes63,10.1016/j.gr.2018.06.001,10.1016/j.gr.2018.06.001,1.15724,110.24972,Malaysia,Sarawak,Bungo Range,Kuching Zone (West Sarawak) — 不等同于 SW Borneo 块体,Kuching Zone,TARGET_OVERLAP_REFERENCE,SEDIMENTARY_DETRITAL,SEDIMENTARY_DETRITAL,sandstone (detrital),Kayan Sst (Bungo Range),Kayan Sst (Bungo Range),Paleogene (latest Cretaceous to Late Eocene Kuching Zone succession; unit age see source),沉积岩；具体沉积相未系统提取，不能据空值推断,115,115,115,0,902eae6cf9ecd704634b7a6c3c46e6319622233657fb5736faff4cd4428119c3,3ce51b4606f22eaa40813ffe0be59505dc4e1547fda6b317a6319a141e5e4210,False,False,False,CHALLENGE_ONLY,转 challenge_only,与 TARGET 完全同谱，泄漏风险，不能主训练。,,,,,,,,True
E1,E1::MAIN::10.1016/j.gr.2018.06.001::TB167,10.1016/j.gr.2018.06.001::TB167,TB167,Breitfeld2018_GondwanaRes63,10.1016/j.gr.2018.06.001,10.1016/j.gr.2018.06.001,1.73206,110.33004,Malaysia,Sarawak,Santubong,Kuching Zone (West Sarawak) — 不等同于 SW Borneo 块体,Kuching Zone,TARGET_OVERLAP_REFERENCE,SEDIMENTARY_DETRITAL,SEDIMENTARY_DETRITAL,sandstone (detrital),?Kayan Sst (Santubong),?Kayan Sst (Santubong),Paleogene (latest Cretaceous to Late Eocene Kuching Zone succession; unit age see source),沉积岩；具体沉积相未系统提取，不能据空值推断,132,132,132,0,226247aa9b1378760f51d4c0f726a01b6fab670fac3cda938cc1761c45484644,df39254b3d3b49a013c691d777c62c031151c85bac85e3a17a982ac1acc1241c,False,False,False,CHALLENGE_ONLY,转 challenge_only,与 TARGET 完全同谱，泄漏风险，不能主训练。,,,,,,,,True
E1,E1::MAIN::10.1016/j.gr.2018.06.001::TB119,10.1016/j.gr.2018.06.001::TB119,TB119,Breitfeld2018_GondwanaRes63,10.1016/j.gr.2018.06.001,10.1016/j.gr.2018.06.001,1.13443,110.22248,Malaysia,Sarawak,G. Penrissen,Kuching Zone (West Sarawak) — 不等同于 SW Borneo 块体,Kuching Zone,TARGET_OVERLAP_REFERENCE,SEDIMENTARY_DETRITAL,SEDIMENTARY_DETRITAL,sandstone (detrital),Penrissen Sandstone,Penrissen Sandstone,Paleogene (latest Cretaceous to Late Eocene Kuching Zone succession; unit age see source),沉积岩；具体沉积相未系统提取，不能据空值推断,167,167,167,0,0d854758f71ee752861edd65d9eb8bab058759d5c0ae1c2e648f90be94fa45ca,d54838f9c220cfd5be66148efa19b1ac20d7caae5a9588c9c28978314619cef8,False,False,False,CHALLENGE_ONLY,转 challenge_only,与 TARGET 完全同谱，泄漏风险，不能主训练。,,,,,,,,True
E1,E1::MAIN::10.1016/j.gr.2018.06.001::TB121,10.1016/j.gr.2018.06.001::TB121,TB121,Breitfeld2018_GondwanaRes63,10.1016/j.gr.2018.06.001,10.1016/j.gr.2018.06.001,1.14278,110.22683,Malaysia,Sarawak,G. Penrissen,Kuching Zone (West Sarawak) — 不等同于 SW Borneo 块体,Kuching Zone,TARGET_OVERLAP_REFERENCE,SEDIMENTARY_DETRITAL,SEDIMENTARY_DETRITAL,sandstone (detrital),Penrissen Sandstone,Penrissen Sandstone,Paleogene (latest Cretaceous to Late Eocene Kuching Zone succession; unit age see source),沉积岩；具体沉积相未系统提取，不能据空值推断,133,133,133,0,e493f371f8b850e0564708908c979d836cdb34e14fb3633bef700bfb3593253a,46431512299fbaa5d465a7a562eb95af63a67553a4f920ef8a964338f9a48efd,False,False,False,CHALLENGE_ONLY,转 challenge_only,与 TARGET 完全同谱，泄漏风险，不能主训练。,,,,,,,,True
E1,E1::MAIN::10.1016/j.gr.2018.06.001::STB75,10.1016/j.gr.2018.06.001::STB75,STB75,Breitfeld2018_GondwanaRes63,10.1016/j.gr.2018.06.001,10.1016/j.gr.2018.06.001,1.37728,110.81594,Malaysia,Sarawak,Ngili (SHRIMP),Kuching Zone (West Sarawak) — 不等同于 SW Borneo 块体,Kuching Zone,MAIN_TRAIN_CANDIDATE,SEDIMENTARY_DETRITAL,SEDIMENTARY_DETRITAL,sandstone (detrital),Ngili Sst,Ngili Sst,Paleogene (latest Cretaceous to Late Eocene Kuching Zone succession; unit age see source),沉积岩；具体沉积相未系统提取，不能据空值推断,64,64,64,0,7923956be08d9a80a2ead848f463870b4c22ba972c540190156aa119d7246026,9acf84fe4d97d1d8c57a3b78c528be9fd63fc1c090008d8ba4e117f72828603e,True,False,False,EXTERNAL_REFERENCE,转 external reference,实际位于 Kuching Zone、Lupar 或 Meratus，不属严格 SW Borneo/Schwaner。,,,DOMAIN_CONFLICT,,,,https://doi.org/10.1016/j.gr.2018.06.001,True
E1,E1::MAIN::10.1016/j.gr.2018.06.001::STB75B,10.1016/j.gr.2018.06.001::STB75B,STB75b,Breitfeld2018_GondwanaRes63,10.1016/j.gr.2018.06.001,10.1016/j.gr.2018.06.001,1.37708,110.81585,Malaysia,Sarawak,Ngili,Kuching Zone (West Sarawak) — 不等同于 SW Borneo 块体,Kuching Zone,MAIN_TRAIN_CANDIDATE,SEDIMENTARY_DETRITAL,SEDIMENTARY_DETRITAL,sandstone (detrital),Ngili Sst,Ngili Sst,Paleogene (latest Cretaceous to Late Eocene Kuching Zone succession; unit age see source),沉积岩；具体沉积相未系统提取，不能据空值推断,146,146,146,0,4427232a460b79d1a5a7d36207030780421eb2342f8803f24ad0a2a15572cb75,6d6241e1461143faa3354cfadd05adfa636b6bd54b3585684a66e04d9665f55c,True,False,False,EXTERNAL_REFERENCE,转 external reference,实际位于 Kuching Zone、Lupar 或 Meratus，不属严格 SW Borneo/Schwaner。,,,DOMAIN_CONFLICT,,,,https://doi.org/10.1016/j.gr.2018.06.001,True
E1,E1::MAIN::10.1016/j.gr.2018.06.001::STB77,10.1016/j.gr.2018.06.001::STB77,STB77,Breitfeld2018_GondwanaRes63,10.1016/j.gr.2018.06.001,10.1016/j.gr.2018.06.001,1.36719,110.79088,Malaysia,Sarawak,Ngili,Kuching Zone (West Sarawak) — 不等同于 SW Borneo 块体,Kuching Zone,MAIN_TRAIN_CANDIDATE,SEDIMENTARY_DETRITAL,SEDIMENTARY_DETRITAL,sandstone (detrital),Ngili Sst,Ngili Sst,Paleogene (latest Cretaceous to Late Eocene Kuching Zone succession; unit age see source),沉积岩；具体沉积相未系统提取，不能据空值推断,76,76,76,0,26e4afdeb7e6454390baf784e9d0eb94cc188127dfe25e98d617e284dd86225a,95177b0b9e4c8e9e453f5e446d0b77ffb4019094bc4c7123ce9ffdeab4609016,True,False,False,EXTERNAL_REFERENCE,转 external reference,实际位于 Kuching Zone、Lupar 或 Meratus，不属严格 SW Borneo/Schwaner。,,,DOMAIN_CONFLICT,,,,https://doi.org/10.1016/j.gr.2018.06.001,True
E1,E1::MAIN::10.1016/j.gr.2018.06.001::TB60A,10.1016/j.gr.2018.06.001::TB60A,TB60a,Breitfeld2018_GondwanaRes63,10.1016/j.gr.2018.06.001,10.1016/j.gr.2018.06.001,1.34482,110.82286,Malaysia,Sarawak,Ngili,Kuching Zone (West Sarawak) — 不等同于 SW Borneo 块体,Kuching Zone,MAIN_TRAIN_CANDIDATE,SEDIMENTARY_DETRITAL,SEDIMENTARY_DETRITAL,sandstone (detrital),Ngili Sst,Ngili Sst,Paleogene (latest Cretaceous to Late Eocene Kuching Zone succession; unit age see source),沉积岩；具体沉积相未系统提取，不能据空值推断,139,139,139,0,7031378052048e38fa423fa7caecfd98dfcb821fe5e691f2051619a02de076f4,44cfa9dbe47710978db2e875d479ebc81c1111ed1e7b03a56daf8428b24e4b04,True,False,False,EXTERNAL_REFERENCE,转 external reference,实际位于 Kuching Zone、Lupar 或 Meratus，不属严格 SW Borneo/Schwaner。,,,DOMAIN_CONFLICT,,,,https://doi.org/10.1016/j.gr.2018.06.001,True
E1,E1::MAIN::10.1016/j.gr.2018.06.001::STB74B,10.1016/j.gr.2018.06.001::STB74B,STB74b,Breitfeld2018_GondwanaRes63,10.1016/j.gr.2018.06.001,10.1016/j.gr.2018.06.001,1.37728,110.81594,Malaysia,Sarawak,Ngili,Kuching Zone (West Sarawak) — 不等同于 SW Borneo 块体,Kuching Zone,MAIN_TRAIN_CANDIDATE,SEDIMENTARY_DETRITAL,SEDIMENTARY_DETRITAL,sandstone (detrital),,,Paleogene (latest Cretaceous to Late Eocene Kuching Zone succession; unit age see source),沉积岩；具体沉积相未系统提取，不能据空值推断,129,129,129,0,74e2865ad48281ba917add20ee05e251477252450958980b3efb3d6833d33948,19dbe185f6757382783ea436b4bed9d383fd29a220ef0a05fba3b01e39d2d332,True,False,False,EXTERNAL_REFERENCE,转 external reference,实际位于 Kuching Zone、Lupar 或 Meratus，不属严格 SW Borneo/Schwaner。,,,DOMAIN_CONFLICT,,,,https://doi.org/10.1016/j.gr.2018.06.001,True
E1,E1::MAIN::10.1016/j.gr.2018.06.001::TB144,10.1016/j.gr.2018.06.001::TB144,TB144,Breitfeld2018_GondwanaRes63,10.1016/j.gr.2018.06.001,10.1016/j.gr.2018.06.001,1.72465,110.52362,Malaysia,Sarawak,Bako,Kuching Zone (West Sarawak) — 不等同于 SW Borneo 块体,Kuching Zone,MAIN_TRAIN_CANDIDATE,SEDIMENTARY_DETRITAL,SEDIMENTARY_DETRITAL,sandstone (detrital),Bako-Mintu Sst,Bako-Mintu Sst,Paleogene (latest Cretaceous to Late Eocene Kuching Zone succession; unit age see source),沉积岩；具体沉积相未系统提取，不能据空值推断,142,142,142,0,ebcaeff5b980ca459ab1f39a5b587e282d1fcf866c9970051bf26e2cf875b4b5,b3feb7640357e7da8f77ee5bbb252fc18371a371fd3778d5f980f81e75199ac6,True,False,False,EXTERNAL_REFERENCE,转 external reference,实际位于 Kuching Zone、Lupar 或 Meratus，不属严格 SW Borneo/Schwaner。,,,DOMAIN_CONFLICT,,,,https://doi.org/10.1016/j.gr.2018.06.001,True
E1,E1::MAIN::10.1016/j.gr.2018.06.001::TB171,10.1016/j.gr.2018.06.001::TB171,TB171,Breitfeld2018_GondwanaRes63,10.1016/j.gr.2018.06.001,10.1016/j.gr.2018.06.001,1.28258,111.00742,Malaysia,Sarawak,Mintu area,Kuching Zone (West Sarawak) — 不等同于 SW Borneo 块体,Kuching Zone,MAIN_TRAIN_CANDIDATE,SEDIMENTARY_DETRITAL,SEDIMENTARY_DETRITAL,sandstone (detrital),Bako-Mintu Sst,Bako-Mintu Sst,Paleogene (latest Cretaceous to Late Eocene Kuching Zone succession; unit age see source),沉积岩；具体沉积相未系统提取，不能据空值推断,137,137,137,0,7739faa231a1199b7450829f74dd6be96d73a1eabcb298e5d0273718830c964e,43f3f87c3bc898172abe3cb9a7b70f976406de730d1aa9a02d5b333addc42ba1,True,False,False,EXTERNAL_REFERENCE,转 external reference,实际位于 Kuching Zone、Lupar 或 Meratus，不属严格 SW Borneo/Schwaner。,,,DOMAIN_CONFLICT,,,,https://doi.org/10.1016/j.gr.2018.06.001,True
E1,E1::MAIN::10.1016/j.gr.2018.06.001::TB210,10.1016/j.gr.2018.06.001::TB210,TB210,Breitfeld2018_GondwanaRes63,10.1016/j.gr.2018.06.001,10.1016/j.gr.2018.06.001,1.08941,111.69948,Malaysia,Sarawak,Marup Ridge,Kuching Zone (West Sarawak) — 不等同于 SW Borneo 块体,Kuching Zone,MAIN_TRAIN_CANDIDATE,SEDIMENTARY_DETRITAL,SEDIMENTARY_DETRITAL,sandstone (detrital),Silantek Fm (Marup Sst Mbr),Silantek Fm (Marup Sst Mbr),Paleogene (latest Cretaceous to Late Eocene Kuching Zone succession; unit age see source),沉积岩；具体沉积相未系统提取，不能据空值推断,162,162,162,0,395b4947eb517c0734b1025ec18fb1e7a4e0ecb8da2bb827b9830ad11361ed28,0b98cf29067c4a1c637e80a922c0798043636d0408a327500c622f3f9ce347e9,True,False,False,EXTERNAL_REFERENCE,转 external reference,实际位于 Kuching Zone、Lupar 或 Meratus，不属严格 SW Borneo/Schwaner。,,,DOMAIN_CONFLICT,,,,https://doi.org/10.1016/j.gr.2018.06.001,True
E1,E1::MAIN::10.1016/j.gr.2018.06.001::TB218,10.1016/j.gr.2018.06.001::TB218,TB218,Breitfeld2018_GondwanaRes63,10.1016/j.gr.2018.06.001,10.1016/j.gr.2018.06.001,1.16492,111.47015,Malaysia,Sarawak,Temudok Ridge,Kuching Zone (West Sarawak) — 不等同于 SW Borneo 块体,Kuching Zone,MAIN_TRAIN_CANDIDATE,SEDIMENTARY_DETRITAL,SEDIMENTARY_DETRITAL,sandstone (detrital),Silantek Fm (Temudok Sst Mbr),Silantek Fm (Temudok Sst Mbr),Paleogene (latest Cretaceous to Late Eocene Kuching Zone succession; unit age see source),沉积岩；具体沉积相未系统提取，不能据空值推断,178,178,178,0,91b6fdf65aa57eec25b61d59987582b4f624dcb1b33830330859f4e287c5bd1f,d95265c6f1b226f9a63f258c4a66425f95f6ce69ed3e44f0c1685e5198668d1b,True,False,False,EXTERNAL_REFERENCE,转 external reference,实际位于 Kuching Zone、Lupar 或 Meratus，不属严格 SW Borneo/Schwaner。,,,DOMAIN_CONFLICT,,,,https://doi.org/10.1016/j.gr.2018.06.001,True
E1,E1::MAIN::10.1016/j.gr.2018.06.001::STB88,10.1016/j.gr.2018.06.001::STB88,STB88,Breitfeld2018_GondwanaRes63,10.1016/j.gr.2018.06.001,10.1016/j.gr.2018.06.001,1.10539,111.21823,Malaysia,Sarawak,Klingkang Range,Kuching Zone (West Sarawak) — 不等同于 SW Borneo 块体,Kuching Zone,MAIN_TRAIN_CANDIDATE,SEDIMENTARY_DETRITAL,SEDIMENTARY_DETRITAL,sandstone (detrital),Tutoop Sst,Tutoop Sst,Paleogene (latest Cretaceous to Late Eocene Kuching Zone succession; unit age see source),沉积岩；具体沉积相未系统提取，不能据空值推断,200,200,200,0,5ecae94dc9ab4f27a560e2261ac7f43cfd7dce56f92ca72f35d8527905e505d7,1b8e23ae2b80f564d7ae9f8329e11fc824512025eb1f1aa636db2a844b7d0b8b,True,False,False,EXTERNAL_REFERENCE,转 external reference,实际位于 Kuching Zone、Lupar 或 Meratus，不属严格 SW Borneo/Schwaner。,,,DOMAIN_CONFLICT,,,,https://doi.org/10.1016/j.gr.2018.06.001,True
E1,E1::MAIN::10.1016/j.gr.2018.06.001::STB95,10.1016/j.gr.2018.06.001::STB95,STB95,Breitfeld2018_GondwanaRes63,10.1016/j.gr.2018.06.001,10.1016/j.gr.2018.06.001,1.05905,111.15567,Malaysia,Sarawak,Klingkang Range (SHRIMP),Kuching Zone (West Sarawak) — 不等同于 SW Borneo 块体,Kuching Zone,MAIN_TRAIN_CANDIDATE,SEDIMENTARY_DETRITAL,SEDIMENTARY_DETRITAL,sandstone (detrital),Tutoop Sst,Tutoop Sst,Paleogene (latest Cretaceous to Late Eocene Kuching Zone succession; unit age see source),沉积岩；具体沉积相未系统提取，不能据空值推断,61,61,61,0,176deef1a3752e671f141f045ec917f0b2793c5712f2ed855cfc90df9afb80b0,94679da209db5620db1deb15b767446aff7b25344ad2f534e0492e57a71a999f,True,False,False,EXTERNAL_REFERENCE,转 external reference,实际位于 Kuching Zone、Lupar 或 Meratus，不属严格 SW Borneo/Schwaner。,,,DOMAIN_CONFLICT,,,,https://doi.org/10.1016/j.gr.2018.06.001,True
E1,E1::MAIN::10.1016/j.gr.2018.06.001::TB227,10.1016/j.gr.2018.06.001::TB227,TB227,Breitfeld2018_GondwanaRes63,10.1016/j.gr.2018.06.001,10.1016/j.gr.2018.06.001,1.02157,111.51125,Malaysia,Sarawak,Bt Mansul (Klingkang Range),Kuching Zone (West Sarawak) — 不等同于 SW Borneo 块体,Kuching Zone,MAIN_TRAIN_CANDIDATE,SEDIMENTARY_DETRITAL,SEDIMENTARY_DETRITAL,sandstone (detrital),Tutoop Sst,Tutoop Sst,Paleogene (latest Cretaceous to Late Eocene Kuching Zone succession; unit age see source),沉积岩；具体沉积相未系统提取，不能据空值推断,168,168,168,0,a09988e2a72457798b4d132d3c698a3663909427b7867cd5d93579ad954fc77d,3bf1f302ec7764ae99d9e30954190e549f45bbd6bc8035fa8b583c3b03da7097,True,False,False,EXTERNAL_REFERENCE,转 external reference,实际位于 Kuching Zone、Lupar 或 Meratus，不属严格 SW Borneo/Schwaner。,,,DOMAIN_CONFLICT,,,,https://doi.org/10.1016/j.gr.2018.06.001,True
E1,E1::MAIN::10.1130/g50966.1::WK153,10.1130/g50966.1::WK153,WK-15.3,Quek2023_Geology51,10.1130/G50966.1,10.1130/g50966.1,0.781806,109.529361,Indonesia,West Kalimantan,"n=57) (0°46′54.5″ N, 109°31′45.7″ E","NW Kalimantan (Bengkayang area), north of Boyan Line",NW Borneo (Kuching Zone side),MAIN_TRAIN_CANDIDATE,SEDIMENTARY_DETRITAL,SEDIMENTARY_DETRITAL,sedimentary rock (detrital zircon; type not stated in SI),,,,沉积岩；具体沉积相未系统提取，不能据空值推断,57,57,57,0,5c18cf1756e1c87c011d359bb95272dc6d3baf70be0a486e514cdafc5d0eb8e5,81b1273b6102f0856e9c308bd835f4cd2a58e887b3474666522e9f074cfec3d8,True,False,False,EXTERNAL_REFERENCE,转 external reference,实际位于 Kuching Zone、Lupar 或 Meratus，不属严格 SW Borneo/Schwaner。,,,DOMAIN_CONFLICT,,,,https://doi.org/10.1016/j.gr.2018.06.001,True
E1,E1::MAIN::10.1130/g50966.1::WK16,10.1130/g50966.1::WK16,WK-16,Quek2023_Geology51,10.1130/G50966.1,10.1130/g50966.1,1.025944,109.602056,Indonesia,West Kalimantan,"n=77) (1°01′33.4″ N, 109°36′07.4″ E","NW Kalimantan (Bengkayang area), north of Boyan Line",NW Borneo (Kuching Zone side),MAIN_TRAIN_CANDIDATE,SEDIMENTARY_DETRITAL,SEDIMENTARY_DETRITAL,sedimentary rock (detrital zircon; type not stated in SI),,,,沉积岩；具体沉积相未系统提取，不能据空值推断,77,77,77,0,1b5da69a24fb2d626822adf28507563d882a6f19ccb6342db5239ae65b4b3390,16e5df1fc9fa02558dfaa5c2b817d88ff38eff66c4e0ecf305979c0b5e5ffe67,True,False,False,EXTERNAL_REFERENCE,转 external reference,实际位于 Kuching Zone、Lupar 或 Meratus，不属严格 SW Borneo/Schwaner。,,,DOMAIN_CONFLICT,,,,https://doi.org/10.1016/j.gr.2018.06.001,True
E1,E1::MAIN::10.1130/g50966.1::WK18,10.1130/g50966.1::WK18,WK-18,Quek2023_Geology51,10.1130/G50966.1,10.1130/g50966.1,1.137583,109.48025,Indonesia,West Kalimantan,"n=86) (1°08′15.3″ N, 109°28′48.9″ E","NW Kalimantan (Bengkayang area), north of Boyan Line",NW Borneo (Kuching Zone side),MAIN_TRAIN_CANDIDATE,SEDIMENTARY_DETRITAL,SEDIMENTARY_DETRITAL,sedimentary rock (detrital zircon; type not stated in SI),,,,沉积岩；具体沉积相未系统提取，不能据空值推断,86,86,86,0,9bbca086692d259c9dc7f8c81e95ea36ec092be2fe58a300ff0784fca903742d,c03aa11c69b102d01278046db28613b35fae8e227ebe6cfd790ad33e881230cd,True,False,False,EXTERNAL_REFERENCE,转 external reference,实际位于 Kuching Zone、Lupar 或 Meratus，不属严格 SW Borneo/Schwaner。,,,DOMAIN_CONFLICT,,,,https://doi.org/10.1016/j.gr.2018.06.001,True
E1,E1::MAIN::10.1016/j.lithos.2016.05.003::IK228,10.1016/j.lithos.2016.05.003::IK228,IK22-8,Kueter2016_Lithos_IK22-8,10.1016/j.lithos.2016.05.003,10.1016/j.lithos.2016.05.003,,,Indonesia,West Kalimantan,Schwaner,SW Borneo / Schwaner domain,Schwaner,MAIN_TRAIN_CANDIDATE,SEDIMENTARY_DETRITAL,SEDIMENTARY_DETRITAL,sandstone and conglomerate (detrital),Manunggul Formation,Manunggul Formation,,沉积岩；具体沉积相未系统提取，不能据空值推断,161,161,161,0,c4a7b32e3d9fc532af78fa865c8da540d3a8917007774fa7ec2424038ffbf2bb,5f443382de8fa97fc006db5e2de7e1350b81c0f3c68c788c10ba76a461e90ef6,True,False,False,EXTERNAL_REFERENCE,转 external reference,实际位于 Kuching Zone、Lupar 或 Meratus，不属严格 SW Borneo/Schwaner。,,,DOMAIN_CONFLICT,,,,https://doi.org/10.1016/j.gr.2018.06.001,True
E1,E1::MAIN::10.1016/j.lithos.2021.106425::17MY60A1,10.1016/j.lithos.2021.106425::17MY60A1,17MY-60A1,Wang2021a_Lithos106425_Lupar,10.1016/j.lithos.2021.106425,10.1016/j.lithos.2021.106425,1.1472,111.8642,Indonesia,West Kalimantan,Schwaner,SW Borneo / Schwaner domain,Schwaner,MAIN_TRAIN_CANDIDATE,SEDIMENTARY_DETRITAL,SEDIMENTARY_DETRITAL,metasandstone (detrital),Lupar Complex-Lubok Antu mélange,Lupar Complex-Lubok Antu mélange,,沉积岩；具体沉积相未系统提取，不能据空值推断,50,50,50,0,ba92cd97b51efed9c215d7fd528facfd16f0a724d6540a36a30d5b4286c31a2b,302dac8adf43246d70905ecd958a9cfe4456898feaa7c2722dcd967a01a23a16,True,False,False,EXTERNAL_REFERENCE,转 external reference,实际位于 Kuching Zone、Lupar 或 Meratus，不属严格 SW Borneo/Schwaner。,,,DOMAIN_CONFLICT,,,,https://doi.org/10.1016/j.gr.2018.06.001,True
E1,E1::MAIN::10.1016/j.lithos.2021.106425::17MY61C1,10.1016/j.lithos.2021.106425::17MY61C1,17MY-61C1,Wang2021a_Lithos106425_Lupar,10.1016/j.lithos.2021.106425,10.1016/j.lithos.2021.106425,1.1456,111.8842,Indonesia,West Kalimantan,Schwaner,SW Borneo / Schwaner domain,Schwaner,MAIN_TRAIN_CANDIDATE,SEDIMENTARY_DETRITAL,SEDIMENTARY_DETRITAL,metasandstone (detrital),Lupar Complex-Lubok Antu mélange,Lupar Complex-Lubok Antu mélange,,沉积岩；具体沉积相未系统提取，不能据空值推断,46,46,46,0,d2b801f32cfc224464716fdf29ce14ac1ae050c3014a2b232bb60d1e1d31cecb,8c9aba9735247b248ce5edb5c66aad52ecac7973cd1b5ad1b723354b31c2a5e5,True,False,False,EXTERNAL_REFERENCE,转 external reference,实际位于 Kuching Zone、Lupar 或 Meratus，不属严格 SW Borneo/Schwaner。,,,DOMAIN_CONFLICT,,,,https://doi.org/10.1016/j.gr.2018.06.001,True
E1,E1::AUX_BEDROCK::10.3389/feart.2020.568715::LD10060,10.3389/feart.2020.568715::LD10060,LD10-060,Breitfeld2020_FrontEarthSci8:568715_T2,10.3389/feart.2020.568715,10.3389/feart.2020.568715,-0.5474,112.0657,Indonesia,West Kalimantan,Nanga Pinoh,SW Borneo / Schwaner domain,Schwaner,AUX_BEDROCK_REFERENCE,IGNEOUS_OR_VOLCANIC_BEDROCK,IGNEOUS_OR_VOLCANIC_BEDROCK,bedrock (metamorphic),Ignimbrite,Menunuk Volcanics,,不适用或未解析,19,19,19,0,0a4058d0e122e5015c7499433dce097fc614ed3b3d1ac8b310df1cddcdb12a65,2e1d3cd9311cf4814bfdadf66ec50a495fd36acb644b0449ca32a8a94895b640,False,False,False,EXTERNAL_REFERENCE,转 external reference,基岩或非主训练参考，保留原端点并退出仅碎屑主训练。,,,,,,,,True
E1,E1::AUX_BEDROCK::10.3389/feart.2020.568715::LD10049,10.3389/feart.2020.568715::LD10049,LD10-049,Breitfeld2020_FrontEarthSci8:568715_T2,10.3389/feart.2020.568715,10.3389/feart.2020.568715,-0.4907,112.0289,Indonesia,West Kalimantan,Nanga Pinoh,SW Borneo / Schwaner domain,Schwaner,AUX_BEDROCK_REFERENCE,IGNEOUS_OR_VOLCANIC_BEDROCK,IGNEOUS_OR_VOLCANIC_BEDROCK,bedrock (metamorphic),Sheared ignimbrite,Menunuk Volcanics,,不适用或未解析,17,17,17,0,9b464b6586346a6829ef86acc1a1a46c5d388432d397e7ebbb15b01850966f46,4c11312affb1d461ea952df251c5a140c1d87a6cc6daea80558e792cd7d5d857,False,False,False,EXTERNAL_REFERENCE,转 external reference,基岩或非主训练参考，保留原端点并退出仅碎屑主训练。,,,,,,,,True
E1,E1::AUX_BEDROCK::10.3389/feart.2020.568715::LD10038,10.3389/feart.2020.568715::LD10038,LD10-038,Breitfeld2020_FrontEarthSci8:568715_T2,10.3389/feart.2020.568715,10.3389/feart.2020.568715,-0.6792,111.4128,Indonesia,West Kalimantan,Nanga Pinoh,SW Borneo / Schwaner domain,Schwaner,AUX_BEDROCK_REFERENCE,IGNEOUS_OR_VOLCANIC_BEDROCK,IGNEOUS_OR_VOLCANIC_BEDROCK,bedrock (volcanic),Tonalite,Lower Cretaceous,,不适用或未解析,39,39,39,0,6bac6735fff3bdbe0bb827b0a5ca0713894f3f05a09b6dd09bb9a91d7d2a3798,4d2800a9d9f87c426b8898d5c19fe20913afffe2d6848ab2d2714fd98ce9c0c9,False,False,False,EXTERNAL_REFERENCE,转 external reference,基岩或非主训练参考，保留原端点并退出仅碎屑主训练。,,,,,,,,True
E1,E1::AUX_BEDROCK::10.3389/feart.2020.568715::LD10100,10.3389/feart.2020.568715::LD10100,LD10-100,Breitfeld2020_FrontEarthSci8:568715_T2,10.3389/feart.2020.568715,10.3389/feart.2020.568715,-0.6106,113.6605,Indonesia,West Kalimantan,Tewah,SW Borneo / Schwaner domain,Schwaner,AUX_BEDROCK_REFERENCE,IGNEOUS_OR_VOLCANIC_BEDROCK,IGNEOUS_OR_VOLCANIC_BEDROCK,bedrock (metamorphic),Granodiorite,Sepauk Tonalite,,不适用或未解析,26,26,26,0,bf0ca98576c9b6516208fc60b9f4968e1b9b694a0f945d5a8fdb03741e819c07,cc62b8be222d273cb55a6dd081c5ef8f5420715f022e42bdccbc7483e330966d,False,False,False,EXTERNAL_REFERENCE,转 external reference,基岩或非主训练参考，保留原端点并退出仅碎屑主训练。,,,,,,,,True
E1,E1::AUX_BEDROCK::10.3389/feart.2020.568715::LD10048,10.3389/feart.2020.568715::LD10048,LD10-048,Breitfeld2020_FrontEarthSci8:568715_T2,10.3389/feart.2020.568715,10.3389/feart.2020.568715,-0.6544,112.2170,Indonesia,West Kalimantan,Nanga Pinoh,SW Borneo / Schwaner domain,Schwaner,AUX_BEDROCK_REFERENCE,IGNEOUS_OR_VOLCANIC_BEDROCK,IGNEOUS_OR_VOLCANIC_BEDROCK,bedrock (metamorphic),Amphibole tonalite,Sepauk Tonalite,,不适用或未解析,20,20,20,0,d9215015a9c6c15d4e1d90890e1f3ea869a4953877eaf9ff9830214b75d4a19d,000bb2bfbe331610aa257cdd175f6ec92bf87deb5d6b3d8aa3fe2ffff658220a,False,False,False,EXTERNAL_REFERENCE,转 external reference,基岩或非主训练参考，保留原端点并退出仅碎屑主训练。,,,,,,,,True
E1,E1::AUX_BEDROCK::10.3389/feart.2020.568715::LD10071,10.3389/feart.2020.568715::LD10071,LD10-071,Breitfeld2020_FrontEarthSci8:568715_T2,10.3389/feart.2020.568715,10.3389/feart.2020.568715,-0.9194,111.8214,Indonesia,West Kalimantan,Nanga Pinoh,SW Borneo / Schwaner domain,Schwaner,AUX_BEDROCK_REFERENCE,IGNEOUS_OR_VOLCANIC_BEDROCK,IGNEOUS_OR_VOLCANIC_BEDROCK,bedrock (metamorphic),Alkali granite,Laur Granite,,不适用或未解析,22,22,22,0,b861254caf0f7d3374699becfd4ea7018ae3def8130bb26658ffd8872cdc1cfd,39221d69b9f7697587083c4e475a82c791ba6a66f91877f288acfd42a8187105,False,False,False,EXTERNAL_REFERENCE,转 external reference,基岩或非主训练参考，保留原端点并退出仅碎屑主训练。,,,,,,,,True
E1,E1::AUX_BEDROCK::10.3389/feart.2020.568715::EK141,10.3389/feart.2020.568715::EK141,EK14-1,Breitfeld2020_FrontEarthSci8:568715_T2,10.3389/feart.2020.568715,10.3389/feart.2020.568715,0.03001,110.0633,Indonesia,West Kalimantan,Pontianak,SW Borneo / Schwaner domain,Schwaner,AUX_BEDROCK_REFERENCE,IGNEOUS_OR_VOLCANIC_BEDROCK,IGNEOUS_OR_VOLCANIC_BEDROCK,bedrock (metamorphic),Granite,Sepauk Granite,,不适用或未解析,27,27,27,0,446c4f89046912d1f42488d301d3fb55429c03a8341fb7e286a796ca8a17894c,432342cdae575bad3b52f351652fefadd0c6cfde1199bdfa95652a1114361892,False,False,False,EXTERNAL_REFERENCE,转 external reference,基岩或非主训练参考，保留原端点并退出仅碎屑主训练。,,,,,,,,True
E1,E1::AUX_BEDROCK::10.3389/feart.2020.568715::EK146,10.3389/feart.2020.568715::EK146,EK14-6,Breitfeld2020_FrontEarthSci8:568715_T2,10.3389/feart.2020.568715,10.3389/feart.2020.568715,-0.48421,110.475,Indonesia,West Kalimantan,Pontianak,SW Borneo / Schwaner domain,Schwaner,AUX_BEDROCK_REFERENCE,IGNEOUS_OR_VOLCANIC_BEDROCK,IGNEOUS_OR_VOLCANIC_BEDROCK,bedrock (metamorphic),Tonalite,Sepauk-Laur,,不适用或未解析,26,26,26,0,4ed2ec6b53b923a558df4eebaa42c5ff10f9adcdcb87ac76987535d504a80d0f,fc6d16467c807b95d7f70a845f32cee7d04fc46395fbf017533c570d1d2a60ff,False,False,False,EXTERNAL_REFERENCE,转 external reference,基岩或非主训练参考，保留原端点并退出仅碎屑主训练。,,,,,,,,True
E1,E1::AUX_BEDROCK::10.3389/feart.2020.568715::EK1410,10.3389/feart.2020.568715::EK1410,EK14-10,Breitfeld2020_FrontEarthSci8:568715_T2,10.3389/feart.2020.568715,10.3389/feart.2020.568715,-0.76219,110.9521,Indonesia,West Kalimantan,Pontianak,SW Borneo / Schwaner domain,Schwaner,AUX_BEDROCK_REFERENCE,IGNEOUS_OR_VOLCANIC_BEDROCK,IGNEOUS_OR_VOLCANIC_BEDROCK,bedrock (metamorphic),Diorite,Sukadana,,不适用或未解析,25,25,25,0,595aeff66dc03ebd2e78f98588f399e3f16a936d537fde1125c11770a4379294,0fc7d738603e5900c2945db74c0740525426f598e747bd5e60d56ae9251abda1,False,False,False,EXTERNAL_REFERENCE,转 external reference,基岩或非主训练参考，保留原端点并退出仅碎屑主训练。,,,,,,,,True
E1,E1::AUX_BEDROCK::10.3389/feart.2020.568715::EK1411,10.3389/feart.2020.568715::EK1411,EK14-11,Breitfeld2020_FrontEarthSci8:568715_T2,10.3389/feart.2020.568715,10.3389/feart.2020.568715,-0.77402,110.9317,Indonesia,West Kalimantan,Pontianak,SW Borneo / Schwaner domain,Schwaner,AUX_BEDROCK_REFERENCE,IGNEOUS_OR_VOLCANIC_BEDROCK,IGNEOUS_OR_VOLCANIC_BEDROCK,bedrock (metamorphic),meta-Granodiorite,Jurassic plutons,,不适用或未解析,24,24,24,0,9883257e5c2085b44337cf1915e64a62d18fca9880007c9a52a288f6645d0e83,14faed23196e3a29b5b5d4ba7a791c65de810d32747152a34211866c927c491d,False,False,False,EXTERNAL_REFERENCE,转 external reference,基岩或非主训练参考，保留原端点并退出仅碎屑主训练。,,,,,,,,True
E1,E1::AUX_BEDROCK::10.3389/feart.2020.568715::EK145,10.3389/feart.2020.568715::EK145,EK14-5,Breitfeld2020_FrontEarthSci8:568715_T2,10.3389/feart.2020.568715,10.3389/feart.2020.568715,-0.56635,110.4265,Indonesia,West Kalimantan,Pontianak,SW Borneo / Schwaner domain,Schwaner,AUX_BEDROCK_REFERENCE,IGNEOUS_OR_VOLCANIC_BEDROCK,IGNEOUS_OR_VOLCANIC_BEDROCK,bedrock (metamorphic),meta-Granodiorite,Triassic plutons,,不适用或未解析,25,25,25,0,ad047c5b9381c1c38d9b945a6a06c468c53d01bf420c9df000e13359f0acca30,3afeab29119e4acd4eb510a9b12ed498cc4961d1e5370caae6c5b04c416545ee,False,False,False,EXTERNAL_REFERENCE,转 external reference,基岩或非主训练参考，保留原端点并退出仅碎屑主训练。,,,,,,,,True
E1,E1::AUX_BEDROCK::10.3389/feart.2020.568715::84MS89A,10.3389/feart.2020.568715::84MS89A,84MS89A,Breitfeld2020_FrontEarthSci8:568715_T2,10.3389/feart.2020.568715,10.3389/feart.2020.568715,-0.48853,110.44501,Indonesia,West Kalimantan,Pontianak,SW Borneo / Schwaner domain,Schwaner,AUX_BEDROCK_REFERENCE,IGNEOUS_OR_VOLCANIC_BEDROCK,IGNEOUS_OR_VOLCANIC_BEDROCK,bedrock (metamorphic),meta-Tonalite,Triassic plutons,,不适用或未解析,25,25,25,0,3b95438bc8db3684eb4e4ff39525160b2adfdc197cd8c196b78cec60af3de338,7214fa7c5efd08650d9a903fdf421921ce0aaab6eddc3747381956589a0b068c,False,False,False,EXTERNAL_REFERENCE,转 external reference,基岩或非主训练参考，保留原端点并退出仅碎屑主训练。,,,,,,,,True
E1,E1::AUX_BEDROCK::10.3389/feart.2020.568715::TB114,10.3389/feart.2020.568715::TB114,TB114,Breitfeld2020_FrontEarthSci8:568715_T2,10.3389/feart.2020.568715,10.3389/feart.2020.568715,1.33366,109.99646,Malaysia,Sarawak,West Sarawak,Kuching Zone (West Sarawak),Schwaner,AUX_BEDROCK_REFERENCE,IGNEOUS_OR_VOLCANIC_BEDROCK,IGNEOUS_OR_VOLCANIC_BEDROCK,bedrock (metamorphic),Granodiorite,Jagoi,,不适用或未解析,24,24,24,0,e8fbff7d7eb63c7fb5efecea5d1c0cb59b16437464cf8d8d795c5e652be98bc0,40299855492d00b6e18e73c5cf67b6d77e6e15ea437ef68a1a0f8a18dc1606f0,False,False,False,EXTERNAL_REFERENCE,转 external reference,基岩或非主训练参考，保留原端点并退出仅碎屑主训练。,,,,,,,,True
E1,E1::AUX_BEDROCK::10.3389/feart.2020.568715::LD10074,10.3389/feart.2020.568715::LD10074,LD10-074,Breitfeld2020_FrontEarthSci8:568715_T2,10.3389/feart.2020.568715,10.3389/feart.2020.568715,-1.7988,110.4978,Indonesia,West Kalimantan,Ketapang,SW Borneo / Schwaner domain,Schwaner,AUX_BEDROCK_REFERENCE,IGNEOUS_OR_VOLCANIC_BEDROCK,IGNEOUS_OR_VOLCANIC_BEDROCK,bedrock (metamorphic),Alkali granite,Sukadana Granite,,不适用或未解析,15,15,15,0,be91c638c329e27ceedcc8a42655dad8d1279cee1005c7a1addf98f835a5b101,fa206ec90abfba804c54ef8d1f7a73100c8963a7739fb239bc331b7f1eed6389,False,False,False,EXTERNAL_REFERENCE,转 external reference,基岩或非主训练参考，保留原端点并退出仅碎屑主训练。,,,,,,,,True
E1,E1::AUX_BEDROCK::10.3389/feart.2020.568715::LD10077,10.3389/feart.2020.568715::LD10077,LD10-077,Breitfeld2020_FrontEarthSci8:568715_T2,10.3389/feart.2020.568715,10.3389/feart.2020.568715,-1.4872,110.7906,Indonesia,West Kalimantan,Ketapang,SW Borneo / Schwaner domain,Schwaner,AUX_BEDROCK_REFERENCE,IGNEOUS_OR_VOLCANIC_BEDROCK,IGNEOUS_OR_VOLCANIC_BEDROCK,bedrock (metamorphic),Granite,Mentembah Granite,,不适用或未解析,18,18,18,0,ebe31027ffffe353c334e21179d3ac7e0f344ba9907250f7cd6557159d4bb014,4181177250210a079b31a45e976d172eec4bcb567ef91a460031070b7e14436e,False,False,False,EXTERNAL_REFERENCE,转 external reference,基岩或非主训练参考，保留原端点并退出仅碎屑主训练。,,,,,,,,True
E1,E1::AUX_BEDROCK::10.3389/feart.2020.568715::LD10103,10.3389/feart.2020.568715::LD10103,LD10-103,Breitfeld2020_FrontEarthSci8:568715_T2,10.3389/feart.2020.568715,10.3389/feart.2020.568715,-1.4186,113.0038,Indonesia,West Kalimantan,Tumbangsamba,SW Borneo / Schwaner domain,Schwaner,AUX_BEDROCK_REFERENCE,IGNEOUS_OR_VOLCANIC_BEDROCK,IGNEOUS_OR_VOLCANIC_BEDROCK,bedrock (metamorphic),Tonalite,Rantau Asem Tonalite,,不适用或未解析,16,16,16,0,3f9a5ee0ecef2b1d069117c57d178222db41b143b04c5bed255ab6dcb0d7b5c7,9e48b2978f05012bc2f4c3157ed86ca5766fabe31aa9c57e05d2789ad9997a26,False,False,False,EXTERNAL_REFERENCE,转 external reference,基岩或非主训练参考，保留原端点并退出仅碎屑主训练。,,,,,,,,True
E1,E1::AUX_BEDROCK::10.3389/feart.2020.568715::LD10115,10.3389/feart.2020.568715::LD10115,LD10-115,Breitfeld2020_FrontEarthSci8:568715_T2,10.3389/feart.2020.568715,10.3389/feart.2020.568715,-1.2777,113.0928,Indonesia,West Kalimantan,Tumbangsamba,SW Borneo / Schwaner domain,Schwaner,AUX_BEDROCK_REFERENCE,IGNEOUS_OR_VOLCANIC_BEDROCK,IGNEOUS_OR_VOLCANIC_BEDROCK,bedrock (metamorphic),Granite,Sukadana Granite,,不适用或未解析,12,12,12,0,7db687efaf474e24bb75da4c08b3ba5599d490cf66909341527ac124e4533909,e29318b80611ad805e348cb2601156f70922bd45b73a76a14c2a0479da86e2c5,False,False,False,EXTERNAL_REFERENCE,转 external reference,基岩或非主训练参考，保留原端点并退出仅碎屑主训练。,,,,,,,,True
E1,E1::AUX_BEDROCK::10.3389/feart.2020.568715::LD10011,10.3389/feart.2020.568715::LD10011,LD10-011,Breitfeld2020_FrontEarthSci8:568715_T2,10.3389/feart.2020.568715,10.3389/feart.2020.568715,-0.9263,111.4978,Indonesia,West Kalimantan,Northern SSZ,SW Borneo / Schwaner domain,Schwaner,AUX_BEDROCK_REFERENCE,IGNEOUS_OR_VOLCANIC_BEDROCK,IGNEOUS_OR_VOLCANIC_BEDROCK,bedrock (metamorphic),Granite,Sukadana Granite,,不适用或未解析,11,11,11,0,95cc8e1ba8ebe28d8b2bb2d983cb6a31ad190f7f9b8786ac2c6560bbb3dfbcf0,819633714f034cb58a7bfe4b6f4dd02b6fea388f7b2fc969620538ab0ac62ee6,False,False,False,EXTERNAL_REFERENCE,转 external reference,基岩或非主训练参考，保留原端点并退出仅碎屑主训练。,,,,,,,,True
E1,E1::AUX_BEDROCK::10.3389/feart.2020.568715::LD10075,10.3389/feart.2020.568715::LD10075,LD10-075,Breitfeld2020_FrontEarthSci8:568715_T2,10.3389/feart.2020.568715,10.3389/feart.2020.568715,-1.4798,110.3198,Indonesia,West Kalimantan,Ketapang,SW Borneo / Schwaner domain,Schwaner,AUX_BEDROCK_REFERENCE,IGNEOUS_OR_VOLCANIC_BEDROCK,IGNEOUS_OR_VOLCANIC_BEDROCK,bedrock (metamorphic),Alkali granite,Sukadana Granite,,不适用或未解析,20,20,20,0,883db993c09869a1ad2976826f9313befabde6c7637aed1999626b09e34f0a76,c97e349ef80b8280d4222b5028a4d652c1e317e8ed9278f516acbfeb90db5720,False,False,False,EXTERNAL_REFERENCE,转 external reference,基岩或非主训练参考，保留原端点并退出仅碎屑主训练。,,,,,,,,True
E1,E1::AUX_BEDROCK::10.3389/feart.2020.568715::RTC,10.3389/feart.2020.568715::RTC,RT.C,Breitfeld2020_FrontEarthSci8:568715_T2,10.3389/feart.2020.568715,10.3389/feart.2020.568715,-1.941991,110.71977,Indonesia,West Kalimantan,Ketapang,SW Borneo / Schwaner domain,Schwaner,AUX_BEDROCK_REFERENCE,IGNEOUS_OR_VOLCANIC_BEDROCK,IGNEOUS_OR_VOLCANIC_BEDROCK,bedrock (metamorphic),Monzogranite,Sukadana,,不适用或未解析,21,21,21,0,d7a10d1226a63eda58479ac897e48f6a882cb54b97bd28d60cbd8e86a2fc825e,28b043320b6eb3e4c83f216c1f534fd1f739be4a2285b8a86baaf555c63a833c,False,False,False,EXTERNAL_REFERENCE,转 external reference,基岩或非主训练参考，保留原端点并退出仅碎屑主训练。,,,,,,,,True
E1,E1::AUX_BEDROCK::10.3389/feart.2020.568715::RTD,10.3389/feart.2020.568715::RTD,RT.D,Breitfeld2020_FrontEarthSci8:568715_T2,10.3389/feart.2020.568715,10.3389/feart.2020.568715,-2.092264,110.73125,Indonesia,West Kalimantan,Ketapang,SW Borneo / Schwaner domain,Schwaner,AUX_BEDROCK_REFERENCE,IGNEOUS_OR_VOLCANIC_BEDROCK,IGNEOUS_OR_VOLCANIC_BEDROCK,bedrock (metamorphic),Monzogranite,Sukadana,,不适用或未解析,24,24,24,0,81a129db255f462eefb9eb6917ddfd7abc189ce6819875aa81ac32d659097c50,c2bd318686f29802701d7173a28ab7b5f0f346ae0e4a0314b229731881f757f0,False,False,False,EXTERNAL_REFERENCE,转 external reference,基岩或非主训练参考，保留原端点并退出仅碎屑主训练。,,,,,,,,True
E1,E1::AUX_BEDROCK::10.3389/feart.2020.568715::84FK89A,10.3389/feart.2020.568715::84FK89A,84FK89A,Breitfeld2020_FrontEarthSci8:568715_T2,10.3389/feart.2020.568715,10.3389/feart.2020.568715,-1.2713,110.543,Indonesia,West Kalimantan,SSZ,SW Borneo / Schwaner domain,Schwaner,AUX_BEDROCK_REFERENCE,IGNEOUS_OR_VOLCANIC_BEDROCK,IGNEOUS_OR_VOLCANIC_BEDROCK,bedrock (metamorphic),quartz monzogranite,Sukadana,,不适用或未解析,27,27,27,0,22d145faeb89ac488c622406e724a43ae2f1c050d3dc5c345f9cb8ed86b7c141,6b3294987e9dafc36b069fe10f0ec41a402c58be31264cf999e73711268187a1,False,False,False,EXTERNAL_REFERENCE,转 external reference,基岩或非主训练参考，保留原端点并退出仅碎屑主训练。,,,,,,,,True
E1,E1::AUX_BEDROCK::10.3389/feart.2020.568715::84SS89A,10.3389/feart.2020.568715::84SS89A,84SS89A,Breitfeld2020_FrontEarthSci8:568715_T2,10.3389/feart.2020.568715,10.3389/feart.2020.568715,-1.2075,109.9656,Indonesia,West Kalimantan,Ketapang,SW Borneo / Schwaner domain,Schwaner,AUX_BEDROCK_REFERENCE,IGNEOUS_OR_VOLCANIC_BEDROCK,IGNEOUS_OR_VOLCANIC_BEDROCK,bedrock (metamorphic),Monzogranite,Sukadana,,不适用或未解析,25,25,25,0,151f0805b10f6ae933fd7a1d7e481253bb2d49e018b3da6e181b930b4a4c6ee5,625a21c17ddb20b982147340574e00639b4bfcb48bb5c0db46a06a2c61c3e140,False,False,False,EXTERNAL_REFERENCE,转 external reference,基岩或非主训练参考，保留原端点并退出仅碎屑主训练。,,,,,,,,True
E1,E1::AUX_BEDROCK::10.3389/feart.2020.568715::TB76,10.3389/feart.2020.568715::TB76,TB76,Breitfeld2020_FrontEarthSci8:568715_T2,10.3389/feart.2020.568715,10.3389/feart.2020.568715,1.63922,109.69632,Malaysia,Sarawak,West Sarawak,Kuching Zone (West Sarawak),Schwaner,AUX_BEDROCK_REFERENCE,IGNEOUS_OR_VOLCANIC_BEDROCK,IGNEOUS_OR_VOLCANIC_BEDROCK,bedrock (metamorphic),Granite,Pueh,,不适用或未解析,27,27,27,0,fa47193745dd76bf7f702788cf5ffb1782275bfa35b6cdd46d0192d4d8c9d2df,a00ac949c3d0de01086a338e3385d2074bbbbfa80999ffa95321eac05c754f29,False,False,False,EXTERNAL_REFERENCE,转 external reference,基岩或非主训练参考，保留原端点并退出仅碎屑主训练。,,,,,,,,True
E1,E1::AUX_BEDROCK::10.3389/feart.2020.568715::TB71A,10.3389/feart.2020.568715::TB71A,TB71a,Breitfeld2020_FrontEarthSci8:568715_T2,10.3389/feart.2020.568715,10.3389/feart.2020.568715,1.73467,109.86466,Malaysia,Sarawak,West Sarawak,Kuching Zone (West Sarawak),Schwaner,AUX_BEDROCK_REFERENCE,IGNEOUS_OR_VOLCANIC_BEDROCK,IGNEOUS_OR_VOLCANIC_BEDROCK,bedrock (metamorphic),Two-mica granite,Gading,,不适用或未解析,26,26,26,0,a15db526336c94712969d31b26e3890bf1caf0fb8cba1d58661b9d765ae622ad,b83e62b3a3946b926a152c21d9c307d7f7f08d78958d2a0dce7cb9a517eb642f,False,False,False,EXTERNAL_REFERENCE,转 external reference,基岩或非主训练参考，保留原端点并退出仅碎屑主训练。,,,,,,,,True
E1,E1::AUX_BEDROCK::10.3389/feart.2020.568715::LD10124,10.3389/feart.2020.568715::LD10124,LD10-124,Breitfeld2020_FrontEarthSci8:568715_T2,10.3389/feart.2020.568715,10.3389/feart.2020.568715,-0.9344,112.9057,Indonesia,West Kalimantan,Tewah,SW Borneo / Schwaner domain,Schwaner,AUX_BEDROCK_REFERENCE,METAMORPHIC_BASEMENT_OR_METASEDIMENT,METAMORPHIC_BASEMENT_OR_METASEDIMENT,bedrock (metamorphic),Schist,Pinoh Metamorphic Group,,不适用或未解析,17,17,17,0,17fe575e38009e907cbb0261310c560c0898daa76bc5e62475536ce196a00136,43304599ab58771804835c4628146843414a31906d63fe54d760513adcbb422f,False,False,False,EXTERNAL_REFERENCE,转 external reference,基岩或非主训练参考，保留原端点并退出仅碎屑主训练。,,,,,,,,True
E1,E1::AUX_BEDROCK::10.3389/feart.2020.568715::LD10058,10.3389/feart.2020.568715::LD10058,LD10-058,Breitfeld2020_FrontEarthSci8:568715_T2,10.3389/feart.2020.568715,10.3389/feart.2020.568715,-0.5277,112.0581,Indonesia,West Kalimantan,Nanga Pinoh,SW Borneo / Schwaner domain,Schwaner,AUX_BEDROCK_REFERENCE,METAMORPHIC_BASEMENT_OR_METASEDIMENT,METAMORPHIC_BASEMENT_OR_METASEDIMENT,bedrock (metamorphic),quartzite,Pinoh Metamorphic Group,,不适用或未解析,42,42,42,0,9e7da0cf5454087d474a72b887fdd766a1025afcab1d7e899f1af9a56d98af1d,b6b665564f422dcdaf5d93a1be8dfa2cec01eefc335ae3d59b8b8b74c8f53494,False,False,False,EXTERNAL_REFERENCE,转 external reference,基岩或非主训练参考，保留原端点并退出仅碎屑主训练。,,,,,,,,True
E1,E1::AUX_BEDROCK::10.3389/feart.2020.568715::SW3G,10.3389/feart.2020.568715::SW3G,SW3G,Breitfeld2020_FrontEarthSci8:568715_T2,10.3389/feart.2020.568715,10.3389/feart.2020.568715,-0.4228,111.7640,Indonesia,West Kalimantan,Nanga Pinoh,SW Borneo / Schwaner domain,Schwaner,AUX_BEDROCK_REFERENCE,METAMORPHIC_BASEMENT_OR_METASEDIMENT,METAMORPHIC_BASEMENT_OR_METASEDIMENT,bedrock (metamorphic),quartzite,Pinoh Metamorphic Group,,不适用或未解析,26,26,26,0,8fa0ef826a8ec26a253f1c15b587da8a1f63c28535fe4ece156bc1a4125880ec,43ad52802e9247e8e1d241b29a5b304dc2515111f1eb5386aef5c95dcfa4ca2c,False,False,False,EXTERNAL_REFERENCE,转 external reference,基岩或非主训练参考，保留原端点并退出仅碎屑主训练。,,,,,,,,True
E1,E1::AUX_BEDROCK::10.3389/feart.2020.568715::SW14,10.3389/feart.2020.568715::SW14,SW14,Breitfeld2020_FrontEarthSci8:568715_T2,10.3389/feart.2020.568715,10.3389/feart.2020.568715,-0.6059,111.7201,Indonesia,West Kalimantan,Nanga Pinoh,SW Borneo / Schwaner domain,Schwaner,AUX_BEDROCK_REFERENCE,METAMORPHIC_BASEMENT_OR_METASEDIMENT,METAMORPHIC_BASEMENT_OR_METASEDIMENT,bedrock (metamorphic),quartzite,Pinoh Metamorphic Group,,不适用或未解析,62,62,62,0,560092f6ac4299a3a9b2fe7aba9928f9dc8ac70e6e1c8d792fc050e35ae1a39d,7f208eae76366191793a450722b0f46c6e64eefd00d56e0b8fbc495ffbf76276,False,False,False,EXTERNAL_REFERENCE,转 external reference,基岩或非主训练参考，保留原端点并退出仅碎屑主训练。,,,,,,,,True
E1,E1::AUX_BEDROCK::10.3389/feart.2020.568715::83BA62A,10.3389/feart.2020.568715::83BA62A,83BA62A,Breitfeld2020_FrontEarthSci8:568715_T1,10.3389/feart.2020.568715,10.3389/feart.2020.568715,,,Indonesia,West Kalimantan / Central Kalimantan,NSZ,SW Borneo / Schwaner domain,Schwaner,AUX_BEDROCK_REFERENCE,IGNEOUS_OR_VOLCANIC_BEDROCK,IGNEOUS_OR_VOLCANIC_BEDROCK,igneous rock (文献汇编冷却/冷却年龄，非锆石 U-Pb),Sepauk,Sepauk,,不适用或未解析,1,1,1,0,bb17802053d556bdb7caa16c00cc7f0da15bfd7ef0efbc48adc831f2710d28d1,5ea2988e8bd9ee5eec7d1729d87341ca40dc207e303e194e44eb429cdc482bb5,False,False,False,EXTERNAL_REFERENCE,转 external reference,基岩或非主训练参考，保留原端点并退出仅碎屑主训练。,One-zircon auxiliary record is not automatically one independent physical rock sample. ,SINGLE_GRAIN_AUX_ROW; PHYSICAL_ROCK_IDENTITY_UNVERIFIED,COORDINATES_MISSING; USE_SOURCE_LOCALITY_ONLY,,,,,True
E1,E1::AUX_BEDROCK::10.3389/feart.2020.568715::83BA70A,10.3389/feart.2020.568715::83BA70A,83BA70A,Breitfeld2020_FrontEarthSci8:568715_T1,10.3389/feart.2020.568715,10.3389/feart.2020.568715,,,Indonesia,West Kalimantan / Central Kalimantan,NSZ,SW Borneo / Schwaner domain,Schwaner,AUX_BEDROCK_REFERENCE,IGNEOUS_OR_VOLCANIC_BEDROCK,IGNEOUS_OR_VOLCANIC_BEDROCK,igneous rock (文献汇编冷却/冷却年龄，非锆石 U-Pb),Sepauk,Sepauk,,不适用或未解析,1,1,1,0,bb17802053d556bdb7caa16c00cc7f0da15bfd7ef0efbc48adc831f2710d28d1,5ea2988e8bd9ee5eec7d1729d87341ca40dc207e303e194e44eb429cdc482bb5,False,False,False,EXTERNAL_REFERENCE,转 external reference,基岩或非主训练参考，保留原端点并退出仅碎屑主训练。,One-zircon auxiliary record is not automatically one independent physical rock sample. ,SINGLE_GRAIN_AUX_ROW; PHYSICAL_ROCK_IDENTITY_UNVERIFIED,COORDINATES_MISSING; USE_SOURCE_LOCALITY_ONLY,,,,,True
E1,E1::AUX_BEDROCK::10.3389/feart.2020.568715::83CP115A,10.3389/feart.2020.568715::83CP115A,83CP115A,Breitfeld2020_FrontEarthSci8:568715_T1,10.3389/feart.2020.568715,10.3389/feart.2020.568715,,,Indonesia,West Kalimantan / Central Kalimantan,NSZ,SW Borneo / Schwaner domain,Schwaner,AUX_BEDROCK_REFERENCE,IGNEOUS_OR_VOLCANIC_BEDROCK,IGNEOUS_OR_VOLCANIC_BEDROCK,igneous rock (文献汇编冷却/冷却年龄，非锆石 U-Pb),Sepauk,Sepauk,,不适用或未解析,2,2,2,0,6119243b8ce17503eb1b64ae195fdf36e8ece5ad09e8003d2009eaa25968c5fa,a3a7dd51640b49c1297a87c1a5c8b0515aef01ddf86cbb254277e48a7e51f59d,False,False,False,EXTERNAL_REFERENCE,转 external reference,基岩或非主训练参考，保留原端点并退出仅碎屑主训练。,,,COORDINATES_MISSING; USE_SOURCE_LOCALITY_ONLY,,,,,True
E1,E1::AUX_BEDROCK::10.3389/feart.2020.568715::83CP115C,10.3389/feart.2020.568715::83CP115C,83CP115C,Breitfeld2020_FrontEarthSci8:568715_T1,10.3389/feart.2020.568715,10.3389/feart.2020.568715,,,Indonesia,West Kalimantan / Central Kalimantan,NSZ,SW Borneo / Schwaner domain,Schwaner,AUX_BEDROCK_REFERENCE,IGNEOUS_OR_VOLCANIC_BEDROCK,IGNEOUS_OR_VOLCANIC_BEDROCK,igneous rock (文献汇编冷却/冷却年龄，非锆石 U-Pb),Sepauk,Sepauk,,不适用或未解析,2,2,2,0,aaa6bcc34ad56c3153ecfd1111d7dcd7c3e12f7352110a1951f1a970b77fa8c9,15aa1c115261431b2717bf01711eb564e6b2c6135df9c9533703455de1056958,False,False,False,EXTERNAL_REFERENCE,转 external reference,基岩或非主训练参考，保留原端点并退出仅碎屑主训练。,,,COORDINATES_MISSING; USE_SOURCE_LOCALITY_ONLY,,,,,True
E1,E1::AUX_BEDROCK::10.3389/feart.2020.568715::83CP116B,10.3389/feart.2020.568715::83CP116B,83CP116B,Breitfeld2020_FrontEarthSci8:568715_T1,10.3389/feart.2020.568715,10.3389/feart.2020.568715,,,Indonesia,West Kalimantan / Central Kalimantan,NSZ,SW Borneo / Schwaner domain,Schwaner,AUX_BEDROCK_REFERENCE,IGNEOUS_OR_VOLCANIC_BEDROCK,IGNEOUS_OR_VOLCANIC_BEDROCK,igneous rock (文献汇编冷却/冷却年龄，非锆石 U-Pb),Sepauk,Sepauk,,不适用或未解析,2,2,2,0,c412b5fded039ca9439cf764ae0188c83acbe8a383096866614058077ca4c234,8dd1a7a084bff68b334495b152786d5f12d7c6df6bc59523083ec7486455e00f,False,False,False,EXTERNAL_REFERENCE,转 external reference,基岩或非主训练参考，保留原端点并退出仅碎屑主训练。,,,COORDINATES_MISSING; USE_SOURCE_LOCALITY_ONLY,,,,,True
E1,E1::AUX_BEDROCK::10.3389/feart.2020.568715::83CP122A,10.3389/feart.2020.568715::83CP122A,83CP122A,Breitfeld2020_FrontEarthSci8:568715_T1,10.3389/feart.2020.568715,10.3389/feart.2020.568715,,,Indonesia,West Kalimantan / Central Kalimantan,NSZ,SW Borneo / Schwaner domain,Schwaner,AUX_BEDROCK_REFERENCE,IGNEOUS_OR_VOLCANIC_BEDROCK,IGNEOUS_OR_VOLCANIC_BEDROCK,igneous rock (文献汇编冷却/冷却年龄，非锆石 U-Pb),Sepauk,Sepauk,,不适用或未解析,1,1,1,0,818ded51c1afb852e7659d9470ce15f0caf198b9539280e588c3d735dcd9c21e,272d4f819eb12c16dd8f2e3dda3fef35a3c4262c194880f64050262ab59e67d1,False,False,False,EXTERNAL_REFERENCE,转 external reference,基岩或非主训练参考，保留原端点并退出仅碎屑主训练。,One-zircon auxiliary record is not automatically one independent physical rock sample. ,SINGLE_GRAIN_AUX_ROW; PHYSICAL_ROCK_IDENTITY_UNVERIFIED,COORDINATES_MISSING; USE_SOURCE_LOCALITY_ONLY,,,,,True
E1,E1::AUX_BEDROCK::10.3389/feart.2020.568715::83CP125A,10.3389/feart.2020.568715::83CP125A,83CP125A,Breitfeld2020_FrontEarthSci8:568715_T1,10.3389/feart.2020.568715,10.3389/feart.2020.568715,,,Indonesia,West Kalimantan / Central Kalimantan,NSZ,SW Borneo / Schwaner domain,Schwaner,AUX_BEDROCK_REFERENCE,IGNEOUS_OR_VOLCANIC_BEDROCK,IGNEOUS_OR_VOLCANIC_BEDROCK,igneous rock (文献汇编冷却/冷却年龄，非锆石 U-Pb),Sepauk,Sepauk,,不适用或未解析,1,1,1,0,4d1e88ed5e67402f2a47d41749253e1f5e1ac4e16645715873ec77f9532f335a,2d099df232d6382992e327d1241ba36bd94e8747cd310e84bbb419bc37547acf,False,False,False,EXTERNAL_REFERENCE,转 external reference,基岩或非主训练参考，保留原端点并退出仅碎屑主训练。,One-zircon auxiliary record is not automatically one independent physical rock sample. ,SINGLE_GRAIN_AUX_ROW; PHYSICAL_ROCK_IDENTITY_UNVERIFIED,COORDINATES_MISSING; USE_SOURCE_LOCALITY_ONLY,,,,,True
E1,E1::AUX_BEDROCK::10.3389/feart.2020.568715::83HZ34C,10.3389/feart.2020.568715::83HZ34C,83HZ34C,Breitfeld2020_FrontEarthSci8:568715_T1,10.3389/feart.2020.568715,10.3389/feart.2020.568715,,,Indonesia,West Kalimantan / Central Kalimantan,NSZ,SW Borneo / Schwaner domain,Schwaner,AUX_BEDROCK_REFERENCE,IGNEOUS_OR_VOLCANIC_BEDROCK,IGNEOUS_OR_VOLCANIC_BEDROCK,igneous rock (文献汇编冷却/冷却年龄，非锆石 U-Pb),Sepauk,Sepauk,,不适用或未解析,1,1,1,0,bb17802053d556bdb7caa16c00cc7f0da15bfd7ef0efbc48adc831f2710d28d1,5ea2988e8bd9ee5eec7d1729d87341ca40dc207e303e194e44eb429cdc482bb5,False,False,False,EXTERNAL_REFERENCE,转 external reference,基岩或非主训练参考，保留原端点并退出仅碎屑主训练。,One-zircon auxiliary record is not automatically one independent physical rock sample. ,SINGLE_GRAIN_AUX_ROW; PHYSICAL_ROCK_IDENTITY_UNVERIFIED,COORDINATES_MISSING; USE_SOURCE_LOCALITY_ONLY,,,,,True
E1,E1::AUX_BEDROCK::10.3389/feart.2020.568715::83HZ36A,10.3389/feart.2020.568715::83HZ36A,83HZ36A,Breitfeld2020_FrontEarthSci8:568715_T1,10.3389/feart.2020.568715,10.3389/feart.2020.568715,,,Indonesia,West Kalimantan / Central Kalimantan,NSZ,SW Borneo / Schwaner domain,Schwaner,AUX_BEDROCK_REFERENCE,IGNEOUS_OR_VOLCANIC_BEDROCK,IGNEOUS_OR_VOLCANIC_BEDROCK,igneous rock (文献汇编冷却/冷却年龄，非锆石 U-Pb),Sepauk,Sepauk,,不适用或未解析,1,1,1,0,4d1e88ed5e67402f2a47d41749253e1f5e1ac4e16645715873ec77f9532f335a,2d099df232d6382992e327d1241ba36bd94e8747cd310e84bbb419bc37547acf,False,False,False,EXTERNAL_REFERENCE,转 external reference,基岩或非主训练参考，保留原端点并退出仅碎屑主训练。,One-zircon auxiliary record is not automatically one independent physical rock sample. ,SINGLE_GRAIN_AUX_ROW; PHYSICAL_ROCK_IDENTITY_UNVERIFIED,COORDINATES_MISSING; USE_SOURCE_LOCALITY_ONLY,,,,,True
E1,E1::AUX_BEDROCK::10.3389/feart.2020.568715::83HZ39A,10.3389/feart.2020.568715::83HZ39A,83HZ39A,Breitfeld2020_FrontEarthSci8:568715_T1,10.3389/feart.2020.568715,10.3389/feart.2020.568715,,,Indonesia,West Kalimantan / Central Kalimantan,NSZ,SW Borneo / Schwaner domain,Schwaner,AUX_BEDROCK_REFERENCE,IGNEOUS_OR_VOLCANIC_BEDROCK,IGNEOUS_OR_VOLCANIC_BEDROCK,igneous rock (文献汇编冷却/冷却年龄，非锆石 U-Pb),Sepauk,Sepauk,,不适用或未解析,1,1,1,0,bb17802053d556bdb7caa16c00cc7f0da15bfd7ef0efbc48adc831f2710d28d1,5ea2988e8bd9ee5eec7d1729d87341ca40dc207e303e194e44eb429cdc482bb5,False,False,False,EXTERNAL_REFERENCE,转 external reference,基岩或非主训练参考，保留原端点并退出仅碎屑主训练。,One-zircon auxiliary record is not automatically one independent physical rock sample. ,SINGLE_GRAIN_AUX_ROW; PHYSICAL_ROCK_IDENTITY_UNVERIFIED,COORDINATES_MISSING; USE_SOURCE_LOCALITY_ONLY,,,,,True
E1,E1::AUX_BEDROCK::10.3389/feart.2020.568715::84DT08B,10.3389/feart.2020.568715::84DT08B,84DT08B,Breitfeld2020_FrontEarthSci8:568715_T1,10.3389/feart.2020.568715,10.3389/feart.2020.568715,,,Indonesia,West Kalimantan / Central Kalimantan,NSZ,SW Borneo / Schwaner domain,Schwaner,AUX_BEDROCK_REFERENCE,IGNEOUS_OR_VOLCANIC_BEDROCK,IGNEOUS_OR_VOLCANIC_BEDROCK,igneous rock (文献汇编冷却/冷却年龄，非锆石 U-Pb),Sepauk,Sepauk,,不适用或未解析,2,2,2,0,250767ecf74c6e8eb1be5d410212eb3a34845c78f056988c6d97945094ca077c,b32339cb163d216ccd8168a3d99fac0e02d3aed2a7bf3e7eda44b53feb65a92e,False,False,False,EXTERNAL_REFERENCE,转 external reference,基岩或非主训练参考，保留原端点并退出仅碎屑主训练。,,,COORDINATES_MISSING; USE_SOURCE_LOCALITY_ONLY,,,,,True
E1,E1::AUX_BEDROCK::10.3389/feart.2020.568715::RI116,10.3389/feart.2020.568715::RI116,RI116,Breitfeld2020_FrontEarthSci8:568715_T1,10.3389/feart.2020.568715,10.3389/feart.2020.568715,,,Indonesia,West Kalimantan / Central Kalimantan,NSZ,SW Borneo / Schwaner domain,Schwaner,AUX_BEDROCK_REFERENCE,IGNEOUS_OR_VOLCANIC_BEDROCK,IGNEOUS_OR_VOLCANIC_BEDROCK,igneous rock (文献汇编冷却/冷却年龄，非锆石 U-Pb),?Sepauk,?Sepauk,,不适用或未解析,1,1,1,0,bc78e269be658f5ea6d75b79caecdeb79b6ac32fd1e6051dbd86a7ad712ba32d,76a8be15a20758b6bd55f2b33de17afdbef1db6b20856b94d1c153ac4d685100,False,False,False,EXTERNAL_REFERENCE,转 external reference,基岩或非主训练参考，保留原端点并退出仅碎屑主训练。,One-zircon auxiliary record is not automatically one independent physical rock sample. ,SINGLE_GRAIN_AUX_ROW; PHYSICAL_ROCK_IDENTITY_UNVERIFIED,COORDINATES_MISSING; USE_SOURCE_LOCALITY_ONLY,,,,,True
E1,E1::AUX_BEDROCK::10.3389/feart.2020.568715::RI113,10.3389/feart.2020.568715::RI113,RI113,Breitfeld2020_FrontEarthSci8:568715_T1,10.3389/feart.2020.568715,10.3389/feart.2020.568715,,,Indonesia,West Kalimantan / Central Kalimantan,NSZ,SW Borneo / Schwaner domain,Schwaner,AUX_BEDROCK_REFERENCE,IGNEOUS_OR_VOLCANIC_BEDROCK,IGNEOUS_OR_VOLCANIC_BEDROCK,igneous rock (文献汇编冷却/冷却年龄，非锆石 U-Pb),Laur*,Laur*,,不适用或未解析,1,1,1,0,00754a39f7de30495780d4c6242f680316f56bf4bf735c3681b3ac1d14f1512e,890bb96bb0e8de3ce6b7e4640509114f710c253ffdd5e1dfea88921507db5e9b,False,False,False,EXTERNAL_REFERENCE,转 external reference,基岩或非主训练参考，保留原端点并退出仅碎屑主训练。,One-zircon auxiliary record is not automatically one independent physical rock sample. ,SINGLE_GRAIN_AUX_ROW; PHYSICAL_ROCK_IDENTITY_UNVERIFIED,COORDINATES_MISSING; USE_SOURCE_LOCALITY_ONLY,,,,,True
E1,E1::AUX_BEDROCK::10.3389/feart.2020.568715::84DT03D,10.3389/feart.2020.568715::84DT03D,84DT03D,Breitfeld2020_FrontEarthSci8:568715_T1,10.3389/feart.2020.568715,10.3389/feart.2020.568715,,,Indonesia,West Kalimantan / Central Kalimantan,NSZ,SW Borneo / Schwaner domain,Schwaner,AUX_BEDROCK_REFERENCE,IGNEOUS_OR_VOLCANIC_BEDROCK,IGNEOUS_OR_VOLCANIC_BEDROCK,igneous rock (文献汇编冷却/冷却年龄，非锆石 U-Pb),Sepauk-Laur*,Sepauk-Laur*,,不适用或未解析,1,1,1,0,316b02d7a05a2f470576aee577dc1fb20bf3015ba20c004b977ad986b24bf1d5,f533c1d515ba27af170651becd0f8a194d5e821ac9081a647e51a16dd0d84831,False,False,False,EXTERNAL_REFERENCE,转 external reference,基岩或非主训练参考，保留原端点并退出仅碎屑主训练。,One-zircon auxiliary record is not automatically one independent physical rock sample. ,SINGLE_GRAIN_AUX_ROW; PHYSICAL_ROCK_IDENTITY_UNVERIFIED,COORDINATES_MISSING; USE_SOURCE_LOCALITY_ONLY,,,,,True
E1,E1::AUX_BEDROCK::10.3389/feart.2020.568715::84UM48A,10.3389/feart.2020.568715::84UM48A,84UM48A,Breitfeld2020_FrontEarthSci8:568715_T1,10.3389/feart.2020.568715,10.3389/feart.2020.568715,,,Indonesia,West Kalimantan / Central Kalimantan,NSZ,SW Borneo / Schwaner domain,Schwaner,AUX_BEDROCK_REFERENCE,IGNEOUS_OR_VOLCANIC_BEDROCK,IGNEOUS_OR_VOLCANIC_BEDROCK,igneous rock (文献汇编冷却/冷却年龄，非锆石 U-Pb),Sepauk-Laur*,Sepauk-Laur*,,不适用或未解析,1,1,1,0,cc6ade343809d405edcf927252dc8d97041ef7dc3e87864f1236baab5e5e94fd,7b5c7b3dbc995c0ae0d3d8a705c80f252ed089803178bfd7d92ec78dbb725739,False,False,False,EXTERNAL_REFERENCE,转 external reference,基岩或非主训练参考，保留原端点并退出仅碎屑主训练。,One-zircon auxiliary record is not automatically one independent physical rock sample. ,SINGLE_GRAIN_AUX_ROW; PHYSICAL_ROCK_IDENTITY_UNVERIFIED,COORDINATES_MISSING; USE_SOURCE_LOCALITY_ONLY,,,,,True
E1,E1::AUX_BEDROCK::10.3389/feart.2020.568715::FM8988,10.3389/feart.2020.568715::FM8988,FM8988,Breitfeld2020_FrontEarthSci8:568715_T1,10.3389/feart.2020.568715,10.3389/feart.2020.568715,,,Indonesia,West Kalimantan / Central Kalimantan,NSZ,SW Borneo / Schwaner domain,Schwaner,AUX_BEDROCK_REFERENCE,IGNEOUS_OR_VOLCANIC_BEDROCK,IGNEOUS_OR_VOLCANIC_BEDROCK,igneous rock (文献汇编冷却/冷却年龄，非锆石 U-Pb),Menunuk,Menunuk,,不适用或未解析,1,1,1,0,1951a2280dd17f4b473da28b21268170d340cae6fee4d2c184dc4419619a2c17,ecdf81b0e96cd89a5fc22b4373f45cfda0a96149b1e32063ce4ac9c92d9f64bf,False,False,False,EXTERNAL_REFERENCE,转 external reference,基岩或非主训练参考，保留原端点并退出仅碎屑主训练。,One-zircon auxiliary record is not automatically one independent physical rock sample. ,SINGLE_GRAIN_AUX_ROW; PHYSICAL_ROCK_IDENTITY_UNVERIFIED,COORDINATES_MISSING; USE_SOURCE_LOCALITY_ONLY,,,,,True
E1,E1::AUX_BEDROCK::10.3389/feart.2020.568715::FM8989,10.3389/feart.2020.568715::FM8989,FM8989,Breitfeld2020_FrontEarthSci8:568715_T1,10.3389/feart.2020.568715,10.3389/feart.2020.568715,,,Indonesia,West Kalimantan / Central Kalimantan,NSZ,SW Borneo / Schwaner domain,Schwaner,AUX_BEDROCK_REFERENCE,IGNEOUS_OR_VOLCANIC_BEDROCK,IGNEOUS_OR_VOLCANIC_BEDROCK,igneous rock (文献汇编冷却/冷却年龄，非锆石 U-Pb),PMG,PMG,,不适用或未解析,1,1,1,0,778be3dcad0f6d108df1c34f6bcd397094aa67d35a2edda612727a457fe6cf45,bd6304d2eaf05a50b24430e10eeca324bacb494964050eb3b4d531cf2f65e4a9,False,False,False,EXTERNAL_REFERENCE,转 external reference,基岩或非主训练参考，保留原端点并退出仅碎屑主训练。,One-zircon auxiliary record is not automatically one independent physical rock sample. ,SINGLE_GRAIN_AUX_ROW; PHYSICAL_ROCK_IDENTITY_UNVERIFIED,COORDINATES_MISSING; USE_SOURCE_LOCALITY_ONLY,,,,,True
E1,E1::AUX_BEDROCK::10.3389/feart.2020.568715::K30,10.3389/feart.2020.568715::K30,K30,Breitfeld2020_FrontEarthSci8:568715_T1,10.3389/feart.2020.568715,10.3389/feart.2020.568715,,,Indonesia,West Kalimantan / Central Kalimantan,NWSZ,SW Borneo / Schwaner domain,Schwaner,AUX_BEDROCK_REFERENCE,IGNEOUS_OR_VOLCANIC_BEDROCK,IGNEOUS_OR_VOLCANIC_BEDROCK,igneous rock (文献汇编冷却/冷却年龄，非锆石 U-Pb),Sepauk,Sepauk,,不适用或未解析,2,2,2,0,894b19a0a385ba5392301d9deea88d364dce166175b7f4217de1a32891097aeb,e653349fb527a5fa6f9502caed647f1910fb4226fcfc26f642850a0793964567,False,False,False,EXTERNAL_REFERENCE,转 external reference,基岩或非主训练参考，保留原端点并退出仅碎屑主训练。,,,COORDINATES_MISSING; USE_SOURCE_LOCALITY_ONLY,,,,,True
E1,E1::AUX_BEDROCK::10.3389/feart.2020.568715::K32,10.3389/feart.2020.568715::K32,K32,Breitfeld2020_FrontEarthSci8:568715_T1,10.3389/feart.2020.568715,10.3389/feart.2020.568715,,,Indonesia,West Kalimantan / Central Kalimantan,NWSZ,SW Borneo / Schwaner domain,Schwaner,AUX_BEDROCK_REFERENCE,IGNEOUS_OR_VOLCANIC_BEDROCK,IGNEOUS_OR_VOLCANIC_BEDROCK,igneous rock (文献汇编冷却/冷却年龄，非锆石 U-Pb),Sepauk,Sepauk,,不适用或未解析,2,2,2,0,1aff5df366e8fc1a9e0e80060703d99928100904681e40c7f480096427f57d7f,d8be0dc7687fb274b866ad189290bc0092126207247a62a50f84d687be335d0a,False,False,False,EXTERNAL_REFERENCE,转 external reference,基岩或非主训练参考，保留原端点并退出仅碎屑主训练。,,,COORDINATES_MISSING; USE_SOURCE_LOCALITY_ONLY,,,,,True
E1,E1::AUX_BEDROCK::10.3389/feart.2020.568715::K34,10.3389/feart.2020.568715::K34,K34,Breitfeld2020_FrontEarthSci8:568715_T1,10.3389/feart.2020.568715,10.3389/feart.2020.568715,,,Indonesia,West Kalimantan / Central Kalimantan,NWSZ,SW Borneo / Schwaner domain,Schwaner,AUX_BEDROCK_REFERENCE,IGNEOUS_OR_VOLCANIC_BEDROCK,IGNEOUS_OR_VOLCANIC_BEDROCK,igneous rock (文献汇编冷却/冷却年龄，非锆石 U-Pb),Sepauk,Sepauk,,不适用或未解析,2,2,2,0,ef5577979b903a0acc7952593f088a7aed80bea0a26c0fb9af20cd93d610737f,eb6942223bca374663464ed6ce0a5f712625a223f681f0cab5d816b020088eab,False,False,False,EXTERNAL_REFERENCE,转 external reference,基岩或非主训练参考，保留原端点并退出仅碎屑主训练。,,,COORDINATES_MISSING; USE_SOURCE_LOCALITY_ONLY,,,,,True
E1,E1::AUX_BEDROCK::10.3389/feart.2020.568715::K35,10.3389/feart.2020.568715::K35,K35,Breitfeld2020_FrontEarthSci8:568715_T1,10.3389/feart.2020.568715,10.3389/feart.2020.568715,,,Indonesia,West Kalimantan / Central Kalimantan,NWSZ,SW Borneo / Schwaner domain,Schwaner,AUX_BEDROCK_REFERENCE,IGNEOUS_OR_VOLCANIC_BEDROCK,IGNEOUS_OR_VOLCANIC_BEDROCK,igneous rock (文献汇编冷却/冷却年龄，非锆石 U-Pb),Sepauk,Sepauk,,不适用或未解析,1,1,1,0,1253cdbbfe7513d1a4c1a8a44ad2792867a32dbb5e15749e5888be99b54b749f,c01a07265dc63998fb905fba210a480101c361b6d32a4aab0f219c781970aa6d,False,False,False,EXTERNAL_REFERENCE,转 external reference,基岩或非主训练参考，保留原端点并退出仅碎屑主训练。,One-zircon auxiliary record is not automatically one independent physical rock sample. ,SINGLE_GRAIN_AUX_ROW; PHYSICAL_ROCK_IDENTITY_UNVERIFIED,COORDINATES_MISSING; USE_SOURCE_LOCALITY_ONLY,,,,,True
E1,E1::AUX_BEDROCK::10.3389/feart.2020.568715::85PR022A,10.3389/feart.2020.568715::85PR022A,85PR022A,Breitfeld2020_FrontEarthSci8:568715_T1,10.3389/feart.2020.568715,10.3389/feart.2020.568715,,,Indonesia,West Kalimantan / Central Kalimantan,NWSZ,SW Borneo / Schwaner domain,Schwaner,AUX_BEDROCK_REFERENCE,IGNEOUS_OR_VOLCANIC_BEDROCK,IGNEOUS_OR_VOLCANIC_BEDROCK,igneous rock (文献汇编冷却/冷却年龄，非锆石 U-Pb),Sepauk,Sepauk,,不适用或未解析,2,2,2,0,76828040796ebf0834349ad22af1eb49becf5db4fcdeda5b30a93dafe472174b,e6740502b002a91cd0c8e875ea2472754b4fba120760e31de1ac22c9f0e60670,False,False,False,EXTERNAL_REFERENCE,转 external reference,基岩或非主训练参考，保留原端点并退出仅碎屑主训练。,,,COORDINATES_MISSING; USE_SOURCE_LOCALITY_ONLY,,,,,True
E1,E1::AUX_BEDROCK::10.3389/feart.2020.568715::K75,10.3389/feart.2020.568715::K75,K75,Breitfeld2020_FrontEarthSci8:568715_T1,10.3389/feart.2020.568715,10.3389/feart.2020.568715,,,Indonesia,West Kalimantan / Central Kalimantan,NWSZ,SW Borneo / Schwaner domain,Schwaner,AUX_BEDROCK_REFERENCE,IGNEOUS_OR_VOLCANIC_BEDROCK,IGNEOUS_OR_VOLCANIC_BEDROCK,igneous rock (文献汇编冷却/冷却年龄，非锆石 U-Pb),Sepauk-Laur*,Sepauk-Laur*,,不适用或未解析,1,1,1,0,c4ed47174c16105c836715d47657ec6e7fd621fce00498bec1d45f2cdc33f09f,8dcebd1effe40373ad6f8942bda662dd5cc1fc037ec9417731845c791f62c7e1,False,False,False,EXTERNAL_REFERENCE,转 external reference,基岩或非主训练参考，保留原端点并退出仅碎屑主训练。,One-zircon auxiliary record is not automatically one independent physical rock sample. ,SINGLE_GRAIN_AUX_ROW; PHYSICAL_ROCK_IDENTITY_UNVERIFIED,COORDINATES_MISSING; USE_SOURCE_LOCALITY_ONLY,,,,,True
E1,E1::AUX_BEDROCK::10.3389/feart.2020.568715::84PP044A,10.3389/feart.2020.568715::84PP044A,84PP044A,Breitfeld2020_FrontEarthSci8:568715_T1,10.3389/feart.2020.568715,10.3389/feart.2020.568715,,,Indonesia,West Kalimantan / Central Kalimantan,NWSZ,SW Borneo / Schwaner domain,Schwaner,AUX_BEDROCK_REFERENCE,IGNEOUS_OR_VOLCANIC_BEDROCK,IGNEOUS_OR_VOLCANIC_BEDROCK,igneous rock (文献汇编冷却/冷却年龄，非锆石 U-Pb),Laur*,Laur*,,不适用或未解析,1,1,1,0,e055a1feb51aedfd98c74f1eccbb31753026cddda7b0cb4fac8343b66cd03043,bb1ddab0f64906fafef55f59eed43db512af7476e73a33313162dbdfb7af1cab,False,False,False,EXTERNAL_REFERENCE,转 external reference,基岩或非主训练参考，保留原端点并退出仅碎屑主训练。,One-zircon auxiliary record is not automatically one independent physical rock sample. ,SINGLE_GRAIN_AUX_ROW; PHYSICAL_ROCK_IDENTITY_UNVERIFIED,COORDINATES_MISSING; USE_SOURCE_LOCALITY_ONLY,,,,,True
E1,E1::AUX_BEDROCK::10.3389/feart.2020.568715::K52,10.3389/feart.2020.568715::K52,K52,Breitfeld2020_FrontEarthSci8:568715_T1,10.3389/feart.2020.568715,10.3389/feart.2020.568715,,,Indonesia,West Kalimantan / Central Kalimantan,NWSZ,SW Borneo / Schwaner domain,Schwaner,AUX_BEDROCK_REFERENCE,IGNEOUS_OR_VOLCANIC_BEDROCK,IGNEOUS_OR_VOLCANIC_BEDROCK,igneous rock (文献汇编冷却/冷却年龄，非锆石 U-Pb),Laur*,Laur*,,不适用或未解析,2,2,2,0,58395e86de5655407e26a9be35d21c9a74336076254b14d797da14b64e67263f,2e46b1cb10298f5a678630642cc1f09b1437e87abffb2e23c95a54cb13232c17,False,False,False,EXTERNAL_REFERENCE,转 external reference,基岩或非主训练参考，保留原端点并退出仅碎屑主训练。,,,COORDINATES_MISSING; USE_SOURCE_LOCALITY_ONLY,,,,,True
E1,E1::AUX_BEDROCK::10.3389/feart.2020.568715::K76,10.3389/feart.2020.568715::K76,K76,Breitfeld2020_FrontEarthSci8:568715_T1,10.3389/feart.2020.568715,10.3389/feart.2020.568715,,,Indonesia,West Kalimantan / Central Kalimantan,NWSZ,SW Borneo / Schwaner domain,Schwaner,AUX_BEDROCK_REFERENCE,IGNEOUS_OR_VOLCANIC_BEDROCK,IGNEOUS_OR_VOLCANIC_BEDROCK,igneous rock (文献汇编冷却/冷却年龄，非锆石 U-Pb),Sukadana*,Sukadana*,,不适用或未解析,2,2,2,0,3bea1597b490d18ed1a432628a8d49c71a5e5f7cf564102a9a06a22b47f2e449,536d8a91b1a1633809d8ada0eccdd558799add3213779fe0e3a1aa10978e8bee,False,False,False,EXTERNAL_REFERENCE,转 external reference,基岩或非主训练参考，保留原端点并退出仅碎屑主训练。,,,COORDINATES_MISSING; USE_SOURCE_LOCALITY_ONLY,,,,,True
E1,E1::AUX_BEDROCK::10.3389/feart.2020.568715::84PP043A,10.3389/feart.2020.568715::84PP043A,84PP043A,Breitfeld2020_FrontEarthSci8:568715_T1,10.3389/feart.2020.568715,10.3389/feart.2020.568715,,,Indonesia,West Kalimantan / Central Kalimantan,NWSZ,SW Borneo / Schwaner domain,Schwaner,AUX_BEDROCK_REFERENCE,IGNEOUS_OR_VOLCANIC_BEDROCK,IGNEOUS_OR_VOLCANIC_BEDROCK,igneous rock (文献汇编冷却/冷却年龄，非锆石 U-Pb),Sukadana*,Sukadana*,,不适用或未解析,1,1,1,0,ae6468030d098258f7b5270f958e0170117a9fe2a35afe0fa78873e7900cec38,ddc56489529ee0393c6e9f0a8221e975deeade8618b394d747000583428a6214,False,False,False,EXTERNAL_REFERENCE,转 external reference,基岩或非主训练参考，保留原端点并退出仅碎屑主训练。,One-zircon auxiliary record is not automatically one independent physical rock sample. ,SINGLE_GRAIN_AUX_ROW; PHYSICAL_ROCK_IDENTITY_UNVERIFIED,COORDINATES_MISSING; USE_SOURCE_LOCALITY_ONLY,,,,,True
E1,E1::AUX_BEDROCK::10.3389/feart.2020.568715::K74,10.3389/feart.2020.568715::K74,K74,Breitfeld2020_FrontEarthSci8:568715_T1,10.3389/feart.2020.568715,10.3389/feart.2020.568715,,,Indonesia,West Kalimantan / Central Kalimantan,NWSZ,SW Borneo / Schwaner domain,Schwaner,AUX_BEDROCK_REFERENCE,IGNEOUS_OR_VOLCANIC_BEDROCK,IGNEOUS_OR_VOLCANIC_BEDROCK,igneous rock (文献汇编冷却/冷却年龄，非锆石 U-Pb),Biwa Gabbro,Biwa Gabbro,,不适用或未解析,1,1,1,0,7b8dacae6ffd672ff301f35ce417e60b70984c37b9ac38379fb19284ff2f020f,146771b14160d4a853d97eead28aaa2a90cc97a8d29b80a5766adfb48ad34a38,False,False,False,EXTERNAL_REFERENCE,转 external reference,基岩或非主训练参考，保留原端点并退出仅碎屑主训练。,One-zircon auxiliary record is not automatically one independent physical rock sample. ,SINGLE_GRAIN_AUX_ROW; PHYSICAL_ROCK_IDENTITY_UNVERIFIED,COORDINATES_MISSING; USE_SOURCE_LOCALITY_ONLY,,,,,True
E1,E1::AUX_BEDROCK::10.3389/feart.2020.568715::K43,10.3389/feart.2020.568715::K43,K43,Breitfeld2020_FrontEarthSci8:568715_T1,10.3389/feart.2020.568715,10.3389/feart.2020.568715,,,Indonesia,West Kalimantan / Central Kalimantan,SSZ,SW Borneo / Schwaner domain,Schwaner,AUX_BEDROCK_REFERENCE,IGNEOUS_OR_VOLCANIC_BEDROCK,IGNEOUS_OR_VOLCANIC_BEDROCK,igneous rock (文献汇编冷却/冷却年龄，非锆石 U-Pb),Belaban,Belaban,,不适用或未解析,1,1,1,0,e0c338936a066659786dce041d85cba79702d846b83882ed64f9fc323dc8ebe1,5fd8fd47c4427ed08c21830420890b11e25f8e13c7c3e35d4ad752ccc8791e82,False,False,False,EXTERNAL_REFERENCE,转 external reference,基岩或非主训练参考，保留原端点并退出仅碎屑主训练。,One-zircon auxiliary record is not automatically one independent physical rock sample. ,SINGLE_GRAIN_AUX_ROW; PHYSICAL_ROCK_IDENTITY_UNVERIFIED,COORDINATES_MISSING; USE_SOURCE_LOCALITY_ONLY,,,,,True
E1,E1::AUX_BEDROCK::10.3389/feart.2020.568715::K22,10.3389/feart.2020.568715::K22,K22,Breitfeld2020_FrontEarthSci8:568715_T1,10.3389/feart.2020.568715,10.3389/feart.2020.568715,,,Indonesia,West Kalimantan / Central Kalimantan,SSZ,SW Borneo / Schwaner domain,Schwaner,AUX_BEDROCK_REFERENCE,IGNEOUS_OR_VOLCANIC_BEDROCK,IGNEOUS_OR_VOLCANIC_BEDROCK,igneous rock (文献汇编冷却/冷却年龄，非锆石 U-Pb),?Mentembah*,?Mentembah*,,不适用或未解析,1,1,1,0,ca60a5c05e67bb6ad112f7fe0d1b3c5834004ee71f923dd2e4a81368cc44f40b,15a247089998e818aa2512cf0992bf0d64fc5878defec6aadb5f623b1656c7e4,False,False,False,EXTERNAL_REFERENCE,转 external reference,基岩或非主训练参考，保留原端点并退出仅碎屑主训练。,One-zircon auxiliary record is not automatically one independent physical rock sample. ,SINGLE_GRAIN_AUX_ROW; PHYSICAL_ROCK_IDENTITY_UNVERIFIED,COORDINATES_MISSING; USE_SOURCE_LOCALITY_ONLY,,,,,True
E1,E1::AUX_BEDROCK::10.3389/feart.2020.568715::84ER180C,10.3389/feart.2020.568715::84ER180C,84ER180C,Breitfeld2020_FrontEarthSci8:568715_T1,10.3389/feart.2020.568715,10.3389/feart.2020.568715,,,Indonesia,West Kalimantan / Central Kalimantan,SSZ,SW Borneo / Schwaner domain,Schwaner,AUX_BEDROCK_REFERENCE,IGNEOUS_OR_VOLCANIC_BEDROCK,IGNEOUS_OR_VOLCANIC_BEDROCK,igneous rock (文献汇编冷却/冷却年龄，非锆石 U-Pb),Laur*,Laur*,,不适用或未解析,1,1,1,0,396fceda8242d6e79bbd776505e296e1da01a312404d8c81413e8a40e4c8ab4e,9ba920bf567cfeba3e1fbd8d20c04a3894a4aa314c7b8ddf369cee4a23573f78,False,False,False,EXTERNAL_REFERENCE,转 external reference,基岩或非主训练参考，保留原端点并退出仅碎屑主训练。,One-zircon auxiliary record is not automatically one independent physical rock sample. ,SINGLE_GRAIN_AUX_ROW; PHYSICAL_ROCK_IDENTITY_UNVERIFIED,COORDINATES_MISSING; USE_SOURCE_LOCALITY_ONLY,,,,,True
E1,E1::AUX_BEDROCK::10.3389/feart.2020.568715::84DT262A,10.3389/feart.2020.568715::84DT262A,84DT262A,Breitfeld2020_FrontEarthSci8:568715_T1,10.3389/feart.2020.568715,10.3389/feart.2020.568715,,,Indonesia,West Kalimantan / Central Kalimantan,SSZ,SW Borneo / Schwaner domain,Schwaner,AUX_BEDROCK_REFERENCE,IGNEOUS_OR_VOLCANIC_BEDROCK,IGNEOUS_OR_VOLCANIC_BEDROCK,igneous rock (文献汇编冷却/冷却年龄，非锆石 U-Pb),Laur*,Laur*,,不适用或未解析,1,1,1,0,cc6ade343809d405edcf927252dc8d97041ef7dc3e87864f1236baab5e5e94fd,7b5c7b3dbc995c0ae0d3d8a705c80f252ed089803178bfd7d92ec78dbb725739,False,False,False,EXTERNAL_REFERENCE,转 external reference,基岩或非主训练参考，保留原端点并退出仅碎屑主训练。,One-zircon auxiliary record is not automatically one independent physical rock sample. ,SINGLE_GRAIN_AUX_ROW; PHYSICAL_ROCK_IDENTITY_UNVERIFIED,COORDINATES_MISSING; USE_SOURCE_LOCALITY_ONLY,,,,,True
E1,E1::AUX_BEDROCK::10.3389/feart.2020.568715::84DT263A,10.3389/feart.2020.568715::84DT263A,84DT263A,Breitfeld2020_FrontEarthSci8:568715_T1,10.3389/feart.2020.568715,10.3389/feart.2020.568715,,,Indonesia,West Kalimantan / Central Kalimantan,SSZ,SW Borneo / Schwaner domain,Schwaner,AUX_BEDROCK_REFERENCE,IGNEOUS_OR_VOLCANIC_BEDROCK,IGNEOUS_OR_VOLCANIC_BEDROCK,igneous rock (文献汇编冷却/冷却年龄，非锆石 U-Pb),Laur*,Laur*,,不适用或未解析,1,1,1,0,316b02d7a05a2f470576aee577dc1fb20bf3015ba20c004b977ad986b24bf1d5,f533c1d515ba27af170651becd0f8a194d5e821ac9081a647e51a16dd0d84831,False,False,False,EXTERNAL_REFERENCE,转 external reference,基岩或非主训练参考，保留原端点并退出仅碎屑主训练。,One-zircon auxiliary record is not automatically one independent physical rock sample. ,SINGLE_GRAIN_AUX_ROW; PHYSICAL_ROCK_IDENTITY_UNVERIFIED,COORDINATES_MISSING; USE_SOURCE_LOCALITY_ONLY,,,,,True
E1,E1::AUX_BEDROCK::10.3389/feart.2020.568715::84ER234C,10.3389/feart.2020.568715::84ER234C,84ER234C,Breitfeld2020_FrontEarthSci8:568715_T1,10.3389/feart.2020.568715,10.3389/feart.2020.568715,,,Indonesia,West Kalimantan / Central Kalimantan,SSZ,SW Borneo / Schwaner domain,Schwaner,AUX_BEDROCK_REFERENCE,IGNEOUS_OR_VOLCANIC_BEDROCK,IGNEOUS_OR_VOLCANIC_BEDROCK,igneous rock (文献汇编冷却/冷却年龄，非锆石 U-Pb),Sukadana,Sukadana,,不适用或未解析,1,1,1,0,defc2029fb9696f0c27d3b5f0667637ffb1b005b1f4dfff0378a5646057c133e,628065c0cfc4d5ab003363e4fa28c30b53488fd8101c7ce2fe24905bc60f8abe,False,False,False,EXTERNAL_REFERENCE,转 external reference,基岩或非主训练参考，保留原端点并退出仅碎屑主训练。,One-zircon auxiliary record is not automatically one independent physical rock sample. ,SINGLE_GRAIN_AUX_ROW; PHYSICAL_ROCK_IDENTITY_UNVERIFIED,COORDINATES_MISSING; USE_SOURCE_LOCALITY_ONLY,,,,,True
E1,E1::AUX_BEDROCK::10.3389/feart.2020.568715::84FK101B,10.3389/feart.2020.568715::84FK101B,84FK101B,Breitfeld2020_FrontEarthSci8:568715_T1,10.3389/feart.2020.568715,10.3389/feart.2020.568715,,,Indonesia,West Kalimantan / Central Kalimantan,SSZ,SW Borneo / Schwaner domain,Schwaner,AUX_BEDROCK_REFERENCE,IGNEOUS_OR_VOLCANIC_BEDROCK,IGNEOUS_OR_VOLCANIC_BEDROCK,igneous rock (文献汇编冷却/冷却年龄，非锆石 U-Pb),Sukadana,Sukadana,,不适用或未解析,1,1,1,0,51f62d5ba712c3a3338303ea7f9e6913d188cd36fb33a232fe612282ff5e2cbe,4c9b4fa1c179f1efc285a5a44e463b6632c2e9baa2dbf316e72b5ca8d9ae795b,False,False,False,EXTERNAL_REFERENCE,转 external reference,基岩或非主训练参考，保留原端点并退出仅碎屑主训练。,One-zircon auxiliary record is not automatically one independent physical rock sample. ,SINGLE_GRAIN_AUX_ROW; PHYSICAL_ROCK_IDENTITY_UNVERIFIED,COORDINATES_MISSING; USE_SOURCE_LOCALITY_ONLY,,,,,True
E1,E1::AUX_BEDROCK::10.3389/feart.2020.568715::84FK142B,10.3389/feart.2020.568715::84FK142B,84FK142B,Breitfeld2020_FrontEarthSci8:568715_T1,10.3389/feart.2020.568715,10.3389/feart.2020.568715,,,Indonesia,West Kalimantan / Central Kalimantan,SSZ,SW Borneo / Schwaner domain,Schwaner,AUX_BEDROCK_REFERENCE,IGNEOUS_OR_VOLCANIC_BEDROCK,IGNEOUS_OR_VOLCANIC_BEDROCK,igneous rock (文献汇编冷却/冷却年龄，非锆石 U-Pb),?Sukadana,?Sukadana,,不适用或未解析,1,1,1,0,55ea19b8eacbcc4537a0be1e8d00491ae8ab34f8ee17c6b81dab58bbeaa93e89,1f62d4b55647ef94fb5b46f08263d13a53ab59f73ce75414ab5d9d608062da6d,False,False,False,EXTERNAL_REFERENCE,转 external reference,基岩或非主训练参考，保留原端点并退出仅碎屑主训练。,One-zircon auxiliary record is not automatically one independent physical rock sample. ,SINGLE_GRAIN_AUX_ROW; PHYSICAL_ROCK_IDENTITY_UNVERIFIED,COORDINATES_MISSING; USE_SOURCE_LOCALITY_ONLY,,,,,True
E1,E1::AUX_BEDROCK::10.3389/feart.2020.568715::84FK89C,10.3389/feart.2020.568715::84FK89C,84FK89C,Breitfeld2020_FrontEarthSci8:568715_T1,10.3389/feart.2020.568715,10.3389/feart.2020.568715,,,Indonesia,West Kalimantan / Central Kalimantan,SSZ,SW Borneo / Schwaner domain,Schwaner,AUX_BEDROCK_REFERENCE,IGNEOUS_OR_VOLCANIC_BEDROCK,IGNEOUS_OR_VOLCANIC_BEDROCK,igneous rock (文献汇编冷却/冷却年龄，非锆石 U-Pb),Sukadana,Sukadana,,不适用或未解析,1,1,1,0,d2bc54c24dd16e6a85357826ed16d75fd2bf6a71baa9be6d694046440d69a8af,ace1a4bf85fd2502c60d16b35555f24d9a17c69a38eb8aa41337e6cd5b8fd513,False,False,False,EXTERNAL_REFERENCE,转 external reference,基岩或非主训练参考，保留原端点并退出仅碎屑主训练。,One-zircon auxiliary record is not automatically one independent physical rock sample. ,SINGLE_GRAIN_AUX_ROW; PHYSICAL_ROCK_IDENTITY_UNVERIFIED,COORDINATES_MISSING; USE_SOURCE_LOCALITY_ONLY,,,,,True
E1,E1::AUX_BEDROCK::10.3389/feart.2020.568715::K14B,10.3389/feart.2020.568715::K14B,K14B,Breitfeld2020_FrontEarthSci8:568715_T1,10.3389/feart.2020.568715,10.3389/feart.2020.568715,,,Indonesia,West Kalimantan / Central Kalimantan,SSZ,SW Borneo / Schwaner domain,Schwaner,AUX_BEDROCK_REFERENCE,IGNEOUS_OR_VOLCANIC_BEDROCK,IGNEOUS_OR_VOLCANIC_BEDROCK,igneous rock (文献汇编冷却/冷却年龄，非锆石 U-Pb),Sukadana,Sukadana,,不适用或未解析,1,1,1,0,963f1271508c10f0ccb46b1bdcfd64f9a8ff379957e52e69a469d3d21b786dc5,fb2ddbfb2485a78d8245ed8935d6ea4f55c89435fe0af5fb73878715c3cc6c33,False,False,False,EXTERNAL_REFERENCE,转 external reference,基岩或非主训练参考，保留原端点并退出仅碎屑主训练。,One-zircon auxiliary record is not automatically one independent physical rock sample. ,SINGLE_GRAIN_AUX_ROW; PHYSICAL_ROCK_IDENTITY_UNVERIFIED,COORDINATES_MISSING; USE_SOURCE_LOCALITY_ONLY,,,,,True
E1,E1::AUX_BEDROCK::10.3389/feart.2020.568715::K1,10.3389/feart.2020.568715::K1,K1,Breitfeld2020_FrontEarthSci8:568715_T1,10.3389/feart.2020.568715,10.3389/feart.2020.568715,,,Indonesia,West Kalimantan / Central Kalimantan,SSZ,SW Borneo / Schwaner domain,Schwaner,AUX_BEDROCK_REFERENCE,IGNEOUS_OR_VOLCANIC_BEDROCK,IGNEOUS_OR_VOLCANIC_BEDROCK,igneous rock (文献汇编冷却/冷却年龄，非锆石 U-Pb),Sukadana,Sukadana,,不适用或未解析,1,1,1,0,e172df569c6ec393f666b0d4687a9d50cb4d88c75e6ca106e3e4de7f9c06406e,10a3b80563034f8916ee384cb9e576dd08a61216b66ddd9ef5116404801f857d,False,False,False,EXTERNAL_REFERENCE,转 external reference,基岩或非主训练参考，保留原端点并退出仅碎屑主训练。,One-zircon auxiliary record is not automatically one independent physical rock sample. ,SINGLE_GRAIN_AUX_ROW; PHYSICAL_ROCK_IDENTITY_UNVERIFIED,COORDINATES_MISSING; USE_SOURCE_LOCALITY_ONLY,,,,,True
E1,E1::AUX_BEDROCK::10.3389/feart.2020.568715::K15,10.3389/feart.2020.568715::K15,K15,Breitfeld2020_FrontEarthSci8:568715_T1,10.3389/feart.2020.568715,10.3389/feart.2020.568715,,,Indonesia,West Kalimantan / Central Kalimantan,SSZ,SW Borneo / Schwaner domain,Schwaner,AUX_BEDROCK_REFERENCE,IGNEOUS_OR_VOLCANIC_BEDROCK,IGNEOUS_OR_VOLCANIC_BEDROCK,igneous rock (文献汇编冷却/冷却年龄，非锆石 U-Pb),Sukadana,Sukadana,,不适用或未解析,2,2,2,0,55b4f8623567bfe676e25a8fd1bb00a77ccf18cd15719033f6f25c726fa51313,545e519889140619ef31605641f9ea1f9f41fd9e6be9fbc65e50729b9eea5bf4,False,False,False,EXTERNAL_REFERENCE,转 external reference,基岩或非主训练参考，保留原端点并退出仅碎屑主训练。,,,COORDINATES_MISSING; USE_SOURCE_LOCALITY_ONLY,,,,,True
E1,E1::AUX_BEDROCK::10.3389/feart.2020.568715::K16,10.3389/feart.2020.568715::K16,K16,Breitfeld2020_FrontEarthSci8:568715_T1,10.3389/feart.2020.568715,10.3389/feart.2020.568715,,,Indonesia,West Kalimantan / Central Kalimantan,SSZ,SW Borneo / Schwaner domain,Schwaner,AUX_BEDROCK_REFERENCE,IGNEOUS_OR_VOLCANIC_BEDROCK,IGNEOUS_OR_VOLCANIC_BEDROCK,igneous rock (文献汇编冷却/冷却年龄，非锆石 U-Pb),Sukadana,Sukadana,,不适用或未解析,2,2,2,0,fbe3c27f8072e90a484dcf3e6901c420e3b04ee1ff330486ceb6a11e601f8fe0,1324c802f1033dad52e69df826628fdb7d2a4ebe63513866ccacd8fac785bd81,False,False,False,EXTERNAL_REFERENCE,转 external reference,基岩或非主训练参考，保留原端点并退出仅碎屑主训练。,,,COORDINATES_MISSING; USE_SOURCE_LOCALITY_ONLY,,,,,True
E1,E1::AUX_BEDROCK::10.3389/feart.2020.568715::K17,10.3389/feart.2020.568715::K17,K17,Breitfeld2020_FrontEarthSci8:568715_T1,10.3389/feart.2020.568715,10.3389/feart.2020.568715,,,Indonesia,West Kalimantan / Central Kalimantan,SSZ,SW Borneo / Schwaner domain,Schwaner,AUX_BEDROCK_REFERENCE,IGNEOUS_OR_VOLCANIC_BEDROCK,IGNEOUS_OR_VOLCANIC_BEDROCK,igneous rock (文献汇编冷却/冷却年龄，非锆石 U-Pb),Sukadana,Sukadana,,不适用或未解析,1,1,1,0,cbcf3624e0d77fcf6194da2f0f4ecd814ae479a562c6495fe1c9b1f31ac1357e,f65c80e5e2cf81aa4b4803909ce5c6ef93be4973434fd6f75536aba2f4c57be7,False,False,False,EXTERNAL_REFERENCE,转 external reference,基岩或非主训练参考，保留原端点并退出仅碎屑主训练。,One-zircon auxiliary record is not automatically one independent physical rock sample. ,SINGLE_GRAIN_AUX_ROW; PHYSICAL_ROCK_IDENTITY_UNVERIFIED,COORDINATES_MISSING; USE_SOURCE_LOCALITY_ONLY,,,,,True
E1,E1::AUX_BEDROCK::10.3389/feart.2020.568715::K19,10.3389/feart.2020.568715::K19,K19,Breitfeld2020_FrontEarthSci8:568715_T1,10.3389/feart.2020.568715,10.3389/feart.2020.568715,,,Indonesia,West Kalimantan / Central Kalimantan,SSZ,SW Borneo / Schwaner domain,Schwaner,AUX_BEDROCK_REFERENCE,IGNEOUS_OR_VOLCANIC_BEDROCK,IGNEOUS_OR_VOLCANIC_BEDROCK,igneous rock (文献汇编冷却/冷却年龄，非锆石 U-Pb),Sukadana,Sukadana,,不适用或未解析,1,1,1,0,d2bc54c24dd16e6a85357826ed16d75fd2bf6a71baa9be6d694046440d69a8af,ace1a4bf85fd2502c60d16b35555f24d9a17c69a38eb8aa41337e6cd5b8fd513,False,False,False,EXTERNAL_REFERENCE,转 external reference,基岩或非主训练参考，保留原端点并退出仅碎屑主训练。,One-zircon auxiliary record is not automatically one independent physical rock sample. ,SINGLE_GRAIN_AUX_ROW; PHYSICAL_ROCK_IDENTITY_UNVERIFIED,COORDINATES_MISSING; USE_SOURCE_LOCALITY_ONLY,,,,,True
E1,E1::AUX_BEDROCK::10.3389/feart.2020.568715::84DT160B,10.3389/feart.2020.568715::84DT160B,84DT160B,Breitfeld2020_FrontEarthSci8:568715_T1,10.3389/feart.2020.568715,10.3389/feart.2020.568715,,,Indonesia,West Kalimantan / Central Kalimantan,SSZ,SW Borneo / Schwaner domain,Schwaner,AUX_BEDROCK_REFERENCE,IGNEOUS_OR_VOLCANIC_BEDROCK,IGNEOUS_OR_VOLCANIC_BEDROCK,igneous rock (文献汇编冷却/冷却年龄，非锆石 U-Pb),Dyke - Kerabai,Dyke - Kerabai,,不适用或未解析,1,1,1,0,278207aa8601654d3ae1a0f1f3cb92303806c9628321e97e890f9a42f8ba318d,4c52f60df4b00a171ccfdeb06ba71c740c20cfa8ad49e3cfd6df748c06635ca8,False,False,False,EXTERNAL_REFERENCE,转 external reference,基岩或非主训练参考，保留原端点并退出仅碎屑主训练。,One-zircon auxiliary record is not automatically one independent physical rock sample. ,SINGLE_GRAIN_AUX_ROW; PHYSICAL_ROCK_IDENTITY_UNVERIFIED,COORDINATES_MISSING; USE_SOURCE_LOCALITY_ONLY,,,,,True
E1,E1::AUX_BEDROCK::10.3389/feart.2020.568715::84FK159A,10.3389/feart.2020.568715::84FK159A,84FK159A,Breitfeld2020_FrontEarthSci8:568715_T1,10.3389/feart.2020.568715,10.3389/feart.2020.568715,,,Indonesia,West Kalimantan / Central Kalimantan,SSZ,SW Borneo / Schwaner domain,Schwaner,AUX_BEDROCK_REFERENCE,IGNEOUS_OR_VOLCANIC_BEDROCK,IGNEOUS_OR_VOLCANIC_BEDROCK,igneous rock (文献汇编冷却/冷却年龄，非锆石 U-Pb),Dyke - Kerabai,Dyke - Kerabai,,不适用或未解析,1,1,1,0,79476e77be79696294bf1084dc866d56b4a02076c901bd212cba5a72d4fbb9b2,e2d6ef5a0b76dd06cde12c1b37f3f6017adbc441cc93200cca690e49dc74863b,False,False,False,EXTERNAL_REFERENCE,转 external reference,基岩或非主训练参考，保留原端点并退出仅碎屑主训练。,One-zircon auxiliary record is not automatically one independent physical rock sample. ,SINGLE_GRAIN_AUX_ROW; PHYSICAL_ROCK_IDENTITY_UNVERIFIED,COORDINATES_MISSING; USE_SOURCE_LOCALITY_ONLY,,,,,True
E1,E1::AUX_BEDROCK::10.3389/feart.2020.568715::84PP162B,10.3389/feart.2020.568715::84PP162B,84PP162B,Breitfeld2020_FrontEarthSci8:568715_T1,10.3389/feart.2020.568715,10.3389/feart.2020.568715,,,Indonesia,West Kalimantan / Central Kalimantan,SSZ,SW Borneo / Schwaner domain,Schwaner,AUX_BEDROCK_REFERENCE,IGNEOUS_OR_VOLCANIC_BEDROCK,IGNEOUS_OR_VOLCANIC_BEDROCK,igneous rock (文献汇编冷却/冷却年龄，非锆石 U-Pb),Dyke - Kerabai,Dyke - Kerabai,,不适用或未解析,1,1,1,0,e9719565b9cd0d8343bb79dedda732cebb824ec0c375746e1e0ea4c3c01a3cc2,5ae191bf66564baa00ae527230d273e0aa89f34a2f3850d48ca533153a1094a5,False,False,False,EXTERNAL_REFERENCE,转 external reference,基岩或非主训练参考，保留原端点并退出仅碎屑主训练。,One-zircon auxiliary record is not automatically one independent physical rock sample. ,SINGLE_GRAIN_AUX_ROW; PHYSICAL_ROCK_IDENTITY_UNVERIFIED,COORDINATES_MISSING; USE_SOURCE_LOCALITY_ONLY,,,,,True
E1,E1::AUX_BEDROCK::10.3389/feart.2020.568715::S7984,10.3389/feart.2020.568715::S7984,S7984,Breitfeld2020_FrontEarthSci8:568715_T1,10.3389/feart.2020.568715,10.3389/feart.2020.568715,,,Indonesia,West Kalimantan / Central Kalimantan,Northern belt,SW Borneo / Schwaner domain,Schwaner,AUX_BEDROCK_REFERENCE,IGNEOUS_OR_VOLCANIC_BEDROCK,IGNEOUS_OR_VOLCANIC_BEDROCK,igneous rock (文献汇编冷却/冷却年龄，非锆石 U-Pb),Pueh,Pueh,,不适用或未解析,1,1,1,0,fb9f0d4d6d8afc3f1d43c9f67b8461a8f471671ba70ad081109f42c8d95e94ff,a6d6c0622578a7d2417d219dcc69388c65872155ece7d5c98921f91c9d3852a8,False,False,False,EXTERNAL_REFERENCE,转 external reference,基岩或非主训练参考，保留原端点并退出仅碎屑主训练。,One-zircon auxiliary record is not automatically one independent physical rock sample. ,SINGLE_GRAIN_AUX_ROW; PHYSICAL_ROCK_IDENTITY_UNVERIFIED,COORDINATES_MISSING; USE_SOURCE_LOCALITY_ONLY,,,,,True
E1,E1::AUX_BEDROCK::10.3389/feart.2020.568715::S9677,10.3389/feart.2020.568715::S9677,S9677,Breitfeld2020_FrontEarthSci8:568715_T1,10.3389/feart.2020.568715,10.3389/feart.2020.568715,,,Indonesia,West Kalimantan / Central Kalimantan,Northern belt,SW Borneo / Schwaner domain,Schwaner,AUX_BEDROCK_REFERENCE,IGNEOUS_OR_VOLCANIC_BEDROCK,IGNEOUS_OR_VOLCANIC_BEDROCK,igneous rock (文献汇编冷却/冷却年龄，非锆石 U-Pb),Gading,Gading,,不适用或未解析,1,1,1,0,de18589307a60343ee35dc7ed70d583a15f1444d104da75364295065131c4ec1,5086b8ba7a037ad40c53b6dc44fc77c529af09adf5e18dfcedf01f0f7e3a0683,False,False,False,EXTERNAL_REFERENCE,转 external reference,基岩或非主训练参考，保留原端点并退出仅碎屑主训练。,One-zircon auxiliary record is not automatically one independent physical rock sample. ,SINGLE_GRAIN_AUX_ROW; PHYSICAL_ROCK_IDENTITY_UNVERIFIED,COORDINATES_MISSING; USE_SOURCE_LOCALITY_ONLY,,,,,True
E1,E1::AUX_BEDROCK::10.3389/feart.2020.568715::S7285,10.3389/feart.2020.568715::S7285,S7285,Breitfeld2020_FrontEarthSci8:568715_T1,10.3389/feart.2020.568715,10.3389/feart.2020.568715,,,Indonesia,West Kalimantan / Central Kalimantan,Northern belt,SW Borneo / Schwaner domain,Schwaner,AUX_BEDROCK_REFERENCE,IGNEOUS_OR_VOLCANIC_BEDROCK,IGNEOUS_OR_VOLCANIC_BEDROCK,igneous rock (文献汇编冷却/冷却年龄，非锆石 U-Pb),Gading,Gading,,不适用或未解析,1,1,1,0,c00711a362d75c0250538b6448a7fa3c745201b7c40b83010aa626b107af0775,05b79b4da12673bd2c06a5a0f6e7cd57a97f0ffc6f8859d52a61ec08cec6716e,False,False,False,EXTERNAL_REFERENCE,转 external reference,基岩或非主训练参考，保留原端点并退出仅碎屑主训练。,One-zircon auxiliary record is not automatically one independent physical rock sample. ,SINGLE_GRAIN_AUX_ROW; PHYSICAL_ROCK_IDENTITY_UNVERIFIED,COORDINATES_MISSING; USE_SOURCE_LOCALITY_ONLY,,,,,True
E1,E1::AUX_BEDROCK::10.3389/feart.2020.568715::S6299,10.3389/feart.2020.568715::S6299,S6299,Breitfeld2020_FrontEarthSci8:568715_T1,10.3389/feart.2020.568715,10.3389/feart.2020.568715,,,Indonesia,West Kalimantan / Central Kalimantan,Northern belt,SW Borneo / Schwaner domain,Schwaner,AUX_BEDROCK_REFERENCE,IGNEOUS_OR_VOLCANIC_BEDROCK,IGNEOUS_OR_VOLCANIC_BEDROCK,igneous rock (文献汇编冷却/冷却年龄，非锆石 U-Pb),Tinteng Bedil,Tinteng Bedil,,不适用或未解析,1,1,1,0,60ce513834bd43656d209903134247e3ca8bd10d8921608197328349c5050e1c,d34d191ca1c6c8b83e9a21d0091ac649d0259374b1175aebbfb5afc009cd9ed3,False,False,False,EXTERNAL_REFERENCE,转 external reference,基岩或非主训练参考，保留原端点并退出仅碎屑主训练。,One-zircon auxiliary record is not automatically one independent physical rock sample. ,SINGLE_GRAIN_AUX_ROW; PHYSICAL_ROCK_IDENTITY_UNVERIFIED,COORDINATES_MISSING; USE_SOURCE_LOCALITY_ONLY,,,,,True
E1,E1::AUX_BEDROCK::10.3389/feart.2020.568715::S1900,10.3389/feart.2020.568715::S1900,S1900,Breitfeld2020_FrontEarthSci8:568715_T1,10.3389/feart.2020.568715,10.3389/feart.2020.568715,,,Indonesia,West Kalimantan / Central Kalimantan,Northern belt,SW Borneo / Schwaner domain,Schwaner,AUX_BEDROCK_REFERENCE,IGNEOUS_OR_VOLCANIC_BEDROCK,IGNEOUS_OR_VOLCANIC_BEDROCK,igneous rock (文献汇编冷却/冷却年龄，非锆石 U-Pb),Sebuyau,Sebuyau,,不适用或未解析,1,1,1,0,2a0201532098e79a4251a74841b58386ff1c7ca5e0cf8e211d7bb3fae2b0c031,43affd8b24e657c0cd097b6e6ca9c78823bd2624d48af95778624289659ab90f,False,False,False,EXTERNAL_REFERENCE,转 external reference,基岩或非主训练参考，保留原端点并退出仅碎屑主训练。,One-zircon auxiliary record is not automatically one independent physical rock sample. ,SINGLE_GRAIN_AUX_ROW; PHYSICAL_ROCK_IDENTITY_UNVERIFIED,COORDINATES_MISSING; USE_SOURCE_LOCALITY_ONLY,,,,,True
E1,E1::AUX_BEDROCK::10.3389/feart.2020.568715::85PR078B,10.3389/feart.2020.568715::85PR078B,85PR078B,Breitfeld2020_FrontEarthSci8:568715_T1,10.3389/feart.2020.568715,10.3389/feart.2020.568715,,,Indonesia,West Kalimantan / Central Kalimantan,Northern belt,SW Borneo / Schwaner domain,Schwaner,AUX_BEDROCK_REFERENCE,IGNEOUS_OR_VOLCANIC_BEDROCK,IGNEOUS_OR_VOLCANIC_BEDROCK,igneous rock (文献汇编冷却/冷却年龄，非锆石 U-Pb),Era,Era,,不适用或未解析,1,1,1,0,e5f13d5aed82625b2f338a4f7596b5b1a120d45a4fdf45683447de1965f4a187,b4e4ddea9cc2585f060bde712e350c85ea6707d571a7a1992a03095aa5368f5c,False,False,False,EXTERNAL_REFERENCE,转 external reference,基岩或非主训练参考，保留原端点并退出仅碎屑主训练。,One-zircon auxiliary record is not automatically one independent physical rock sample. ,SINGLE_GRAIN_AUX_ROW; PHYSICAL_ROCK_IDENTITY_UNVERIFIED,COORDINATES_MISSING; USE_SOURCE_LOCALITY_ONLY,,,,,True
E1,E1::AUX_BEDROCK::10.3389/feart.2020.568715::85UM012A,10.3389/feart.2020.568715::85UM012A,85UM012A,Breitfeld2020_FrontEarthSci8:568715_T1,10.3389/feart.2020.568715,10.3389/feart.2020.568715,,,Indonesia,West Kalimantan / Central Kalimantan,Northern belt,SW Borneo / Schwaner domain,Schwaner,AUX_BEDROCK_REFERENCE,IGNEOUS_OR_VOLCANIC_BEDROCK,IGNEOUS_OR_VOLCANIC_BEDROCK,igneous rock (文献汇编冷却/冷却年龄，非锆石 U-Pb),Era,Era,,不适用或未解析,1,1,1,0,c0880637782cba888eae1fb32413cbb97d3232d345da0c71dbbd5a812772e193,23233aad6dcd79fc2bf56b09fe077260a6d30fbbd79a8e61b2b40a95dff75b10,False,False,False,EXTERNAL_REFERENCE,转 external reference,基岩或非主训练参考，保留原端点并退出仅碎屑主训练。,One-zircon auxiliary record is not automatically one independent physical rock sample. ,SINGLE_GRAIN_AUX_ROW; PHYSICAL_ROCK_IDENTITY_UNVERIFIED,COORDINATES_MISSING; USE_SOURCE_LOCALITY_ONLY,,,,,True
E1,E1::AUX_BEDROCK::10.3389/feart.2020.568715::85SR064C,10.3389/feart.2020.568715::85SR064C,85SR064C,Breitfeld2020_FrontEarthSci8:568715_T1,10.3389/feart.2020.568715,10.3389/feart.2020.568715,,,Indonesia,West Kalimantan / Central Kalimantan,Northern belt,SW Borneo / Schwaner domain,Schwaner,AUX_BEDROCK_REFERENCE,IGNEOUS_OR_VOLCANIC_BEDROCK,IGNEOUS_OR_VOLCANIC_BEDROCK,igneous rock (文献汇编冷却/冷却年龄，非锆石 U-Pb),Era,Era,,不适用或未解析,1,1,1,0,e5ef05a90dc44db5880ab8086dbf8bb9ed760f18c29434a7f47eb72d9b9eda81,02b91cbdd11b861fc98e34391abe97f620d484efe533363a689f8ffdd7019a75,False,False,False,EXTERNAL_REFERENCE,转 external reference,基岩或非主训练参考，保留原端点并退出仅碎屑主训练。,One-zircon auxiliary record is not automatically one independent physical rock sample. ,SINGLE_GRAIN_AUX_ROW; PHYSICAL_ROCK_IDENTITY_UNVERIFIED,COORDINATES_MISSING; USE_SOURCE_LOCALITY_ONLY,,,,,True
E1,E1::AUX_BEDROCK::10.3389/feart.2020.568715::85RS160A,10.3389/feart.2020.568715::85RS160A,85RS160A,Breitfeld2020_FrontEarthSci8:568715_T1,10.3389/feart.2020.568715,10.3389/feart.2020.568715,,,Indonesia,West Kalimantan / Central Kalimantan,Northern belt,SW Borneo / Schwaner domain,Schwaner,AUX_BEDROCK_REFERENCE,IGNEOUS_OR_VOLCANIC_BEDROCK,IGNEOUS_OR_VOLCANIC_BEDROCK,igneous rock (文献汇编冷却/冷却年龄，非锆石 U-Pb),Pueh,Pueh,,不适用或未解析,1,1,1,0,01ce788871d9ccd2170b7a09bc664e90ba74c099d75fb1c86d001991b1238efd,5a7cb20165be7219bf18d69c875735634f18324e90dba54bfab6967f969eefbf,False,False,False,EXTERNAL_REFERENCE,转 external reference,基岩或非主训练参考，保留原端点并退出仅碎屑主训练。,One-zircon auxiliary record is not automatically one independent physical rock sample. ,SINGLE_GRAIN_AUX_ROW; PHYSICAL_ROCK_IDENTITY_UNVERIFIED,COORDINATES_MISSING; USE_SOURCE_LOCALITY_ONLY,,,,,True
E1,E1::AUX_BEDROCK::10.3389/feart.2020.568715::86DT6C,10.3389/feart.2020.568715::86DT6C,86DT6C,Breitfeld2020_FrontEarthSci8:568715_T1,10.3389/feart.2020.568715,10.3389/feart.2020.568715,,,Indonesia,West Kalimantan / Central Kalimantan,Northern belt,SW Borneo / Schwaner domain,Schwaner,AUX_BEDROCK_REFERENCE,IGNEOUS_OR_VOLCANIC_BEDROCK,IGNEOUS_OR_VOLCANIC_BEDROCK,igneous rock (文献汇编冷却/冷却年龄，非锆石 U-Pb),Topai,Topai,,不适用或未解析,1,1,1,0,4cae4f99a322984b60f2f0d0bc647742f8209705b229a659bb847a7a67cb9618,71737d33f3addc1344f382c4ee44e83e255b82c78b381f7cbed06f1cfe8dc232,False,False,False,EXTERNAL_REFERENCE,转 external reference,基岩或非主训练参考，保留原端点并退出仅碎屑主训练。,One-zircon auxiliary record is not automatically one independent physical rock sample. ,SINGLE_GRAIN_AUX_ROW; PHYSICAL_ROCK_IDENTITY_UNVERIFIED,COORDINATES_MISSING; USE_SOURCE_LOCALITY_ONLY,,,,,True
E1,E1::AUX_BEDROCK::10.3389/feart.2020.568715::86PP118B,10.3389/feart.2020.568715::86PP118B,86PP118B,Breitfeld2020_FrontEarthSci8:568715_T1,10.3389/feart.2020.568715,10.3389/feart.2020.568715,,,Indonesia,West Kalimantan / Central Kalimantan,Northern belt,SW Borneo / Schwaner domain,Schwaner,AUX_BEDROCK_REFERENCE,IGNEOUS_OR_VOLCANIC_BEDROCK,IGNEOUS_OR_VOLCANIC_BEDROCK,igneous rock (文献汇编冷却/冷却年龄，非锆石 U-Pb),Topai,Topai,,不适用或未解析,1,1,1,0,132304ba730fbf587941dc011b3180b7950bb44051244237d4647cf900f11429,e0a3cae09c7748716f05a94032821019634965aab2401fb20f05bb85570581fe,False,False,False,EXTERNAL_REFERENCE,转 external reference,基岩或非主训练参考，保留原端点并退出仅碎屑主训练。,One-zircon auxiliary record is not automatically one independent physical rock sample. ,SINGLE_GRAIN_AUX_ROW; PHYSICAL_ROCK_IDENTITY_UNVERIFIED,COORDINATES_MISSING; USE_SOURCE_LOCALITY_ONLY,,,,,True
E1,E1::AUX_BEDROCK::10.3389/feart.2020.568715::86PP118A,10.3389/feart.2020.568715::86PP118A,86PP118A,Breitfeld2020_FrontEarthSci8:568715_T1,10.3389/feart.2020.568715,10.3389/feart.2020.568715,,,Indonesia,West Kalimantan / Central Kalimantan,Northern belt,SW Borneo / Schwaner domain,Schwaner,AUX_BEDROCK_REFERENCE,IGNEOUS_OR_VOLCANIC_BEDROCK,IGNEOUS_OR_VOLCANIC_BEDROCK,igneous rock (文献汇编冷却/冷却年龄，非锆石 U-Pb),Topai,Topai,,不适用或未解析,1,1,1,0,3d4ac9e85b46e4d4b86ebc71b5c776ede94bd2da171ceb2c5085a35365c60ebb,65c77360355250be2199c5575d7bd3a022069fa6e20f4e3e607814c5053dd280,False,False,False,EXTERNAL_REFERENCE,转 external reference,基岩或非主训练参考，保留原端点并退出仅碎屑主训练。,One-zircon auxiliary record is not automatically one independent physical rock sample. ,SINGLE_GRAIN_AUX_ROW; PHYSICAL_ROCK_IDENTITY_UNVERIFIED,COORDINATES_MISSING; USE_SOURCE_LOCALITY_ONLY,,,,,True
E1,E1::AUX_BEDROCK::10.3389/feart.2020.568715::86AM071A,10.3389/feart.2020.568715::86AM071A,86AM071A,Breitfeld2020_FrontEarthSci8:568715_T1,10.3389/feart.2020.568715,10.3389/feart.2020.568715,,,Indonesia,West Kalimantan / Central Kalimantan,?Northern belt,SW Borneo / Schwaner domain,Schwaner,AUX_BEDROCK_REFERENCE,IGNEOUS_OR_VOLCANIC_BEDROCK,IGNEOUS_OR_VOLCANIC_BEDROCK,igneous rock (文献汇编冷却/冷却年龄，非锆石 U-Pb),Alan,Alan,,不适用或未解析,1,1,1,0,70c0bff34b71724b463ef20b53a9c05a888286ba8a96010495d5cb8755b6a29c,bfdc38c92ac5f66fe6d4fe36da4e729fe5c230ced5f007be7f001fcb13753e00,False,False,False,EXTERNAL_REFERENCE,转 external reference,基岩或非主训练参考，保留原端点并退出仅碎屑主训练。,One-zircon auxiliary record is not automatically one independent physical rock sample. ,SINGLE_GRAIN_AUX_ROW; PHYSICAL_ROCK_IDENTITY_UNVERIFIED,COORDINATES_MISSING; USE_SOURCE_LOCALITY_ONLY,,,,,True
E1,E1::AUX_BEDROCK::10.3389/feart.2020.568715::86PP008D,10.3389/feart.2020.568715::86PP008D,86PP008D,Breitfeld2020_FrontEarthSci8:568715_T1,10.3389/feart.2020.568715,10.3389/feart.2020.568715,,,Indonesia,West Kalimantan / Central Kalimantan,?Northern belt,SW Borneo / Schwaner domain,Schwaner,AUX_BEDROCK_REFERENCE,IGNEOUS_OR_VOLCANIC_BEDROCK,IGNEOUS_OR_VOLCANIC_BEDROCK,igneous rock (文献汇编冷却/冷却年龄，非锆石 U-Pb),Alan,Alan,,不适用或未解析,1,1,1,0,5c0e4c48ff1ad77906e8f886f612c7a1b93d8660fad9d185ac3a99763ed65667,9801786c297cca9e0956db6f476e74dbef735fc2371f1e4506a604b6f2b1a4d6,False,False,False,EXTERNAL_REFERENCE,转 external reference,基岩或非主训练参考，保留原端点并退出仅碎屑主训练。,One-zircon auxiliary record is not automatically one independent physical rock sample. ,SINGLE_GRAIN_AUX_ROW; PHYSICAL_ROCK_IDENTITY_UNVERIFIED,COORDINATES_MISSING; USE_SOURCE_LOCALITY_ONLY,,,,,True
E1,E1::AUX_BEDROCK::10.3389/feart.2020.568715::86PP009A,10.3389/feart.2020.568715::86PP009A,86PP009A,Breitfeld2020_FrontEarthSci8:568715_T1,10.3389/feart.2020.568715,10.3389/feart.2020.568715,,,Indonesia,West Kalimantan / Central Kalimantan,?Northern belt,SW Borneo / Schwaner domain,Schwaner,AUX_BEDROCK_REFERENCE,IGNEOUS_OR_VOLCANIC_BEDROCK,IGNEOUS_OR_VOLCANIC_BEDROCK,igneous rock (文献汇编冷却/冷却年龄，非锆石 U-Pb),Alan,Alan,,不适用或未解析,1,1,1,0,a300b17f5af40a4eb7964dda4dfada68e98f9f281df7209e89bb03e51622307a,48e22620a758f596eb7c1bb6f95f6b36c73c3021d23d7b3734015cf4daca2810,False,False,False,EXTERNAL_REFERENCE,转 external reference,基岩或非主训练参考，保留原端点并退出仅碎屑主训练。,One-zircon auxiliary record is not automatically one independent physical rock sample. ,SINGLE_GRAIN_AUX_ROW; PHYSICAL_ROCK_IDENTITY_UNVERIFIED,COORDINATES_MISSING; USE_SOURCE_LOCALITY_ONLY,,,,,True
E1,E1::AUX_BEDROCK::10.3389/feart.2020.568715::85DT066C,10.3389/feart.2020.568715::85DT066C,85DT066C,Breitfeld2020_FrontEarthSci8:568715_T1,10.3389/feart.2020.568715,10.3389/feart.2020.568715,,,Indonesia,West Kalimantan / Central Kalimantan,?Northern belt,SW Borneo / Schwaner domain,Schwaner,AUX_BEDROCK_REFERENCE,IGNEOUS_OR_VOLCANIC_BEDROCK,IGNEOUS_OR_VOLCANIC_BEDROCK,igneous rock (文献汇编冷却/冷却年龄，非锆石 U-Pb),Menyukung,Menyukung,,不适用或未解析,1,1,1,0,570c5d28cb51a3ccf468090f0387532d5d9d6d15d542cce84e567c75bfdc40fc,0f37dc7164d21654e68e3d3f28d80202b01443c517c3a84ed41a92c11c14a7b6,False,False,False,EXTERNAL_REFERENCE,转 external reference,基岩或非主训练参考，保留原端点并退出仅碎屑主训练。,One-zircon auxiliary record is not automatically one independent physical rock sample. ,SINGLE_GRAIN_AUX_ROW; PHYSICAL_ROCK_IDENTITY_UNVERIFIED,COORDINATES_MISSING; USE_SOURCE_LOCALITY_ONLY,,,,,True
E1,E1::AUX_BEDROCK::10.3389/feart.2020.568715::80RD45,10.3389/feart.2020.568715::80RD45,80RD45,Breitfeld2020_FrontEarthSci8:568715_T1,10.3389/feart.2020.568715,10.3389/feart.2020.568715,,,Indonesia,West Kalimantan / Central Kalimantan,NW Kalimantan,SW Borneo / Schwaner domain,Schwaner,AUX_BEDROCK_REFERENCE,IGNEOUS_OR_VOLCANIC_BEDROCK,IGNEOUS_OR_VOLCANIC_BEDROCK,igneous rock (文献汇编冷却/冷却年龄，非锆石 U-Pb),Mensibau,Mensibau,,不适用或未解析,1,1,1,0,c7224044a11d65bc7985e9ccfef3d4f839d45a0cf03be964ea2a5d21a30d71b4,7260dd355736859167a6bafe4c04ebf4f30242d0fb11488f32dfafbe2fccff2c,False,False,False,EXTERNAL_REFERENCE,转 external reference,基岩或非主训练参考，保留原端点并退出仅碎屑主训练。,One-zircon auxiliary record is not automatically one independent physical rock sample. ,SINGLE_GRAIN_AUX_ROW; PHYSICAL_ROCK_IDENTITY_UNVERIFIED,COORDINATES_MISSING; USE_SOURCE_LOCALITY_ONLY,,,,,True
E1,E1::AUX_BEDROCK::10.3389/feart.2020.568715::80RE52,10.3389/feart.2020.568715::80RE52,80RE52,Breitfeld2020_FrontEarthSci8:568715_T1,10.3389/feart.2020.568715,10.3389/feart.2020.568715,,,Indonesia,West Kalimantan / Central Kalimantan,NW Kalimantan,SW Borneo / Schwaner domain,Schwaner,AUX_BEDROCK_REFERENCE,IGNEOUS_OR_VOLCANIC_BEDROCK,IGNEOUS_OR_VOLCANIC_BEDROCK,igneous rock (文献汇编冷却/冷却年龄，非锆石 U-Pb),Mensibau,Mensibau,,不适用或未解析,1,1,1,0,818ded51c1afb852e7659d9470ce15f0caf198b9539280e588c3d735dcd9c21e,272d4f819eb12c16dd8f2e3dda3fef35a3c4262c194880f64050262ab59e67d1,False,False,False,EXTERNAL_REFERENCE,转 external reference,基岩或非主训练参考，保留原端点并退出仅碎屑主训练。,One-zircon auxiliary record is not automatically one independent physical rock sample. ,SINGLE_GRAIN_AUX_ROW; PHYSICAL_ROCK_IDENTITY_UNVERIFIED,COORDINATES_MISSING; USE_SOURCE_LOCALITY_ONLY,,,,,True
E1,E1::AUX_BEDROCK::10.3389/feart.2020.568715::81RX53,10.3389/feart.2020.568715::81RX53,81RX53,Breitfeld2020_FrontEarthSci8:568715_T1,10.3389/feart.2020.568715,10.3389/feart.2020.568715,,,Indonesia,West Kalimantan / Central Kalimantan,NW Kalimantan,SW Borneo / Schwaner domain,Schwaner,AUX_BEDROCK_REFERENCE,IGNEOUS_OR_VOLCANIC_BEDROCK,IGNEOUS_OR_VOLCANIC_BEDROCK,igneous rock (文献汇编冷却/冷却年龄，非锆石 U-Pb),Mensibau,Mensibau,,不适用或未解析,1,1,1,0,efdd5568e8c8256b13adacf5d222980a7dc40805ae5354ce57353929565d4f0d,7cc765f6eff5d398669c612bf373ac5e451ee137b099a4df9bf7a2413be27b64,False,False,False,EXTERNAL_REFERENCE,转 external reference,基岩或非主训练参考，保留原端点并退出仅碎屑主训练。,One-zircon auxiliary record is not automatically one independent physical rock sample. ,SINGLE_GRAIN_AUX_ROW; PHYSICAL_ROCK_IDENTITY_UNVERIFIED,COORDINATES_MISSING; USE_SOURCE_LOCALITY_ONLY,,,,,True
E1,E1::AUX_BEDROCK::10.3389/feart.2020.568715::85SR214A,10.3389/feart.2020.568715::85SR214A,85SR214A,Breitfeld2020_FrontEarthSci8:568715_T1,10.3389/feart.2020.568715,10.3389/feart.2020.568715,,,Indonesia,West Kalimantan / Central Kalimantan,NW Kalimantan,SW Borneo / Schwaner domain,Schwaner,AUX_BEDROCK_REFERENCE,IGNEOUS_OR_VOLCANIC_BEDROCK,IGNEOUS_OR_VOLCANIC_BEDROCK,igneous rock (文献汇编冷却/冷却年龄，非锆石 U-Pb),Mensibau,Mensibau,,不适用或未解析,1,1,1,0,6ff6480f7ecb3e3aa42116fecee7c99b00fe9c28cd564b835a249d74b74c679a,85042765619b348b7cc081e44fb8c1344b004121c04bbab0daa140ac6a9715bc,False,False,False,EXTERNAL_REFERENCE,转 external reference,基岩或非主训练参考，保留原端点并退出仅碎屑主训练。,One-zircon auxiliary record is not automatically one independent physical rock sample. ,SINGLE_GRAIN_AUX_ROW; PHYSICAL_ROCK_IDENTITY_UNVERIFIED,COORDINATES_MISSING; USE_SOURCE_LOCALITY_ONLY,,,,,True
E1,E1::AUX_BEDROCK::10.3389/feart.2020.568715::85SS067A,10.3389/feart.2020.568715::85SS067A,85SS067A,Breitfeld2020_FrontEarthSci8:568715_T1,10.3389/feart.2020.568715,10.3389/feart.2020.568715,,,Indonesia,West Kalimantan / Central Kalimantan,NW Kalimantan,SW Borneo / Schwaner domain,Schwaner,AUX_BEDROCK_REFERENCE,IGNEOUS_OR_VOLCANIC_BEDROCK,IGNEOUS_OR_VOLCANIC_BEDROCK,igneous rock (文献汇编冷却/冷却年龄，非锆石 U-Pb),Mensibau,Mensibau,,不适用或未解析,1,1,1,0,3b7cdd401052e6c3ae3506416b03c004c9ae96b1c5adce0bacb2367f5876b370,71fdd189b60ebbfacb4c36c846781e91906d5c02505a92f39cd9e60d72a38639,False,False,False,EXTERNAL_REFERENCE,转 external reference,基岩或非主训练参考，保留原端点并退出仅碎屑主训练。,One-zircon auxiliary record is not automatically one independent physical rock sample. ,SINGLE_GRAIN_AUX_ROW; PHYSICAL_ROCK_IDENTITY_UNVERIFIED,COORDINATES_MISSING; USE_SOURCE_LOCALITY_ONLY,,,,,True
E1,E1::AUX_BEDROCK::10.3389/feart.2020.568715::85SS167A,10.3389/feart.2020.568715::85SS167A,85SS167A,Breitfeld2020_FrontEarthSci8:568715_T1,10.3389/feart.2020.568715,10.3389/feart.2020.568715,,,Indonesia,West Kalimantan / Central Kalimantan,NW Kalimantan,SW Borneo / Schwaner domain,Schwaner,AUX_BEDROCK_REFERENCE,IGNEOUS_OR_VOLCANIC_BEDROCK,IGNEOUS_OR_VOLCANIC_BEDROCK,igneous rock (文献汇编冷却/冷却年龄，非锆石 U-Pb),Mensibau,Mensibau,,不适用或未解析,1,1,1,0,6f0d375034f60aa4286038b53d4e85d5e420eb132784201b71dd7bd69ee5cba9,9800d62231c7c67a98d2f8831901c38ec65581098fdfdd19c3fd976d3f17ab74,False,False,False,EXTERNAL_REFERENCE,转 external reference,基岩或非主训练参考，保留原端点并退出仅碎屑主训练。,One-zircon auxiliary record is not automatically one independent physical rock sample. ,SINGLE_GRAIN_AUX_ROW; PHYSICAL_ROCK_IDENTITY_UNVERIFIED,COORDINATES_MISSING; USE_SOURCE_LOCALITY_ONLY,,,,,True
E1,E1::AUX_BEDROCK::10.3389/feart.2020.568715::85ER79A,10.3389/feart.2020.568715::85ER79A,85ER79A,Breitfeld2020_FrontEarthSci8:568715_T1,10.3389/feart.2020.568715,10.3389/feart.2020.568715,,,Indonesia,West Kalimantan / Central Kalimantan,West Borneo,SW Borneo / Schwaner domain,Schwaner,AUX_BEDROCK_REFERENCE,IGNEOUS_OR_VOLCANIC_BEDROCK,IGNEOUS_OR_VOLCANIC_BEDROCK,igneous rock (文献汇编冷却/冷却年龄，非锆石 U-Pb),Mensibau,Mensibau,,不适用或未解析,1,1,1,0,570c5d28cb51a3ccf468090f0387532d5d9d6d15d542cce84e567c75bfdc40fc,0f37dc7164d21654e68e3d3f28d80202b01443c517c3a84ed41a92c11c14a7b6,False,False,False,EXTERNAL_REFERENCE,转 external reference,基岩或非主训练参考，保留原端点并退出仅碎屑主训练。,One-zircon auxiliary record is not automatically one independent physical rock sample. ,SINGLE_GRAIN_AUX_ROW; PHYSICAL_ROCK_IDENTITY_UNVERIFIED,COORDINATES_MISSING; USE_SOURCE_LOCALITY_ONLY,,,,,True
E1,E1::AUX_BEDROCK::10.3389/feart.2020.568715::85ER81A,10.3389/feart.2020.568715::85ER81A,85ER81A,Breitfeld2020_FrontEarthSci8:568715_T1,10.3389/feart.2020.568715,10.3389/feart.2020.568715,,,Indonesia,West Kalimantan / Central Kalimantan,West Borneo,SW Borneo / Schwaner domain,Schwaner,AUX_BEDROCK_REFERENCE,IGNEOUS_OR_VOLCANIC_BEDROCK,IGNEOUS_OR_VOLCANIC_BEDROCK,igneous rock (文献汇编冷却/冷却年龄，非锆石 U-Pb),Mensibau,Mensibau,,不适用或未解析,1,1,1,0,ced4d850bdfa04af8a73e32101425f491ae4cdb957ef9f1f5e861dd84e312ee6,e89d034aff9bd2f8329b562e56f76360ee1a3f06c55527a7f26500611701c2bb,False,False,False,EXTERNAL_REFERENCE,转 external reference,基岩或非主训练参考，保留原端点并退出仅碎屑主训练。,One-zircon auxiliary record is not automatically one independent physical rock sample. ,SINGLE_GRAIN_AUX_ROW; PHYSICAL_ROCK_IDENTITY_UNVERIFIED,COORDINATES_MISSING; USE_SOURCE_LOCALITY_ONLY,,,,,True
E1,E1::AUX_BEDROCK::10.3389/feart.2020.568715::85ER103A,10.3389/feart.2020.568715::85ER103A,85ER103A,Breitfeld2020_FrontEarthSci8:568715_T1,10.3389/feart.2020.568715,10.3389/feart.2020.568715,,,Indonesia,West Kalimantan / Central Kalimantan,West Borneo,SW Borneo / Schwaner domain,Schwaner,AUX_BEDROCK_REFERENCE,IGNEOUS_OR_VOLCANIC_BEDROCK,IGNEOUS_OR_VOLCANIC_BEDROCK,igneous rock (文献汇编冷却/冷却年龄，非锆石 U-Pb),Mensibau,Mensibau,,不适用或未解析,1,1,1,0,d24d990ec469a22caaa78ba31c580b30e0cf9c1670c435faa193ffa9f7ff78e5,174cb1bc63764a7411a1ec1254586f588543ce30a61be0e8f484aeac3d7947d3,False,False,False,EXTERNAL_REFERENCE,转 external reference,基岩或非主训练参考，保留原端点并退出仅碎屑主训练。,One-zircon auxiliary record is not automatically one independent physical rock sample. ,SINGLE_GRAIN_AUX_ROW; PHYSICAL_ROCK_IDENTITY_UNVERIFIED,COORDINATES_MISSING; USE_SOURCE_LOCALITY_ONLY,,,,,True
E1,E1::AUX_BEDROCK::10.3389/feart.2020.568715::85ER110A,10.3389/feart.2020.568715::85ER110A,85ER110A,Breitfeld2020_FrontEarthSci8:568715_T1,10.3389/feart.2020.568715,10.3389/feart.2020.568715,,,Indonesia,West Kalimantan / Central Kalimantan,West Borneo,SW Borneo / Schwaner domain,Schwaner,AUX_BEDROCK_REFERENCE,IGNEOUS_OR_VOLCANIC_BEDROCK,IGNEOUS_OR_VOLCANIC_BEDROCK,igneous rock (文献汇编冷却/冷却年龄，非锆石 U-Pb),Mensibau,Mensibau,,不适用或未解析,1,1,1,0,25b4f349d89158d74d8d638b6b079699b27c6a7f140b7800ab6f4a21464c728b,36899ad6dd9c98a611a531a2a81a7d20eb8dbdb5b45eb5cb9af504f1bcb64aa1,False,False,False,EXTERNAL_REFERENCE,转 external reference,基岩或非主训练参考，保留原端点并退出仅碎屑主训练。,One-zircon auxiliary record is not automatically one independent physical rock sample. ,SINGLE_GRAIN_AUX_ROW; PHYSICAL_ROCK_IDENTITY_UNVERIFIED,COORDINATES_MISSING; USE_SOURCE_LOCALITY_ONLY,,,,,True
E1,E1::AUX_BEDROCK::10.3389/feart.2020.568715::85ER135A,10.3389/feart.2020.568715::85ER135A,85ER135A,Breitfeld2020_FrontEarthSci8:568715_T1,10.3389/feart.2020.568715,10.3389/feart.2020.568715,,,Indonesia,West Kalimantan / Central Kalimantan,West Borneo,SW Borneo / Schwaner domain,Schwaner,AUX_BEDROCK_REFERENCE,IGNEOUS_OR_VOLCANIC_BEDROCK,IGNEOUS_OR_VOLCANIC_BEDROCK,igneous rock (文献汇编冷却/冷却年龄，非锆石 U-Pb),Mensibau,Mensibau,,不适用或未解析,1,1,1,0,ced4d850bdfa04af8a73e32101425f491ae4cdb957ef9f1f5e861dd84e312ee6,e89d034aff9bd2f8329b562e56f76360ee1a3f06c55527a7f26500611701c2bb,False,False,False,EXTERNAL_REFERENCE,转 external reference,基岩或非主训练参考，保留原端点并退出仅碎屑主训练。,One-zircon auxiliary record is not automatically one independent physical rock sample. ,SINGLE_GRAIN_AUX_ROW; PHYSICAL_ROCK_IDENTITY_UNVERIFIED,COORDINATES_MISSING; USE_SOURCE_LOCALITY_ONLY,,,,,True
E1,E1::AUX_BEDROCK::10.3389/feart.2020.568715::85ER160A,10.3389/feart.2020.568715::85ER160A,85ER160A,Breitfeld2020_FrontEarthSci8:568715_T1,10.3389/feart.2020.568715,10.3389/feart.2020.568715,,,Indonesia,West Kalimantan / Central Kalimantan,West Borneo,SW Borneo / Schwaner domain,Schwaner,AUX_BEDROCK_REFERENCE,IGNEOUS_OR_VOLCANIC_BEDROCK,IGNEOUS_OR_VOLCANIC_BEDROCK,igneous rock (文献汇编冷却/冷却年龄，非锆石 U-Pb),Mensibau,Mensibau,,不适用或未解析,1,1,1,0,570c5d28cb51a3ccf468090f0387532d5d9d6d15d542cce84e567c75bfdc40fc,0f37dc7164d21654e68e3d3f28d80202b01443c517c3a84ed41a92c11c14a7b6,False,False,False,EXTERNAL_REFERENCE,转 external reference,基岩或非主训练参考，保留原端点并退出仅碎屑主训练。,One-zircon auxiliary record is not automatically one independent physical rock sample. ,SINGLE_GRAIN_AUX_ROW; PHYSICAL_ROCK_IDENTITY_UNVERIFIED,COORDINATES_MISSING; USE_SOURCE_LOCALITY_ONLY,,,,,True
E1,E1::AUX_BEDROCK::10.3389/feart.2020.568715::85NS182A,10.3389/feart.2020.568715::85NS182A,85NS182A,Breitfeld2020_FrontEarthSci8:568715_T1,10.3389/feart.2020.568715,10.3389/feart.2020.568715,,,Indonesia,West Kalimantan / Central Kalimantan,West Borneo,SW Borneo / Schwaner domain,Schwaner,AUX_BEDROCK_REFERENCE,IGNEOUS_OR_VOLCANIC_BEDROCK,IGNEOUS_OR_VOLCANIC_BEDROCK,igneous rock (文献汇编冷却/冷却年龄，非锆石 U-Pb),Mensibau,Mensibau,,不适用或未解析,1,1,1,0,613e98cc89099a1ff18ec79aba615579e255432b98546a082979abab34147fba,97b6ac07cdc9898f82db8c6690a944f07db4b17cf23780cda3789f8abad491dc,False,False,False,EXTERNAL_REFERENCE,转 external reference,基岩或非主训练参考，保留原端点并退出仅碎屑主训练。,One-zircon auxiliary record is not automatically one independent physical rock sample. ,SINGLE_GRAIN_AUX_ROW; PHYSICAL_ROCK_IDENTITY_UNVERIFIED,COORDINATES_MISSING; USE_SOURCE_LOCALITY_ONLY,,,,,True
E1,E1::AUX_BEDROCK::10.3389/feart.2020.568715::85PW161A,10.3389/feart.2020.568715::85PW161A,85PW161A,Breitfeld2020_FrontEarthSci8:568715_T1,10.3389/feart.2020.568715,10.3389/feart.2020.568715,,,Indonesia,West Kalimantan / Central Kalimantan,West Borneo,SW Borneo / Schwaner domain,Schwaner,AUX_BEDROCK_REFERENCE,IGNEOUS_OR_VOLCANIC_BEDROCK,IGNEOUS_OR_VOLCANIC_BEDROCK,igneous rock (文献汇编冷却/冷却年龄，非锆石 U-Pb),Mensibau,Mensibau,,不适用或未解析,1,1,1,0,a8c823fe158073e61311aad30916e3a52d27d29de239895d53a0fed51856c45d,db72bb6c1d455b2106eaaad1777dcebf06e471f23a95e2e5de67491f094e010a,False,False,False,EXTERNAL_REFERENCE,转 external reference,基岩或非主训练参考，保留原端点并退出仅碎屑主训练。,One-zircon auxiliary record is not automatically one independent physical rock sample. ,SINGLE_GRAIN_AUX_ROW; PHYSICAL_ROCK_IDENTITY_UNVERIFIED,COORDINATES_MISSING; USE_SOURCE_LOCALITY_ONLY,,,,,True
E1,E1::AUX_BEDROCK::10.3389/feart.2020.568715::85SS85A,10.3389/feart.2020.568715::85SS85A,85SS85A,Breitfeld2020_FrontEarthSci8:568715_T1,10.3389/feart.2020.568715,10.3389/feart.2020.568715,,,Indonesia,West Kalimantan / Central Kalimantan,West Borneo,SW Borneo / Schwaner domain,Schwaner,AUX_BEDROCK_REFERENCE,IGNEOUS_OR_VOLCANIC_BEDROCK,IGNEOUS_OR_VOLCANIC_BEDROCK,igneous rock (文献汇编冷却/冷却年龄，非锆石 U-Pb),Mensibau,Mensibau,,不适用或未解析,1,1,1,0,04a9b1c069297ba1c5832c86cdb92bacab399498e08fe76af0e16efb6e650687,4913c1c21fdb44ea366ac2d9cb4b1e0e25a127fe737214b297f46f5cb9f28b56,False,False,False,EXTERNAL_REFERENCE,转 external reference,基岩或非主训练参考，保留原端点并退出仅碎屑主训练。,One-zircon auxiliary record is not automatically one independent physical rock sample. ,SINGLE_GRAIN_AUX_ROW; PHYSICAL_ROCK_IDENTITY_UNVERIFIED,COORDINATES_MISSING; USE_SOURCE_LOCALITY_ONLY,,,,,True
E1,E1::AUX_BEDROCK::10.3389/feart.2020.568715::85YN233A,10.3389/feart.2020.568715::85YN233A,85YN233A,Breitfeld2020_FrontEarthSci8:568715_T1,10.3389/feart.2020.568715,10.3389/feart.2020.568715,,,Indonesia,West Kalimantan / Central Kalimantan,West Borneo,SW Borneo / Schwaner domain,Schwaner,AUX_BEDROCK_REFERENCE,IGNEOUS_OR_VOLCANIC_BEDROCK,IGNEOUS_OR_VOLCANIC_BEDROCK,igneous rock (文献汇编冷却/冷却年龄，非锆石 U-Pb),Mensibau,Mensibau,,不适用或未解析,1,1,1,0,3b7cdd401052e6c3ae3506416b03c004c9ae96b1c5adce0bacb2367f5876b370,71fdd189b60ebbfacb4c36c846781e91906d5c02505a92f39cd9e60d72a38639,False,False,False,EXTERNAL_REFERENCE,转 external reference,基岩或非主训练参考，保留原端点并退出仅碎屑主训练。,One-zircon auxiliary record is not automatically one independent physical rock sample. ,SINGLE_GRAIN_AUX_ROW; PHYSICAL_ROCK_IDENTITY_UNVERIFIED,COORDINATES_MISSING; USE_SOURCE_LOCALITY_ONLY,,,,,True
E1,E1::AUX_BEDROCK::10.3389/feart.2020.568715::85YN234B,10.3389/feart.2020.568715::85YN234B,85YN234B,Breitfeld2020_FrontEarthSci8:568715_T1,10.3389/feart.2020.568715,10.3389/feart.2020.568715,,,Indonesia,West Kalimantan / Central Kalimantan,West Borneo,SW Borneo / Schwaner domain,Schwaner,AUX_BEDROCK_REFERENCE,IGNEOUS_OR_VOLCANIC_BEDROCK,IGNEOUS_OR_VOLCANIC_BEDROCK,igneous rock (文献汇编冷却/冷却年龄，非锆石 U-Pb),Mensibau,Mensibau,,不适用或未解析,1,1,1,0,ced4d850bdfa04af8a73e32101425f491ae4cdb957ef9f1f5e861dd84e312ee6,e89d034aff9bd2f8329b562e56f76360ee1a3f06c55527a7f26500611701c2bb,False,False,False,EXTERNAL_REFERENCE,转 external reference,基岩或非主训练参考，保留原端点并退出仅碎屑主训练。,One-zircon auxiliary record is not automatically one independent physical rock sample. ,SINGLE_GRAIN_AUX_ROW; PHYSICAL_ROCK_IDENTITY_UNVERIFIED,COORDINATES_MISSING; USE_SOURCE_LOCALITY_ONLY,,,,,True
E1,E1::AUX_BEDROCK::10.3389/feart.2020.568715::79RE50,10.3389/feart.2020.568715::79RE50,79RE-50,Breitfeld2020_FrontEarthSci8:568715_T1,10.3389/feart.2020.568715,10.3389/feart.2020.568715,,,Indonesia,West Kalimantan / Central Kalimantan,West Borneo,SW Borneo / Schwaner domain,Schwaner,AUX_BEDROCK_REFERENCE,IGNEOUS_OR_VOLCANIC_BEDROCK,IGNEOUS_OR_VOLCANIC_BEDROCK,igneous rock (文献汇编冷却/冷却年龄，非锆石 U-Pb),Mensibau,Mensibau,,不适用或未解析,1,1,1,0,adf2b76ca7505e9371d80dc0565d1fc3de3a3cd525d59c775b654dfd992518b9,089456c1992f8848147b00c50485716a60a504cbbcc22fa6d0d4ad3c71cc420d,False,False,False,EXTERNAL_REFERENCE,转 external reference,基岩或非主训练参考，保留原端点并退出仅碎屑主训练。,One-zircon auxiliary record is not automatically one independent physical rock sample. ,SINGLE_GRAIN_AUX_ROW; PHYSICAL_ROCK_IDENTITY_UNVERIFIED,COORDINATES_MISSING; USE_SOURCE_LOCALITY_ONLY,,,,,True
E1,E1::AUX_BEDROCK::10.3389/feart.2020.568715::79RP19,10.3389/feart.2020.568715::79RP19,79RP-19,Breitfeld2020_FrontEarthSci8:568715_T1,10.3389/feart.2020.568715,10.3389/feart.2020.568715,,,Indonesia,West Kalimantan / Central Kalimantan,West Borneo,SW Borneo / Schwaner domain,Schwaner,AUX_BEDROCK_REFERENCE,IGNEOUS_OR_VOLCANIC_BEDROCK,IGNEOUS_OR_VOLCANIC_BEDROCK,igneous rock (文献汇编冷却/冷却年龄，非锆石 U-Pb),Mensibau,Mensibau,,不适用或未解析,1,1,1,0,48ae94fc67c9969fd98f3513fb7db1acc4f1085d040a90fcae393a174c26f7ff,422da4fc318edb49c0d8de6741e6351cf281ea3bbcd182555234e55c1d4ca8c6,False,False,False,EXTERNAL_REFERENCE,转 external reference,基岩或非主训练参考，保留原端点并退出仅碎屑主训练。,One-zircon auxiliary record is not automatically one independent physical rock sample. ,SINGLE_GRAIN_AUX_ROW; PHYSICAL_ROCK_IDENTITY_UNVERIFIED,COORDINATES_MISSING; USE_SOURCE_LOCALITY_ONLY,,,,,True
E1,E1::AUX_BEDROCK::10.3389/feart.2020.568715::80RC64,10.3389/feart.2020.568715::80RC64,80RC-64,Breitfeld2020_FrontEarthSci8:568715_T1,10.3389/feart.2020.568715,10.3389/feart.2020.568715,,,Indonesia,West Kalimantan / Central Kalimantan,West Borneo,SW Borneo / Schwaner domain,Schwaner,AUX_BEDROCK_REFERENCE,IGNEOUS_OR_VOLCANIC_BEDROCK,IGNEOUS_OR_VOLCANIC_BEDROCK,igneous rock (文献汇编冷却/冷却年龄，非锆石 U-Pb),Mensibau,Mensibau,,不适用或未解析,1,1,1,0,748b61ca208d00d5e83fc3c9281c9b99e9c18a9c2e2fb840fe0380c7f1a9e863,2e15ef170377f6dd00a3a6b2a70bf37edfdca47f49e4f95c0359f0cafeadebe0,False,False,False,EXTERNAL_REFERENCE,转 external reference,基岩或非主训练参考，保留原端点并退出仅碎屑主训练。,One-zircon auxiliary record is not automatically one independent physical rock sample. ,SINGLE_GRAIN_AUX_ROW; PHYSICAL_ROCK_IDENTITY_UNVERIFIED,COORDINATES_MISSING; USE_SOURCE_LOCALITY_ONLY,,,,,True
E1,E1::AUX_BEDROCK::10.3389/feart.2020.568715::80RD67,10.3389/feart.2020.568715::80RD67,80RD-67,Breitfeld2020_FrontEarthSci8:568715_T1,10.3389/feart.2020.568715,10.3389/feart.2020.568715,,,Indonesia,West Kalimantan / Central Kalimantan,West Borneo,SW Borneo / Schwaner domain,Schwaner,AUX_BEDROCK_REFERENCE,IGNEOUS_OR_VOLCANIC_BEDROCK,IGNEOUS_OR_VOLCANIC_BEDROCK,igneous rock (文献汇编冷却/冷却年龄，非锆石 U-Pb),Mensibau,Mensibau,,不适用或未解析,1,1,1,0,dc960a64997d50e134f7f723904276f2b5b49ae569c138b57d156f67f0958e24,b9857aa7d3249bc60c30e76fb91908f92c071f1dab8029f7bbd0194a871fb214,False,False,False,EXTERNAL_REFERENCE,转 external reference,基岩或非主训练参考，保留原端点并退出仅碎屑主训练。,One-zircon auxiliary record is not automatically one independent physical rock sample. ,SINGLE_GRAIN_AUX_ROW; PHYSICAL_ROCK_IDENTITY_UNVERIFIED,COORDINATES_MISSING; USE_SOURCE_LOCALITY_ONLY,,,,,True
E1,E1::AUX_BEDROCK::10.3389/feart.2020.568715::85YN260B,10.3389/feart.2020.568715::85YN260B,85YN260B,Breitfeld2020_FrontEarthSci8:568715_T1,10.3389/feart.2020.568715,10.3389/feart.2020.568715,,,Indonesia,West Kalimantan / Central Kalimantan,West Borneo,SW Borneo / Schwaner domain,Schwaner,AUX_BEDROCK_REFERENCE,IGNEOUS_OR_VOLCANIC_BEDROCK,IGNEOUS_OR_VOLCANIC_BEDROCK,igneous rock (文献汇编冷却/冷却年龄，非锆石 U-Pb),Raya,Raya,,不适用或未解析,1,1,1,0,edd9040f4f856cc8fb25062ce5842c414d8e4e9082e21e6459177ee88756cf7a,b2bdb1802e20af4386f6cdb69d5c75ce9128a9c5ff9e5a198b2b91add9a6d0e7,False,False,False,EXTERNAL_REFERENCE,转 external reference,基岩或非主训练参考，保留原端点并退出仅碎屑主训练。,One-zircon auxiliary record is not automatically one independent physical rock sample. ,SINGLE_GRAIN_AUX_ROW; PHYSICAL_ROCK_IDENTITY_UNVERIFIED,COORDINATES_MISSING; USE_SOURCE_LOCALITY_ONLY,,,,,True
E1,E1::AUX_BEDROCK::10.3389/feart.2020.568715::82PW106,10.3389/feart.2020.568715::82PW106,82PW106,Breitfeld2020_FrontEarthSci8:568715_T1,10.3389/feart.2020.568715,10.3389/feart.2020.568715,,,Indonesia,West Kalimantan / Central Kalimantan,Meratus,SW Borneo / Schwaner domain,Schwaner,AUX_BEDROCK_REFERENCE,IGNEOUS_OR_VOLCANIC_BEDROCK,IGNEOUS_OR_VOLCANIC_BEDROCK,igneous rock (文献汇编冷却/冷却年龄，非锆石 U-Pb),Batang Alai,Batang Alai,,不适用或未解析,1,1,1,0,613e98cc89099a1ff18ec79aba615579e255432b98546a082979abab34147fba,97b6ac07cdc9898f82db8c6690a944f07db4b17cf23780cda3789f8abad491dc,False,False,False,EXTERNAL_REFERENCE,转 external reference,基岩或非主训练参考，保留原端点并退出仅碎屑主训练。,One-zircon auxiliary record is not automatically one independent physical rock sample. ,SINGLE_GRAIN_AUX_ROW; PHYSICAL_ROCK_IDENTITY_UNVERIFIED,COORDINATES_MISSING; USE_SOURCE_LOCALITY_ONLY,,,,,True
E1,E1::AUX_BEDROCK::10.3389/feart.2020.568715::82PW107,10.3389/feart.2020.568715::82PW107,82PW107,Breitfeld2020_FrontEarthSci8:568715_T1,10.3389/feart.2020.568715,10.3389/feart.2020.568715,,,Indonesia,West Kalimantan / Central Kalimantan,Meratus,SW Borneo / Schwaner domain,Schwaner,AUX_BEDROCK_REFERENCE,IGNEOUS_OR_VOLCANIC_BEDROCK,IGNEOUS_OR_VOLCANIC_BEDROCK,igneous rock (文献汇编冷却/冷却年龄，非锆石 U-Pb),Batang Alai,Batang Alai,,不适用或未解析,1,1,1,0,1e03e11a0af32407d2ae58602dd33484192b50aea8dcd63196f5da5628bf8095,da16103eb06a450285a269ab9f7302e664be5419395238196e55ea4b8add52dd,False,False,False,EXTERNAL_REFERENCE,转 external reference,基岩或非主训练参考，保留原端点并退出仅碎屑主训练。,One-zircon auxiliary record is not automatically one independent physical rock sample. ,SINGLE_GRAIN_AUX_ROW; PHYSICAL_ROCK_IDENTITY_UNVERIFIED,COORDINATES_MISSING; USE_SOURCE_LOCALITY_ONLY,,,,,True
E1,E1::AUX_BEDROCK::10.3389/feart.2020.568715::82PW113,10.3389/feart.2020.568715::82PW113,82PW113,Breitfeld2020_FrontEarthSci8:568715_T1,10.3389/feart.2020.568715,10.3389/feart.2020.568715,,,Indonesia,West Kalimantan / Central Kalimantan,Meratus,SW Borneo / Schwaner domain,Schwaner,AUX_BEDROCK_REFERENCE,IGNEOUS_OR_VOLCANIC_BEDROCK,IGNEOUS_OR_VOLCANIC_BEDROCK,igneous rock (文献汇编冷却/冷却年龄，非锆石 U-Pb),?Batang Alai,?Batang Alai,,不适用或未解析,1,1,1,0,316b02d7a05a2f470576aee577dc1fb20bf3015ba20c004b977ad986b24bf1d5,f533c1d515ba27af170651becd0f8a194d5e821ac9081a647e51a16dd0d84831,False,False,False,EXTERNAL_REFERENCE,转 external reference,基岩或非主训练参考，保留原端点并退出仅碎屑主训练。,One-zircon auxiliary record is not automatically one independent physical rock sample. ,SINGLE_GRAIN_AUX_ROW; PHYSICAL_ROCK_IDENTITY_UNVERIFIED,COORDINATES_MISSING; USE_SOURCE_LOCALITY_ONLY,,,,,True
E1,E1::AUX_BEDROCK::10.3389/feart.2020.568715::UNRESOLVED::E1-AUX-LIT-0140,10.3389/feart.2020.568715::UNRESOLVED::E1-AUX-LIT-0140,,Breitfeld2020_FrontEarthSci8:568715_T1,10.3389/feart.2020.568715,10.3389/feart.2020.568715,,,Indonesia,West Kalimantan / Central Kalimantan,Meratus,SW Borneo / Schwaner domain,Schwaner,AUX_BEDROCK_REFERENCE,IGNEOUS_OR_VOLCANIC_BEDROCK,IGNEOUS_OR_VOLCANIC_BEDROCK,igneous rock (文献汇编冷却/冷却年龄，非锆石 U-Pb),Batang Alai,Batang Alai,,不适用或未解析,1,1,1,0,5fe673164b8f961cd5d81a92d2fa9dfa8ce0ee4040ff416c7660da9985c40c7a,33e17c2225ae8064a59f69f62cf06af73ecee8c4e580dcde69495134595a2636,False,False,False,EXTERNAL_REFERENCE,转 external reference,基岩或非主训练参考，保留原端点并退出仅碎屑主训练。,One-zircon auxiliary record is not automatically one independent physical rock sample. ,SINGLE_GRAIN_AUX_ROW; PHYSICAL_ROCK_IDENTITY_UNVERIFIED,COORDINATES_MISSING; USE_SOURCE_LOCALITY_ONLY,,,,,True
E1,E1::AUX_BEDROCK::10.3389/feart.2020.568715::UNRESOLVED::E1-AUX-LIT-0141,10.3389/feart.2020.568715::UNRESOLVED::E1-AUX-LIT-0141,,Breitfeld2020_FrontEarthSci8:568715_T1,10.3389/feart.2020.568715,10.3389/feart.2020.568715,,,Indonesia,West Kalimantan / Central Kalimantan,Meratus,SW Borneo / Schwaner domain,Schwaner,AUX_BEDROCK_REFERENCE,IGNEOUS_OR_VOLCANIC_BEDROCK,IGNEOUS_OR_VOLCANIC_BEDROCK,igneous rock (文献汇编冷却/冷却年龄，非锆石 U-Pb),Batang Alai,Batang Alai,,不适用或未解析,1,1,1,0,2a0201532098e79a4251a74841b58386ff1c7ca5e0cf8e211d7bb3fae2b0c031,43affd8b24e657c0cd097b6e6ca9c78823bd2624d48af95778624289659ab90f,False,False,False,EXTERNAL_REFERENCE,转 external reference,基岩或非主训练参考，保留原端点并退出仅碎屑主训练。,One-zircon auxiliary record is not automatically one independent physical rock sample. ,SINGLE_GRAIN_AUX_ROW; PHYSICAL_ROCK_IDENTITY_UNVERIFIED,COORDINATES_MISSING; USE_SOURCE_LOCALITY_ONLY,,,,,True
E1,E1::AUX_BEDROCK::10.3389/feart.2020.568715::NS352,10.3389/feart.2020.568715::NS352,NS352,Breitfeld2020_FrontEarthSci8:568715_T1,10.3389/feart.2020.568715,10.3389/feart.2020.568715,,,Indonesia,West Kalimantan / Central Kalimantan,Meratus,SW Borneo / Schwaner domain,Schwaner,AUX_BEDROCK_REFERENCE,IGNEOUS_OR_VOLCANIC_BEDROCK,IGNEOUS_OR_VOLCANIC_BEDROCK,igneous rock (文献汇编冷却/冷却年龄，非锆石 U-Pb),Kintap,Kintap,,不适用或未解析,1,1,1,0,ddd6666fff15a021f16a37742d0e3511d6017a91351a0dd890fea93b0d02d70e,c3bef38eef451d922d1769e76af649d3656f020df674f7735bc420f46ffff71a,False,False,False,EXTERNAL_REFERENCE,转 external reference,基岩或非主训练参考，保留原端点并退出仅碎屑主训练。,One-zircon auxiliary record is not automatically one independent physical rock sample. ,SINGLE_GRAIN_AUX_ROW; PHYSICAL_ROCK_IDENTITY_UNVERIFIED,COORDINATES_MISSING; USE_SOURCE_LOCALITY_ONLY,,,,,True
E1,E1::AUX_BEDROCK::10.3389/feart.2020.568715::UNRESOLVED::E1-AUX-LIT-0143,10.3389/feart.2020.568715::UNRESOLVED::E1-AUX-LIT-0143,,Breitfeld2020_FrontEarthSci8:568715_T1,10.3389/feart.2020.568715,10.3389/feart.2020.568715,,,Indonesia,West Kalimantan / Central Kalimantan,Meratus,SW Borneo / Schwaner domain,Schwaner,AUX_BEDROCK_REFERENCE,IGNEOUS_OR_VOLCANIC_BEDROCK,IGNEOUS_OR_VOLCANIC_BEDROCK,igneous rock (文献汇编冷却/冷却年龄，非锆石 U-Pb),?Kintap,?Kintap,,不适用或未解析,1,1,1,0,3396326a10ac1901dd6dba1add94f190e8a0a15583ec79d2a1187ac3cbd60465,d429ced6bdadc2770808a99d765536a80496ed818be2187e15da8a13e109c8a1,False,False,False,EXTERNAL_REFERENCE,转 external reference,基岩或非主训练参考，保留原端点并退出仅碎屑主训练。,One-zircon auxiliary record is not automatically one independent physical rock sample. ,SINGLE_GRAIN_AUX_ROW; PHYSICAL_ROCK_IDENTITY_UNVERIFIED,COORDINATES_MISSING; USE_SOURCE_LOCALITY_ONLY,,,,,True
E1,E1::AUX_BEDROCK::10.3389/feart.2020.568715::NS834,10.3389/feart.2020.568715::NS834,NS834,Breitfeld2020_FrontEarthSci8:568715_T1,10.3389/feart.2020.568715,10.3389/feart.2020.568715,,,Indonesia,West Kalimantan / Central Kalimantan,Meratus,SW Borneo / Schwaner domain,Schwaner,AUX_BEDROCK_REFERENCE,IGNEOUS_OR_VOLCANIC_BEDROCK,IGNEOUS_OR_VOLCANIC_BEDROCK,igneous rock (文献汇编冷却/冷却年龄，非锆石 U-Pb),Bennarian,Bennarian,,不适用或未解析,1,1,1,0,a5a7409dbc7433bb0c20213e07424dc57cb523a94e54376fc00273c16c6853e7,1e6778c5af1afe2105dd43cd4ad67a37e7566b0f55932b9922886baf95a61a1a,False,False,False,EXTERNAL_REFERENCE,转 external reference,基岩或非主训练参考，保留原端点并退出仅碎屑主训练。,One-zircon auxiliary record is not automatically one independent physical rock sample. ,SINGLE_GRAIN_AUX_ROW; PHYSICAL_ROCK_IDENTITY_UNVERIFIED,COORDINATES_MISSING; USE_SOURCE_LOCALITY_ONLY,,,,,True
E1,E1::AUX_BEDROCK::（未核实，见 review_note）::SCHWANERMETATONALITE,（未核实，见 review_note）::SCHWANERMETATONALITE,Schwaner metatonalite (LG-... ?),Setiawan2013_metatonalite,（未核实，见 review_note）,（未核实，见 review_note）,,,Indonesia,West Kalimantan,"Schwaner Mts, West Kalimantan",SW Borneo / Schwaner domain,Schwaner,AUX_BEDROCK_REFERENCE,IGNEOUS_OR_VOLCANIC_BEDROCK,IGNEOUS_OR_VOLCANIC_BEDROCK,igneous rock (metatonalite),metatonalite,metatonalite,,不适用或未解析,1,1,1,0,92714bf6e35123b71528d095714185fdb2550abc7a8916cdb6a46c216e361acf,d32d98f14d5f2f8518463fa61a25a9654837b1f16fdbc19e9b1365618ba679a8,False,False,False,EXTERNAL_REFERENCE,转 external reference,基岩或非主训练参考，保留原端点并退出仅碎屑主训练。,One-zircon auxiliary record is not automatically one independent physical rock sample. ,SINGLE_GRAIN_AUX_ROW; PHYSICAL_ROCK_IDENTITY_UNVERIFIED,COORDINATES_MISSING; USE_SOURCE_LOCALITY_ONLY,,,,,True
E1,E1::AUX_BEDROCK::10.1007/s00343-021-0405-6::KETAPANGCOMPLEXSANDSTONE,10.1007/s00343-021-0405-6::KETAPANGCOMPLEXSANDSTONE,Ketapang Complex sandstone (113 detrital zircons),Li2022_JOL40:496,10.1007/s00343-021-0405-6,10.1007/s00343-021-0405-6,"1°32'00""S","111°17'30""E",Indonesia,Central Kalimantan,"Ruwai / Lamandau, Central Kalimantan",SW Borneo / Schwaner domain,Schwaner,AUX_BEDROCK_REFERENCE,SEDIMENTARY_DETRITAL,SEDIMENTARY_DETRITAL,sedimentary rock (detrital zircon) — sample-level MDA,Ketapang Complex,Ketapang Complex,maximum depositional age = Campanian (youngest grain 78 Ma),沉积岩；具体沉积相未系统提取，不能据空值推断,1,1,1,0,c00711a362d75c0250538b6448a7fa3c745201b7c40b83010aa626b107af0775,05b79b4da12673bd2c06a5a0f6e7cd57a97f0ffc6f8859d52a61ec08cec6716e,False,False,False,EXTERNAL_REFERENCE,转 external reference,基岩或非主训练参考，保留原端点并退出仅碎屑主训练。,One-zircon auxiliary record is not automatically one independent physical rock sample. ,SINGLE_GRAIN_AUX_ROW; PHYSICAL_ROCK_IDENTITY_UNVERIFIED,,,,,,True
E1,E1::AUX_BEDROCK::10.1016/j.jseaes.2022.105111::18JV758,10.1016/j.jseaes.2022.105111::18JV758,18JV-75-8,Wang2022_JSEAS105111,10.1016/j.jseaes.2022.105111,10.1016/j.jseaes.2022.105111,,,Indonesia / Malaysia,West Kalimantan (and West Sarawak),"Jurassic igneous rocks, West Borneo (Kerabai Volcanics, Sukadana & Mensibau batholiths)",SW Borneo / Schwaner domain (western part),Schwaner,AUX_BEDROCK_REFERENCE,IGNEOUS_OR_VOLCANIC_BEDROCK,IGNEOUS_OR_VOLCANIC_BEDROCK,igneous rock (zircon),Kerabai Volcanics / Sukadana batholith / Mensibau batholith (per source study),Kerabai Volcanics / Sukadana batholith / Mensibau batholith (per source study),not applicable (igneous crystallisation age),不适用或未解析,19,19,19,0,b6b9cc61f715fe86cf3045e75bdb89ba3af988f5edc016481b5f01a80d4b631c,b53c86f71515cbb42e54bf8fb53914ffc636a516275ba19ac59f465ceaeb43a3,False,False,False,EXTERNAL_REFERENCE,转 external reference,基岩或非主训练参考，保留原端点并退出仅碎屑主训练。,,,COORDINATES_MISSING; USE_SOURCE_LOCALITY_ONLY,,,,,True
E1,E1::AUX_BEDROCK::10.1016/j.jseaes.2022.105111::18JV831,10.1016/j.jseaes.2022.105111::18JV831,18JV-83-1,Wang2022_JSEAS105111,10.1016/j.jseaes.2022.105111,10.1016/j.jseaes.2022.105111,,,Indonesia / Malaysia,West Kalimantan (and West Sarawak),"Jurassic igneous rocks, West Borneo (Kerabai Volcanics, Sukadana & Mensibau batholiths)",SW Borneo / Schwaner domain (western part),Schwaner,AUX_BEDROCK_REFERENCE,IGNEOUS_OR_VOLCANIC_BEDROCK,IGNEOUS_OR_VOLCANIC_BEDROCK,igneous rock (zircon),Kerabai Volcanics / Sukadana batholith / Mensibau batholith (per source study),Kerabai Volcanics / Sukadana batholith / Mensibau batholith (per source study),not applicable (igneous crystallisation age),不适用或未解析,24,24,24,0,dd9777814d887585785cf4d582c5216ec160729412bc27985e409731cbb06cc3,7930b6f2c957861f09b0c8f9e33298ab26396fa4110d27a5f1613a3d99a2ef28,False,False,False,EXTERNAL_REFERENCE,转 external reference,基岩或非主训练参考，保留原端点并退出仅碎屑主训练。,,,COORDINATES_MISSING; USE_SOURCE_LOCALITY_ONLY,,,,,True
E1,E1::AUX_BEDROCK::10.1016/j.jseaes.2022.105111::18JV871,10.1016/j.jseaes.2022.105111::18JV871,18JV-87-1,Wang2022_JSEAS105111,10.1016/j.jseaes.2022.105111,10.1016/j.jseaes.2022.105111,,,Indonesia / Malaysia,West Kalimantan (and West Sarawak),"Jurassic igneous rocks, West Borneo (Kerabai Volcanics, Sukadana & Mensibau batholiths)",SW Borneo / Schwaner domain (western part),Schwaner,AUX_BEDROCK_REFERENCE,IGNEOUS_OR_VOLCANIC_BEDROCK,IGNEOUS_OR_VOLCANIC_BEDROCK,igneous rock (zircon),Kerabai Volcanics / Sukadana batholith / Mensibau batholith (per source study),Kerabai Volcanics / Sukadana batholith / Mensibau batholith (per source study),not applicable (igneous crystallisation age),不适用或未解析,25,25,25,0,34c4ebc0a9d0a206d5b21885513657262fdb36958fca332f519ed1e087f0f6ee,601297af91d52bf88eee1211affd60a63774895e240384ee9778182ba74046fd,False,False,False,EXTERNAL_REFERENCE,转 external reference,基岩或非主训练参考，保留原端点并退出仅碎屑主训练。,,,COORDINATES_MISSING; USE_SOURCE_LOCALITY_ONLY,,,,,True
E1,E1::AUX_BEDROCK::10.1016/j.jseaes.2022.105111::18JV879,10.1016/j.jseaes.2022.105111::18JV879,18JV-87-9,Wang2022_JSEAS105111,10.1016/j.jseaes.2022.105111,10.1016/j.jseaes.2022.105111,,,Indonesia / Malaysia,West Kalimantan (and West Sarawak),"Jurassic igneous rocks, West Borneo (Kerabai Volcanics, Sukadana & Mensibau batholiths)",SW Borneo / Schwaner domain (western part),Schwaner,AUX_BEDROCK_REFERENCE,IGNEOUS_OR_VOLCANIC_BEDROCK,IGNEOUS_OR_VOLCANIC_BEDROCK,igneous rock (zircon),Kerabai Volcanics / Sukadana batholith / Mensibau batholith (per source study),Kerabai Volcanics / Sukadana batholith / Mensibau batholith (per source study),not applicable (igneous crystallisation age),不适用或未解析,28,28,28,0,4de2c2f4a7279ce2ca515884ca68797e3067be4251e9fe50bd35f8e5774e0e3f,3be0d0ec6a37455d64209752a1bf5c76ae2c108c0aa202fa9ea756d9c4364d04,False,False,False,EXTERNAL_REFERENCE,转 external reference,基岩或非主训练参考，保留原端点并退出仅碎屑主训练。,,,COORDINATES_MISSING; USE_SOURCE_LOCALITY_ONLY,,,,,True
E1,E1::AUX_BEDROCK::10.1016/j.jseaes.2022.105111::18JV821,10.1016/j.jseaes.2022.105111::18JV821,18JV-82-1,Wang2022_JSEAS105111,10.1016/j.jseaes.2022.105111,10.1016/j.jseaes.2022.105111,,,Indonesia / Malaysia,West Kalimantan (and West Sarawak),"Jurassic igneous rocks, West Borneo (Kerabai Volcanics, Sukadana & Mensibau batholiths)",SW Borneo / Schwaner domain (western part),Schwaner,AUX_BEDROCK_REFERENCE,IGNEOUS_OR_VOLCANIC_BEDROCK,IGNEOUS_OR_VOLCANIC_BEDROCK,igneous rock (zircon),Kerabai Volcanics / Sukadana batholith / Mensibau batholith (per source study),Kerabai Volcanics / Sukadana batholith / Mensibau batholith (per source study),not applicable (igneous crystallisation age),不适用或未解析,25,25,25,0,a72376913bec3461727875fd086a077abf05961eb0dac39738f03688d5eb3a8d,5eca4ebeeda0de7baa30d0bf969764a684c5a2bc14ffc2ab3accb897cffbec57,False,False,False,EXTERNAL_REFERENCE,转 external reference,基岩或非主训练参考，保留原端点并退出仅碎屑主训练。,,,COORDINATES_MISSING; USE_SOURCE_LOCALITY_ONLY,,,,,True
E1,E1::AUX_BEDROCK::10.1016/j.jseaes.2022.105111::18JV891,10.1016/j.jseaes.2022.105111::18JV891,18JV-89-1,Wang2022_JSEAS105111,10.1016/j.jseaes.2022.105111,10.1016/j.jseaes.2022.105111,,,Indonesia / Malaysia,West Kalimantan (and West Sarawak),"Jurassic igneous rocks, West Borneo (Kerabai Volcanics, Sukadana & Mensibau batholiths)",SW Borneo / Schwaner domain (western part),Schwaner,AUX_BEDROCK_REFERENCE,IGNEOUS_OR_VOLCANIC_BEDROCK,IGNEOUS_OR_VOLCANIC_BEDROCK,igneous rock (zircon),Kerabai Volcanics / Sukadana batholith / Mensibau batholith (per source study),Kerabai Volcanics / Sukadana batholith / Mensibau batholith (per source study),not applicable (igneous crystallisation age),不适用或未解析,23,23,23,0,98c8e83b50f2f2301de9ef6e38e34687d03aee53fa5f6c535951ccee5efba332,9cc95af203ab87d36942e61860d95082f2e7a9e2d49372b2fd3936fda5c43dc7,False,False,False,EXTERNAL_REFERENCE,转 external reference,基岩或非主训练参考，保留原端点并退出仅碎屑主训练。,,,COORDINATES_MISSING; USE_SOURCE_LOCALITY_ONLY,,,,,True
E1,E1::AUX_BEDROCK::10.1016/j.jseaes.2022.105111::18JV90A1,10.1016/j.jseaes.2022.105111::18JV90A1,18JV-90A-1,Wang2022_JSEAS105111,10.1016/j.jseaes.2022.105111,10.1016/j.jseaes.2022.105111,,,Indonesia / Malaysia,West Kalimantan (and West Sarawak),"Jurassic igneous rocks, West Borneo (Kerabai Volcanics, Sukadana & Mensibau batholiths)",SW Borneo / Schwaner domain (western part),Schwaner,AUX_BEDROCK_REFERENCE,IGNEOUS_OR_VOLCANIC_BEDROCK,IGNEOUS_OR_VOLCANIC_BEDROCK,igneous rock (zircon),Kerabai Volcanics / Sukadana batholith / Mensibau batholith (per source study),Kerabai Volcanics / Sukadana batholith / Mensibau batholith (per source study),not applicable (igneous crystallisation age),不适用或未解析,27,27,27,0,960f99698e11238352bc0f71ed4df380870f712bff905356fd9f247807505b34,496ab2fd6ede6c69577fdbdc77406823af5a4d3fcb8b503720176092f9d93cb0,False,False,False,EXTERNAL_REFERENCE,转 external reference,基岩或非主训练参考，保留原端点并退出仅碎屑主训练。,,,COORDINATES_MISSING; USE_SOURCE_LOCALITY_ONLY,,,,,True
E1,E1::AUX_BEDROCK::10.1016/j.jseaes.2022.105111::18JV90B2,10.1016/j.jseaes.2022.105111::18JV90B2,18JV-90B-2,Wang2022_JSEAS105111,10.1016/j.jseaes.2022.105111,10.1016/j.jseaes.2022.105111,,,Indonesia / Malaysia,West Kalimantan (and West Sarawak),"Jurassic igneous rocks, West Borneo (Kerabai Volcanics, Sukadana & Mensibau batholiths)",SW Borneo / Schwaner domain (western part),Schwaner,AUX_BEDROCK_REFERENCE,IGNEOUS_OR_VOLCANIC_BEDROCK,IGNEOUS_OR_VOLCANIC_BEDROCK,igneous rock (zircon),Kerabai Volcanics / Sukadana batholith / Mensibau batholith (per source study),Kerabai Volcanics / Sukadana batholith / Mensibau batholith (per source study),not applicable (igneous crystallisation age),不适用或未解析,24,24,24,0,824df4063636e50448ee2fcba726909aa88d665968b69dcb74fc3411e4d783b4,dce3925a4d9d8ad412ba938548842088216fdc2e7b44ce4246b6673a5883bcb8,False,False,False,EXTERNAL_REFERENCE,转 external reference,基岩或非主训练参考，保留原端点并退出仅碎屑主训练。,,,COORDINATES_MISSING; USE_SOURCE_LOCALITY_ONLY,,,,,True
E1,E1::AUX_BEDROCK::10.1016/j.jseaes.2022.105111::18JV91A1,10.1016/j.jseaes.2022.105111::18JV91A1,18JV-91A-1,Wang2022_JSEAS105111,10.1016/j.jseaes.2022.105111,10.1016/j.jseaes.2022.105111,,,Indonesia / Malaysia,West Kalimantan (and West Sarawak),"Jurassic igneous rocks, West Borneo (Kerabai Volcanics, Sukadana & Mensibau batholiths)",SW Borneo / Schwaner domain (western part),Schwaner,AUX_BEDROCK_REFERENCE,IGNEOUS_OR_VOLCANIC_BEDROCK,IGNEOUS_OR_VOLCANIC_BEDROCK,igneous rock (zircon),Kerabai Volcanics / Sukadana batholith / Mensibau batholith (per source study),Kerabai Volcanics / Sukadana batholith / Mensibau batholith (per source study),not applicable (igneous crystallisation age),不适用或未解析,23,23,23,0,2c4e64139a2a850b93e8ec02495beb0ad49fdba982f7a8eede97576f2935d5a9,66fa44a6032b9645fa594b2cfc9753f3aa1f361905368d08b6ef0a6a67f31b80,False,False,False,EXTERNAL_REFERENCE,转 external reference,基岩或非主训练参考，保留原端点并退出仅碎屑主训练。,,,COORDINATES_MISSING; USE_SOURCE_LOCALITY_ONLY,,,,,True
E1,E1::AUX_BEDROCK::10.1016/j.jseaes.2022.105111::18JV91B1,10.1016/j.jseaes.2022.105111::18JV91B1,18JV-91B-1,Wang2022_JSEAS105111,10.1016/j.jseaes.2022.105111,10.1016/j.jseaes.2022.105111,,,Indonesia / Malaysia,West Kalimantan (and West Sarawak),"Jurassic igneous rocks, West Borneo (Kerabai Volcanics, Sukadana & Mensibau batholiths)",SW Borneo / Schwaner domain (western part),Schwaner,AUX_BEDROCK_REFERENCE,IGNEOUS_OR_VOLCANIC_BEDROCK,IGNEOUS_OR_VOLCANIC_BEDROCK,igneous rock (zircon),Kerabai Volcanics / Sukadana batholith / Mensibau batholith (per source study),Kerabai Volcanics / Sukadana batholith / Mensibau batholith (per source study),not applicable (igneous crystallisation age),不适用或未解析,24,24,24,0,2ca8352eb17c53b5d851a3825368e6231b49e506e7b5ab08424625bbadb26ac8,4e35d93864b64cf521d6e304ba846d2c1e3b7899702463f656707e083e625358,False,False,False,EXTERNAL_REFERENCE,转 external reference,基岩或非主训练参考，保留原端点并退出仅碎屑主训练。,,,COORDINATES_MISSING; USE_SOURCE_LOCALITY_ONLY,,,,,True
E1,E1::AUX_BEDROCK::10.1016/j.jseaes.2022.105111::18JV471,10.1016/j.jseaes.2022.105111::18JV471,18JV-47-1,Wang2022_JSEAS105111,10.1016/j.jseaes.2022.105111,10.1016/j.jseaes.2022.105111,,,Indonesia / Malaysia,West Kalimantan (and West Sarawak),"Jurassic igneous rocks, West Borneo (Kerabai Volcanics, Sukadana & Mensibau batholiths)",SW Borneo / Schwaner domain (western part),Schwaner,AUX_BEDROCK_REFERENCE,IGNEOUS_OR_VOLCANIC_BEDROCK,IGNEOUS_OR_VOLCANIC_BEDROCK,igneous rock (zircon),Kerabai Volcanics / Sukadana batholith / Mensibau batholith (per source study),Kerabai Volcanics / Sukadana batholith / Mensibau batholith (per source study),not applicable (igneous crystallisation age),不适用或未解析,24,24,24,0,a96919737eb41b9045fd02adb2a7df9e7db1ccae5dc608d617b083b7454c9221,154d2865c5b9bb156d5a22a3bb3f4d6cc0143b8cb43af439abe89953a643b5d8,False,False,False,EXTERNAL_REFERENCE,转 external reference,基岩或非主训练参考，保留原端点并退出仅碎屑主训练。,,,COORDINATES_MISSING; USE_SOURCE_LOCALITY_ONLY,,,,,True
E1,E1::AUX_BEDROCK::10.1016/j.jseaes.2022.105111::18JV54A,10.1016/j.jseaes.2022.105111::18JV54A,18JV-54A,Wang2022_JSEAS105111,10.1016/j.jseaes.2022.105111,10.1016/j.jseaes.2022.105111,,,Indonesia / Malaysia,West Kalimantan (and West Sarawak),"Jurassic igneous rocks, West Borneo (Kerabai Volcanics, Sukadana & Mensibau batholiths)",SW Borneo / Schwaner domain (western part),Schwaner,AUX_BEDROCK_REFERENCE,IGNEOUS_OR_VOLCANIC_BEDROCK,IGNEOUS_OR_VOLCANIC_BEDROCK,igneous rock (zircon),Kerabai Volcanics / Sukadana batholith / Mensibau batholith (per source study),Kerabai Volcanics / Sukadana batholith / Mensibau batholith (per source study),not applicable (igneous crystallisation age),不适用或未解析,52,52,52,0,7b11834407b460038f350fc24ec60c73f91c55a0aa53b24b1b2f9cdb933a37cf,4677b8f374488dbb1f2253e225734cbffaf84a1d8757ff45b6f57e3ddff14e92,False,False,False,EXTERNAL_REFERENCE,转 external reference,基岩或非主训练参考，保留原端点并退出仅碎屑主训练。,,,COORDINATES_MISSING; USE_SOURCE_LOCALITY_ONLY,,,,,True
E1,E1::AUX_BEDROCK::10.1016/j.jseaes.2013.02.033::RTC,10.1016/j.jseaes.2013.02.033::RTC,RT.C,vanHattum2013_JAS76_SukadanaSI,10.1016/j.jseaes.2013.02.033,10.1016/j.jseaes.2013.02.033,-1.94155,110.71880,Indonesia,West Kalimantan,"Ketapang area, Sukadana Granite",SW Borneo / Schwaner domain,Schwaner,AUX_BEDROCK_REFERENCE,IGNEOUS_OR_VOLCANIC_BEDROCK,IGNEOUS_OR_VOLCANIC_BEDROCK,bedrock (igneous),Sukadana Granite,Sukadana Granite,,不适用或未解析,30,30,30,0,0d22e62833db40b608623405ecde0cf3b85172e8e333ead3517cf9627ccf5a20,5d10bc0e1e0e4ea4135ecf1087d1eb350e127ab1fc3ecd11ce3b4e4cb6f0a0bb,False,False,False,EXTERNAL_REFERENCE,转 external reference,基岩或非主训练参考，保留原端点并退出仅碎屑主训练。,,,,,,,,True
E1,E1::AUX_BEDROCK::10.1016/j.jseaes.2013.02.033::RTD,10.1016/j.jseaes.2013.02.033::RTD,RT.D,vanHattum2013_JAS76_SukadanaSI,10.1016/j.jseaes.2013.02.033,10.1016/j.jseaes.2013.02.033,-2.09182,110.73028,Indonesia,West Kalimantan,"Ketapang area, Sukadana Granite",SW Borneo / Schwaner domain,Schwaner,AUX_BEDROCK_REFERENCE,IGNEOUS_OR_VOLCANIC_BEDROCK,IGNEOUS_OR_VOLCANIC_BEDROCK,bedrock (igneous),Sukadana Granite,Sukadana Granite,,不适用或未解析,13,13,13,0,be4fb75887ae5103b056b37458a95fed9db4756c98abf8a8462c180b925c6609,611a4a8a8e2aaf918c6c339ae60bfe36f3cf8630cca90ee1ad0f32f029f8213e,False,False,False,EXTERNAL_REFERENCE,转 external reference,基岩或非主训练参考，保留原端点并退出仅碎屑主训练。,,,,,,,,True
E1,E1::AUX_BEDROCK::10.1029/2020tc006630::S10,10.1029/2020tc006630::S10,S10,Lai2020_Tectonics_SchwanerBedrock,10.1029/2020tc006630,10.1029/2020tc006630,-1.5345,111.3013,Indonesia,West Kalimantan,Schwaner,SW Borneo / Schwaner domain,Schwaner,AUX_BEDROCK_REFERENCE,IGNEOUS_OR_VOLCANIC_BEDROCK,IGNEOUS_OR_VOLCANIC_BEDROCK,bedrock (igneous),,,,不适用或未解析,10,10,10,0,d190dbaaa4a076a7279eb5a6a972ab649ac474cafbd30fc850109a7239d35a53,c4aba4e528b5ed670221145acc310c8f80f15827bbb832b75b5057a3fdc9a595,False,False,False,EXTERNAL_REFERENCE,转 external reference,基岩或非主训练参考，保留原端点并退出仅碎屑主训练。,,,,,,,,True
E1,E1::AUX_BEDROCK::10.1029/2020tc006630::S9,10.1029/2020tc006630::S9,S9,Lai2020_Tectonics_SchwanerBedrock,10.1029/2020tc006630,10.1029/2020tc006630,,,Indonesia,West Kalimantan,Schwaner,SW Borneo / Schwaner domain,Schwaner,AUX_BEDROCK_REFERENCE,IGNEOUS_OR_VOLCANIC_BEDROCK,IGNEOUS_OR_VOLCANIC_BEDROCK,bedrock (igneous),,,,不适用或未解析,19,19,19,0,fa8b1566b9814763515b0738c95a2870671fa2083d9533b5a725522fd2b5b222,999632f888813664b2f435f200a54aa73ee6688306e985a55b0748d20e7fa946,False,False,False,EXTERNAL_REFERENCE,转 external reference,基岩或非主训练参考，保留原端点并退出仅碎屑主训练。,,,COORDINATES_MISSING; USE_SOURCE_LOCALITY_ONLY,,,,,True
E1,E1::AUX_BEDROCK::10.3389/feart.2020.568715::LD10004B,10.3389/feart.2020.568715::LD10004B,LD10-004B,Breitfeld2020_Frontiers568715_Bedrock,10.3389/feart.2020.568715,10.3389/feart.2020.568715,-0.69120484,111.66711149,Indonesia,West Kalimantan,Schwaner,SW Borneo / Schwaner domain,Schwaner,AUX_BEDROCK_REFERENCE,METAMORPHIC_BASEMENT_OR_METASEDIMENT,METAMORPHIC_BASEMENT_OR_METASEDIMENT,bedrock (metamorphic),Pinoh Metamorphic Group,Pinoh Metamorphic Group,,不适用或未解析,62,62,62,0,5af65cfd3357b6cc1ca1f3f514756847b0c12a0dce8417a5a40f60580312c663,2ce312e772d23427955ec19f76cad1d03ae8e839ab1f07190ed1f9bf803e7481,False,False,False,EXTERNAL_REFERENCE,转 external reference,基岩或非主训练参考，保留原端点并退出仅碎屑主训练。,,,,,,,,True
E1,E1::AUX_BEDROCK::10.3389/feart.2020.568715::LD10069,10.3389/feart.2020.568715::LD10069,LD10-069,Breitfeld2020_Frontiers568715_Bedrock,10.3389/feart.2020.568715,10.3389/feart.2020.568715,-0.86868603,111.78307487,Indonesia,West Kalimantan,Schwaner,SW Borneo / Schwaner domain,Schwaner,AUX_BEDROCK_REFERENCE,METAMORPHIC_BASEMENT_OR_METASEDIMENT,METAMORPHIC_BASEMENT_OR_METASEDIMENT,bedrock (metamorphic),Pinoh Metamorphic Group,Pinoh Metamorphic Group,,不适用或未解析,27,27,27,0,4c2db80f9dc5a2a65093f4cd93ed86a3c992df5869432425518edbefedbe50f1,d7d33fef7617da6cabbeeb246c0b7b37bd0903f88836cb795d0c01412015b93a,False,False,False,EXTERNAL_REFERENCE,转 external reference,基岩或非主训练参考，保留原端点并退出仅碎屑主训练。,,,,,,,,True
E1,E1::AUX_BEDROCK::10.3389/feart.2020.568715::LD10084,10.3389/feart.2020.568715::LD10084,LD10-084,Breitfeld2020_Frontiers568715_Bedrock,10.3389/feart.2020.568715,10.3389/feart.2020.568715,-0.89336964,113.45748961,Indonesia,West Kalimantan,Schwaner,SW Borneo / Schwaner domain,Schwaner,AUX_BEDROCK_REFERENCE,METAMORPHIC_BASEMENT_OR_METASEDIMENT,METAMORPHIC_BASEMENT_OR_METASEDIMENT,bedrock (metamorphic),Pinoh Metamorphic Group,Pinoh Metamorphic Group,,不适用或未解析,18,18,18,0,0cdd9667d4c20f2ddbc2f750e50286867975fa70d8d7be8bbfb509365cce8eac,feef363d8a524f788d1c5da74727512aadc60dc79866ffa66eaf555203016a61,False,False,False,EXTERNAL_REFERENCE,转 external reference,基岩或非主训练参考，保留原端点并退出仅碎屑主训练。,,,,,,,,True
E1,E1::AUX_BEDROCK::10.3389/feart.2020.568715::LD10102A,10.3389/feart.2020.568715::LD10102A,LD10-102A,Breitfeld2020_Frontiers568715_Bedrock,10.3389/feart.2020.568715,10.3389/feart.2020.568715,-0.99807403,113.69611778,Indonesia,West Kalimantan,Schwaner,SW Borneo / Schwaner domain,Schwaner,AUX_BEDROCK_REFERENCE,METAMORPHIC_BASEMENT_OR_METASEDIMENT,METAMORPHIC_BASEMENT_OR_METASEDIMENT,bedrock (metamorphic),Pinoh Metamorphic Group,Pinoh Metamorphic Group,,不适用或未解析,55,55,55,0,ed430010ab63dd56849b641936499e73f23ac2919f5ff27069ecc2021b4f8d4d,a5668b77c4f59a3659388ac6b09e6b1cf746cd78686ac5e1bf64da4256b7e61a,False,False,False,EXTERNAL_REFERENCE,转 external reference,基岩或非主训练参考，保留原端点并退出仅碎屑主训练。,,,,,,,,True
E1,E1::AUX_BEDROCK::10.1016/j.oregeorev.2015.01.008::11KLLA11,10.1016/j.oregeorev.2015.01.008::11KLLA11,11KLLA1-1,LiShuang2015_OGR_LamandauIOCG,10.1016/j.oregeorev.2015.01.008,10.1016/j.oregeorev.2015.01.008,-1.5,111.5,Indonesia,West Kalimantan,Lamandau IOCG district,SW Borneo / Schwaner domain,Schwaner,AUX_BEDROCK_REFERENCE,IGNEOUS_OR_VOLCANIC_BEDROCK,IGNEOUS_OR_VOLCANIC_BEDROCK,"bedrock (igneous, ore-related intrusive)",,,,不适用或未解析,21,21,21,0,e11b8ce6df54f90f6ba7e8cc14b71f453c262c8b134f89bd40392cc799b2ec4a,1bcb9802cc4a8ee7bed2eb154331273b8eeb163282bf4112c662099bac521e84,False,False,False,EXTERNAL_REFERENCE,转 external reference,基岩或非主训练参考，保留原端点并退出仅碎屑主训练。,,,,,,,,True
E1,E1::AUX_BEDROCK::10.1016/j.oregeorev.2015.01.008::11KLLA23,10.1016/j.oregeorev.2015.01.008::11KLLA23,11KLLA2-3,LiShuang2015_OGR_LamandauIOCG,10.1016/j.oregeorev.2015.01.008,10.1016/j.oregeorev.2015.01.008,-1.5,111.5,Indonesia,West Kalimantan,Lamandau IOCG district,SW Borneo / Schwaner domain,Schwaner,AUX_BEDROCK_REFERENCE,IGNEOUS_OR_VOLCANIC_BEDROCK,IGNEOUS_OR_VOLCANIC_BEDROCK,"bedrock (igneous, ore-related intrusive)",,,,不适用或未解析,18,18,18,0,2d7429a5713d33035cd3bf0966e79ec634adbf060c875dc49f73401ce9f980e2,106ad103abcfe2f1e2e2173cb4b62faf7262c84dcda4428a9248ad59d4f2347c,False,False,False,EXTERNAL_REFERENCE,转 external reference,基岩或非主训练参考，保留原端点并退出仅碎屑主训练。,,,,,,,,True
E1,E1::AUX_BEDROCK::10.1016/j.oregeorev.2015.01.008::11KLLA31,10.1016/j.oregeorev.2015.01.008::11KLLA31,11KLLA3-1,LiShuang2015_OGR_LamandauIOCG,10.1016/j.oregeorev.2015.01.008,10.1016/j.oregeorev.2015.01.008,-1.5,111.5,Indonesia,West Kalimantan,Lamandau IOCG district,SW Borneo / Schwaner domain,Schwaner,AUX_BEDROCK_REFERENCE,IGNEOUS_OR_VOLCANIC_BEDROCK,IGNEOUS_OR_VOLCANIC_BEDROCK,"bedrock (igneous, ore-related intrusive)",,,,不适用或未解析,17,17,17,0,842d3dcafe87ed992d5b59527a67b0986c392ef7f4681dffd8ba3f19d5b0856b,5ac235f4b78744a87ca2a8a26b7e7e76c1e7eb8d6fd1d65af5ee0f132c7907b9,False,False,False,EXTERNAL_REFERENCE,转 external reference,基岩或非主训练参考，保留原端点并退出仅碎屑主训练。,,,,,,,,True
E1,E1::AUX_BEDROCK::10.1016/j.jseaes.2022.105111::18JV73A4,10.1016/j.jseaes.2022.105111::18JV73A4,18JV-73A-4,Wang2022_JSEAS105111,10.1016/j.jseaes.2022.105111,10.1016/j.jseaes.2022.105111,-0.5664,110.4264,Indonesia,West Kalimantan,"Balai area, SE of Pontianak",SW Borneo / Schwaner domain,Schwaner,AUX_BEDROCK_REFERENCE,IGNEOUS_OR_VOLCANIC_BEDROCK,IGNEOUS_OR_VOLCANIC_BEDROCK,igneous rock (zircon),,,,不适用或未解析,36,36,36,0,0a686c7c12a6f5dabd06c51525acaf0e93705120417443ce412383f321df6c93,e12089f245cced7bb4915473f59bfa8dc5e80b06a9a7433a1b8b5e844cfd2cbb,False,False,False,EXTERNAL_REFERENCE,转 external reference,基岩或非主训练参考，保留原端点并退出仅碎屑主训练。,,,,,,,,True
E1,E1::AUX_BEDROCK::10.51835/bsed.2013.28.1.150::METATONALITE1,10.51835/bsed.2013.28.1.150::METATONALITE1,metatonalite1,Setiawan2013_BSGM28,10.51835/bsed.2013.28.1.150,10.51835/bsed.2013.28.1.150,,,Indonesia,West Kalimantan,Schwaner,SW Borneo / Schwaner domain,Schwaner,AUX_BEDROCK_REFERENCE,IGNEOUS_OR_VOLCANIC_BEDROCK,IGNEOUS_OR_VOLCANIC_BEDROCK,igneous rock (zircon),,,,不适用或未解析,2,2,2,0,a7127587738056051ff6d36c13d8f237c1d929fd398e4fa31bd72bdd3b515d6d,d590fe0440f67e9f7eba5d7b97f9c2960232e24eb055fcdd79c0f5aab15dadbe,False,False,False,EXTERNAL_REFERENCE,转 external reference,基岩或非主训练参考，保留原端点并退出仅碎屑主训练。,,,COORDINATES_MISSING; USE_SOURCE_LOCALITY_ONLY,,,,,True
E2,E2::MAIN::10.1029/2020gc009622::BK-8,10.1029/2020gc009622::BK-8,BK-8,Wang2021,10.1029/2020GC009622,10.1029/2020gc009622,8.153,99.74833,Thailand,Nakhon Si Thammarat,Chamai,Sibumasu,E2_Sibumasu,MAIN_TRAIN_CANDIDATE,SEDIMENTARY_DETRITAL,SEDIMENTARY_DETRITAL,sedimentary rock (detrital),,,Early Palaeozoic (Cambrian-Ordovician); maximum depositional age ~Middle Cambrian,沉积岩；具体沉积相未系统提取，不能据空值推断,29,29,29,0,e6b6f025625d5a9a1bf4937575c354639c8769df1fa0bbae6776f042613917e0,608011eb716f3fc3dfadd471f10b7abd59e3a7491e5e64f685d8464e982895d3,True,True,True,KEEP_MAIN,保留进入主训练,Malay–Thai Peninsula/Western Sundaland 的 Sibumasu 或 East Malaya/Sukhothai 采样域。,,,,,,,,True
E2,E2::MAIN::10.1029/2020gc009622::BK-10,10.1029/2020gc009622::BK-10,BK-10,Wang2021,10.1029/2020GC009622,10.1029/2020gc009622,8.28833,99.80717,Thailand,Nakhon Si Thammarat,NW of Hin Tok,Sibumasu,E2_Sibumasu,MAIN_TRAIN_CANDIDATE,SEDIMENTARY_DETRITAL,SEDIMENTARY_DETRITAL,sedimentary rock (detrital),,,Early Palaeozoic (Cambrian-Ordovician); maximum depositional age ~Middle Cambrian,沉积岩；具体沉积相未系统提取，不能据空值推断,46,46,46,0,dc40104829046be18d37d18d9d82294bf800cd563ac20442d6901a264bcd6b4f,8cbd74252242a07c02725cda99236ce57180a4fc05e6ac18cf0c4c279238b837,True,True,True,KEEP_MAIN,保留进入主训练,Malay–Thai Peninsula/Western Sundaland 的 Sibumasu 或 East Malaya/Sukhothai 采样域。,,,,,,,,True
E2,E2::MAIN::10.1016/j.epsl.2021.117298::18TPH01,10.1016/j.epsl.2021.117298::18TPH01,18TPH01,Liu2022,10.1016/j.epsl.2021.117298,10.1016/j.epsl.2021.117298,12.952,99.8557,Thailand,Phetchaburi,Botagua,Sibumasu,E2_Sibumasu,MAIN_TRAIN_CANDIDATE,MODERN_RIVER_OR_SAND,MODERN_RIVER_OR_SAND,modern river sediment,,,modern river sediment (0 Ma),现代河流/河砂（来源材料字段）；具体流域待原文复核,15,15,15,0,6d6d590755ad78fc8b16bdcd7ed797c46a41d1426907ea0ae0acf6ea39711abb,41b30672c988f596c0e22209ffb1908b91ea35a6fa00ab983ac1e76a5e11441f,True,True,True,KEEP_MAIN,保留进入主训练,Malay–Thai Peninsula/Western Sundaland 的 Sibumasu 或 East Malaya/Sukhothai 采样域。,,,,,,,,True
E2,E2::MAIN::10.1016/j.epsl.2021.117298::18TPN01,10.1016/j.epsl.2021.117298::18TPN01,18TPN01,Liu2022,10.1016/j.epsl.2021.117298,10.1016/j.epsl.2021.117298,8.5218,98.5032,Thailand,Phang Nga,Wat Aranyikaram,Sibumasu,E2_Sibumasu,MAIN_TRAIN_CANDIDATE,MODERN_RIVER_OR_SAND,MODERN_RIVER_OR_SAND,modern river sediment,,,modern river sediment (0 Ma),现代河流/河砂（来源材料字段）；具体流域待原文复核,62,62,62,0,49a270295e1400b04ede4c32583cfa3df7c7a9bbb742ce0b6dfeeea07b116793,e124c37e002515db83ba203f64d18a5ef8a5b637e0130273b1a8d136d255fffc,True,True,True,KEEP_MAIN,保留进入主训练,Malay–Thai Peninsula/Western Sundaland 的 Sibumasu 或 East Malaya/Sukhothai 采样域。,,,,,,,,True
E2,E2::MAIN::10.1016/j.epsl.2021.117298::18TRA01,10.1016/j.epsl.2021.117298::18TRA01,18TRA01,Liu2022,10.1016/j.epsl.2021.117298,10.1016/j.epsl.2021.117298,6.8809,99.7975,Thailand,Satun/Trang,NW of Satun,Sibumasu,E2_Sibumasu,MAIN_TRAIN_CANDIDATE,MODERN_RIVER_OR_SAND,MODERN_RIVER_OR_SAND,modern river sediment,,,modern river sediment (0 Ma),现代河流/河砂（来源材料字段）；具体流域待原文复核,9,9,9,0,5c6db2c7b90a69aebf334eee30233791774c4b63c83608d2f6115cb1550d3025,cac3b11b984cb1fb3f90cad346af33ec3a98e3b11cbfc3f8b38da4671978fee8,True,True,True,KEEP_MAIN,保留进入主训练,Malay–Thai Peninsula/Western Sundaland 的 Sibumasu 或 East Malaya/Sukhothai 采样域。,,,,,,,,True
E2,E2::MAIN::10.1016/j.epsl.2021.117298::18TTP01,10.1016/j.epsl.2021.117298::18TTP01,18TTP01,Liu2022,10.1016/j.epsl.2021.117298,10.1016/j.epsl.2021.117298,8.7845,98.3775,Thailand,Phang Nga,south of Talat Yai,Sibumasu,E2_Sibumasu,MAIN_TRAIN_CANDIDATE,MODERN_RIVER_OR_SAND,MODERN_RIVER_OR_SAND,modern river sediment,,,modern river sediment (0 Ma),现代河流/河砂（来源材料字段）；具体流域待原文复核,43,43,43,0,bad47145184a16e77bcf5502a270818fe313502c7b78a1ebda3e99e6cdb36528,a94871800e93861e3334800eac80953386bf95bc747b0165a905b59408a6958a,True,True,True,KEEP_MAIN,保留进入主训练,Malay–Thai Peninsula/Western Sundaland 的 Sibumasu 或 East Malaya/Sukhothai 采样域。,,,,,,,,True
E2,E2::MAIN::10.1016/j.epsl.2021.117298::18TAT01-Tx,10.1016/j.epsl.2021.117298::18TAT01-Tx,18TAT01-Tx,Liu2022,10.1016/j.epsl.2021.117298,10.1016/j.epsl.2021.117298,7.3771,100.1014,Thailand,Phatthalung/Songkhla,Tamot,Sibumasu,E2_Sibumasu,MAIN_TRAIN_CANDIDATE,MODERN_RIVER_OR_SAND,MODERN_RIVER_OR_SAND,modern river sediment,,,modern river sediment (0 Ma),现代河流/河砂（来源材料字段）；具体流域待原文复核,31,31,31,0,c145f0f4bae82039be5ef0af596619f05a61a3943d6fd36710a41b41628ba6e4,0ea059394e2069455511cc25b36665bf23f80012c4158e187cbff7bc6967d374,True,True,True,KEEP_MAIN,保留进入主训练,Malay–Thai Peninsula/Western Sundaland 的 Sibumasu 或 East Malaya/Sukhothai 采样域。,,,,,,,,True
E2,E2::MAIN::10.1016/j.jseaes.2021.104876::JF-1,10.1016/j.jseaes.2021.104876::JF-1,JF-1,Quek2021JAES,10.1016/j.jseaes.2021.104876,10.1016/j.jseaes.2021.104876,3.7242,101.7156,Malaysia,Pahang,"Padang Jeriau / Bukit Jeriau, Fraser's Hill area, Raub District",Sibumasu,E2_Sibumasu,MAIN_TRAIN_CANDIDATE,MODERN_RIVER_OR_SAND,MODERN_RIVER_OR_SAND,modern river sand,,,modern river sand (0 Ma),现代河流/河砂（来源材料字段）；具体流域待原文复核,43,43,43,0,c7d3e198145da4098d1690f3ac5f514df0596cd27cb418bcba133689d13d8129,a501c5c29090606315545e90cf141c12d55d3ded997dff8da581e9cef92102fd,True,True,True,KEEP_MAIN,保留进入主训练,Malay–Thai Peninsula/Western Sundaland 的 Sibumasu 或 East Malaya/Sukhothai 采样域。,,,,,,,,True
E2,E2::MAIN::10.1016/j.jseaes.2021.104876::SP-1,10.1016/j.jseaes.2021.104876::SP-1,SP-1,Quek2021JAES,10.1016/j.jseaes.2021.104876,10.1016/j.jseaes.2021.104876,2.5833,101.7167,Malaysia,Selangor,"Kuala Sepang Besar, Sepang District",Sibumasu,E2_Sibumasu,MAIN_TRAIN_CANDIDATE,MODERN_RIVER_OR_SAND,MODERN_RIVER_OR_SAND,modern river sand,,,modern river sand (0 Ma),现代河流/河砂（来源材料字段）；具体流域待原文复核,109,109,109,0,40522a561e21cba90e21452dd30ff9bc2c696044819b5ace5eb8b2f00b6cc563,582d8b5d94a22968a7b11e2b28bf30faa1ea336b423c4e56835e80e0888ba3d9,True,True,True,KEEP_MAIN,保留进入主训练,Malay–Thai Peninsula/Western Sundaland 的 Sibumasu 或 East Malaya/Sukhothai 采样域。,,,,,,,,True
E2,E2::MAIN::10.1016/j.jseaes.2021.104876::LR-1,10.1016/j.jseaes.2021.104876::LR-1,LR-1,Quek2021JAES,10.1016/j.jseaes.2021.104876,10.1016/j.jseaes.2021.104876,2.3906,101.9738,Malaysia,Negeri Sembilan,Kuala Linggi (Negeri Sembilan / Melaka border),Sibumasu,E2_Sibumasu,MAIN_TRAIN_CANDIDATE,MODERN_RIVER_OR_SAND,MODERN_RIVER_OR_SAND,modern river sand,,,modern river sand (0 Ma),现代河流/河砂（来源材料字段）；具体流域待原文复核,116,116,116,0,b776bcd652926ff7b2012529dd7bdee8d4d5b182fcbf79b778a1b006ca1b2f3c,8b9d73bda304794c454f07fb4635d2c4a6aa819ca3246bd41589c4eaed2b09c8,True,True,True,KEEP_MAIN,保留进入主训练,Malay–Thai Peninsula/Western Sundaland 的 Sibumasu 或 East Malaya/Sukhothai 采样域。,,,,,,,,True
E2,E2::MAIN::10.1016/j.jseaes.2021.104876::BR-1,10.1016/j.jseaes.2021.104876::BR-1,BR-1,Quek2021JAES,10.1016/j.jseaes.2021.104876,10.1016/j.jseaes.2021.104876,3.1167,103.45,Malaysia,Pahang,"Kuala Bebar, Pekan District",East Malaya,E2_Sukhothai_EastMalaya,MAIN_TRAIN_CANDIDATE,MODERN_RIVER_OR_SAND,MODERN_RIVER_OR_SAND,modern river sand,,,modern river sand (0 Ma),现代河流/河砂（来源材料字段）；具体流域待原文复核,106,106,106,0,2d2ae4103d42b553fcd068942508b02dcc786fc75d91a569dee94b3048845ff7,6cff11e1b1d8196bfbd6367ec35a4b34291e9f85a2ecf177ab760c86ef990ada,True,True,True,KEEP_MAIN,保留进入主训练,Malay–Thai Peninsula/Western Sundaland 的 Sibumasu 或 East Malaya/Sukhothai 采样域。,,,,,,,,True
E2,E2::MAIN::10.1016/j.jseaes.2021.104876::MR-1,10.1016/j.jseaes.2021.104876::MR-1,MR-1,Quek2021JAES,10.1016/j.jseaes.2021.104876,10.1016/j.jseaes.2021.104876,2.4311,103.8403,Malaysia,Johor,"Kuala Mersing, Mersing town",East Malaya,E2_Sukhothai_EastMalaya,MAIN_TRAIN_CANDIDATE,MODERN_RIVER_OR_SAND,MODERN_RIVER_OR_SAND,modern river sand,,,modern river sand (0 Ma),现代河流/河砂（来源材料字段）；具体流域待原文复核,112,112,112,0,8e2dacfccf36c765d1e69fdea48416f495652a30509fdc23cf2173dbb46e6e70,9b3c289fe4022a41b5f252ec05aec7904cd4e915193ba63858cbe75770f39330,True,True,True,KEEP_MAIN,保留进入主训练,Malay–Thai Peninsula/Western Sundaland 的 Sibumasu 或 East Malaya/Sukhothai 采样域。,,,,,,,,True
E2,E2::MAIN::10.1016/j.jseaes.2021.104876::SK-1,10.1016/j.jseaes.2021.104876::SK-1,SK-1,Quek2021JAES,10.1016/j.jseaes.2021.104876,10.1016/j.jseaes.2021.104876,1.8439,104.1469,Malaysia,Johor,"Kuala Sedili Kecil / Tanjung Sedili Kecil, Kota Tinggi District",East Malaya,E2_Sukhothai_EastMalaya,MAIN_TRAIN_CANDIDATE,MODERN_RIVER_OR_SAND,MODERN_RIVER_OR_SAND,modern river sand,,,modern river sand (0 Ma),现代河流/河砂（来源材料字段）；具体流域待原文复核,116,116,116,0,125c8d6eca029bec911f528be5018b0a0b0f5087e9d0a6f8391dd356eabe0f40,6e3300167f9fb51398760b8ff103293c5908ffc873b6c14f8f0fb4ade19490a3,True,True,True,KEEP_MAIN,保留进入主训练,Malay–Thai Peninsula/Western Sundaland 的 Sibumasu 或 East Malaya/Sukhothai 采样域。,,,,,,,,True
E2,E2::MAIN::10.1002/gj.3131::BR1A,10.1002/gj.3131::BR1A,BR1A,Basori2018,10.1002/gj.3131,10.1002/gj.3131,,,Malaysia,,E2_Sukhothai_EastMalaya,Sukhothai Arc / East Malaya (Central-Eastern Belt),E2_Sukhothai_EastMalaya,MAIN_TRAIN_CANDIDATE,SEDIMENTARY_DETRITAL,SEDIMENTARY_DETRITAL,sedimentary rock (detrital),Upper Jurassic,Upper Jurassic,,沉积岩；具体沉积相未系统提取，不能据空值推断,14,14,14,0,aebb02a09a151ef6faeb1946548cd81891d688f58b3bd84cb82e7e7df291fb7a,5367e7451f20e5b1b507cd95a1e0134e992f4d39f5291d7eaa2270bfa311509b,True,True,True,KEEP_MAIN,保留进入主训练,Malay–Thai Peninsula/Western Sundaland 的 Sibumasu 或 East Malaya/Sukhothai 采样域。,,,COORDINATES_MISSING; USE_SOURCE_LOCALITY_ONLY,,,,,True
E2,E2::MAIN::10.1002/gj.3131::BR2,10.1002/gj.3131::BR2,BR2,Basori2018,10.1002/gj.3131,10.1002/gj.3131,,,Malaysia,,E2_Sukhothai_EastMalaya,Sukhothai Arc / East Malaya (Central-Eastern Belt),E2_Sukhothai_EastMalaya,MAIN_TRAIN_CANDIDATE,SEDIMENTARY_DETRITAL,SEDIMENTARY_DETRITAL,sedimentary rock (detrital),Upper Jurassic,Upper Jurassic,,沉积岩；具体沉积相未系统提取，不能据空值推断,25,25,25,0,978465660031bddf99e980ffb70609c7f5026f3d75085d5d411d76493b80bc32,281ddede7775ab8129cac3d228e81c37e38146a1ecb483da37de0b93355f349b,True,True,True,KEEP_MAIN,保留进入主训练,Malay–Thai Peninsula/Western Sundaland 的 Sibumasu 或 East Malaya/Sukhothai 采样域。,,,COORDINATES_MISSING; USE_SOURCE_LOCALITY_ONLY,,,,,True
E2,E2::MAIN::10.1002/gj.3131::BR305,10.1002/gj.3131::BR305,BR305,Basori2018,10.1002/gj.3131,10.1002/gj.3131,,,Malaysia,,E2_Sukhothai_EastMalaya,Sukhothai Arc / East Malaya (Central-Eastern Belt),E2_Sukhothai_EastMalaya,MAIN_TRAIN_CANDIDATE,SEDIMENTARY_DETRITAL,SEDIMENTARY_DETRITAL,sedimentary rock (detrital),Upper Jurassic-Lower Cretaceous,Upper Jurassic-Lower Cretaceous,,沉积岩；具体沉积相未系统提取，不能据空值推断,22,22,22,0,bc0b11cc0a3f3f872c71812ad607e577b1628c83b53ef32be9f3ed68e989d122,c71f1fb1a6d34c774e50e75d476ec29a1bb484f4f9d24f6eb560b1bdbe9400c3,True,True,True,KEEP_MAIN,保留进入主训练,Malay–Thai Peninsula/Western Sundaland 的 Sibumasu 或 East Malaya/Sukhothai 采样域。,,,COORDINATES_MISSING; USE_SOURCE_LOCALITY_ONLY,,,,,True
E2,E2::MAIN::10.1002/gj.3131::BR307,10.1002/gj.3131::BR307,BR307,Basori2018,10.1002/gj.3131,10.1002/gj.3131,,,Malaysia,,E2_Sukhothai_EastMalaya,Sukhothai Arc / East Malaya (Central-Eastern Belt),E2_Sukhothai_EastMalaya,MAIN_TRAIN_CANDIDATE,SEDIMENTARY_DETRITAL,SEDIMENTARY_DETRITAL,sedimentary rock (detrital),Upper Jurassic-Lower Cretaceous,Upper Jurassic-Lower Cretaceous,,沉积岩；具体沉积相未系统提取，不能据空值推断,21,21,21,0,2a0b539d124cc0e58282de97eb8331e19086b8045f376547c02d018200e5f8ad,1cb7ddd2d5557bc74fa64ffa86fec8e56ed1dfc02a080c36360a00f1ffb3b826,True,True,True,KEEP_MAIN,保留进入主训练,Malay–Thai Peninsula/Western Sundaland 的 Sibumasu 或 East Malaya/Sukhothai 采样域。,,,COORDINATES_MISSING; USE_SOURCE_LOCALITY_ONLY,,,,,True
E2,E2::MAIN::10.1016/j.gr.2010.10.010::IS14,10.1016/j.gr.2010.10.010::IS14,IS14,Sevastjanova2011,10.1016/j.gr.2010.10.010,10.1016/j.gr.2010.10.010,5.53565,102.1123,Malaysia,Kelantan,E2_Sukhothai_EastMalaya,Sukhothai Arc / East Malaya (Central-Eastern Belt),E2_Sukhothai_EastMalaya,MAIN_TRAIN_CANDIDATE,MODERN_RIVER_OR_SAND,MODERN_RIVER_OR_SAND,modern river sand,,,,现代河流/河砂（来源材料字段）；具体流域待原文复核,47,47,47,0,5e44e011635327b614147f93f8e041b430a365e3459e2dfa02bcd9e69b2d1612,7ff9ff74089c10657d1e9e7af32f4906ebe2bdcb87a0179a1135570a3e2ce5d3,True,True,True,KEEP_MAIN,保留进入主训练,Malay–Thai Peninsula/Western Sundaland 的 Sibumasu 或 East Malaya/Sukhothai 采样域。,,,,,,,,True
E2,E2::MAIN::10.1016/j.gr.2010.10.010::IS18,10.1016/j.gr.2010.10.010::IS18,IS18,Sevastjanova2011,10.1016/j.gr.2010.10.010,10.1016/j.gr.2010.10.010,4.04281,102.1907,Malaysia,Pahang,E2_Sukhothai_EastMalaya,Sukhothai Arc / East Malaya (Central-Eastern Belt),E2_Sukhothai_EastMalaya,MAIN_TRAIN_CANDIDATE,MODERN_RIVER_OR_SAND,MODERN_RIVER_OR_SAND,modern river sand,,,,现代河流/河砂（来源材料字段）；具体流域待原文复核,109,109,109,0,fe389476ccb1a4fcfe0eb749bbd34448dbd6822cf845708a1c5b911a365e7e6d,2e47df11034dc6b1ae37de72a79096a405bbddcdce73868da0c01d3f4bb97f74,True,True,True,KEEP_MAIN,保留进入主训练,Malay–Thai Peninsula/Western Sundaland 的 Sibumasu 或 East Malaya/Sukhothai 采样域。,,,,,,,,True
E2,E2::MAIN::10.1016/j.gr.2010.10.010::IS19,10.1016/j.gr.2010.10.010::IS19,IS19,Sevastjanova2011,10.1016/j.gr.2010.10.010,10.1016/j.gr.2010.10.010,4.09164,102.0158,Malaysia,Pahang,E2_Sukhothai_EastMalaya,Sukhothai Arc / East Malaya (Central-Eastern Belt),E2_Sukhothai_EastMalaya,MAIN_TRAIN_CANDIDATE,MODERN_RIVER_OR_SAND,MODERN_RIVER_OR_SAND,modern river sand,,,,现代河流/河砂（来源材料字段）；具体流域待原文复核,63,63,63,0,8d4b281901799268c12d0421c8ca1a5155994a936adc2a77a5835441535ae3f0,c65b86214f0bf2e5e3c4b32b0177787ad21d33bd828cc4c514a2e455df1f41fe,True,True,True,KEEP_MAIN,保留进入主训练,Malay–Thai Peninsula/Western Sundaland 的 Sibumasu 或 East Malaya/Sukhothai 采样域。,,,,,,,,True
E2,E2::MAIN::10.1016/j.gr.2010.10.010::IS02,10.1016/j.gr.2010.10.010::IS02,IS02,Sevastjanova2011,10.1016/j.gr.2010.10.010,10.1016/j.gr.2010.10.010,,,Malaysia,Pahang,E2_Sibumasu,Sibumasu (Western Belt / Main Range Granite Province),E2_Sibumasu,MAIN_TRAIN_CANDIDATE,MODERN_RIVER_OR_SAND,MODERN_RIVER_OR_SAND,modern river sand,Modern,Modern,,现代河流/河砂（来源材料字段）；具体流域待原文复核,81,81,81,0,7cfbca2cdb4cd893c1c0b64d9aea15ae160727a27dc536b06f2f93f6e86eeab5,784d33257137f933c5ee8fd4388a9712e6eb3b1437f45d8bb3636e2f49ba4da3,True,True,True,KEEP_MAIN,保留进入主训练,Malay–Thai Peninsula/Western Sundaland 的 Sibumasu 或 East Malaya/Sukhothai 采样域。,,IS2/IS02 alias historically reported; only one present UID,COORDINATES_MISSING; USE_SOURCE_LOCALITY_ONLY,,,,,True
E2,E2::MAIN::10.1016/j.gr.2010.10.010::IS26,10.1016/j.gr.2010.10.010::IS26,IS26,Sevastjanova2011,10.1016/j.gr.2010.10.010,10.1016/j.gr.2010.10.010,3.44557,101.8965,Malaysia,Pahang,E2_Sukhothai_EastMalaya,Sukhothai Arc / East Malaya (Central-Eastern Belt),E2_Sukhothai_EastMalaya,MAIN_TRAIN_CANDIDATE,MODERN_RIVER_OR_SAND,MODERN_RIVER_OR_SAND,modern river sand,,,,现代河流/河砂（来源材料字段）；具体流域待原文复核,45,45,45,0,c6ce9d08b55037cd876ad3e953bab2d480ce575a5cb398bee27fa0f70dd5fd38,2ef13857a45aa08cb3656df34d7ef8fa9f03726681139404e251d73b6b17c320,True,True,True,KEEP_MAIN,保留进入主训练,Malay–Thai Peninsula/Western Sundaland 的 Sibumasu 或 East Malaya/Sukhothai 采样域。,,,,,,,,True
E2,E2::MAIN::10.1016/j.gr.2010.10.010::IS31,10.1016/j.gr.2010.10.010::IS31,IS31,Sevastjanova2011,10.1016/j.gr.2010.10.010,10.1016/j.gr.2010.10.010,3.55614,102.6844,Malaysia,Pahang,E2_Sukhothai_EastMalaya,Sukhothai Arc / East Malaya (Central-Eastern Belt),E2_Sukhothai_EastMalaya,MAIN_TRAIN_CANDIDATE,MODERN_RIVER_OR_SAND,MODERN_RIVER_OR_SAND,modern river sand,,,,现代河流/河砂（来源材料字段）；具体流域待原文复核,55,55,55,0,7de48ab1e56d389ac1f6bb824885dc91cda899ac940abf5f9d8730efa9a0bcaf,cf927166efb6e365e0ff449c4e3ae75b377f17121b2e4fa07fa9956e572abeac,True,True,True,KEEP_MAIN,保留进入主训练,Malay–Thai Peninsula/Western Sundaland 的 Sibumasu 或 East Malaya/Sukhothai 采样域。,,,,,,,,True
E2,E2::MAIN::10.1016/j.gr.2010.10.010::IS37,10.1016/j.gr.2010.10.010::IS37,IS37,Sevastjanova2011,10.1016/j.gr.2010.10.010,10.1016/j.gr.2010.10.010,4.64011,103.4361,Malaysia,Terengganu,E2_Sukhothai_EastMalaya,Sukhothai Arc / East Malaya (Central-Eastern Belt),E2_Sukhothai_EastMalaya,MAIN_TRAIN_CANDIDATE,MODERN_RIVER_OR_SAND,MODERN_RIVER_OR_SAND,modern river sand,,,,现代河流/河砂（来源材料字段）；具体流域待原文复核,70,70,70,0,db36c6210c8434f8a93b6d9f732bcbec6231731ab1863f4da4a4f83c901f4577,047576d518a8f3563f2048e4b11842f4c67464f21b9eb0a2a038109f9c01b0c4,True,True,True,KEEP_MAIN,保留进入主训练,Malay–Thai Peninsula/Western Sundaland 的 Sibumasu 或 East Malaya/Sukhothai 采样域。,,,,,,,,True
E2,E2::MAIN::10.1016/j.gr.2010.10.010::IS40,10.1016/j.gr.2010.10.010::IS40,IS40,Sevastjanova2011,10.1016/j.gr.2010.10.010,10.1016/j.gr.2010.10.010,5.73763,102.4911,Malaysia,Kelantan,E2_Sukhothai_EastMalaya,Sukhothai Arc / East Malaya (Central-Eastern Belt),E2_Sukhothai_EastMalaya,MAIN_TRAIN_CANDIDATE,MODERN_RIVER_OR_SAND,MODERN_RIVER_OR_SAND,modern river sand,,,,现代河流/河砂（来源材料字段）；具体流域待原文复核,57,57,57,0,f86e4b6eed68d9d4864653e214d6676f04190fb2cb509f26ace17b72f84a797e,c470e91c34bd5e637a25a0fe45a533f038362fc4eba1665692491b19ad14ccb5,True,True,True,KEEP_MAIN,保留进入主训练,Malay–Thai Peninsula/Western Sundaland 的 Sibumasu 或 East Malaya/Sukhothai 采样域。,,,,,,,,True
E2,E2::MAIN::10.1016/j.gr.2010.10.010::IS41,10.1016/j.gr.2010.10.010::IS41,IS41,Sevastjanova2011,10.1016/j.gr.2010.10.010,10.1016/j.gr.2010.10.010,5.66084,101.6909,Malaysia,Kelantan,E2_Sukhothai_EastMalaya,Sukhothai Arc / East Malaya (Central-Eastern Belt),E2_Sukhothai_EastMalaya,MAIN_TRAIN_CANDIDATE,MODERN_RIVER_OR_SAND,MODERN_RIVER_OR_SAND,modern river sand,,,,现代河流/河砂（来源材料字段）；具体流域待原文复核,65,65,65,0,526ee83bc082389ec6ef237d37e4f6e7d35765d9e3369611350a095958cbdf17,15c6007e34721400bd2313d9c81872d09bab89229ab686f8be0141a583f52d97,True,True,True,KEEP_MAIN,保留进入主训练,Malay–Thai Peninsula/Western Sundaland 的 Sibumasu 或 East Malaya/Sukhothai 采样域。,,,,,,,,True
E2,E2::MAIN::10.1016/j.gr.2013.03.019::Labrador,10.1016/j.gr.2013.03.019::Labrador,Labrador,Oliver2014,10.1016/j.gr.2013.03.019,10.1016/j.gr.2013.03.019,1.26802,103.7993,Singapore,,"Labrador, Singapore",Sukhothai Arc / East Malaya (Central-Eastern Belt),E2_Sukhothai_EastMalaya,MAIN_TRAIN_CANDIDATE,SEDIMENTARY_DETRITAL,SEDIMENTARY_DETRITAL,sedimentary rock (detrital),,,,沉积岩；具体沉积相未系统提取，不能据空值推断,59,59,59,0,16ed8a825043c106b62279e0c472500e3b8e2687c75362b2fc990837df82a868,02d8b397048db13ccfd57d6ee63c6cdd37727dd674839a96c3bc19bfdf6636c2,True,True,True,KEEP_MAIN,保留进入主训练,Malay–Thai Peninsula/Western Sundaland 的 Sibumasu 或 East Malaya/Sukhothai 采样域。,,,,,,,,True
E2,E2::MAIN::10.1016/j.gr.2013.05.020::GC09-M6,10.1016/j.gr.2013.05.020::GC09-M6,GC09-M6,Burrett2014,10.1016/j.gr.2013.05.020,10.1016/j.gr.2013.05.020,3.86333,102.38702,Malaysia,,E2_Sukhothai_EastMalaya,Sukhothai Arc / East Malaya (Central-Eastern Belt),E2_Sukhothai_EastMalaya,MAIN_TRAIN_CANDIDATE,SEDIMENTARY_DETRITAL,SEDIMENTARY_DETRITAL,sedimentary rock (detrital),Late Triassic,Late Triassic,,沉积岩；具体沉积相未系统提取，不能据空值推断,11,11,11,0,089936c8683261e2af1478d6cd51d7e04f750fc1400b8ff85a073a21a6293ffa,47efc67acbde46057234b8a1d3bcb049d4465321ccbac602b21d4b0b07683ec3,True,True,True,KEEP_MAIN,保留进入主训练,Malay–Thai Peninsula/Western Sundaland 的 Sibumasu 或 East Malaya/Sukhothai 采样域。,,,,,,,,True
E2,E2::MAIN::10.1016/j.gr.2013.05.020::M1.5,10.1016/j.gr.2013.05.020::M1.5,M1.5,Burrett2014,10.1016/j.gr.2013.05.020,10.1016/j.gr.2013.05.020,4.0082,101.92323,Malaysia,,E2_Sibumasu,Sibumasu (Western Belt / Main Range Granite Province),E2_Sibumasu,MAIN_TRAIN_CANDIDATE,SEDIMENTARY_DETRITAL,SEDIMENTARY_DETRITAL,sedimentary rock (detrital),Ordovician,Ordovician,,沉积岩；具体沉积相未系统提取，不能据空值推断,11,11,11,0,651ed00e9919e2b4a046c046af09fe037b4a88c21bcedcd84d2719954fa3910a,dbf3c1f3c2923c65748ec9490175d34abf9e7016e831b5a5ed8683d73b9e8a7f,True,True,True,KEEP_MAIN,保留进入主训练,Malay–Thai Peninsula/Western Sundaland 的 Sibumasu 或 East Malaya/Sukhothai 采样域。,,,,,,,,True
E2,E2::MAIN::10.1016/j.gr.2013.05.020::SELDD001-102,10.1016/j.gr.2013.05.020::SELDD001-102,SELDD001-102,Burrett2014,10.1016/j.gr.2013.05.020,10.1016/j.gr.2013.05.020,4.24985,101.78691,Malaysia,,E2_Sibumasu,Sibumasu (Western Belt / Main Range Granite Province),E2_Sibumasu,MAIN_TRAIN_CANDIDATE,SEDIMENTARY_DETRITAL,SEDIMENTARY_DETRITAL,sedimentary rock (detrital),Early Carboniferous-Devonian,Early Carboniferous-Devonian,,沉积岩；具体沉积相未系统提取，不能据空值推断,22,22,22,0,3eb7ba7a4fd77343f14c2dbf6482b631ea9b44bdca51fd65c80cfa926d85a841,aeeb3648600d05ec286217d3c78bf6efe2302f26f0c33f83c64ecbf86e8cc5e8,True,True,True,KEEP_MAIN,保留进入主训练,Malay–Thai Peninsula/Western Sundaland 的 Sibumasu 或 East Malaya/Sukhothai 采样域。,,,,,,,,True
E2,E2::MAIN::10.1016/j.gr.2013.05.020::SM09-07,10.1016/j.gr.2013.05.020::SM09-07,SM09-07,Burrett2014,10.1016/j.gr.2013.05.020,10.1016/j.gr.2013.05.020,4.24985,101.78691,Malaysia,,E2_Sibumasu,Sibumasu (Western Belt / Main Range Granite Province),E2_Sibumasu,MAIN_TRAIN_CANDIDATE,SEDIMENTARY_DETRITAL,SEDIMENTARY_DETRITAL,sedimentary rock (detrital),Early Permian-Carboniferous,Early Permian-Carboniferous,,沉积岩；具体沉积相未系统提取，不能据空值推断,23,23,23,0,cdf1ef62280fe541d6003ac82220d0abd82dfd5161bf949c7124dd312ab0f215,213467480e957487a7caf4a5c05fc84170822543bea831514dc59f3a7ce38a0b,True,True,True,KEEP_MAIN,保留进入主训练,Malay–Thai Peninsula/Western Sundaland 的 Sibumasu 或 East Malaya/Sukhothai 采样域。,,,,,,,,True
E2,E2::MAIN::10.1016/j.gr.2013.05.020::SM09-14,10.1016/j.gr.2013.05.020::SM09-14,SM09-14,Burrett2014,10.1016/j.gr.2013.05.020,10.1016/j.gr.2013.05.020,4.29865,101.78265,Malaysia,,E2_Sibumasu,Sibumasu (Western Belt / Main Range Granite Province),E2_Sibumasu,MAIN_TRAIN_CANDIDATE,SEDIMENTARY_DETRITAL,SEDIMENTARY_DETRITAL,sedimentary rock (detrital),Early Permian-Carboniferous,Early Permian-Carboniferous,,沉积岩；具体沉积相未系统提取，不能据空值推断,12,12,12,0,859119131e57280bb41695cd79104f75f34e8e60a8ca9e251f631e0a03880303,6cbcb153708387a0d5c3425c82f3efef28d25b36f2896fca15ec1de0fa236372,True,True,True,KEEP_MAIN,保留进入主训练,Malay–Thai Peninsula/Western Sundaland 的 Sibumasu 或 East Malaya/Sukhothai 采样域。,,,,,,,,True
E2,E2::MAIN::10.1016/j.gr.2013.05.020::SM09-16,10.1016/j.gr.2013.05.020::SM09-16,SM09-16,Burrett2014,10.1016/j.gr.2013.05.020,10.1016/j.gr.2013.05.020,4.20053,101.72164,Malaysia,,E2_Sibumasu,Sibumasu (Western Belt / Main Range Granite Province),E2_Sibumasu,MAIN_TRAIN_CANDIDATE,SEDIMENTARY_DETRITAL,SEDIMENTARY_DETRITAL,sedimentary rock (detrital),Silurian,Silurian,,沉积岩；具体沉积相未系统提取，不能据空值推断,13,13,13,0,dd2b2369038b5d7a3c79fe462de60f5d01d610f7037c05b1d05cb8cefd24ec8a,88aa50a16c6b2d1740f9cdce5c20166b983fab5f53dcaca3e3f4991987a21325,True,True,True,KEEP_MAIN,保留进入主训练,Malay–Thai Peninsula/Western Sundaland 的 Sibumasu 或 East Malaya/Sukhothai 采样域。,,,,,,,,True
E2,E2::MAIN::10.1016/j.gr.2013.05.020::SM09-17,10.1016/j.gr.2013.05.020::SM09-17,SM09-17,Burrett2014,10.1016/j.gr.2013.05.020,10.1016/j.gr.2013.05.020,3.98399,101.81727,Malaysia,,E2_Sibumasu,Sibumasu (Western Belt / Main Range Granite Province),E2_Sibumasu,MAIN_TRAIN_CANDIDATE,SEDIMENTARY_DETRITAL,SEDIMENTARY_DETRITAL,sedimentary rock (detrital),Early Permian-Carboniferous,Early Permian-Carboniferous,,沉积岩；具体沉积相未系统提取，不能据空值推断,21,21,21,0,4e6a1a811da9c7f78380690812fd16e5a2b8668e441b895f98229090480f2477,0ab4afa1cfc872624a73176cebac3d2ce7e278801e3196f8b2a9981b6e552a2b,True,True,True,KEEP_MAIN,保留进入主训练,Malay–Thai Peninsula/Western Sundaland 的 Sibumasu 或 East Malaya/Sukhothai 采样域。,,,,,,,,True
E2,E2::MAIN::10.1016/j.gr.2013.05.020::SM09-28,10.1016/j.gr.2013.05.020::SM09-28,SM09-28,Burrett2014,10.1016/j.gr.2013.05.020,10.1016/j.gr.2013.05.020,3.97667,101.75667,Malaysia,,E2_Sibumasu,Sibumasu (Western Belt / Main Range Granite Province),E2_Sibumasu,MAIN_TRAIN_CANDIDATE,SEDIMENTARY_DETRITAL,SEDIMENTARY_DETRITAL,sedimentary rock (detrital),Ordovician,Ordovician,,沉积岩；具体沉积相未系统提取，不能据空值推断,84,84,84,0,db824ba452f736fad9198ba66596e00d7801287489fd48c38c70a2854ce22d05,ccce7587dadf345b4bc87e0665ce3cee00f4a0e68351c6642c3621e5d7a0c35e,True,True,True,KEEP_MAIN,保留进入主训练,Malay–Thai Peninsula/Western Sundaland 的 Sibumasu 或 East Malaya/Sukhothai 采样域。,,,,,,,,True
E2,E2::MAIN::10.1016/j.gr.2013.05.020::SM09-62,10.1016/j.gr.2013.05.020::SM09-62,SM09-62,Burrett2014,10.1016/j.gr.2013.05.020,10.1016/j.gr.2013.05.020,3.57326,102.73977,Malaysia,,E2_Sukhothai_EastMalaya,Sukhothai Arc / East Malaya (Central-Eastern Belt),E2_Sukhothai_EastMalaya,MAIN_TRAIN_CANDIDATE,SEDIMENTARY_DETRITAL,SEDIMENTARY_DETRITAL,sedimentary rock (detrital),Late Triassic,Late Triassic,,沉积岩；具体沉积相未系统提取，不能据空值推断,11,11,11,0,0bdb338dd0c1fbbc2e9feb4efbac53224775308e68b97eabd9965ce0de6f1100,c713327c10425c1cca088c2ff8c475b2f11596c6731d37096a692f81cc609dc6,True,True,True,KEEP_MAIN,保留进入主训练,Malay–Thai Peninsula/Western Sundaland 的 Sibumasu 或 East Malaya/Sukhothai 采样域。,,,,,,,,True
E2,E2::MAIN::10.1029/2025tc009062::LANGAT,10.1029/2025tc009062::LANGAT,LANGAT,Quek2026Tect,10.1029/2025TC009062,10.1029/2025tc009062,,,Malaysia,,"West Malaya, Peninsular Malaysia",Sibumasu (Western Belt / Main Range Granite Province),E2_Sibumasu,MAIN_TRAIN_CANDIDATE,SEDIMENTARY_DETRITAL,SEDIMENTARY_DETRITAL,sedimentary rock (detrital),Kajang Schist / Belata Fm / Kenny Hill Fm / Kati Fm / Papulut Quartzite (sample-level mapping 待验证),Kajang Schist / Belata Fm / Kenny Hill Fm / Kati Fm / Papulut Quartzite (sample-level mapping 待验证),,沉积岩；具体沉积相未系统提取，不能据空值推断,150,150,150,0,ea5f04b017785de04093d8bc22b8186468c870d8e15e11ce2a500d4966991fdf,aaaba01430c06c5037bf2271f9f12c2644f225239a4d06c17b72039de849ba6a,True,True,True,KEEP_MAIN,保留进入主训练,Malay–Thai Peninsula/Western Sundaland 的 Sibumasu 或 East Malaya/Sukhothai 采样域。,,,COORDINATES_MISSING; USE_SOURCE_LOCALITY_ONLY,,,,,True
E2,E2::MAIN::10.1029/2025tc009062::SIPUT,10.1029/2025tc009062::SIPUT,SIPUT,Quek2026Tect,10.1029/2025TC009062,10.1029/2025tc009062,,,Malaysia,,"West Malaya, Peninsular Malaysia",Sibumasu (Western Belt / Main Range Granite Province),E2_Sibumasu,MAIN_TRAIN_CANDIDATE,SEDIMENTARY_DETRITAL,SEDIMENTARY_DETRITAL,sedimentary rock (detrital),Kajang Schist / Belata Fm / Kenny Hill Fm / Kati Fm / Papulut Quartzite (sample-level mapping 待验证),Kajang Schist / Belata Fm / Kenny Hill Fm / Kati Fm / Papulut Quartzite (sample-level mapping 待验证),,沉积岩；具体沉积相未系统提取，不能据空值推断,144,144,144,0,e5a1a6b02adbd6393622a23f4da025a016d8126a0200909df042a14fce49e208,76a9c8ee9f0db140b1cfd465826d5a1cf187d6011af3c25cc2be7a7c9af4b932,True,True,True,KEEP_MAIN,保留进入主训练,Malay–Thai Peninsula/Western Sundaland 的 Sibumasu 或 East Malaya/Sukhothai 采样域。,,,COORDINATES_MISSING; USE_SOURCE_LOCALITY_ONLY,,,,,True
E2,E2::MAIN::10.1029/2025tc009062::SM10,10.1029/2025tc009062::SM10,SM10,Quek2026Tect,10.1029/2025TC009062,10.1029/2025tc009062,,,Malaysia,,"West Malaya, Peninsular Malaysia",Sibumasu (Western Belt / Main Range Granite Province),E2_Sibumasu,MAIN_TRAIN_CANDIDATE,SEDIMENTARY_DETRITAL,SEDIMENTARY_DETRITAL,sedimentary rock (detrital),Lawin Tuff / Hawthornden Schist / Gerik Siltstone (sample-level mapping 待验证),Lawin Tuff / Hawthornden Schist / Gerik Siltstone (sample-level mapping 待验证),,沉积岩；具体沉积相未系统提取，不能据空值推断,118,118,118,0,5e8199a28ad5604d6d9e575fbf8c9f19a4d19044f90257179eaa7de996f5da51,700289f9a77330d21b462f87054cf2d4307de280d7fb33a2b445ebaa35534974,True,True,True,KEEP_MAIN,保留进入主训练,Malay–Thai Peninsula/Western Sundaland 的 Sibumasu 或 East Malaya/Sukhothai 采样域。,,,COORDINATES_MISSING; USE_SOURCE_LOCALITY_ONLY,,,,,True
E2,E2::MAIN::10.1029/2025tc009062::SM12,10.1029/2025tc009062::SM12,SM12,Quek2026Tect,10.1029/2025TC009062,10.1029/2025tc009062,,,Malaysia,,"West Malaya, Peninsular Malaysia",Sibumasu (Western Belt / Main Range Granite Province),E2_Sibumasu,MAIN_TRAIN_CANDIDATE,SEDIMENTARY_DETRITAL,SEDIMENTARY_DETRITAL,sedimentary rock (detrital),Lawin Tuff / Hawthornden Schist / Gerik Siltstone (sample-level mapping 待验证),Lawin Tuff / Hawthornden Schist / Gerik Siltstone (sample-level mapping 待验证),,沉积岩；具体沉积相未系统提取，不能据空值推断,119,119,119,0,3549e766229d95ed4a7b708007488dc0bb219b2cc61292e73e78f8b0803e4d70,fd13c715012471a2d91afd1c963a03cdd8130ac0def74543103d3a9a9d5fd8e2,True,True,True,KEEP_MAIN,保留进入主训练,Malay–Thai Peninsula/Western Sundaland 的 Sibumasu 或 East Malaya/Sukhothai 采样域。,,,COORDINATES_MISSING; USE_SOURCE_LOCALITY_ONLY,,,,,True
E2,E2::MAIN::10.1029/2025tc009062::SM15,10.1029/2025tc009062::SM15,SM15,Quek2026Tect,10.1029/2025TC009062,10.1029/2025tc009062,,,Malaysia,,"West Malaya, Peninsular Malaysia",Sibumasu (Western Belt / Main Range Granite Province),E2_Sibumasu,MAIN_TRAIN_CANDIDATE,SEDIMENTARY_DETRITAL,SEDIMENTARY_DETRITAL,sedimentary rock (detrital),Lawin Tuff / Hawthornden Schist / Gerik Siltstone (sample-level mapping 待验证),Lawin Tuff / Hawthornden Schist / Gerik Siltstone (sample-level mapping 待验证),,沉积岩；具体沉积相未系统提取，不能据空值推断,222,222,222,0,487ca6ac87ab4f3c70e14ed25cec076a5386c41f62b78274420d37f1d72484e5,833d0770f956dc2ea2d3ec19412b6957c72d586cae3db6adfd77951ed8119fcc,True,True,True,KEEP_MAIN,保留进入主训练,Malay–Thai Peninsula/Western Sundaland 的 Sibumasu 或 East Malaya/Sukhothai 采样域。,,,COORDINATES_MISSING; USE_SOURCE_LOCALITY_ONLY,,,,,True
E2,E2::MAIN::10.1029/2025tc009062::SM16,10.1029/2025tc009062::SM16,SM16,Quek2026Tect,10.1029/2025TC009062,10.1029/2025tc009062,,,Malaysia,,"West Malaya, Peninsular Malaysia",Sibumasu (Western Belt / Main Range Granite Province),E2_Sibumasu,MAIN_TRAIN_CANDIDATE,SEDIMENTARY_DETRITAL,SEDIMENTARY_DETRITAL,sedimentary rock (detrital),Kajang Schist / Belata Fm / Kenny Hill Fm / Kati Fm / Papulut Quartzite (sample-level mapping 待验证),Kajang Schist / Belata Fm / Kenny Hill Fm / Kati Fm / Papulut Quartzite (sample-level mapping 待验证),,沉积岩；具体沉积相未系统提取，不能据空值推断,149,149,149,0,82b64e46a108a9aa468a483462cc0e427c30e54c97b605a2b42ec69771a57a9a,1c4aa7a6737bded5c846ab7d04f62f24af4746280554cba886f82180119d91a8,True,True,True,KEEP_MAIN,保留进入主训练,Malay–Thai Peninsula/Western Sundaland 的 Sibumasu 或 East Malaya/Sukhothai 采样域。,,,COORDINATES_MISSING; USE_SOURCE_LOCALITY_ONLY,,,,,True
E2,E2::MAIN::10.1029/2025tc009062::SM21,10.1029/2025tc009062::SM21,SM21,Quek2026Tect,10.1029/2025TC009062,10.1029/2025tc009062,,,Malaysia,,"West Malaya, Peninsular Malaysia",Sibumasu (Western Belt / Main Range Granite Province),E2_Sibumasu,MAIN_TRAIN_CANDIDATE,SEDIMENTARY_DETRITAL,SEDIMENTARY_DETRITAL,sedimentary rock (detrital),Lawin Tuff / Hawthornden Schist / Gerik Siltstone (sample-level mapping 待验证),Lawin Tuff / Hawthornden Schist / Gerik Siltstone (sample-level mapping 待验证),,沉积岩；具体沉积相未系统提取，不能据空值推断,213,213,213,0,0f1b074135970ccfc8f40ffa49193fa3d1c6641eb8c0671dee2f570fb616131f,80669c821bd8685185603c864f42e0fd45d2687616232a2df0fb91554cc4d9de,True,True,True,KEEP_MAIN,保留进入主训练,Malay–Thai Peninsula/Western Sundaland 的 Sibumasu 或 East Malaya/Sukhothai 采样域。,,,COORDINATES_MISSING; USE_SOURCE_LOCALITY_ONLY,,,,,True
E2,E2::MAIN::10.1029/2025tc009062::SM25,10.1029/2025tc009062::SM25,SM25,Quek2026Tect,10.1029/2025TC009062,10.1029/2025tc009062,,,Malaysia,,"West Malaya, Peninsular Malaysia",Sibumasu (Western Belt / Main Range Granite Province),E2_Sibumasu,MAIN_TRAIN_CANDIDATE,SEDIMENTARY_DETRITAL,SEDIMENTARY_DETRITAL,sedimentary rock (detrital),Kajang Schist / Belata Fm / Kenny Hill Fm / Kati Fm / Papulut Quartzite (sample-level mapping 待验证),Kajang Schist / Belata Fm / Kenny Hill Fm / Kati Fm / Papulut Quartzite (sample-level mapping 待验证),,沉积岩；具体沉积相未系统提取，不能据空值推断,198,198,198,0,1037da58ad9cff7ae4953b22d55e01150de7e6e9c47a2b2a79e2c4b101e2dc93,f51758398f7933f09163d90372c9a741e742396d7add51c8ba8dea0a01307ed0,True,True,True,KEEP_MAIN,保留进入主训练,Malay–Thai Peninsula/Western Sundaland 的 Sibumasu 或 East Malaya/Sukhothai 采样域。,,,COORDINATES_MISSING; USE_SOURCE_LOCALITY_ONLY,,,,,True
E2,E2::MAIN::10.1029/2025tc009062::SM3,10.1029/2025tc009062::SM3,SM3,Quek2026Tect,10.1029/2025TC009062,10.1029/2025tc009062,,,Malaysia,,"West Malaya, Peninsular Malaysia",Sibumasu (Western Belt / Main Range Granite Province),E2_Sibumasu,MAIN_TRAIN_CANDIDATE,SEDIMENTARY_DETRITAL,SEDIMENTARY_DETRITAL,sedimentary rock (detrital),Kajang Schist / Belata Fm / Kenny Hill Fm / Kati Fm / Papulut Quartzite (sample-level mapping 待验证),Kajang Schist / Belata Fm / Kenny Hill Fm / Kati Fm / Papulut Quartzite (sample-level mapping 待验证),,沉积岩；具体沉积相未系统提取，不能据空值推断,216,216,216,0,ca34a9f0c25a7734d34b4c659134a480dc640ead3a06dc8d2a8c8bbe19be63b6,63dcfef055d3ecf7398772bef4d0372d3ac4caa9aa33463a912b79f2218d871c,True,True,True,KEEP_MAIN,保留进入主训练,Malay–Thai Peninsula/Western Sundaland 的 Sibumasu 或 East Malaya/Sukhothai 采样域。,,,COORDINATES_MISSING; USE_SOURCE_LOCALITY_ONLY,,,,,True
E2,E2::MAIN::10.1029/2025tc009062::SM30,10.1029/2025tc009062::SM30,SM30,Quek2026Tect,10.1029/2025TC009062,10.1029/2025tc009062,,,Malaysia,,"West Malaya, Peninsular Malaysia",Sibumasu (Western Belt / Main Range Granite Province),E2_Sibumasu,MAIN_TRAIN_CANDIDATE,SEDIMENTARY_DETRITAL,SEDIMENTARY_DETRITAL,sedimentary rock (detrital),Kajang Schist / Belata Fm / Kenny Hill Fm / Kati Fm / Papulut Quartzite (sample-level mapping 待验证),Kajang Schist / Belata Fm / Kenny Hill Fm / Kati Fm / Papulut Quartzite (sample-level mapping 待验证),,沉积岩；具体沉积相未系统提取，不能据空值推断,214,214,214,0,d1f7cb3f2a99495fbc2452db75be3fb33b7ce424ab3bd7436a6662451505bf3f,94cf655bf0d1dde4dcba318272f0f4bc52cd7b8967a7266924eece45df3e548b,True,True,True,KEEP_MAIN,保留进入主训练,Malay–Thai Peninsula/Western Sundaland 的 Sibumasu 或 East Malaya/Sukhothai 采样域。,,,COORDINATES_MISSING; USE_SOURCE_LOCALITY_ONLY,,,,,True
E2,E2::MAIN::10.1029/2025tc009062::SM4,10.1029/2025tc009062::SM4,SM4,Quek2026Tect,10.1029/2025TC009062,10.1029/2025tc009062,,,Malaysia,,"West Malaya, Peninsular Malaysia",Sibumasu (Western Belt / Main Range Granite Province),E2_Sibumasu,MAIN_TRAIN_CANDIDATE,SEDIMENTARY_DETRITAL,SEDIMENTARY_DETRITAL,sedimentary rock (detrital),Kajang Schist / Belata Fm / Kenny Hill Fm / Kati Fm / Papulut Quartzite (sample-level mapping 待验证),Kajang Schist / Belata Fm / Kenny Hill Fm / Kati Fm / Papulut Quartzite (sample-level mapping 待验证),,沉积岩；具体沉积相未系统提取，不能据空值推断,177,177,177,0,5121e2d3ab3694812c4bedda803c89483f94f2c6ad227ed0b0403f89d08cdd1b,be0dd52cd34a9ee1440451292e5475bc90cfb61c8690cf1d7e3d1bb6fcc053fd,True,True,True,KEEP_MAIN,保留进入主训练,Malay–Thai Peninsula/Western Sundaland 的 Sibumasu 或 East Malaya/Sukhothai 采样域。,,,COORDINATES_MISSING; USE_SOURCE_LOCALITY_ONLY,,,,,True
E2,E2::MAIN::10.1029/2025tc009062::SM40,10.1029/2025tc009062::SM40,SM40,Quek2026Tect,10.1029/2025TC009062,10.1029/2025tc009062,,,Malaysia,,"West Malaya, Peninsular Malaysia",Sibumasu (Western Belt / Main Range Granite Province),E2_Sibumasu,MAIN_TRAIN_CANDIDATE,SEDIMENTARY_DETRITAL,SEDIMENTARY_DETRITAL,sedimentary rock (detrital),Kubang Pasu Formation,Kubang Pasu Formation,,沉积岩；具体沉积相未系统提取，不能据空值推断,221,221,221,0,446a662a79d06467f7caa2063052b65622185e3bc3c7bc82b5efea85f0fe5fe9,10ae7fc742277b7d7f78befdb7fca7a963fcf6d437788ed14a5c8e57dd6a2eb3,True,True,True,KEEP_MAIN,保留进入主训练,Malay–Thai Peninsula/Western Sundaland 的 Sibumasu 或 East Malaya/Sukhothai 采样域。,,,COORDINATES_MISSING; USE_SOURCE_LOCALITY_ONLY,,,,,True
E2,E2::MAIN::10.1029/2025tc009062::SM41,10.1029/2025tc009062::SM41,SM41,Quek2026Tect,10.1029/2025TC009062,10.1029/2025tc009062,,,Malaysia,,"West Malaya, Peninsular Malaysia",Sibumasu (Western Belt / Main Range Granite Province),E2_Sibumasu,MAIN_TRAIN_CANDIDATE,SEDIMENTARY_DETRITAL,SEDIMENTARY_DETRITAL,sedimentary rock (detrital),Kubang Pasu Formation,Kubang Pasu Formation,,沉积岩；具体沉积相未系统提取，不能据空值推断,215,215,215,0,326741da342dda1096635f100aef70a0ad703c4aa63989ad9be064e9925ac868,03b4d13d534f3d56102d88f61af78ca60c189bef2348672bc644a1cb91249954,True,True,True,KEEP_MAIN,保留进入主训练,Malay–Thai Peninsula/Western Sundaland 的 Sibumasu 或 East Malaya/Sukhothai 采样域。,,,COORDINATES_MISSING; USE_SOURCE_LOCALITY_ONLY,,,,,True
E2,E2::MAIN::10.1029/2025tc009062::SM42,10.1029/2025tc009062::SM42,SM42,Quek2026Tect,10.1029/2025TC009062,10.1029/2025tc009062,,,Malaysia,,"West Malaya, Peninsular Malaysia",Sibumasu (Western Belt / Main Range Granite Province),E2_Sibumasu,MAIN_TRAIN_CANDIDATE,SEDIMENTARY_DETRITAL,SEDIMENTARY_DETRITAL,sedimentary rock (detrital),Kubang Pasu Formation,Kubang Pasu Formation,,沉积岩；具体沉积相未系统提取，不能据空值推断,178,178,178,0,f70676f7999fe1520373555ba5289d5825765c88a00fbf01d3410e42a1e258f9,e5a8c2c701f44e9598b49915aa0bd841bb83f720a89287113cc12f3554f84ad3,True,True,True,KEEP_MAIN,保留进入主训练,Malay–Thai Peninsula/Western Sundaland 的 Sibumasu 或 East Malaya/Sukhothai 采样域。,,,COORDINATES_MISSING; USE_SOURCE_LOCALITY_ONLY,,,,,True
E2,E2::MAIN::10.1029/2025tc009062::SM43,10.1029/2025tc009062::SM43,SM43,Quek2026Tect,10.1029/2025TC009062,10.1029/2025tc009062,,,Malaysia,,"West Malaya, Peninsular Malaysia",Sibumasu (Western Belt / Main Range Granite Province),E2_Sibumasu,MAIN_TRAIN_CANDIDATE,SEDIMENTARY_DETRITAL,SEDIMENTARY_DETRITAL,sedimentary rock (detrital),Kubang Pasu Formation,Kubang Pasu Formation,,沉积岩；具体沉积相未系统提取，不能据空值推断,249,249,249,0,46fcf550c91ecb30b787f41037dd0c56ec45681a09671e14640c64062e42d00f,c2fe125bb0aff2cb4cd5de8698348d0af0d0fa4f098263192a3684b509f216b7,True,True,True,KEEP_MAIN,保留进入主训练,Malay–Thai Peninsula/Western Sundaland 的 Sibumasu 或 East Malaya/Sukhothai 采样域。,,,COORDINATES_MISSING; USE_SOURCE_LOCALITY_ONLY,,,,,True
E2,E2::MAIN::10.1029/2025tc009062::SM5,10.1029/2025tc009062::SM5,SM5,Quek2026Tect,10.1029/2025TC009062,10.1029/2025tc009062,,,Malaysia,,"West Malaya, Peninsular Malaysia",Sibumasu (Western Belt / Main Range Granite Province),E2_Sibumasu,MAIN_TRAIN_CANDIDATE,SEDIMENTARY_DETRITAL,SEDIMENTARY_DETRITAL,sedimentary rock (detrital),Kajang Schist / Belata Fm / Kenny Hill Fm / Kati Fm / Papulut Quartzite (sample-level mapping 待验证),Kajang Schist / Belata Fm / Kenny Hill Fm / Kati Fm / Papulut Quartzite (sample-level mapping 待验证),,沉积岩；具体沉积相未系统提取，不能据空值推断,204,204,204,0,72fc60aa42742ddc2392c2a49e1a04d99c9b5576b669722d3df7f58fe00ebf94,1d2e3343d5899deb5691d613a2c8a686779cf82b5e5d5781555016f7ddca9227,True,True,True,KEEP_MAIN,保留进入主训练,Malay–Thai Peninsula/Western Sundaland 的 Sibumasu 或 East Malaya/Sukhothai 采样域。,,,COORDINATES_MISSING; USE_SOURCE_LOCALITY_ONLY,,,,,True
E2,E2::MAIN::10.1029/2025tc009062::SM9,10.1029/2025tc009062::SM9,SM9,Quek2026Tect,10.1029/2025TC009062,10.1029/2025tc009062,,,Malaysia,,"West Malaya, Peninsular Malaysia",Sibumasu (Western Belt / Main Range Granite Province),E2_Sibumasu,MAIN_TRAIN_CANDIDATE,SEDIMENTARY_DETRITAL,SEDIMENTARY_DETRITAL,sedimentary rock (detrital),Lawin Tuff / Hawthornden Schist / Gerik Siltstone (sample-level mapping 待验证),Lawin Tuff / Hawthornden Schist / Gerik Siltstone (sample-level mapping 待验证),,沉积岩；具体沉积相未系统提取，不能据空值推断,115,115,115,0,7ced4885ef56279a11c7fdcdf0d0b18c0cb1411c52d7d0b71164e7947d2629ac,129515b291f1aa6b568accbdcf146dc1a9684378d644657e9729e5ae015b4a0f,True,True,True,KEEP_MAIN,保留进入主训练,Malay–Thai Peninsula/Western Sundaland 的 Sibumasu 或 East Malaya/Sukhothai 采样域。,,,COORDINATES_MISSING; USE_SOURCE_LOCALITY_ONLY,,,,,True
E2,E2::MAIN::10.1016/j.gr.2015.03.005::2012M74,10.1016/j.gr.2015.03.005::2012M74,2012M74,Cai2017GR,10.1016/j.gr.2015.03.005,10.1016/j.gr.2015.03.005,20.6326,96.6325,Myanmar,Shan State,Kalaw,Sibumasu (Northern Margin: Myanmar Shan State / NW Thailand),E2_Sibumasu,MAIN_TRAIN_CANDIDATE,MODERN_RIVER_OR_SAND,SEDIMENTARY_DETRITAL,modern river sediment (assumed; verify vs paper),Loi-an Group,Loi-an Group,,沉积岩；具体沉积相未系统提取，不能据空值推断,199,199,199,0,8328be5d21876d39b9f66f7b3259d7a932b28015f0399c05274b24a72c07d24f,81663140d9cccc003c1876f43bfd204fdc2052b79d1e29b581387fc27b6e280e,True,False,False,EXTERNAL_REFERENCE,转 external reference,Myanmar Shan 或 NW Thailand/N Sibumasu：有 Sibumasu 亲缘，但超出 Malay–Thai Peninsula 主训练空间域。,,,NORTH_SIBUMASU_OUTSIDE_STRICT_DOMAIN,CURRENT_MODERN_RIVER_TAG_INCONSISTENT_WITH_SOURCE,,,https://www.sciencedirect.com/science/article/abs/pii/S1342937X15000908,True
E2,E2::MAIN::10.1016/j.gr.2015.03.005::2012M75,10.1016/j.gr.2015.03.005::2012M75,2012M75,Cai2017GR,10.1016/j.gr.2015.03.005,10.1016/j.gr.2015.03.005,20.6326,96.6325,Myanmar,Shan State,Kalaw,Sibumasu (Northern Margin: Myanmar Shan State / NW Thailand),E2_Sibumasu,MAIN_TRAIN_CANDIDATE,MODERN_RIVER_OR_SAND,SEDIMENTARY_DETRITAL,modern river sediment (assumed; verify vs paper),Loi-an Group,Loi-an Group,,沉积岩；具体沉积相未系统提取，不能据空值推断,100,100,100,0,6bf8612f26a6020218011cbd9f873b9fafb050851130e0ce7c24983bcd0d02d6,bb82e3ffd8247c1b41af942858decbc2ad4143c50194216a7fce040f39272d9f,True,False,False,EXTERNAL_REFERENCE,转 external reference,Myanmar Shan 或 NW Thailand/N Sibumasu：有 Sibumasu 亲缘，但超出 Malay–Thai Peninsula 主训练空间域。,,,NORTH_SIBUMASU_OUTSIDE_STRICT_DOMAIN,CURRENT_MODERN_RIVER_TAG_INCONSISTENT_WITH_SOURCE,,,https://www.sciencedirect.com/science/article/abs/pii/S1342937X15000908,True
E2,E2::MAIN::10.1016/j.gr.2015.03.005::2012M79,10.1016/j.gr.2015.03.005::2012M79,2012M79,Cai2017GR,10.1016/j.gr.2015.03.005,10.1016/j.gr.2015.03.005,20.6326,96.6325,Myanmar,Shan State,Kalaw,Sibumasu (Northern Margin: Myanmar Shan State / NW Thailand),E2_Sibumasu,MAIN_TRAIN_CANDIDATE,MODERN_RIVER_OR_SAND,SEDIMENTARY_DETRITAL,modern river sediment (assumed; verify vs paper),Pindaya Group,Pindaya Group,,沉积岩；具体沉积相未系统提取，不能据空值推断,169,169,169,0,84d63aee2f8dbff12937ed0e70690ea66522e6b3e9a2ff2bc256322763f6d7f3,330c3cd3a82b76e3d9ada358ce5589d756a77713efb10e21169c834696aa1114,True,False,False,EXTERNAL_REFERENCE,转 external reference,Myanmar Shan 或 NW Thailand/N Sibumasu：有 Sibumasu 亲缘，但超出 Malay–Thai Peninsula 主训练空间域。,,,NORTH_SIBUMASU_OUTSIDE_STRICT_DOMAIN,CURRENT_MODERN_RIVER_TAG_INCONSISTENT_WITH_SOURCE,,,https://www.sciencedirect.com/science/article/abs/pii/S1342937X15000908,True
E2,E2::MAIN::10.1016/j.gr.2015.03.005::2012M80,10.1016/j.gr.2015.03.005::2012M80,2012M80,Cai2017GR,10.1016/j.gr.2015.03.005,10.1016/j.gr.2015.03.005,20.7836,96.9348,Myanmar,Shan State,Taunggyi,Sibumasu (Northern Margin: Myanmar Shan State / NW Thailand),E2_Sibumasu,MAIN_TRAIN_CANDIDATE,MODERN_RIVER_OR_SAND,SEDIMENTARY_DETRITAL,modern river sediment (assumed; verify vs paper),Namhism Formation,Namhism Formation,,沉积岩；具体沉积相未系统提取，不能据空值推断,200,200,200,0,13611ba632fe1cb4955bd8cf5a5a493285f9b89e3d8d37344aab617de984552e,77362fcb994ca1f3cee454c77cb9390878b3740944a6acb71fdb12e6deaadc1c,True,False,False,EXTERNAL_REFERENCE,转 external reference,Myanmar Shan 或 NW Thailand/N Sibumasu：有 Sibumasu 亲缘，但超出 Malay–Thai Peninsula 主训练空间域。,,,NORTH_SIBUMASU_OUTSIDE_STRICT_DOMAIN,CURRENT_MODERN_RIVER_TAG_INCONSISTENT_WITH_SOURCE,,,https://www.sciencedirect.com/science/article/abs/pii/S1342937X15000908,True
E2,E2::MAIN::10.1016/j.gr.2015.03.005::2012M81,10.1016/j.gr.2015.03.005::2012M81,2012M81,Cai2017GR,10.1016/j.gr.2015.03.005,10.1016/j.gr.2015.03.005,20.7836,96.9348,Myanmar,Shan State,Taunggyi,Sibumasu (Northern Margin: Myanmar Shan State / NW Thailand),E2_Sibumasu,MAIN_TRAIN_CANDIDATE,MODERN_RIVER_OR_SAND,SEDIMENTARY_DETRITAL,modern river sediment (assumed; verify vs paper),Namhism Formation,Namhism Formation,,沉积岩；具体沉积相未系统提取，不能据空值推断,100,100,100,0,83987beaece1609b9fe0c2b544c662c697188ec033310dcd084e1323f6563997,31904276a1b55e9d549ee8f4ffd047ce29156f4c3d01e6ef33cadd3bd02af43c,True,False,False,EXTERNAL_REFERENCE,转 external reference,Myanmar Shan 或 NW Thailand/N Sibumasu：有 Sibumasu 亲缘，但超出 Malay–Thai Peninsula 主训练空间域。,,,NORTH_SIBUMASU_OUTSIDE_STRICT_DOMAIN,CURRENT_MODERN_RIVER_TAG_INCONSISTENT_WITH_SOURCE,,,https://www.sciencedirect.com/science/article/abs/pii/S1342937X15000908,True
E2,E2::MAIN::10.1016/j.gr.2015.03.005::2012M84,10.1016/j.gr.2015.03.005::2012M84,2012M84,Cai2017GR,10.1016/j.gr.2015.03.005,10.1016/j.gr.2015.03.005,20.6326,96.6325,Myanmar,Shan State,Kalaw,Sibumasu (Northern Margin: Myanmar Shan State / NW Thailand),E2_Sibumasu,MAIN_TRAIN_CANDIDATE,MODERN_RIVER_OR_SAND,SEDIMENTARY_DETRITAL,modern river sediment (assumed; verify vs paper),Loi-an Group,Loi-an Group,,沉积岩；具体沉积相未系统提取，不能据空值推断,199,199,199,0,b9756e2c5f5f3559675d805e98ab6e9f4e203570c6b5cdc7c453143b9e869397,df3d462a2279c21ae43d9236f2dd03ab6be26523799dc5db59ddbab94dd63bc1,True,False,False,EXTERNAL_REFERENCE,转 external reference,Myanmar Shan 或 NW Thailand/N Sibumasu：有 Sibumasu 亲缘，但超出 Malay–Thai Peninsula 主训练空间域。,,,NORTH_SIBUMASU_OUTSIDE_STRICT_DOMAIN,CURRENT_MODERN_RIVER_TAG_INCONSISTENT_WITH_SOURCE,,,https://www.sciencedirect.com/science/article/abs/pii/S1342937X15000908,True
E2,E2::MAIN::10.1016/j.gr.2015.03.005::2012M87,10.1016/j.gr.2015.03.005::2012M87,2012M87,Cai2017GR,10.1016/j.gr.2015.03.005,10.1016/j.gr.2015.03.005,20.6326,96.6325,Myanmar,Shan State,Kalaw,Sibumasu (Northern Margin: Myanmar Shan State / NW Thailand),E2_Sibumasu,MAIN_TRAIN_CANDIDATE,MODERN_RIVER_OR_SAND,SEDIMENTARY_DETRITAL,modern river sediment (assumed; verify vs paper),,,,沉积岩；具体沉积相未系统提取，不能据空值推断,206,206,206,0,e6c24165ec5ffa2d5a1f9e830438d3fe1094e25538e1646640c812edd026845d,ba5039f6c037651f76031d4e39b5fd96ec8b690f46156788dcb1fdb1ab48aefc,True,False,False,EXTERNAL_REFERENCE,转 external reference,Myanmar Shan 或 NW Thailand/N Sibumasu：有 Sibumasu 亲缘，但超出 Malay–Thai Peninsula 主训练空间域。,,,NORTH_SIBUMASU_OUTSIDE_STRICT_DOMAIN,CURRENT_MODERN_RIVER_TAG_INCONSISTENT_WITH_SOURCE,,,https://www.sciencedirect.com/science/article/abs/pii/S1342937X15000908,True
E2,E2::MAIN::10.1016/j.gr.2015.03.005::2012M88,10.1016/j.gr.2015.03.005::2012M88,2012M88,Cai2017GR,10.1016/j.gr.2015.03.005,10.1016/j.gr.2015.03.005,20.6326,96.6325,Myanmar,Shan State,Kalaw,Sibumasu (Northern Margin: Myanmar Shan State / NW Thailand),E2_Sibumasu,MAIN_TRAIN_CANDIDATE,MODERN_RIVER_OR_SAND,SEDIMENTARY_DETRITAL,modern river sediment (assumed; verify vs paper),,,,沉积岩；具体沉积相未系统提取，不能据空值推断,200,200,200,0,0cb872405a5e44f38a8d287fcc6b6c748253b79a9cdfa5c7df1b0c51a5658e2a,635ae699177793bc00e6e4f5e60d5f5b9b9bd3fbf034de8cf5eeb98e3c1c0e53,True,False,False,EXTERNAL_REFERENCE,转 external reference,Myanmar Shan 或 NW Thailand/N Sibumasu：有 Sibumasu 亲缘，但超出 Malay–Thai Peninsula 主训练空间域。,,,NORTH_SIBUMASU_OUTSIDE_STRICT_DOMAIN,CURRENT_MODERN_RIVER_TAG_INCONSISTENT_WITH_SOURCE,,,https://www.sciencedirect.com/science/article/abs/pii/S1342937X15000908,True
E2,E2::MAIN::10.1016/j.jseaes.2021.104709::RDT15_066,10.1016/j.jseaes.2021.104709::RDT15_066,RDT15_066,Dew2021JAES,10.1016/j.jseaes.2021.104709,10.1016/j.jseaes.2021.104709,,,Thailand/Myanmar,Mae Hong Son / Kayah border,E2_Sibumasu,Sibumasu (Northern Margin: Myanmar Shan State / NW Thailand),E2_Sibumasu,MAIN_TRAIN_CANDIDATE,MODERN_RIVER_OR_SAND,SEDIMENTARY_DETRITAL,modern river sediment (assumed; verify vs paper),,,,沉积岩；具体沉积相未系统提取，不能据空值推断,127,127,127,0,bd5c4b66e751d63f567e6063eec0224aad6c70b6d53f698d8d6870c37d8429b0,6127eeff552e4d0b0b63913b75c03b91e186fbd96ba94a3b56046265eeb5c2fa,True,False,False,EXTERNAL_REFERENCE,转 external reference,Myanmar Shan 或 NW Thailand/N Sibumasu：有 Sibumasu 亲缘，但超出 Malay–Thai Peninsula 主训练空间域。,,,NORTH_SIBUMASU_OUTSIDE_STRICT_DOMAIN,CURRENT_MODERN_RIVER_TAG_INCONSISTENT_WITH_SOURCE,,,https://doi.org/10.1016/j.jseaes.2021.104709,True
E2,E2::MAIN::10.1016/j.jseaes.2021.104709::RDT15_078,10.1016/j.jseaes.2021.104709::RDT15_078,RDT15_078,Dew2021JAES,10.1016/j.jseaes.2021.104709,10.1016/j.jseaes.2021.104709,,,Thailand/Myanmar,Mae Hong Son / Kayah border,E2_Sibumasu,Sibumasu (Northern Margin: Myanmar Shan State / NW Thailand),E2_Sibumasu,MAIN_TRAIN_CANDIDATE,MODERN_RIVER_OR_SAND,SEDIMENTARY_DETRITAL,modern river sediment (assumed; verify vs paper),,,,沉积岩；具体沉积相未系统提取，不能据空值推断,131,131,131,0,f6b1f098805bd6859f7d68bfd06cf6aa074f9ec525197d4396bbd266816f1fb4,a95e74bcbf2dc85cf10bfd44bd0f8fcbcc447a3dccdcd6009668f1d63e32280d,True,False,False,EXTERNAL_REFERENCE,转 external reference,Myanmar Shan 或 NW Thailand/N Sibumasu：有 Sibumasu 亲缘，但超出 Malay–Thai Peninsula 主训练空间域。,,,NORTH_SIBUMASU_OUTSIDE_STRICT_DOMAIN,CURRENT_MODERN_RIVER_TAG_INCONSISTENT_WITH_SOURCE,,,https://doi.org/10.1016/j.jseaes.2021.104709,True
E2,E2::MAIN::10.1016/j.jseaes.2021.104709::RDT16_001,10.1016/j.jseaes.2021.104709::RDT16_001,RDT16_001,Dew2021JAES,10.1016/j.jseaes.2021.104709,10.1016/j.jseaes.2021.104709,,,Thailand/Myanmar,Mae Hong Son / Kayah border,E2_Sibumasu,Sibumasu (Northern Margin: Myanmar Shan State / NW Thailand),E2_Sibumasu,MAIN_TRAIN_CANDIDATE,MODERN_RIVER_OR_SAND,SEDIMENTARY_DETRITAL,modern river sediment (assumed; verify vs paper),,,,沉积岩；具体沉积相未系统提取，不能据空值推断,161,161,161,0,bdb149101c54d1a944ad5035b7531b07100582e6e089b265796bdd18a0dc998c,d5ff73fc624932a2f249ac832d5d57472dcce5868b7b57fa7f98c7c788543a9f,True,False,False,EXTERNAL_REFERENCE,转 external reference,Myanmar Shan 或 NW Thailand/N Sibumasu：有 Sibumasu 亲缘，但超出 Malay–Thai Peninsula 主训练空间域。,,,NORTH_SIBUMASU_OUTSIDE_STRICT_DOMAIN,CURRENT_MODERN_RIVER_TAG_INCONSISTENT_WITH_SOURCE,,,https://doi.org/10.1016/j.jseaes.2021.104709,True
E2,E2::MAIN::10.1016/j.jseaes.2021.104709::RDT16_006,10.1016/j.jseaes.2021.104709::RDT16_006,RDT16_006,Dew2021JAES,10.1016/j.jseaes.2021.104709,10.1016/j.jseaes.2021.104709,,,Thailand/Myanmar,Mae Hong Son / Kayah border,Myanmar,Sibumasu (Northern Margin: Myanmar Shan State / NW Thailand),E2_Sibumasu,MAIN_TRAIN_CANDIDATE,MODERN_RIVER_OR_SAND,SEDIMENTARY_DETRITAL,modern river sediment (assumed; verify vs paper),,,,沉积岩；具体沉积相未系统提取，不能据空值推断,119,119,119,0,4bc6db9d1a18010bea3f647071e40211a853920f721af80842affcd21ee7736a,ee776df06b04178dbcd6a96fe7e23fa54419ac73ffc79bf0b3006d6c914ea97f,True,False,False,EXTERNAL_REFERENCE,转 external reference,Myanmar Shan 或 NW Thailand/N Sibumasu：有 Sibumasu 亲缘，但超出 Malay–Thai Peninsula 主训练空间域。,,,NORTH_SIBUMASU_OUTSIDE_STRICT_DOMAIN,CURRENT_MODERN_RIVER_TAG_INCONSISTENT_WITH_SOURCE,,,https://doi.org/10.1016/j.jseaes.2021.104709,True
E2,E2::MAIN::10.1016/j.jseaes.2021.104709::RDT16_008,10.1016/j.jseaes.2021.104709::RDT16_008,RDT16_008,Dew2021JAES,10.1016/j.jseaes.2021.104709,10.1016/j.jseaes.2021.104709,,,Thailand/Myanmar,Mae Hong Son / Kayah border,E2_Sibumasu,Sibumasu (Northern Margin: Myanmar Shan State / NW Thailand),E2_Sibumasu,MAIN_TRAIN_CANDIDATE,MODERN_RIVER_OR_SAND,SEDIMENTARY_DETRITAL,modern river sediment (assumed; verify vs paper),,,,沉积岩；具体沉积相未系统提取，不能据空值推断,162,162,162,0,660e0c5c960c3c288de2f44bdc08397ecf8e621c49f7127907d8a8fc74d0fa00,8fb071c8b89f99b16222e8645d4594f442761940dd8eb7995e7f3e7982698cd2,True,False,False,EXTERNAL_REFERENCE,转 external reference,Myanmar Shan 或 NW Thailand/N Sibumasu：有 Sibumasu 亲缘，但超出 Malay–Thai Peninsula 主训练空间域。,,,NORTH_SIBUMASU_OUTSIDE_STRICT_DOMAIN,CURRENT_MODERN_RIVER_TAG_INCONSISTENT_WITH_SOURCE,,,https://doi.org/10.1016/j.jseaes.2021.104709,True
E2,E2::MAIN::10.1016/j.jseaes.2021.104709::RDT16_012,10.1016/j.jseaes.2021.104709::RDT16_012,RDT16_012,Dew2021JAES,10.1016/j.jseaes.2021.104709,10.1016/j.jseaes.2021.104709,19.262,97.968,Thailand/Myanmar,Mae Hong Son / Kayah border,Khum Yuam,Sibumasu (Northern Margin: Myanmar Shan State / NW Thailand),E2_Sibumasu,MAIN_TRAIN_CANDIDATE,MODERN_RIVER_OR_SAND,SEDIMENTARY_DETRITAL,modern river sediment (assumed; verify vs paper),,,,沉积岩；具体沉积相未系统提取，不能据空值推断,97,97,97,0,6424a4b0e0009df5915b9baaab686c0ddf0a3e941f094c952606aaeadfc913fa,bcc2a73fdab1796d816446dd56f96f48725a74ae19027476d1bd5a45da5a8857,True,False,False,EXTERNAL_REFERENCE,转 external reference,Myanmar Shan 或 NW Thailand/N Sibumasu：有 Sibumasu 亲缘，但超出 Malay–Thai Peninsula 主训练空间域。,,,NORTH_SIBUMASU_OUTSIDE_STRICT_DOMAIN,CURRENT_MODERN_RIVER_TAG_INCONSISTENT_WITH_SOURCE,,,https://doi.org/10.1016/j.jseaes.2021.104709,True
E2,E2::MAIN::10.1016/j.jseaes.2021.104709::RDT16_018,10.1016/j.jseaes.2021.104709::RDT16_018,RDT16_018,Dew2021JAES,10.1016/j.jseaes.2021.104709,10.1016/j.jseaes.2021.104709,19.262,97.968,Thailand/Myanmar,Mae Hong Son / Kayah border,Khun Yuam loop road,Sibumasu (Northern Margin: Myanmar Shan State / NW Thailand),E2_Sibumasu,MAIN_TRAIN_CANDIDATE,MODERN_RIVER_OR_SAND,SEDIMENTARY_DETRITAL,modern river sediment (assumed; verify vs paper),,,,沉积岩；具体沉积相未系统提取，不能据空值推断,169,169,169,0,3609f577647c1f345cbe62790a52d8b6ce82f9cd12936cd63a82da051daf0262,e5ef2e55658a07f9d6797151b2addae9a62aeb61eb2152bb3de1f3051903ada6,True,False,False,EXTERNAL_REFERENCE,转 external reference,Myanmar Shan 或 NW Thailand/N Sibumasu：有 Sibumasu 亲缘，但超出 Malay–Thai Peninsula 主训练空间域。,,,NORTH_SIBUMASU_OUTSIDE_STRICT_DOMAIN,CURRENT_MODERN_RIVER_TAG_INCONSISTENT_WITH_SOURCE,,,https://doi.org/10.1016/j.jseaes.2021.104709,True
E2,E2::MAIN::10.1016/j.jseaes.2021.104709::RDT16_019,10.1016/j.jseaes.2021.104709::RDT16_019,RDT16_019,Dew2021JAES,10.1016/j.jseaes.2021.104709,10.1016/j.jseaes.2021.104709,18.163,97.931,Thailand/Myanmar,Mae Hong Son / Kayah border,South of Mae Sariang,Sibumasu (Northern Margin: Myanmar Shan State / NW Thailand),E2_Sibumasu,MAIN_TRAIN_CANDIDATE,MODERN_RIVER_OR_SAND,SEDIMENTARY_DETRITAL,modern river sediment (assumed; verify vs paper),,,,沉积岩；具体沉积相未系统提取，不能据空值推断,169,169,169,0,8358b51d5e9c436b0eb6d8710f7a161fd2d2353010d815b05983f045963359c2,fd5791f1175c904cfc2acb1fdc464b248981a43dbf6a0589dbf9b5cc22932902,True,False,False,EXTERNAL_REFERENCE,转 external reference,Myanmar Shan 或 NW Thailand/N Sibumasu：有 Sibumasu 亲缘，但超出 Malay–Thai Peninsula 主训练空间域。,,,NORTH_SIBUMASU_OUTSIDE_STRICT_DOMAIN,CURRENT_MODERN_RIVER_TAG_INCONSISTENT_WITH_SOURCE,,,https://doi.org/10.1016/j.jseaes.2021.104709,True
E2,E2::MAIN::10.1016/j.jseaes.2019.103878::157a,10.1016/j.jseaes.2019.103878::157a,157a,Dodd2019,10.1016/j.jseaes.2019.103878,10.1016/j.jseaes.2019.103878,1.2586,103.8083,Singapore,Singapore,"Fort Siloso, Sentosa, Singapore",East Malaya / Central Belt (Sukhothai Arc) - Singapore (Semantan/Tembeling basins),E2_Sukhothai_EastMalaya,MAIN_TRAIN_CANDIDATE,SEDIMENTARY_DETRITAL,SEDIMENTARY_DETRITAL,sandstone (outcrop),Sentosa Group (Fort Siloso Fm),Sentosa Group (Fort Siloso Fm),,沉积岩；具体沉积相未系统提取，不能据空值推断,129,128,128,0,af9c5763f33b3642ae7066cb42137b129b69dda319006405ce4ab051e0e2ccf8,97f9c488d87eb69214f0f37797a627976a0fd487106c99b364645cd0a2591e9c,True,True,True,KEEP_MAIN,保留进入主训练,Malay–Thai Peninsula/Western Sundaland 的 Sibumasu 或 East Malaya/Sukhothai 采样域。,,,,,,,,True
E2,E2::MAIN::10.1016/j.jseaes.2019.103878::AGLE_65_01,10.1016/j.jseaes.2019.103878::AGLE_65_01,AGLE_65_01,Dodd2019,10.1016/j.jseaes.2019.103878,10.1016/j.jseaes.2019.103878,1.2722,103.8023,Singapore,Singapore,"Labrador Park, Singapore",East Malaya / Central Belt (Sukhothai Arc) - Singapore (Semantan/Tembeling basins),E2_Sukhothai_EastMalaya,MAIN_TRAIN_CANDIDATE,SEDIMENTARY_DETRITAL,SEDIMENTARY_DETRITAL,sandstone (outcrop),Jurong Group,Jurong Group,,沉积岩；具体沉积相未系统提取，不能据空值推断,145,145,145,0,b1af068fcb13fb9b2452f7c04a16934eeb2cf1ab94d885bd8b413aed2bde6050,8cb279a952d7b171e74379f8bdb327aed633a9e8a848b931102c45d7c167f354,True,True,True,KEEP_MAIN,保留进入主训练,Malay–Thai Peninsula/Western Sundaland 的 Sibumasu 或 East Malaya/Sukhothai 采样域。,,,,,,,,True
E2,E2::MAIN::10.1016/j.jseaes.2019.103878::AGLE_65_02,10.1016/j.jseaes.2019.103878::AGLE_65_02,AGLE_65_02,Dodd2019,10.1016/j.jseaes.2019.103878,10.1016/j.jseaes.2019.103878,1.3,103.8,Singapore,Singapore,Singapore borehole (Tebak Fm),East Malaya / Central Belt (Sukhothai Arc) - Singapore (Semantan/Tembeling basins),E2_Sukhothai_EastMalaya,MAIN_TRAIN_CANDIDATE,SEDIMENTARY_DETRITAL,SEDIMENTARY_DETRITAL,sandstone (borehole core),Tebak Fm,Tebak Fm,,沉积岩；具体沉积相未系统提取，不能据空值推断,76,76,76,0,3142e5f5c290d5ee8ed733ef7b4936c3c2b06e3405ed21865759e7e61875b15d,80473ef33d7c7fc6bf634673c49d6f679da7e6a0b57e4badad33877cadc91a8e,True,True,True,KEEP_MAIN,保留进入主训练,Malay–Thai Peninsula/Western Sundaland 的 Sibumasu 或 East Malaya/Sukhothai 采样域。,,,,,,,,True
E2,E2::MAIN::10.1016/j.jseaes.2019.103878::BH1B2,10.1016/j.jseaes.2019.103878::BH1B2,BH1B2,Dodd2019,10.1016/j.jseaes.2019.103878,10.1016/j.jseaes.2019.103878,1.2722,103.8023,Singapore,Singapore,"Labrador Park, Singapore",East Malaya / Central Belt (Sukhothai Arc) - Singapore (Semantan/Tembeling basins),E2_Sukhothai_EastMalaya,MAIN_TRAIN_CANDIDATE,OTHER_OR_UNSPECIFIED,SEDIMENTARY_DETRITAL,volcanic conglomerate (outcrop),Jurong Group (Labrador Park volcanic conglomerate),Jurong Group (Labrador Park volcanic conglomerate),,沉积岩；具体沉积相未系统提取，不能据空值推断,140,140,140,0,583cf478027a39a2e29677e767f0413591e4b7e354d90a5108eda894362957ef,0b7766a0063c18772ed20712b6827e54282378816458fba6a55e18ae12778018,True,True,True,KEEP_MAIN,保留进入主训练,Malay–Thai Peninsula/Western Sundaland 的 Sibumasu 或 East Malaya/Sukhothai 采样域。,Volcanic conglomerate is a sedimentary sample; don't exclude only for volcaniclastic input. ,,,VOLCANIC_CONGLOMERATE_IS_DETRITAL; SOURCE_MATERIAL_NORMALIZATION,,,,True
E2,E2::MAIN::10.1016/j.jseaes.2019.103878::BH1F11,10.1016/j.jseaes.2019.103878::BH1F11,BH1F11,Dodd2019,10.1016/j.jseaes.2019.103878,10.1016/j.jseaes.2019.103878,1.3494,103.7498,Singapore,Singapore,"Bukit Batok, Singapore",East Malaya / Central Belt (Sukhothai Arc) - Singapore (Semantan/Tembeling basins),E2_Sukhothai_EastMalaya,MAIN_TRAIN_CANDIDATE,SEDIMENTARY_DETRITAL,SEDIMENTARY_DETRITAL,sandstone (borehole core),Bukit Batok Fm,Bukit Batok Fm,,沉积岩；具体沉积相未系统提取，不能据空值推断,98,98,98,0,749df23b3c8a1fcefaf6306e562428bd84673e77de6659fdb29521e8d18eee89,0a418b895d964e3331b874421e706d217e415166ebd30741032c339167ffdc0e,True,True,True,KEEP_MAIN,保留进入主训练,Malay–Thai Peninsula/Western Sundaland 的 Sibumasu 或 East Malaya/Sukhothai 采样域。,,,,,,,,True
E2,E2::MAIN::10.1016/j.jseaes.2019.103878::BH2B4_bottom,10.1016/j.jseaes.2019.103878::BH2B4_bottom,BH2B4_bottom,Dodd2019,10.1016/j.jseaes.2019.103878,10.1016/j.jseaes.2019.103878,1.3494,103.7498,Singapore,Singapore,"Bukit Batok, Singapore",East Malaya / Central Belt (Sukhothai Arc) - Singapore (Semantan/Tembeling basins),E2_Sukhothai_EastMalaya,MAIN_TRAIN_CANDIDATE,SEDIMENTARY_DETRITAL,SEDIMENTARY_DETRITAL,volcanic sandstone (borehole core),Bukit Batok Fm,Bukit Batok Fm,,沉积岩；具体沉积相未系统提取，不能据空值推断,44,43,43,0,c1c23e9eb0938d85310d820c7156b29f421d7ab36c9dc05b8a5e1b6a7a48f7d5,e2de87283b76abb9b82a99a714f63d043b03489ab25a8513dc8b8447c7ef9222,True,True,True,KEEP_MAIN,保留进入主训练,Malay–Thai Peninsula/Western Sundaland 的 Sibumasu 或 East Malaya/Sukhothai 采样域。,,,,,,,,True
E2,E2::MAIN::10.1016/j.jseaes.2019.103878::BH2B4_top,10.1016/j.jseaes.2019.103878::BH2B4_top,BH2B4_top,Dodd2019,10.1016/j.jseaes.2019.103878,10.1016/j.jseaes.2019.103878,1.3494,103.7498,Singapore,Singapore,"Bukit Batok, Singapore",East Malaya / Central Belt (Sukhothai Arc) - Singapore (Semantan/Tembeling basins),E2_Sukhothai_EastMalaya,MAIN_TRAIN_CANDIDATE,SEDIMENTARY_DETRITAL,SEDIMENTARY_DETRITAL,volcanic sandstone (borehole core),Bukit Batok Fm,Bukit Batok Fm,,沉积岩；具体沉积相未系统提取，不能据空值推断,34,33,33,0,c3a76ca8cf8154226683732f0be397baab5d5afb4cc77aa2ec77be76bdf1a137,ac99176c31964c8f3b6f6292dc38e3a48910fe5ad6071a944c08d8d82d01e444,True,True,True,KEEP_MAIN,保留进入主训练,Malay–Thai Peninsula/Western Sundaland 的 Sibumasu 或 East Malaya/Sukhothai 采样域。,,,,,,,,True
E2,E2::MAIN::10.1016/j.jseaes.2019.103878::BH2B5,10.1016/j.jseaes.2019.103878::BH2B5,BH2B5,Dodd2019,10.1016/j.jseaes.2019.103878,10.1016/j.jseaes.2019.103878,1.3494,103.7498,Singapore,Singapore,"Bukit Batok, Singapore",East Malaya / Central Belt (Sukhothai Arc) - Singapore (Semantan/Tembeling basins),E2_Sukhothai_EastMalaya,MAIN_TRAIN_CANDIDATE,SEDIMENTARY_DETRITAL,SEDIMENTARY_DETRITAL,volcanic sandstone (borehole core),Bukit Batok Fm,Bukit Batok Fm,,沉积岩；具体沉积相未系统提取，不能据空值推断,148,148,148,0,ce566abe69c439806b592a7cedab55d5179f20c195e018638b68f9a362caa438,3c008f23315995ed3419c50b3204fbe17f329e09aeeaf62bcf1706cefbc75688,True,True,True,KEEP_MAIN,保留进入主训练,Malay–Thai Peninsula/Western Sundaland 的 Sibumasu 或 East Malaya/Sukhothai 采样域。,,,,,,,,True
E2,E2::AUX_BEDROCK::10.17632/84z422f8sn::besar_UPb,10.17632/84z422f8sn::besar_UPb,besar_UPb,Jamil2025,10.17632/84z422f8sn,10.17632/84z422f8sn,,,Malaysia,Terengganu,Besar pluton (not among the five named plutons in the dataset description),East Malaya,E2_Sukhothai_EastMalaya,AUX_BEDROCK_REFERENCE,OTHER_OR_UNSPECIFIED,OTHER_OR_UNSPECIFIED,bedrock (granitoid),Besar pluton (not among the five named plutons in the dataset description),Besar pluton (not among the five named plutons in the dataset description),magmatic (crystallisation) zircon age,不适用或未解析,26,26,26,0,e46f97a02e3bd705c72c9e509b7da9cc261db8cf5584974adda030f5339aa496,30ca410c0347a73f2f92ef6870908edd53914071897c6ae687d1e0e6133f140d,False,False,False,EXTERNAL_REFERENCE,转 external reference,基岩辅助参照；保持原端点，但不进入仅碎屑主训练。,,,COORDINATES_MISSING; USE_SOURCE_LOCALITY_ONLY,,,,,True
E2,E2::AUX_BEDROCK::10.17632/84z422f8sn::jengai_UPb,10.17632/84z422f8sn::jengai_UPb,jengai_UPb,Jamil2025,10.17632/84z422f8sn,10.17632/84z422f8sn,4.46,103.39,Malaysia,Terengganu,Jengai granite,East Malaya,E2_Sukhothai_EastMalaya,AUX_BEDROCK_REFERENCE,OTHER_OR_UNSPECIFIED,OTHER_OR_UNSPECIFIED,bedrock (granitoid),Jengai granite,Jengai granite,magmatic (crystallisation) zircon age,不适用或未解析,43,43,43,0,f3bc8aa4e9cac9447c2e40ccdb183f8c15765aa0133185ed45e1804a7a7b8603,da76b22e1407301f9883914653653e2973b7664cadd564f098db40a50bfe1380,False,False,False,EXTERNAL_REFERENCE,转 external reference,基岩辅助参照；保持原端点，但不进入仅碎屑主训练。,,,,,,,,True
E2,E2::AUX_BEDROCK::10.17632/84z422f8sn::jerong_UPb,10.17632/84z422f8sn::jerong_UPb,jerong_UPb,Jamil2025,10.17632/84z422f8sn,10.17632/84z422f8sn,4.95,103.1,Malaysia,Terengganu,Jerong batholith,East Malaya,E2_Sukhothai_EastMalaya,AUX_BEDROCK_REFERENCE,OTHER_OR_UNSPECIFIED,OTHER_OR_UNSPECIFIED,bedrock (granitoid),Jerong batholith,Jerong batholith,magmatic (crystallisation) zircon age,不适用或未解析,44,44,44,0,8f65214e7574760cef2b1f4e0431b971e24498915ae1a958b54a7e435543ad5c,9c8acb09caa3c69f524de738b7b2583423b34de447f2041549c0a355d55204a3,False,False,False,EXTERNAL_REFERENCE,转 external reference,基岩辅助参照；保持原端点，但不进入仅碎屑主训练。,,,,,,,,True
E2,E2::AUX_BEDROCK::10.17632/84z422f8sn::kijal_UPb,10.17632/84z422f8sn::kijal_UPb,kijal_UPb,Jamil2025,10.17632/84z422f8sn,10.17632/84z422f8sn,4.35,103.483,Malaysia,Terengganu,Kijal pluton,East Malaya,E2_Sukhothai_EastMalaya,AUX_BEDROCK_REFERENCE,OTHER_OR_UNSPECIFIED,OTHER_OR_UNSPECIFIED,bedrock (granitoid),Kijal pluton,Kijal pluton,magmatic (crystallisation) zircon age,不适用或未解析,21,21,21,0,fd4b6bd577af37627a68dcbb6bd64fa1f8f0a03448bb4f4209c50dc261fb809b,27045f7cda14c944e1da5acd44674e7b1f546cf945ee262dee4b7828ba9aeab9,False,False,False,EXTERNAL_REFERENCE,转 external reference,基岩辅助参照；保持原端点，但不进入仅碎屑主训练。,,,,,,,,True
E2,E2::AUX_BEDROCK::10.17632/84z422f8sn::kuantan_UPb,10.17632/84z422f8sn::kuantan_UPb,kuantan_UPb,Jamil2025,10.17632/84z422f8sn,10.17632/84z422f8sn,3.822,103.32,Malaysia,Pahang,Kuantan pluton,East Malaya,E2_Sukhothai_EastMalaya,AUX_BEDROCK_REFERENCE,OTHER_OR_UNSPECIFIED,OTHER_OR_UNSPECIFIED,bedrock (granitoid),Kuantan pluton,Kuantan pluton,magmatic (crystallisation) zircon age,不适用或未解析,20,20,20,0,772a5c9d2e17167a574aff2fae42a23fd4f7e5aeb9770076c15b96b868b48c10,0d2f2c8f80f019b7f846bac2d6a9056532ace808f7098b7f1cebae3bc2340de5,False,False,False,EXTERNAL_REFERENCE,转 external reference,基岩辅助参照；保持原端点，但不进入仅碎屑主训练。,,,,,,,,True
E2,E2::AUX_BEDROCK::10.17632/84z422f8sn::maras-jong_UPb,10.17632/84z422f8sn::maras-jong_UPb,maras-jong_UPb,Jamil2025,10.17632/84z422f8sn,10.17632/84z422f8sn,5.343,103.03,Malaysia,Terengganu,Maras-Jong pluton,East Malaya,E2_Sukhothai_EastMalaya,AUX_BEDROCK_REFERENCE,OTHER_OR_UNSPECIFIED,OTHER_OR_UNSPECIFIED,bedrock (granitoid),Maras-Jong pluton,Maras-Jong pluton,magmatic (crystallisation) zircon age,不适用或未解析,23,23,23,0,c0e0091aae7470cd1fe9db5fa86ffe6d317b0bb2bab2951383f97c16264be957,80329f034b42109e973dd6fd22bd55191b697f18510550d86f7f49054cd9a748,False,False,False,EXTERNAL_REFERENCE,转 external reference,基岩辅助参照；保持原端点，但不进入仅碎屑主训练。,,,,,,,,True
E2,E2::AUX_BEDROCK::10.2113/2024/lithosphere_2023_272::Khao Dat Fa granite,10.2113/2024/lithosphere_2023_272::Khao Dat Fa granite,Khao Dat Fa granite,Klotzli2024,10.2113/2024/lithosphere_2023_272,10.2113/2024/lithosphere_2023_272,9.09,99.86,Thailand,Nakhon Si Thammarat,Khanom Core Complex (Khao Dat Fa / Laem Thong Yang / Haad Nai Phlao),Sibumasu,E2_Sibumasu,AUX_BEDROCK_REFERENCE,OTHER_OR_UNSPECIFIED,OTHER_OR_UNSPECIFIED,bedrock (literature summary),granite (orthogneiss),granite (orthogneiss),magmatic (crystallisation) zircon age - literature summary,不适用或未解析,1,1,1,0,fde9edb39f8e8e3cd6e4cc3d7d33130b0ef2a477fbeee2e433d8cf60ed7c098f,272e6cded6c647eaffa57bfdf8adc70050184cc9272537cf0f4bc981fae0e6fe,False,False,False,EXTERNAL_REFERENCE,转 external reference,基岩辅助参照；保持原端点，但不进入仅碎屑主训练。,,,,,,,,True
E2,E2::AUX_BEDROCK::10.2113/2024/lithosphere_2023_272::Khao Pret granitoid,10.2113/2024/lithosphere_2023_272::Khao Pret granitoid,Khao Pret granitoid,Klotzli2024,10.2113/2024/lithosphere_2023_272,10.2113/2024/lithosphere_2023_272,9.09,99.86,Thailand,Nakhon Si Thammarat,Khanom Core Complex,Sibumasu,E2_Sibumasu,AUX_BEDROCK_REFERENCE,OTHER_OR_UNSPECIFIED,OTHER_OR_UNSPECIFIED,bedrock (literature summary),granitoid / metamorphic zircon,granitoid / metamorphic zircon,magmatic (crystallisation) zircon age - literature summary,不适用或未解析,1,1,1,0,fee2a3a5f966246768cc61415050014c9cd496ed366cd0c67b1098cc96d77cbb,997e8f9664657f81f084e600f55226b33c495acee35d84053f92e1f5fe94a83a,False,False,False,EXTERNAL_REFERENCE,转 external reference,基岩辅助参照；保持原端点，但不进入仅碎屑主训练。,,,,,,,,True
E2,E2::AUX_BEDROCK::10.2113/2024/lithosphere_2023_272::Laem Thong Yang / Haad Nai Phlao granites,10.2113/2024/lithosphere_2023_272::Laem Thong Yang / Haad Nai Phlao granites,Laem Thong Yang / Haad Nai Phlao granites,Klotzli2024,10.2113/2024/lithosphere_2023_272,10.2113/2024/lithosphere_2023_272,9.09,99.86,Thailand,Nakhon Si Thammarat,Khanom Core Complex,Sibumasu,E2_Sibumasu,AUX_BEDROCK_REFERENCE,OTHER_OR_UNSPECIFIED,OTHER_OR_UNSPECIFIED,bedrock (literature summary),post-kinematic granite,post-kinematic granite,magmatic (crystallisation) zircon age - literature summary,不适用或未解析,1,1,1,0,2faf0fe00a540758f9a9376c5640ce7b0bd1f38738eddd0961ba9217ccfc3a93,4dc050a821119a55f11f874c15fb4bc2a1f5b8108b5a269ddcaf6696e9ec0497,False,False,False,EXTERNAL_REFERENCE,转 external reference,基岩辅助参照；保持原端点，但不进入仅碎屑主训练。,,,,,,,,True
E2,E2::AUX_BEDROCK::10.1016/j.gr.2021.03.001::3300,10.1016/j.gr.2021.03.001::3300,3300,Quek2021GR,10.1016/j.gr.2021.03.001,10.1016/j.gr.2021.03.001,4.566667,101.3,Malaysia,Perak,Selim (Triassic MRGP biotite granite),Sibumasu,E2_Sibumasu,AUX_BEDROCK_REFERENCE,OTHER_OR_UNSPECIFIED,OTHER_OR_UNSPECIFIED,bedrock (magmatic zircon),Triassic MRGP biotite granite,Triassic MRGP biotite granite,magmatic (crystallisation) zircon age,不适用或未解析,20,20,20,0,22467332459eb9043b610007154d73905a92fd328613742019cd723f0c743290,8bfaf91789c82105298321dcd19a8292f71094bedfc0d800c9242c7fa5750852,False,False,False,EXTERNAL_REFERENCE,转 external reference,基岩辅助参照；保持原端点，但不进入仅碎屑主训练。,,,,,,,,True
E2,E2::AUX_BEDROCK::10.1016/j.gr.2021.03.001::9100,10.1016/j.gr.2021.03.001::9100,9100,Quek2021GR,10.1016/j.gr.2021.03.001,10.1016/j.gr.2021.03.001,4.55,101.316667,Malaysia,Perak,Suku (Triassic MRGP biotite granite),Sibumasu,E2_Sibumasu,AUX_BEDROCK_REFERENCE,OTHER_OR_UNSPECIFIED,OTHER_OR_UNSPECIFIED,bedrock (magmatic zircon),Triassic MRGP biotite granite,Triassic MRGP biotite granite,magmatic (crystallisation) zircon age,不适用或未解析,20,20,20,0,f30dbb2ddd2075b4233a8749fb8018e2dc96643fb09ceb5b3a93030305d5b77f,0a92661483faed69ebd75249fc357f0d1400b1834c5b4fc60b5070b6c32f4ef7,False,False,False,EXTERNAL_REFERENCE,转 external reference,基岩辅助参照；保持原端点，但不进入仅碎屑主训练。,,,,,,,,True
E2,E2::AUX_BEDROCK::10.1016/j.gr.2021.03.001::B8,10.1016/j.gr.2021.03.001::B8,B8,Quek2021GR,10.1016/j.gr.2021.03.001,10.1016/j.gr.2021.03.001,5.274528,102.264861,Malaysia,Kelantan,Kuala Krai (Permo-Triassic EGP (volcanics)),East Malaya,E2_Sukhothai_EastMalaya,AUX_BEDROCK_REFERENCE,OTHER_OR_UNSPECIFIED,OTHER_OR_UNSPECIFIED,bedrock (literature summary),Permo-Triassic EGP (volcanics),Permo-Triassic EGP (volcanics),magmatic (crystallisation) zircon age - summary value from the dataset's SUMMARY sheet,不适用或未解析,1,1,1,0,1630006a5e1ccd16e31185cadca44830481f56c7606af5d3d71dcab1483433fe,109c8efe1c8778f4a87a03f53331e8aa15cd25d647bed892a73df78543f8ced3,False,False,False,EXTERNAL_REFERENCE,转 external reference,基岩辅助参照；保持原端点，但不进入仅碎屑主训练。,,,,,,,,True
E2,E2::AUX_BEDROCK::10.1016/j.gr.2021.03.001::BES5,10.1016/j.gr.2021.03.001::BES5,BES5,Quek2021GR,10.1016/j.gr.2021.03.001,10.1016/j.gr.2021.03.001,2.435675,103.978544,Malaysia,Johor,Besar Island (Permo-Triassic EGP (granite)),East Malaya,E2_Sukhothai_EastMalaya,AUX_BEDROCK_REFERENCE,OTHER_OR_UNSPECIFIED,OTHER_OR_UNSPECIFIED,bedrock (literature summary),Permo-Triassic EGP (granite),Permo-Triassic EGP (granite),magmatic (crystallisation) zircon age - summary value from the dataset's SUMMARY sheet,不适用或未解析,1,1,1,0,0b2c259e78d45f0bfe02467d1469a8ffa34ceda49b655896a209613a6483303c,0d4ae3486e927587537e3dc7d2756ca74bd42b0a460b34f844506ba70e589856,False,False,False,EXTERNAL_REFERENCE,转 external reference,基岩辅助参照；保持原端点，但不进入仅碎屑主训练。,,,,,,,,True
E2,E2::AUX_BEDROCK::10.1016/j.gr.2021.03.001::BH-3,10.1016/j.gr.2021.03.001::BH-3,BH-3,Quek2021GR,10.1016/j.gr.2021.03.001,10.1016/j.gr.2021.03.001,5.01326,100.83483,Malaysia,Kedah/Perak border area,Air Hitam (Triassic MRGP Amph-biotite granite),Sibumasu,E2_Sibumasu,AUX_BEDROCK_REFERENCE,OTHER_OR_UNSPECIFIED,OTHER_OR_UNSPECIFIED,bedrock (literature summary),Triassic MRGP Amph-biotite granite,Triassic MRGP Amph-biotite granite,magmatic (crystallisation) zircon age - summary value from the dataset's SUMMARY sheet,不适用或未解析,1,1,1,0,46ba6a74a093c6db04efb8fbe4b5bf5c7f5cdc1c9e96ac1b8ab88a420d9bde69,9f1f896c16f695ab2770866e58c8d4087353f1270c73ab3ccadfb7cca74896ad,False,False,False,EXTERNAL_REFERENCE,转 external reference,基岩辅助参照；保持原端点，但不进入仅碎屑主训练。,,,,,,,,True
E2,E2::AUX_BEDROCK::10.1016/j.gr.2021.03.001::Beru-1,10.1016/j.gr.2021.03.001::Beru-1,Beru-1,Quek2021GR,10.1016/j.gr.2021.03.001,10.1016/j.gr.2021.03.001,5.39363,101.33999,Malaysia,Perak,Berusong (Ordovician meta-volcanics),Sibumasu,E2_Sibumasu,AUX_BEDROCK_REFERENCE,OTHER_OR_UNSPECIFIED,OTHER_OR_UNSPECIFIED,bedrock (literature summary),Ordovician meta-volcanics,Ordovician meta-volcanics,magmatic (crystallisation) zircon age - summary value from the dataset's SUMMARY sheet,不适用或未解析,1,1,1,0,79a08454cf82e661abad1303fd6b9733db17333fa72884bfcf7d9a7092df4c2f,f12dbe659ff72576a454d801ff0c3d51ea072564bce231090668972a70f029a4,False,False,False,EXTERNAL_REFERENCE,转 external reference,基岩辅助参照；保持原端点，但不进入仅碎屑主训练。,,,,,,,,True
E2,E2::AUX_BEDROCK::10.1016/j.gr.2021.03.001::DIGI,10.1016/j.gr.2021.03.001::DIGI,DIGI,Quek2021GR,10.1016/j.gr.2021.03.001,10.1016/j.gr.2021.03.001,4.317056,103.4835,Malaysia,Terengganu,Bukit Kemuning (Permo-Triassic EGP (granite)),East Malaya,E2_Sukhothai_EastMalaya,AUX_BEDROCK_REFERENCE,OTHER_OR_UNSPECIFIED,OTHER_OR_UNSPECIFIED,bedrock (magmatic zircon),Permo-Triassic EGP (granite),Permo-Triassic EGP (granite),magmatic (crystallisation) zircon age,不适用或未解析,20,20,20,0,702a23c50f8f84c9f28008889fcdae2936328bd60a7e842540d0062ab630019d,144378b795a330c29ecda8987c73379361eacdee51dbe231fd8c3ea446a79fb7,False,False,False,EXTERNAL_REFERENCE,转 external reference,基岩辅助参照；保持原端点，但不进入仅碎屑主训练。,,,,,,,,True
E2,E2::AUX_BEDROCK::10.1016/j.gr.2021.03.001::Dind-1,10.1016/j.gr.2021.03.001::Dind-1,Dind-1,Quek2021GR,10.1016/j.gr.2021.03.001,10.1016/j.gr.2021.03.001,3.20478,101.777505,Malaysia,Selangor,Dinding (Ordovician meta-volcanics),Sibumasu,E2_Sibumasu,AUX_BEDROCK_REFERENCE,OTHER_OR_UNSPECIFIED,OTHER_OR_UNSPECIFIED,bedrock (literature summary),Ordovician meta-volcanics,Ordovician meta-volcanics,magmatic (crystallisation) zircon age - summary value from the dataset's SUMMARY sheet,不适用或未解析,1,1,1,0,4a8d8fb6afb534c38fcc20af441076fba9b31e6ce1519d2b711cf3d61635092c,a9b187ec3745f58e234281e12209205058ff66db320a2ea69f0b32af41d63666,False,False,False,EXTERNAL_REFERENCE,转 external reference,基岩辅助参照；保持原端点，但不进入仅碎屑主训练。,,,,,,,,True
E2,E2::AUX_BEDROCK::10.1016/j.gr.2021.03.001::ENDAU,10.1016/j.gr.2021.03.001::ENDAU,ENDAU,Quek2021GR,10.1016/j.gr.2021.03.001,10.1016/j.gr.2021.03.001,2.511317,103.834853,Malaysia,Johor,Air Papan (Permo-Triassic EGP (volcanics)),East Malaya,E2_Sukhothai_EastMalaya,AUX_BEDROCK_REFERENCE,OTHER_OR_UNSPECIFIED,OTHER_OR_UNSPECIFIED,bedrock (literature summary),Permo-Triassic EGP (volcanics),Permo-Triassic EGP (volcanics),magmatic (crystallisation) zircon age - summary value from the dataset's SUMMARY sheet,不适用或未解析,1,1,1,0,68d94de6351e04eefa6e745470373ef24632740738da9cda3c026bc6044914b7,cd0a4cdc1faa27c7f15ef76fcb334fe0483e7b2cc7badb346c1360d84269a13f,False,False,False,EXTERNAL_REFERENCE,转 external reference,基岩辅助参照；保持原端点，但不进入仅碎屑主训练。,,,,,,,,True
E2,E2::AUX_BEDROCK::10.1016/j.gr.2021.03.001::G-1,10.1016/j.gr.2021.03.001::G-1,G-1,Quek2021GR,10.1016/j.gr.2021.03.001,10.1016/j.gr.2021.03.001,5.59552,100.86842,Malaysia,Perak,Sungai Tiak (Triassic MRGP Amph-biotite granite),Sibumasu,E2_Sibumasu,AUX_BEDROCK_REFERENCE,OTHER_OR_UNSPECIFIED,OTHER_OR_UNSPECIFIED,bedrock (literature summary),Triassic MRGP Amph-biotite granite,Triassic MRGP Amph-biotite granite,magmatic (crystallisation) zircon age - summary value from the dataset's SUMMARY sheet,不适用或未解析,1,1,1,0,d24eb07103ff000a71d9155913630227f6f2d595e5d2f601e28e02cd66288379,6aa59ce20ba15f8d27a71b827d2d72147969fcb3aee43b6a81fb6dff3c3ee1bc,False,False,False,EXTERNAL_REFERENCE,转 external reference,基岩辅助参照；保持原端点，但不进入仅碎屑主训练。,,,,,,,,True
E2,E2::AUX_BEDROCK::10.1016/j.gr.2021.03.001::Gab-1,10.1016/j.gr.2021.03.001::Gab-1,Gab-1,Quek2021GR,10.1016/j.gr.2021.03.001,10.1016/j.gr.2021.03.001,3.1739,101.916,Malaysia,Selangor/Pahang border area,Gabai (Carboniferous meta-volcanics),Sibumasu,E2_Sibumasu,AUX_BEDROCK_REFERENCE,OTHER_OR_UNSPECIFIED,OTHER_OR_UNSPECIFIED,bedrock (magmatic zircon),Carboniferous meta-volcanics,Carboniferous meta-volcanics,magmatic (crystallisation) zircon age,不适用或未解析,20,20,20,0,c87d84aee811119e8e6a41b82647890f38cfa363ae4cebbbecd5f6adc389dd1b,fab3c71176c0374e288b2ee9fd4cf3226294dcde451ba4f58063a4fd0bc7db86,False,False,False,EXTERNAL_REFERENCE,转 external reference,基岩辅助参照；保持原端点，但不进入仅碎屑主训练。,,,,,,,,True
E2,E2::AUX_BEDROCK::10.1016/j.gr.2021.03.001::Gab-1_xenocryst,10.1016/j.gr.2021.03.001::Gab-1_xenocryst,Gab-1_xenocryst,Quek2021GR,10.1016/j.gr.2021.03.001,10.1016/j.gr.2021.03.001,3.1739,101.916,Malaysia,Selangor/Pahang border area,Gabai (Carboniferous meta-volcanics (xenocryst)),Sibumasu,E2_Sibumasu,AUX_BEDROCK_REFERENCE,OTHER_OR_UNSPECIFIED,OTHER_OR_UNSPECIFIED,bedrock (magmatic zircon),Carboniferous meta-volcanics (xenocryst),Carboniferous meta-volcanics (xenocryst),magmatic (crystallisation) zircon age,不适用或未解析,8,8,8,0,a6acd09b8c651999bc404a43b4f544613a7a9ce9e73e0229fa50da7e7b69e5c6,d500f33f1b38b4b24548ce5ede1eb455b82f5fc8949088e6849193edfaf9cad0,False,False,False,EXTERNAL_REFERENCE,转 external reference,基岩辅助参照；保持原端点，但不进入仅碎屑主训练。,,,,,,,,True
E2,E2::AUX_BEDROCK::10.1016/j.gr.2021.03.001::J5,10.1016/j.gr.2021.03.001::J5,J5,Quek2021GR,10.1016/j.gr.2021.03.001,10.1016/j.gr.2021.03.001,4.036528,100.549694,Malaysia,Perak (offshore island),Jarak Island (Triassic MRGP biotite granite),Sibumasu,E2_Sibumasu,AUX_BEDROCK_REFERENCE,OTHER_OR_UNSPECIFIED,OTHER_OR_UNSPECIFIED,bedrock (magmatic zircon),Triassic MRGP biotite granite,Triassic MRGP biotite granite,magmatic (crystallisation) zircon age,不适用或未解析,21,21,21,0,9459f18fde2606332959b7979a5f49ea28c2188f61d3212309c6e7e8f5c4f4d4,396ae0bbc67dae46fa980e1b6ac3fa3dd23969aaa9a3107de3d77321a7b4547a,False,False,False,EXTERNAL_REFERENCE,转 external reference,基岩辅助参照；保持原端点，但不进入仅碎屑主训练。,,,,,,,,True
E2,E2::AUX_BEDROCK::10.1016/j.gr.2021.03.001::Jerai-1,10.1016/j.gr.2021.03.001::Jerai-1,Jerai-1,Quek2021GR,10.1016/j.gr.2021.03.001,10.1016/j.gr.2021.03.001,5.79597,100.43722,Malaysia,Kedah,Gunung Jerai (Ordovician meta-volcanics),Sibumasu,E2_Sibumasu,AUX_BEDROCK_REFERENCE,OTHER_OR_UNSPECIFIED,OTHER_OR_UNSPECIFIED,bedrock (magmatic zircon),Ordovician meta-volcanics,Ordovician meta-volcanics,magmatic (crystallisation) zircon age,不适用或未解析,23,23,23,0,6ca016db3aee43c18ecae185e08de01ed5fc5df0d6e95139cf749a2be7f7e110,720c128a7724a24ea6add3e4fab067644ce29164659fef18cfc1a3f4b8da00af,False,False,False,EXTERNAL_REFERENCE,转 external reference,基岩辅助参照；保持原端点，但不进入仅碎屑主训练。,,,,,,,,True
E2,E2::AUX_BEDROCK::10.1016/j.gr.2021.03.001::KUL01,10.1016/j.gr.2021.03.001::KUL01,KUL01,Quek2021GR,10.1016/j.gr.2021.03.001,10.1016/j.gr.2021.03.001,1.646806,103.553222,Malaysia,Johor,Kulai (Permo-Triassic EGP (volcanics)),East Malaya,E2_Sukhothai_EastMalaya,AUX_BEDROCK_REFERENCE,OTHER_OR_UNSPECIFIED,OTHER_OR_UNSPECIFIED,bedrock (literature summary),Permo-Triassic EGP (volcanics),Permo-Triassic EGP (volcanics),magmatic (crystallisation) zircon age - summary value from the dataset's SUMMARY sheet,不适用或未解析,1,1,1,0,855a6510e7c7cbe5a46fccfcf05a358bae65a4ab31fd436804b2b8d81779b0ca,fa7bb01cc78a5a3d7ef78e977d9b76c9802726588aaa93d70bba190342c743b5,False,False,False,EXTERNAL_REFERENCE,转 external reference,基岩辅助参照；保持原端点，但不进入仅碎屑主训练。,,,,,,,,True
E2,E2::AUX_BEDROCK::10.1016/j.gr.2021.03.001::KYR8,10.1016/j.gr.2021.03.001::KYR8,KYR8,Quek2021GR,10.1016/j.gr.2021.03.001,10.1016/j.gr.2021.03.001,5.051103,102.579389,Malaysia,Terengganu,Kenyir Lake (Permo-Triassic EGP (volcanics)),East Malaya,E2_Sukhothai_EastMalaya,AUX_BEDROCK_REFERENCE,OTHER_OR_UNSPECIFIED,OTHER_OR_UNSPECIFIED,bedrock (literature summary),Permo-Triassic EGP (volcanics),Permo-Triassic EGP (volcanics),magmatic (crystallisation) zircon age - summary value from the dataset's SUMMARY sheet,不适用或未解析,1,1,1,0,4b5bf82d3c5f897de96003f60da00537dc678f14682df7734e2790cffc19d34d,97afaf676bb432214d31bae0061f3078c404967b894bac425acf4cd69dc0174f,False,False,False,EXTERNAL_REFERENCE,转 external reference,基岩辅助参照；保持原端点，但不进入仅碎屑主训练。,,,,,,,,True
E2,E2::AUX_BEDROCK::10.1016/j.gr.2021.03.001::Kn6,10.1016/j.gr.2021.03.001::Kn6,Kn6,Quek2021GR,10.1016/j.gr.2021.03.001,10.1016/j.gr.2021.03.001,3.817333,103.374139,Malaysia,Pahang,Teluk Cempedak (Permo-Triassic EGP (granite)),East Malaya,E2_Sukhothai_EastMalaya,AUX_BEDROCK_REFERENCE,OTHER_OR_UNSPECIFIED,OTHER_OR_UNSPECIFIED,bedrock (magmatic zircon),Permo-Triassic EGP (granite),Permo-Triassic EGP (granite),magmatic (crystallisation) zircon age,不适用或未解析,20,20,20,0,772a5c9d2e17167a574aff2fae42a23fd4f7e5aeb9770076c15b96b868b48c10,0d2f2c8f80f019b7f846bac2d6a9056532ace808f7098b7f1cebae3bc2340de5,False,False,False,EXTERNAL_REFERENCE,转 external reference,基岩辅助参照；保持原端点，但不进入仅碎屑主训练。,,,,,,,,True
E2,E2::AUX_BEDROCK::10.1016/j.gr.2021.03.001::L14,10.1016/j.gr.2021.03.001::L14,L14,Quek2021GR,10.1016/j.gr.2021.03.001,10.1016/j.gr.2021.03.001,6.299139,99.852806,Malaysia,Kedah (Langkawi),Kuah (Triassic MRGP biotite granite),Sibumasu,E2_Sibumasu,AUX_BEDROCK_REFERENCE,OTHER_OR_UNSPECIFIED,OTHER_OR_UNSPECIFIED,bedrock (literature summary),Triassic MRGP biotite granite,Triassic MRGP biotite granite,magmatic (crystallisation) zircon age - summary value from the dataset's SUMMARY sheet,不适用或未解析,1,1,1,0,380ea59f0fb000950080438237f4cb4f7977cbd8960ebec3b71102074ad95320,0a608f2709a5e7626974314523328b01519b1aaf9437e6102ed0aae9ba91bbc6,False,False,False,EXTERNAL_REFERENCE,转 external reference,基岩辅助参照；保持原端点，但不进入仅碎屑主训练。,,,,,,,,True
E2,E2::AUX_BEDROCK::10.1016/j.gr.2021.03.001::L20,10.1016/j.gr.2021.03.001::L20,L20,Quek2021GR,10.1016/j.gr.2021.03.001,10.1016/j.gr.2021.03.001,6.403067,99.803342,Malaysia,Kedah (Langkawi),Gunung Raya (Triassic MRGP biotite granite),Sibumasu,E2_Sibumasu,AUX_BEDROCK_REFERENCE,OTHER_OR_UNSPECIFIED,OTHER_OR_UNSPECIFIED,bedrock (literature summary),Triassic MRGP biotite granite,Triassic MRGP biotite granite,magmatic (crystallisation) zircon age - summary value from the dataset's SUMMARY sheet,不适用或未解析,1,1,1,0,3422018831644d625630fce49b4e7345d6fa3070f215cb8ec767bda411e0dbc5,c5bfe88e0d68a101fe517456fedd70d03efd34439f79f10063476b3d656a1e36,False,False,False,EXTERNAL_REFERENCE,转 external reference,基岩辅助参照；保持原端点，但不进入仅碎屑主训练。,,,,,,,,True
E2,E2::AUX_BEDROCK::10.1016/j.gr.2021.03.001::LS1,10.1016/j.gr.2021.03.001::LS1,LS1,Quek2021GR,10.1016/j.gr.2021.03.001,10.1016/j.gr.2021.03.001,3.067944,102.111417,Malaysia,Negeri Sembilan/Pahang border area,Kampung Konkoi (Triassic MRGP biotite granite),Sibumasu,E2_Sibumasu,AUX_BEDROCK_REFERENCE,OTHER_OR_UNSPECIFIED,OTHER_OR_UNSPECIFIED,bedrock (magmatic zircon),Triassic MRGP biotite granite,Triassic MRGP biotite granite,magmatic (crystallisation) zircon age,不适用或未解析,22,22,22,0,0c1001b078ca6deb1d42f91eaaae2a21fa64ee2e844b217768d064eaead3c430,b342ca9a0c981c949c05b550b3d4c795ef8f56dc9dd920632228975a587a40c9,False,False,False,EXTERNAL_REFERENCE,转 external reference,基岩辅助参照；保持原端点，但不进入仅碎屑主训练。,,,,,,,,True
E2,E2::AUX_BEDROCK::10.1016/j.gr.2021.03.001::Lawin-1,10.1016/j.gr.2021.03.001::Lawin-1,Lawin-1,Quek2021GR,10.1016/j.gr.2021.03.001,10.1016/j.gr.2021.03.001,5.306558,101.056318,Malaysia,Perak,Lawin (Ordovician meta-volcanics),Sibumasu,E2_Sibumasu,AUX_BEDROCK_REFERENCE,OTHER_OR_UNSPECIFIED,OTHER_OR_UNSPECIFIED,bedrock (magmatic zircon),Ordovician meta-volcanics,Ordovician meta-volcanics,magmatic (crystallisation) zircon age,不适用或未解析,12,12,12,0,ffe1f247e1b8d8a06ad3166cdf99ff5ab5be64f7672d3ff4c578cff62f996ff3,897a03f1389f81d3608da62d1bd577b72a3d7f94beb709c8af51290d5c87e6d1,False,False,False,EXTERNAL_REFERENCE,转 external reference,基岩辅助参照；保持原端点，但不进入仅碎屑主训练。,,,,,,,,True
E2,E2::AUX_BEDROCK::10.1016/j.gr.2021.03.001::Lebey-1,10.1016/j.gr.2021.03.001::Lebey-1,Lebey-1,Quek2021GR,10.1016/j.gr.2021.03.001,10.1016/j.gr.2021.03.001,5.43364,101.207919,Malaysia,Perak,Lebey (Ordovician meta-volcanics),Sibumasu,E2_Sibumasu,AUX_BEDROCK_REFERENCE,OTHER_OR_UNSPECIFIED,OTHER_OR_UNSPECIFIED,bedrock (magmatic zircon),Ordovician meta-volcanics,Ordovician meta-volcanics,magmatic (crystallisation) zircon age,不适用或未解析,34,34,34,0,99f197d7daa975c8935acb631ba4595e328c397d991e7dbf0fb2f734410cc014,c267f3d74c9bb2ce0ab1ce28675c3c9eea98dc7cf2f7309d48cc2c733242aefb,False,False,False,EXTERNAL_REFERENCE,转 external reference,基岩辅助参照；保持原端点，但不进入仅碎屑主训练。,,,,,,,,True
E2,E2::AUX_BEDROCK::10.1016/j.gr.2021.03.001::MBJ10,10.1016/j.gr.2021.03.001::MBJ10,MBJ10,Quek2021GR,10.1016/j.gr.2021.03.001,10.1016/j.gr.2021.03.001,5.367111,103.030972,Malaysia,Terengganu,Maras Jong (Permo-Triassic EGP (granite)),East Malaya,E2_Sukhothai_EastMalaya,AUX_BEDROCK_REFERENCE,OTHER_OR_UNSPECIFIED,OTHER_OR_UNSPECIFIED,bedrock (magmatic zircon),Permo-Triassic EGP (granite),Permo-Triassic EGP (granite),magmatic (crystallisation) zircon age,不适用或未解析,22,22,22,0,db09a2c7d137b96406b0c56a8bf5795aadc761eb80ac0fb6a079be64e9d34095,455d0ec7b777649c1109dc0a43c267e9c9323c8eee0daf97073c8a6ddcc85ee6,False,False,False,EXTERNAL_REFERENCE,转 external reference,基岩辅助参照；保持原端点，但不进入仅碎屑主训练。,,,,,,,,True
E2,E2::AUX_BEDROCK::10.1016/j.gr.2021.03.001::MUQ,10.1016/j.gr.2021.03.001::MUQ,MUQ,Quek2021GR,10.1016/j.gr.2021.03.001,10.1016/j.gr.2021.03.001,5.396858,102.24205,Malaysia,Kelantan,Manek Urai (Permo-Triassic EGP (volcanics)),East Malaya,E2_Sukhothai_EastMalaya,AUX_BEDROCK_REFERENCE,OTHER_OR_UNSPECIFIED,OTHER_OR_UNSPECIFIED,bedrock (literature summary),Permo-Triassic EGP (volcanics),Permo-Triassic EGP (volcanics),magmatic (crystallisation) zircon age - summary value from the dataset's SUMMARY sheet,不适用或未解析,1,1,1,0,93e039160b2c03a3edcac31567aecee90b7bc304d4bf83e60f60f804c4aff427,00a295e7762c39288ec7dd2c2b0552d56db43360d7ec2349b90b7cb2aac42226,False,False,False,EXTERNAL_REFERENCE,转 external reference,基岩辅助参照；保持原端点，但不进入仅碎屑主训练。,,,,,,,,True
E2,E2::AUX_BEDROCK::10.1016/j.gr.2021.03.001::Rep-1,10.1016/j.gr.2021.03.001::Rep-1,Rep-1,Quek2021GR,10.1016/j.gr.2021.03.001,10.1016/j.gr.2021.03.001,3.11628,101.91567,Malaysia,Selangor/Pahang border area,Rephens (Carboniferous meta-volcanics),Sibumasu,E2_Sibumasu,AUX_BEDROCK_REFERENCE,OTHER_OR_UNSPECIFIED,OTHER_OR_UNSPECIFIED,bedrock (magmatic zircon),Carboniferous meta-volcanics,Carboniferous meta-volcanics,magmatic (crystallisation) zircon age,不适用或未解析,21,21,21,0,e0de6a7499370b2ac684ddd0ff621aefe0e14f5e6cf4ed642c6be6533471c1cf,bd52f570dc5f1c36d15c897f9c03be79c0a9a9f86dd3121280ecb4d2ff635f18,False,False,False,EXTERNAL_REFERENCE,转 external reference,基岩辅助参照；保持原端点，但不进入仅碎屑主训练。,,,,,,,,True
E2,E2::AUX_BEDROCK::10.1016/j.gr.2021.03.001::Rep-1_xenocryst,10.1016/j.gr.2021.03.001::Rep-1_xenocryst,Rep-1_xenocryst,Quek2021GR,10.1016/j.gr.2021.03.001,10.1016/j.gr.2021.03.001,3.11628,101.91567,Malaysia,Selangor/Pahang border area,Rephens (Carboniferous meta-volcanics (xenocryst)),Sibumasu,E2_Sibumasu,AUX_BEDROCK_REFERENCE,OTHER_OR_UNSPECIFIED,OTHER_OR_UNSPECIFIED,bedrock (magmatic zircon),Carboniferous meta-volcanics (xenocryst),Carboniferous meta-volcanics (xenocryst),magmatic (crystallisation) zircon age,不适用或未解析,13,13,13,0,0657b93ad761ae2a0a6364150fc20fca989fa5d497a390cd9e0f94325fcfe279,c6c512610ca6401988cbb4b89dbba6a1494dc855d443475906e9442c6361ffc9,False,False,False,EXTERNAL_REFERENCE,转 external reference,基岩辅助参照；保持原端点，但不进入仅碎屑主训练。,,,,,,,,True
E2,E2::AUX_BEDROCK::10.1016/j.gr.2021.03.001::SJQR4,10.1016/j.gr.2021.03.001::SJQR4,SJQR4,Quek2021GR,10.1016/j.gr.2021.03.001,10.1016/j.gr.2021.03.001,3.930889,102.275139,Malaysia,Pahang,Sungai Jan (Permo-Triassic EGP (volcanics)),East Malaya,E2_Sukhothai_EastMalaya,AUX_BEDROCK_REFERENCE,OTHER_OR_UNSPECIFIED,OTHER_OR_UNSPECIFIED,bedrock (literature summary),Permo-Triassic EGP (volcanics),Permo-Triassic EGP (volcanics),magmatic (crystallisation) zircon age - summary value from the dataset's SUMMARY sheet,不适用或未解析,1,1,1,0,704781c27e76289f65216f1b9e230c708bc8b5476cefaab0cd05371ce32db181,d62e75fb72c3ccc35d7f216f6bef2e0a4a4ee69a704e97d9ee1dddf5ab0a88f2,False,False,False,EXTERNAL_REFERENCE,转 external reference,基岩辅助参照；保持原端点，但不进入仅碎屑主训练。,,,,,,,,True
E2,E2::AUX_BEDROCK::10.1016/j.gr.2021.03.001::SS,10.1016/j.gr.2021.03.001::SS,SS,Quek2021GR,10.1016/j.gr.2021.03.001,10.1016/j.gr.2021.03.001,4.036667,100.55,Malaysia,Perak (offshore island),Sembilan Island (Triassic MRGP biotite granite),Sibumasu,E2_Sibumasu,AUX_BEDROCK_REFERENCE,OTHER_OR_UNSPECIFIED,OTHER_OR_UNSPECIFIED,bedrock (magmatic zircon),Triassic MRGP biotite granite,Triassic MRGP biotite granite,magmatic (crystallisation) zircon age,不适用或未解析,20,20,20,0,c0392a992bf30430187b68f1db93b56ec64926474f545624162a8fd9392a2de5,a7b523e5585012167744cd9fb626c46d4935cc538f4e5c98a8d7c7ab0ce68475,False,False,False,EXTERNAL_REFERENCE,转 external reference,基岩辅助参照；保持原端点，但不进入仅碎屑主训练。,,,,,,,,True
E2,E2::AUX_BEDROCK::10.1016/j.gr.2021.03.001::SY3,10.1016/j.gr.2021.03.001::SY3,SY3,Quek2021GR,10.1016/j.gr.2021.03.001,10.1016/j.gr.2021.03.001,4.010583,101.958917,Malaysia,Pahang,Benom (Permo-Triassic EGP (granite)),East Malaya,E2_Sukhothai_EastMalaya,AUX_BEDROCK_REFERENCE,OTHER_OR_UNSPECIFIED,OTHER_OR_UNSPECIFIED,bedrock (magmatic zircon),Permo-Triassic EGP (granite),Permo-Triassic EGP (granite),magmatic (crystallisation) zircon age,不适用或未解析,14,14,14,0,aad99523a0d91ccab2e16bafd3aa64dd4c27fabe8ceb81e6b103aa3345dd6c92,c1a5af5db43e17d3a8f0b09703a0934bb3facb29ec0a51022305eed63ecc541c,False,False,False,EXTERNAL_REFERENCE,转 external reference,基岩辅助参照；保持原端点，但不进入仅碎屑主训练。,,,,,,,,True
E2,E2::AUX_BEDROCK::10.1016/j.gr.2021.03.001::Siput-1,10.1016/j.gr.2021.03.001::Siput-1,Siput-1,Quek2021GR,10.1016/j.gr.2021.03.001,10.1016/j.gr.2021.03.001,4.98164,101.17745,Malaysia,Perak,Sungai Siput (Ordovician meta-volcanics),Sibumasu,E2_Sibumasu,AUX_BEDROCK_REFERENCE,OTHER_OR_UNSPECIFIED,OTHER_OR_UNSPECIFIED,bedrock (magmatic zircon),Ordovician meta-volcanics,Ordovician meta-volcanics,magmatic (crystallisation) zircon age,不适用或未解析,31,31,31,0,fd09297daff386d02f2a5bf85b34006ab152caf951815f121e5860943637151e,a302a64f2c237f6d9391d6e57a8d7e78e03450be60b3b7233f4ac2fbf63553ce,False,False,False,EXTERNAL_REFERENCE,转 external reference,基岩辅助参照；保持原端点，但不进入仅碎屑主训练。,,,,,,,,True
E2,E2::AUX_BEDROCK::10.1016/j.gr.2021.03.001::Siput-2,10.1016/j.gr.2021.03.001::Siput-2,Siput-2,Quek2021GR,10.1016/j.gr.2021.03.001,10.1016/j.gr.2021.03.001,4.85477,101.13404,Malaysia,Perak,Sungai Siput (Ordovician meta-volcanics),Sibumasu,E2_Sibumasu,AUX_BEDROCK_REFERENCE,OTHER_OR_UNSPECIFIED,OTHER_OR_UNSPECIFIED,bedrock (magmatic zircon),Ordovician meta-volcanics,Ordovician meta-volcanics,magmatic (crystallisation) zircon age,不适用或未解析,24,24,24,0,cea237eae665a2f4091611e129c31f8fa5aa0d135a1a2f941e64cbcb2235ec8b,4708b601e7feffb0a3aa947097e3148e91ae76f4de4df475cd9d8a74ce0d06ed,False,False,False,EXTERNAL_REFERENCE,转 external reference,基岩辅助参照；保持原端点，但不进入仅碎屑主训练。,,,,,,,,True
E2,E2::AUX_BEDROCK::10.1016/j.gr.2021.03.001::TENG,10.1016/j.gr.2021.03.001::TENG,TENG,Quek2021GR,10.1016/j.gr.2021.03.001,10.1016/j.gr.2021.03.001,4.807969,103.678808,Malaysia,Terengganu,Tenggol (Permo-Triassic EGP (volcanics)),East Malaya,E2_Sukhothai_EastMalaya,AUX_BEDROCK_REFERENCE,OTHER_OR_UNSPECIFIED,OTHER_OR_UNSPECIFIED,bedrock (literature summary),Permo-Triassic EGP (volcanics),Permo-Triassic EGP (volcanics),magmatic (crystallisation) zircon age - summary value from the dataset's SUMMARY sheet,不适用或未解析,1,1,1,0,947206f641ee7bcd5bb0ab0eabeff660f85db56ef8a4c7e53bf4727d23b736ee,0fe58852e51005ac255ec250115ba71aa857a0771b3a9dba2a8c46bb2acdd444,False,False,False,EXTERNAL_REFERENCE,转 external reference,基岩辅助参照；保持原端点，但不进入仅碎屑主训练。,,,,,,,,True
E2,E2::AUX_BEDROCK::10.1016/j.gr.2021.03.001::TG4,10.1016/j.gr.2021.03.001::TG4,TG4,Quek2021GR,10.1016/j.gr.2021.03.001,10.1016/j.gr.2021.03.001,2.478139,103.959111,Malaysia,Johor,Tengah Island (Permo-Triassic EGP (granite)),East Malaya,E2_Sukhothai_EastMalaya,AUX_BEDROCK_REFERENCE,OTHER_OR_UNSPECIFIED,OTHER_OR_UNSPECIFIED,bedrock (literature summary),Permo-Triassic EGP (granite),Permo-Triassic EGP (granite),magmatic (crystallisation) zircon age - summary value from the dataset's SUMMARY sheet,不适用或未解析,1,1,1,0,364f166182cfa91c6ec22dc1f903197cf0882406e9465f3c68fd727b013bc607,85084f452f68dbf14db529ae09c435f2bd0c2b3c794c129caca5ddabdb75ff6d,False,False,False,EXTERNAL_REFERENCE,转 external reference,基岩辅助参照；保持原端点，但不进入仅碎屑主训练。,,,,,,,,True
E2,E2::AUX_BEDROCK::10.1016/j.gr.2021.03.001::TRPR,10.1016/j.gr.2021.03.001::TRPR,TRPR,Quek2021GR,10.1016/j.gr.2021.03.001,10.1016/j.gr.2021.03.001,1.370492,104.26455,Malaysia,Johor,Ramunia (Permo-Triassic EGP (volcanics)),East Malaya,E2_Sukhothai_EastMalaya,AUX_BEDROCK_REFERENCE,OTHER_OR_UNSPECIFIED,OTHER_OR_UNSPECIFIED,bedrock (literature summary),Permo-Triassic EGP (volcanics),Permo-Triassic EGP (volcanics),magmatic (crystallisation) zircon age - summary value from the dataset's SUMMARY sheet,不适用或未解析,1,1,1,0,59c083dc4bb9c8dc7994df6da5feb76407f167e623732c337d0df15f278aa3e3,88becaa963c774bda9878fd60a2e444bbf059483c24406d548fc7fe45ecde5ef,False,False,False,EXTERNAL_REFERENCE,转 external reference,基岩辅助参照；保持原端点，但不进入仅碎屑主训练。,,,,,,,,True
E2,E2::AUX_BEDROCK::10.1016/j.gr.2021.03.001::TT11,10.1016/j.gr.2021.03.001::TT11,TT11,Quek2021GR,10.1016/j.gr.2021.03.001,10.1016/j.gr.2021.03.001,2.978278,102.061389,Malaysia,Negeri Sembilan,Kuala Kelawang (Triassic MRGP Amph-biotite granite),Sibumasu,E2_Sibumasu,AUX_BEDROCK_REFERENCE,OTHER_OR_UNSPECIFIED,OTHER_OR_UNSPECIFIED,bedrock (magmatic zircon),Triassic MRGP Amph-biotite granite,Triassic MRGP Amph-biotite granite,magmatic (crystallisation) zircon age,不适用或未解析,20,20,20,0,f52fca5396c23c7b886653f527f8e6eef005a9a00faf11527eb0800ef16bf506,4b1693a648c2320e6da80409979ea914bd83de4dcf09d0140569f45e26b72ecf,False,False,False,EXTERNAL_REFERENCE,转 external reference,基岩辅助参照；保持原端点，但不进入仅碎屑主训练。,,,,,,,,True
E2,E2::AUX_BEDROCK::10.1016/j.gr.2021.03.001::Temng-1,10.1016/j.gr.2021.03.001::Temng-1,Temng-1,Quek2021GR,10.1016/j.gr.2021.03.001,10.1016/j.gr.2021.03.001,5.40873,101.29929,Malaysia,Perak,Temenggor (Ordovician meta-volcanics),Sibumasu,E2_Sibumasu,AUX_BEDROCK_REFERENCE,OTHER_OR_UNSPECIFIED,OTHER_OR_UNSPECIFIED,bedrock (literature summary),Ordovician meta-volcanics,Ordovician meta-volcanics,magmatic (crystallisation) zircon age - summary value from the dataset's SUMMARY sheet,不适用或未解析,1,1,1,0,991d9bd862d223968f905130ec360e699dec33f418157595c19b43893013fc06,f397800fa0405f91367eb237a968c64aa054658af62bbc731431ec51688c7032,False,False,False,EXTERNAL_REFERENCE,转 external reference,基岩辅助参照；保持原端点，但不进入仅碎屑主训练。,,,,,,,,True
E2,E2::AUX_BEDROCK::10.1016/j.gr.2010.10.010::Eastern Province granitoids (Hf characterisation),10.1016/j.gr.2010.10.010::Eastern Province granitoids (Hf characterisation),Eastern Province granitoids (Hf characterisation),Sevastjanova2011,10.1016/j.gr.2010.10.010,10.1016/j.gr.2010.10.010,4.64,103.44,Malaysia,Peninsular Malaysia,Eastern Province granitoids (Eastern Belt),East Malaya,E2_Sukhothai_EastMalaya,AUX_BEDROCK_REFERENCE,OTHER_OR_UNSPECIFIED,OTHER_OR_UNSPECIFIED,bedrock (literature summary),granitoid,granitoid,magmatic (crystallisation) zircon age - literature summary,不适用或未解析,1,1,1,0,481b0ac36cc0bd29b1709b8d5e4dd9c75348806a1475ed724297501ee2db9216,902d0377cc47bf3aed8f419c497947c110608888dd49e3ba1519a20f3d217532,False,False,False,EXTERNAL_REFERENCE,转 external reference,基岩辅助参照；保持原端点，但不进入仅碎屑主训练。,,,,,,,,True
E2,E2::AUX_BEDROCK::10.1029/2020gc009622::BK-1,10.1029/2020gc009622::BK-1,BK-1,Wang2021,10.1029/2020GC009622,10.1029/2020gc009622,8.1,99.7,Thailand,Nakhon Si Thammarat,"Khao Chao, Peninsular Thailand",Sibumasu,E2_Sibumasu,AUX_BEDROCK_REFERENCE,OTHER_OR_UNSPECIFIED,OTHER_OR_UNSPECIFIED,bedrock (literature summary),muscovite granite,muscovite granite,magmatic (crystallisation) zircon age - literature summary,不适用或未解析,1,1,1,0,4a8d8fb6afb534c38fcc20af441076fba9b31e6ce1519d2b711cf3d61635092c,a9b187ec3745f58e234281e12209205058ff66db320a2ea69f0b32af41d63666,False,False,False,EXTERNAL_REFERENCE,转 external reference,基岩辅助参照；保持原端点，但不进入仅碎屑主训练。,,,,,,,,True
E2,E2::AUX_BEDROCK::10.1029/2020gc009622::BK-9,10.1029/2020gc009622::BK-9,BK-9,Wang2021,10.1029/2020GC009622,10.1029/2020gc009622,8.1,99.7,Thailand,Nakhon Si Thammarat,"Khao Chao, Peninsular Thailand",Sibumasu,E2_Sibumasu,AUX_BEDROCK_REFERENCE,OTHER_OR_UNSPECIFIED,OTHER_OR_UNSPECIFIED,bedrock (literature summary),mylonitic granite,mylonitic granite,magmatic (crystallisation) zircon age - literature summary,不适用或未解析,1,1,1,0,f82d9ca4601b46b48f5bf8bd5b24b385f90ed124f7f27ed750c7412ecfa77351,0b866e7d7a266bdc39914a526fac4493ef11c721251266015949a0fbd011263b,False,False,False,EXTERNAL_REFERENCE,转 external reference,基岩辅助参照；保持原端点，但不进入仅碎屑主训练。,,,,,,,,True
E2,E2::AUX_BEDROCK::10.1007/s12040-014-0501-5::BES5,10.1007/s12040-014-0501-5::BES5,BES5,Ghani2014JESS,10.1007/s12040-014-0501-5,10.1007/s12040-014-0501-5,,,Malaysia,,E2_Sukhothai_EastMalaya,Sukhothai Arc / East Malaya (Central-Eastern Belt),E2_Sukhothai_EastMalaya,AUX_BEDROCK_REFERENCE,IGNEOUS_OR_VOLCANIC_BEDROCK,IGNEOUS_OR_VOLCANIC_BEDROCK,igneous rock (bedrock),Permian,Permian,,不适用或未解析,14,14,14,0,db15542e466f8a731f20c5ffc6bc5d4de7156ac6c12a6e2c54e2b03f1019e33a,2708f1ff1dbfca12e0ea1c0c8191807ff9cfb25c723865691bcff5662f1f7392,False,False,False,EXTERNAL_REFERENCE,转 external reference,基岩辅助参照；保持原端点，但不进入仅碎屑主训练。,,,COORDINATES_MISSING; USE_SOURCE_LOCALITY_ONLY,,,,,True
E2,E2::AUX_BEDROCK::10.1007/s12040-014-0501-5::TG4,10.1007/s12040-014-0501-5::TG4,TG4,Ghani2014JESS,10.1007/s12040-014-0501-5,10.1007/s12040-014-0501-5,,,Malaysia,,,(belt unverified),,AUX_BEDROCK_REFERENCE,IGNEOUS_OR_VOLCANIC_BEDROCK,IGNEOUS_OR_VOLCANIC_BEDROCK,igneous rock (bedrock),Permian,Permian,,不适用或未解析,14,14,14,0,71e831f03861941ce8b6bc6e466877a9b739cf33e8c4c0ee2ea20f8b12110d96,34fd66048007b074f1cf3b01cab36525e6af539bbae012939e81b1f55c1b3601,False,False,False,EXTERNAL_REFERENCE,转 external reference,基岩辅助参照；保持原端点，但不进入仅碎屑主训练。,,,COORDINATES_MISSING; USE_SOURCE_LOCALITY_ONLY,,,,,True
E2,E2::AUX_BEDROCK::10.1130/b31214.1::MA06,10.1130/b31214.1::MA06,MA06,Ng2015GRAN,10.1130/B31214.1,10.1130/b31214.1,,,Malaysia,,,Peninsular Malaysia granite provinces (belt per sample unverified),,AUX_BEDROCK_REFERENCE,IGNEOUS_OR_VOLCANIC_BEDROCK,IGNEOUS_OR_VOLCANIC_BEDROCK,igneous rock (bedrock),Triassic,Triassic,,不适用或未解析,24,24,24,0,9b571200fea9f44266e95516bba43cf36d6e5f234eb3b6fb8b49155508c6692b,fb1f4f9bb1a75d875997f8ed60e70bf46cd7165da2b007b81070b6893ee3e58f,False,False,False,EXTERNAL_REFERENCE,转 external reference,基岩辅助参照；保持原端点，但不进入仅碎屑主训练。,,,COORDINATES_MISSING; USE_SOURCE_LOCALITY_ONLY,,,,,True
E2,E2::AUX_BEDROCK::10.1130/b31214.1::MA07,10.1130/b31214.1::MA07,MA07,Ng2015GRAN,10.1130/B31214.1,10.1130/b31214.1,,,Malaysia,,,Peninsular Malaysia granite provinces (belt per sample unverified),,AUX_BEDROCK_REFERENCE,IGNEOUS_OR_VOLCANIC_BEDROCK,IGNEOUS_OR_VOLCANIC_BEDROCK,igneous rock (bedrock),Triassic,Triassic,,不适用或未解析,20,20,20,0,362427da07f99d4c05ee296ac7427fb260e6ffc78257551594bd8424ae469a97,a05281e305d0c64cfbdb76a4258834f81b13560157dadbbba5c857bfe076eaf3,False,False,False,EXTERNAL_REFERENCE,转 external reference,基岩辅助参照；保持原端点，但不进入仅碎屑主训练。,,,COORDINATES_MISSING; USE_SOURCE_LOCALITY_ONLY,,,,,True
E2,E2::AUX_BEDROCK::10.1130/b31214.1::MA104,10.1130/b31214.1::MA104,MA104,Ng2015GRAN,10.1130/B31214.1,10.1130/b31214.1,,,Malaysia,,,Peninsular Malaysia granite provinces (belt per sample unverified),,AUX_BEDROCK_REFERENCE,IGNEOUS_OR_VOLCANIC_BEDROCK,IGNEOUS_OR_VOLCANIC_BEDROCK,igneous rock (bedrock),Triassic,Triassic,,不适用或未解析,15,15,15,0,745f8896ba3adda06aaf518f27bf780021fb5fa01c21da2076a5350b9a47197b,2e90a0a00a21d4edecb0429925b46064ff77f9a3c812ad4d00a57548c2880db3,False,False,False,EXTERNAL_REFERENCE,转 external reference,基岩辅助参照；保持原端点，但不进入仅碎屑主训练。,,,COORDINATES_MISSING; USE_SOURCE_LOCALITY_ONLY,,,,,True
E2,E2::AUX_BEDROCK::10.1130/b31214.1::MA109,10.1130/b31214.1::MA109,MA109,Ng2015GRAN,10.1130/B31214.1,10.1130/b31214.1,,,Malaysia,,,Peninsular Malaysia granite provinces (belt per sample unverified),,AUX_BEDROCK_REFERENCE,IGNEOUS_OR_VOLCANIC_BEDROCK,IGNEOUS_OR_VOLCANIC_BEDROCK,igneous rock (bedrock),Triassic,Triassic,,不适用或未解析,15,15,15,0,f2c63a8de1ddedd7ca85555fcd6c3b2b4466f3e80936ffec88e09200059b827d,7be8c1f6c0a56c881bde8b403ee4fc1543b1b9954bc821c93e2be7740c341ac5,False,False,False,EXTERNAL_REFERENCE,转 external reference,基岩辅助参照；保持原端点，但不进入仅碎屑主训练。,,,COORDINATES_MISSING; USE_SOURCE_LOCALITY_ONLY,,,,,True
E2,E2::AUX_BEDROCK::10.1130/b31214.1::MA110,10.1130/b31214.1::MA110,MA110,Ng2015GRAN,10.1130/B31214.1,10.1130/b31214.1,,,Malaysia,,,Peninsular Malaysia granite provinces (belt per sample unverified),,AUX_BEDROCK_REFERENCE,IGNEOUS_OR_VOLCANIC_BEDROCK,IGNEOUS_OR_VOLCANIC_BEDROCK,igneous rock (bedrock),Triassic,Triassic,,不适用或未解析,14,14,14,0,76a899d5e39fc0652dc5c47a7c161a0426c51ba24ecc5ccb6f81269049a9b1fc,6db0f5ddf71d0663e7bbc2e18fd5153083fb788e1cc575bd31f0a8d2f56182a0,False,False,False,EXTERNAL_REFERENCE,转 external reference,基岩辅助参照；保持原端点，但不进入仅碎屑主训练。,,,COORDINATES_MISSING; USE_SOURCE_LOCALITY_ONLY,,,,,True
E2,E2::AUX_BEDROCK::10.1130/b31214.1::MA13,10.1130/b31214.1::MA13,MA13,Ng2015GRAN,10.1130/B31214.1,10.1130/b31214.1,,,Malaysia,,,Peninsular Malaysia granite provinces (belt per sample unverified),,AUX_BEDROCK_REFERENCE,IGNEOUS_OR_VOLCANIC_BEDROCK,IGNEOUS_OR_VOLCANIC_BEDROCK,igneous rock (bedrock),Triassic,Triassic,,不适用或未解析,38,38,38,0,875b22991c4eef5391ecfefd4d6567551acd5d30e91d4d929e814c7f2891d5ca,6913e15baeccd75325aaed6345822ccd6c47d82067a4d7fc8cd6792dc143bce3,False,False,False,EXTERNAL_REFERENCE,转 external reference,基岩辅助参照；保持原端点，但不进入仅碎屑主训练。,,,COORDINATES_MISSING; USE_SOURCE_LOCALITY_ONLY,,,,,True
E2,E2::AUX_BEDROCK::10.1130/b31214.1::MA14,10.1130/b31214.1::MA14,MA14,Ng2015GRAN,10.1130/B31214.1,10.1130/b31214.1,,,Malaysia,,,Peninsular Malaysia granite provinces (belt per sample unverified),,AUX_BEDROCK_REFERENCE,IGNEOUS_OR_VOLCANIC_BEDROCK,IGNEOUS_OR_VOLCANIC_BEDROCK,igneous rock (bedrock),Triassic,Triassic,,不适用或未解析,11,11,11,0,c330009ea6ba2b175ef5b49909a38b7926c4dc12401309be7766c13761ac7221,ba058595609e6708e7a0b23d1505f400b765c787d43462b46821c456f200a481,False,False,False,EXTERNAL_REFERENCE,转 external reference,基岩辅助参照；保持原端点，但不进入仅碎屑主训练。,,,COORDINATES_MISSING; USE_SOURCE_LOCALITY_ONLY,,,,,True
E2,E2::AUX_BEDROCK::10.1130/b31214.1::MA15,10.1130/b31214.1::MA15,MA15,Ng2015GRAN,10.1130/B31214.1,10.1130/b31214.1,,,Malaysia,,,Peninsular Malaysia granite provinces (belt per sample unverified),,AUX_BEDROCK_REFERENCE,IGNEOUS_OR_VOLCANIC_BEDROCK,IGNEOUS_OR_VOLCANIC_BEDROCK,igneous rock (bedrock),Triassic,Triassic,,不适用或未解析,20,20,20,0,9040b1a4269f24204389ee70a13d99d635b3fb3a869f7ba03ee7cfa814f28537,f562a13ba4b7e890cbb237e3bb97ef9d9444140079effcb19e2455c8ed9ca41e,False,False,False,EXTERNAL_REFERENCE,转 external reference,基岩辅助参照；保持原端点，但不进入仅碎屑主训练。,,,COORDINATES_MISSING; USE_SOURCE_LOCALITY_ONLY,,,,,True
E2,E2::AUX_BEDROCK::10.1130/b31214.1::MA16,10.1130/b31214.1::MA16,MA16,Ng2015GRAN,10.1130/B31214.1,10.1130/b31214.1,,,Malaysia,,,Peninsular Malaysia granite provinces (belt per sample unverified),,AUX_BEDROCK_REFERENCE,IGNEOUS_OR_VOLCANIC_BEDROCK,IGNEOUS_OR_VOLCANIC_BEDROCK,igneous rock (bedrock),Triassic,Triassic,,不适用或未解析,20,20,20,0,37f968a2b46fe61472043f080bc1e408f042b7cfe872434b4c87f3cf4c065b43,3ebbf8ea2c01c690f278e451b1a78c8e5c7d4af293fe2a552033439c3d2b2e7a,False,False,False,EXTERNAL_REFERENCE,转 external reference,基岩辅助参照；保持原端点，但不进入仅碎屑主训练。,,,COORDINATES_MISSING; USE_SOURCE_LOCALITY_ONLY,,,,,True
E2,E2::AUX_BEDROCK::10.1130/b31214.1::MA19,10.1130/b31214.1::MA19,MA19,Ng2015GRAN,10.1130/B31214.1,10.1130/b31214.1,,,Malaysia,,,Peninsular Malaysia granite provinces (belt per sample unverified),,AUX_BEDROCK_REFERENCE,IGNEOUS_OR_VOLCANIC_BEDROCK,IGNEOUS_OR_VOLCANIC_BEDROCK,igneous rock (bedrock),Triassic,Triassic,,不适用或未解析,11,11,11,0,c1e25ecbeeb25e01e7dd130b48e9229720764439326b6538ecca9828c179e756,6404730e566f0a43ef1acf22b776ed4eff4ff7bd0324b6b65084868e7c3f637a,False,False,False,EXTERNAL_REFERENCE,转 external reference,基岩辅助参照；保持原端点，但不进入仅碎屑主训练。,,,COORDINATES_MISSING; USE_SOURCE_LOCALITY_ONLY,,,,,True
E2,E2::AUX_BEDROCK::10.1130/b31214.1::MA20,10.1130/b31214.1::MA20,MA20,Ng2015GRAN,10.1130/B31214.1,10.1130/b31214.1,,,Malaysia,,,Peninsular Malaysia granite provinces (belt per sample unverified),,AUX_BEDROCK_REFERENCE,IGNEOUS_OR_VOLCANIC_BEDROCK,IGNEOUS_OR_VOLCANIC_BEDROCK,igneous rock (bedrock),Triassic,Triassic,,不适用或未解析,10,10,10,0,953ca32035b4d5019620147a9a839b326e5baae52ed78a7b766e58cc2e486d50,a554a067e403db2864439a13810b951daf54b17ca4912655cc74be51b6960a37,False,False,False,EXTERNAL_REFERENCE,转 external reference,基岩辅助参照；保持原端点，但不进入仅碎屑主训练。,,,COORDINATES_MISSING; USE_SOURCE_LOCALITY_ONLY,,,,,True
E2,E2::AUX_BEDROCK::10.1130/b31214.1::MA23,10.1130/b31214.1::MA23,MA23,Ng2015GRAN,10.1130/B31214.1,10.1130/b31214.1,,,Malaysia,,,Peninsular Malaysia granite provinces (belt per sample unverified),,AUX_BEDROCK_REFERENCE,IGNEOUS_OR_VOLCANIC_BEDROCK,IGNEOUS_OR_VOLCANIC_BEDROCK,igneous rock (bedrock),Triassic,Triassic,,不适用或未解析,10,10,10,0,75caad7e57be8effbb5736bd4035049bb21dca2f61495c82502f6d07d3920e99,8f734de16f0d1c66545035d1cb0a153fbb1e105a044a58912392787742a47dc1,False,False,False,EXTERNAL_REFERENCE,转 external reference,基岩辅助参照；保持原端点，但不进入仅碎屑主训练。,,,COORDINATES_MISSING; USE_SOURCE_LOCALITY_ONLY,,,,,True
E2,E2::AUX_BEDROCK::10.1130/b31214.1::MA26,10.1130/b31214.1::MA26,MA26,Ng2015GRAN,10.1130/B31214.1,10.1130/b31214.1,,,Malaysia,,,Peninsular Malaysia granite provinces (belt per sample unverified),,AUX_BEDROCK_REFERENCE,IGNEOUS_OR_VOLCANIC_BEDROCK,IGNEOUS_OR_VOLCANIC_BEDROCK,igneous rock (bedrock),Triassic,Triassic,,不适用或未解析,12,12,12,0,260c392ed72141c7671950a5232935dba727f96a2b61defe5190b5d03b41ecfd,7312e4867fff752dc3e4e1bd2cf223906607b9f3ca274ac7d660c3039a291dfe,False,False,False,EXTERNAL_REFERENCE,转 external reference,基岩辅助参照；保持原端点，但不进入仅碎屑主训练。,,,COORDINATES_MISSING; USE_SOURCE_LOCALITY_ONLY,,,,,True
E2,E2::AUX_BEDROCK::10.1130/b31214.1::MA29,10.1130/b31214.1::MA29,MA29,Ng2015GRAN,10.1130/B31214.1,10.1130/b31214.1,,,Malaysia,,,Peninsular Malaysia granite provinces (belt per sample unverified),,AUX_BEDROCK_REFERENCE,IGNEOUS_OR_VOLCANIC_BEDROCK,IGNEOUS_OR_VOLCANIC_BEDROCK,igneous rock (bedrock),Jurassic?,Jurassic?,,不适用或未解析,23,23,23,0,d440eeebace5869b9ec72cc69e4d98b424ecba14277a275dc39a4023982ded94,1d361b5acb9203535281e50a0140c01c2b58ed3588a5174f819b4269bb834395,False,False,False,EXTERNAL_REFERENCE,转 external reference,基岩辅助参照；保持原端点，但不进入仅碎屑主训练。,,,COORDINATES_MISSING; USE_SOURCE_LOCALITY_ONLY,,,,,True
E2,E2::AUX_BEDROCK::10.1130/b31214.1::MA30,10.1130/b31214.1::MA30,MA30,Ng2015GRAN,10.1130/B31214.1,10.1130/b31214.1,,,Malaysia,,,Peninsular Malaysia granite provinces (belt per sample unverified),,AUX_BEDROCK_REFERENCE,IGNEOUS_OR_VOLCANIC_BEDROCK,IGNEOUS_OR_VOLCANIC_BEDROCK,igneous rock (bedrock),Triassic,Triassic,,不适用或未解析,11,11,11,0,0a818be297a24a3dc87f6dbbd94ac278c5abb9bf865db2d656636c1d43cd9ed4,d9f35260abe8f87c27491120077f83a7e49533d808460d130ada773dc0b15fb5,False,False,False,EXTERNAL_REFERENCE,转 external reference,基岩辅助参照；保持原端点，但不进入仅碎屑主训练。,,,COORDINATES_MISSING; USE_SOURCE_LOCALITY_ONLY,,,,,True
E2,E2::AUX_BEDROCK::10.1130/b31214.1::MA31,10.1130/b31214.1::MA31,MA31,Ng2015GRAN,10.1130/B31214.1,10.1130/b31214.1,,,Malaysia,,,Peninsular Malaysia granite provinces (belt per sample unverified),,AUX_BEDROCK_REFERENCE,IGNEOUS_OR_VOLCANIC_BEDROCK,IGNEOUS_OR_VOLCANIC_BEDROCK,igneous rock (bedrock),Triassic,Triassic,,不适用或未解析,25,25,25,0,a7e0617db5bef11aa937260ac9976ed2d410cb315e43b699ee33b5ee50981720,5aa88b8a93cdeaf0c1837f0313ca3789cb3735a255d46465c6e24e7f350ca1d5,False,False,False,EXTERNAL_REFERENCE,转 external reference,基岩辅助参照；保持原端点，但不进入仅碎屑主训练。,,,COORDINATES_MISSING; USE_SOURCE_LOCALITY_ONLY,,,,,True
E2,E2::AUX_BEDROCK::10.1130/b31214.1::MA33,10.1130/b31214.1::MA33,MA33,Ng2015GRAN,10.1130/B31214.1,10.1130/b31214.1,,,Malaysia,,,Peninsular Malaysia granite provinces (belt per sample unverified),,AUX_BEDROCK_REFERENCE,IGNEOUS_OR_VOLCANIC_BEDROCK,IGNEOUS_OR_VOLCANIC_BEDROCK,igneous rock (bedrock),Triassic,Triassic,,不适用或未解析,30,30,30,0,9c74a414f17b0c982ae75b468ffc736ad97b00f15504b7cec76ef6312b9fdf92,69de184c4804601c02082ea854b34a20b11a63c6adb901bacca17aaaf7728fe9,False,False,False,EXTERNAL_REFERENCE,转 external reference,基岩辅助参照；保持原端点，但不进入仅碎屑主训练。,,,COORDINATES_MISSING; USE_SOURCE_LOCALITY_ONLY,,,,,True
E2,E2::AUX_BEDROCK::10.1130/b31214.1::MA42,10.1130/b31214.1::MA42,MA42,Ng2015GRAN,10.1130/B31214.1,10.1130/b31214.1,,,Malaysia,,,Peninsular Malaysia granite provinces (belt per sample unverified),,AUX_BEDROCK_REFERENCE,IGNEOUS_OR_VOLCANIC_BEDROCK,IGNEOUS_OR_VOLCANIC_BEDROCK,igneous rock (bedrock),Triassic,Triassic,,不适用或未解析,12,12,12,0,897758b444d25d8dec7e468f75c178003eed109460af154d9347d500b90735c5,8a47ff0c62eb467da0b75c3645979729e0f4ba83005aedcafb19b5640d814c14,False,False,False,EXTERNAL_REFERENCE,转 external reference,基岩辅助参照；保持原端点，但不进入仅碎屑主训练。,,,COORDINATES_MISSING; USE_SOURCE_LOCALITY_ONLY,,,,,True
E2,E2::AUX_BEDROCK::10.1130/b31214.1::MA47,10.1130/b31214.1::MA47,MA47,Ng2015GRAN,10.1130/B31214.1,10.1130/b31214.1,,,Malaysia,,,Peninsular Malaysia granite provinces (belt per sample unverified),,AUX_BEDROCK_REFERENCE,IGNEOUS_OR_VOLCANIC_BEDROCK,IGNEOUS_OR_VOLCANIC_BEDROCK,igneous rock (bedrock),Permian,Permian,,不适用或未解析,12,12,12,0,f424db9a277701c24d7d6f4a72abd697d122f2c08ce28bfaf126422b1a1b6602,09f3d3c8f559735e590c9a8a57549e69a6a0d9432cad1af7f43afb63ea280f37,False,False,False,EXTERNAL_REFERENCE,转 external reference,基岩辅助参照；保持原端点，但不进入仅碎屑主训练。,,,COORDINATES_MISSING; USE_SOURCE_LOCALITY_ONLY,,,,,True
E2,E2::AUX_BEDROCK::10.1130/b31214.1::MA48,10.1130/b31214.1::MA48,MA48,Ng2015GRAN,10.1130/B31214.1,10.1130/b31214.1,,,Malaysia,,,Peninsular Malaysia granite provinces (belt per sample unverified),,AUX_BEDROCK_REFERENCE,IGNEOUS_OR_VOLCANIC_BEDROCK,IGNEOUS_OR_VOLCANIC_BEDROCK,igneous rock (bedrock),Permian,Permian,,不适用或未解析,32,32,32,0,3095f34bed6a04a016f4b9b04551eb248486ea2ecadc05853091c598885be71f,bc714db556ea65e79fec49d34826266b0d3ca0bd92b9384b17b546a70f8ad082,False,False,False,EXTERNAL_REFERENCE,转 external reference,基岩辅助参照；保持原端点，但不进入仅碎屑主训练。,,,COORDINATES_MISSING; USE_SOURCE_LOCALITY_ONLY,,,,,True
E2,E2::AUX_BEDROCK::10.1130/b31214.1::MA50,10.1130/b31214.1::MA50,MA50,Ng2015GRAN,10.1130/B31214.1,10.1130/b31214.1,,,Malaysia,,,Peninsular Malaysia granite provinces (belt per sample unverified),,AUX_BEDROCK_REFERENCE,IGNEOUS_OR_VOLCANIC_BEDROCK,IGNEOUS_OR_VOLCANIC_BEDROCK,igneous rock (bedrock),Permian,Permian,,不适用或未解析,20,20,20,0,037d5c88109973edf32316232153aa988037180af7556484006d25c20d2c7e9a,365e3e0d2e0256a3879935f75eb03f35998c050a0c3359be76eb29718ead8d18,False,False,False,EXTERNAL_REFERENCE,转 external reference,基岩辅助参照；保持原端点，但不进入仅碎屑主训练。,,,COORDINATES_MISSING; USE_SOURCE_LOCALITY_ONLY,,,,,True
E2,E2::AUX_BEDROCK::10.1130/b31214.1::MA51,10.1130/b31214.1::MA51,MA51,Ng2015GRAN,10.1130/B31214.1,10.1130/b31214.1,,,Malaysia,,,Peninsular Malaysia granite provinces (belt per sample unverified),,AUX_BEDROCK_REFERENCE,IGNEOUS_OR_VOLCANIC_BEDROCK,IGNEOUS_OR_VOLCANIC_BEDROCK,igneous rock (bedrock),Triassic,Triassic,,不适用或未解析,25,25,25,0,796c39ebd8b5a02b059d70bfad3dacfd479f3b62d0395baa4a66f0bf578a73b9,ea971dce9b85081b54265a7e051f1d3660719721b0a9e6ac99f874b9f460909b,False,False,False,EXTERNAL_REFERENCE,转 external reference,基岩辅助参照；保持原端点，但不进入仅碎屑主训练。,,,COORDINATES_MISSING; USE_SOURCE_LOCALITY_ONLY,,,,,True
E2,E2::AUX_BEDROCK::10.1130/b31214.1::MA52,10.1130/b31214.1::MA52,MA52,Ng2015GRAN,10.1130/B31214.1,10.1130/b31214.1,,,Malaysia,,,Peninsular Malaysia granite provinces (belt per sample unverified),,AUX_BEDROCK_REFERENCE,IGNEOUS_OR_VOLCANIC_BEDROCK,IGNEOUS_OR_VOLCANIC_BEDROCK,igneous rock (bedrock),Triassic,Triassic,,不适用或未解析,12,12,12,0,d4e8ef188199228a572285ba846de4a8321784f67f6037d2cd4c943874c772a6,f31f71fb8f131935c8b07d522c8b9899c9adc90d96d350cbd79a719a2208bcbe,False,False,False,EXTERNAL_REFERENCE,转 external reference,基岩辅助参照；保持原端点，但不进入仅碎屑主训练。,,,COORDINATES_MISSING; USE_SOURCE_LOCALITY_ONLY,,,,,True
E2,E2::AUX_BEDROCK::10.1130/b31214.1::MA54,10.1130/b31214.1::MA54,MA54,Ng2015GRAN,10.1130/B31214.1,10.1130/b31214.1,,,Malaysia,,,Peninsular Malaysia granite provinces (belt per sample unverified),,AUX_BEDROCK_REFERENCE,IGNEOUS_OR_VOLCANIC_BEDROCK,IGNEOUS_OR_VOLCANIC_BEDROCK,igneous rock (bedrock),Triassic,Triassic,,不适用或未解析,36,36,36,0,773568b5338b35c183722d7cde8a484f357ab28e3d62641d19fb8fe2047c19cf,1e4bf196287dcd2f64b743c3bc13916ff2a700bcbd8c494dd7c2dad101f22c93,False,False,False,EXTERNAL_REFERENCE,转 external reference,基岩辅助参照；保持原端点，但不进入仅碎屑主训练。,,,COORDINATES_MISSING; USE_SOURCE_LOCALITY_ONLY,,,,,True
E2,E2::AUX_BEDROCK::10.1130/b31214.1::MA55,10.1130/b31214.1::MA55,MA55,Ng2015GRAN,10.1130/B31214.1,10.1130/b31214.1,,,Malaysia,,,Peninsular Malaysia granite provinces (belt per sample unverified),,AUX_BEDROCK_REFERENCE,IGNEOUS_OR_VOLCANIC_BEDROCK,IGNEOUS_OR_VOLCANIC_BEDROCK,igneous rock (bedrock),Permian,Permian,,不适用或未解析,25,25,25,0,313f21b3cf0d3a20338b11637fee416ba83820786ebcb6ff97cf39e167b78532,a7fe207e39487eb24a7c29ad648b138f0d06c911e2906a9bbee08776ce8d006e,False,False,False,EXTERNAL_REFERENCE,转 external reference,基岩辅助参照；保持原端点，但不进入仅碎屑主训练。,,,COORDINATES_MISSING; USE_SOURCE_LOCALITY_ONLY,,,,,True
E2,E2::AUX_BEDROCK::10.1130/b31214.1::MA62,10.1130/b31214.1::MA62,MA62,Ng2015GRAN,10.1130/B31214.1,10.1130/b31214.1,,,Malaysia,,,Peninsular Malaysia granite provinces (belt per sample unverified),,AUX_BEDROCK_REFERENCE,IGNEOUS_OR_VOLCANIC_BEDROCK,IGNEOUS_OR_VOLCANIC_BEDROCK,igneous rock (bedrock),Triassic,Triassic,,不适用或未解析,14,14,14,0,c97644c832728b76a372da163072b23012134c1b5df7611baa008c5d9d55f5c6,1d44c9ee6562cf39d44e45ba82abfba225d58e0969c166d91695809275a7a7ac,False,False,False,EXTERNAL_REFERENCE,转 external reference,基岩辅助参照；保持原端点，但不进入仅碎屑主训练。,,,COORDINATES_MISSING; USE_SOURCE_LOCALITY_ONLY,,,,,True
E2,E2::AUX_BEDROCK::10.1130/b31214.1::MA66,10.1130/b31214.1::MA66,MA66,Ng2015GRAN,10.1130/B31214.1,10.1130/b31214.1,,,Malaysia,,,Peninsular Malaysia granite provinces (belt per sample unverified),,AUX_BEDROCK_REFERENCE,IGNEOUS_OR_VOLCANIC_BEDROCK,IGNEOUS_OR_VOLCANIC_BEDROCK,igneous rock (bedrock),Triassic,Triassic,,不适用或未解析,14,14,14,0,335e0820bf6c196093a8c50c3489f678d358d17a965b3ed95b0a592a4dd9cbd7,5e22c748402b96ea8717a17d494e23de2fbbec997ef6953bb961887e5a1532b4,False,False,False,EXTERNAL_REFERENCE,转 external reference,基岩辅助参照；保持原端点，但不进入仅碎屑主训练。,,,COORDINATES_MISSING; USE_SOURCE_LOCALITY_ONLY,,,,,True
E2,E2::AUX_BEDROCK::10.1130/b31214.1::MA68,10.1130/b31214.1::MA68,MA68,Ng2015GRAN,10.1130/B31214.1,10.1130/b31214.1,,,Malaysia,,,Peninsular Malaysia granite provinces (belt per sample unverified),,AUX_BEDROCK_REFERENCE,IGNEOUS_OR_VOLCANIC_BEDROCK,IGNEOUS_OR_VOLCANIC_BEDROCK,igneous rock (bedrock),Triassic,Triassic,,不适用或未解析,15,15,15,0,ff2ed8766c21f9d1663d2d8adb96796c3457c7f6d6dc3674c155d8f3654c0c2d,2d5c82bf5931af11a47093c39257b050cbe6e9c8b08b2ebf008fd91de955a83b,False,False,False,EXTERNAL_REFERENCE,转 external reference,基岩辅助参照；保持原端点，但不进入仅碎屑主训练。,,,COORDINATES_MISSING; USE_SOURCE_LOCALITY_ONLY,,,,,True
E2,E2::AUX_BEDROCK::10.1130/b31214.1::MA69,10.1130/b31214.1::MA69,MA69,Ng2015GRAN,10.1130/B31214.1,10.1130/b31214.1,,,Malaysia,,,Peninsular Malaysia granite provinces (belt per sample unverified),,AUX_BEDROCK_REFERENCE,IGNEOUS_OR_VOLCANIC_BEDROCK,IGNEOUS_OR_VOLCANIC_BEDROCK,igneous rock (bedrock),Triassic,Triassic,,不适用或未解析,15,15,15,0,459e77dfd9049da5d1fe858ed44cf783cf009c2a2e79ef74c06bb453da985423,b4e61e3dbe24f9a96ae16914058d01239e8ec049d91deef081aee57c48d41ae0,False,False,False,EXTERNAL_REFERENCE,转 external reference,基岩辅助参照；保持原端点，但不进入仅碎屑主训练。,,,COORDINATES_MISSING; USE_SOURCE_LOCALITY_ONLY,,,,,True
E2,E2::AUX_BEDROCK::10.1130/b31214.1::MA73,10.1130/b31214.1::MA73,MA73,Ng2015GRAN,10.1130/B31214.1,10.1130/b31214.1,,,Malaysia,,,Peninsular Malaysia granite provinces (belt per sample unverified),,AUX_BEDROCK_REFERENCE,IGNEOUS_OR_VOLCANIC_BEDROCK,IGNEOUS_OR_VOLCANIC_BEDROCK,igneous rock (bedrock),Triassic,Triassic,,不适用或未解析,11,11,11,0,f44ad919275648ab8fd8ebe50396a5290999f478e5e794e9398ab1b1b694d63d,25bd68381b657387363e11380201e013a18859d10dd5fb1e4daf49a7bc611e67,False,False,False,EXTERNAL_REFERENCE,转 external reference,基岩辅助参照；保持原端点，但不进入仅碎屑主训练。,,,COORDINATES_MISSING; USE_SOURCE_LOCALITY_ONLY,,,,,True
E2,E2::AUX_BEDROCK::10.1130/b31214.1::MA76,10.1130/b31214.1::MA76,MA76,Ng2015GRAN,10.1130/B31214.1,10.1130/b31214.1,,,Malaysia,,,Peninsular Malaysia granite provinces (belt per sample unverified),,AUX_BEDROCK_REFERENCE,IGNEOUS_OR_VOLCANIC_BEDROCK,IGNEOUS_OR_VOLCANIC_BEDROCK,igneous rock (bedrock),Triassic,Triassic,,不适用或未解析,13,13,13,0,f346e4b053feaa9426887cd9cb4451e9608fca86c8b7e6ebe3d849912f8e13ff,cd7d96f2bfc4db4e39f3f91178ac1037e7482fb57173d48534d83c8de9499b34,False,False,False,EXTERNAL_REFERENCE,转 external reference,基岩辅助参照；保持原端点，但不进入仅碎屑主训练。,,,COORDINATES_MISSING; USE_SOURCE_LOCALITY_ONLY,,,,,True
E2,E2::AUX_BEDROCK::10.1130/b31214.1::MA91,10.1130/b31214.1::MA91,MA91,Ng2015GRAN,10.1130/B31214.1,10.1130/b31214.1,,,Malaysia,,,Peninsular Malaysia granite provinces (belt per sample unverified),,AUX_BEDROCK_REFERENCE,IGNEOUS_OR_VOLCANIC_BEDROCK,IGNEOUS_OR_VOLCANIC_BEDROCK,igneous rock (bedrock),Upper Cretaceous,Upper Cretaceous,,不适用或未解析,11,11,11,0,0b4f5c377c2c9a1da9dab8e9297d779ebffc419ac6cca5c3c86a2ad62e780eba,b29f48b0b4173d9807dea4e536fc87173ea0fc1de7333fdc56634a40294296ba,False,False,False,EXTERNAL_REFERENCE,转 external reference,基岩辅助参照；保持原端点，但不进入仅碎屑主训练。,,,COORDINATES_MISSING; USE_SOURCE_LOCALITY_ONLY,,,,,True
E2,E2::AUX_BEDROCK::10.1016/j.jseaes.2020.104403::GB-11,10.1016/j.jseaes.2020.104403::GB-11,GB-11,Metcalfe2020,10.1016/j.jseaes.2020.104403,10.1016/j.jseaes.2020.104403,4.1942,101.969,Malaysia,Pahang,"Gua Bama, Kampung Relong, Kuala Lipis District, Pahang",East Malaya / Central Belt (Sukhothai Arc),E2_Sukhothai_EastMalaya,AUX_BEDROCK_REFERENCE,OTHER_OR_UNSPECIFIED,OTHER_OR_UNSPECIFIED,tuff layer in limestone (volcanic ash) - Wuchiapingian/Changhsingian boundary,Gua Musang Formation (limestone + interbedded tuff),Gua Musang Formation (limestone + interbedded tuff),Changhsingian (latest Permian) - PTB,不适用或未解析,14,14,14,0,2af272a712d072fabf435c0a1c54799c518823b737314c2a3dc28c8da5db5f51,2a1d7bf486aab88d3ddd84297fdf9081d2e759da651b399af6bd3ab2ffc0e41c,False,False,False,EXTERNAL_REFERENCE,转 external reference,基岩辅助参照；保持原端点，但不进入仅碎屑主训练。,,,,,,,,True
E2,E2::AUX_BEDROCK::10.1016/j.jseaes.2020.104403::GP17,10.1016/j.jseaes.2020.104403::GP17,GP17,Metcalfe2020,10.1016/j.jseaes.2020.104403,10.1016/j.jseaes.2020.104403,4.68,102.0,Malaysia,Pahang,"Gua Panjang, Merapoh, Lipis District, Pahang",East Malaya / Central Belt (Sukhothai Arc),E2_Sukhothai_EastMalaya,AUX_BEDROCK_REFERENCE,OTHER_OR_UNSPECIFIED,OTHER_OR_UNSPECIFIED,tuff layer in limestone (volcanic ash) - PTB section,Gua Musang Formation (limestone + interbedded tuff),Gua Musang Formation (limestone + interbedded tuff),Changhsingian (latest Permian) - PTB,不适用或未解析,16,16,16,0,2069d2810365d382ffa0738583aa6c22aef30396661b9eca3b6cae7d0ed14a9d,b488ef929977fd10b1ca17d5c79397b4b521ed6a8db1291fbde414df2f1ca1d4,False,False,False,EXTERNAL_REFERENCE,转 external reference,基岩辅助参照；保持原端点，但不进入仅碎屑主训练。,,,,,,,,True
E2,E2::AUX_BEDROCK::10.1016/j.jseaes.2020.104403::GP3,10.1016/j.jseaes.2020.104403::GP3,GP3,Metcalfe2020,10.1016/j.jseaes.2020.104403,10.1016/j.jseaes.2020.104403,4.68,102.0,Malaysia,Pahang,"Gua Panjang, Merapoh, Lipis District, Pahang",East Malaya / Central Belt (Sukhothai Arc),E2_Sukhothai_EastMalaya,AUX_BEDROCK_REFERENCE,OTHER_OR_UNSPECIFIED,OTHER_OR_UNSPECIFIED,"tuff layer in limestone (volcanic ash) - PTB section, lower part",Gua Musang Formation (limestone + interbedded tuff),Gua Musang Formation (limestone + interbedded tuff),Changhsingian (latest Permian) - PTB,不适用或未解析,10,10,10,0,2e17b1e66b11cb92440609357028b76216c13ed86b1987d1dc4d5c339f46b444,67ed34d7e9a9c4aab941132648b39ec440c236422295c32da5a8ec6382c1f628,False,False,False,EXTERNAL_REFERENCE,转 external reference,基岩辅助参照；保持原端点，但不进入仅碎屑主训练。,,,,,,,,True
E2,E2::AUX_BEDROCK::10.1016/j.jseaes.2020.104403::GP6,10.1016/j.jseaes.2020.104403::GP6,GP6,Metcalfe2020,10.1016/j.jseaes.2020.104403,10.1016/j.jseaes.2020.104403,4.68,102.0,Malaysia,Pahang,"Gua Panjang, Merapoh, Lipis District, Pahang",East Malaya / Central Belt (Sukhothai Arc),E2_Sukhothai_EastMalaya,AUX_BEDROCK_REFERENCE,OTHER_OR_UNSPECIFIED,OTHER_OR_UNSPECIFIED,tuff layer in limestone (volcanic ash) - PTB section,Gua Musang Formation (limestone + interbedded tuff),Gua Musang Formation (limestone + interbedded tuff),Changhsingian (latest Permian) - PTB,不适用或未解析,12,12,12,0,3f4ea433f8ca3b416c27953d461374fe1d0282de0d708b02273274575ef662fa,26a93898b20907560882a4762d5846ef5393915e330bd8e4fca4e79459f1e089,False,False,False,EXTERNAL_REFERENCE,转 external reference,基岩辅助参照；保持原端点，但不进入仅碎屑主训练。,,,,,,,,True
E3,E3::EXISTING_REPAIRED::BSPM-720A2945E8F18269-E3,BSPM-720A2945E8F18269-E3,1932,10.1016/j.gr.2019.03.018,10.1016/j.gr.2019.03.018,10.1016/j.gr.2019.03.018,27.90872,108.80122,,,China-Eastern,Cathaysia-Hainan-Taiwan continental margin,E3b_Cathaysia_coast_affinity_reference,AFFINITY_REFERENCE_CHALLENGE_ONLY,SEDIMENTARY_DETRITAL,SEDIMENTARY_DETRITAL,SEDIMENTARY_DETRITAL,,,,沉积岩；具体沉积相未系统提取，不能据空值推断,70,70,70,0,64d1de5d6b1e1f0d0cfa09fbbdb1485f534db741bf2503982c2a0938d4cc54d5,779af7413ad7433f0fca3c0f47de0b0d58e3c9f91a5bc9a2dfdd3134890e54ab,False,False,False,EXTERNAL_REFERENCE,转 external reference,Cathaysia/Hainan 亲缘参照，不等于 Palawan–PCT 实体。,,,,,,,,True
E3,E3::EXISTING_REPAIRED::BSPM-2CE321C836A3FE50-E3,BSPM-2CE321C836A3FE50-E3,1933,10.1016/j.gr.2019.03.018,10.1016/j.gr.2019.03.018,10.1016/j.gr.2019.03.018,27.90873,108.80117,,,China-Eastern,Cathaysia-Hainan-Taiwan continental margin,E3b_Cathaysia_coast_affinity_reference,AFFINITY_REFERENCE_CHALLENGE_ONLY,SEDIMENTARY_DETRITAL,SEDIMENTARY_DETRITAL,SEDIMENTARY_DETRITAL,,,,沉积岩；具体沉积相未系统提取，不能据空值推断,81,81,81,0,abb3be1523d0ee641f288eee5f5fd1bb682129ab3783d98d29f7ebfb45d9728f,bc9cf5e31ebf786c599b30098dca90fc33d4f372b8078d659ffbbcc173675453,False,False,False,EXTERNAL_REFERENCE,转 external reference,Cathaysia/Hainan 亲缘参照，不等于 Palawan–PCT 实体。,,,,,,,,True
E3,E3::EXISTING_REPAIRED::BSPM-A8014A0E0DAACC63-E3,BSPM-A8014A0E0DAACC63-E3,1714-1,10.1016/j.gr.2019.03.018,10.1016/j.gr.2019.03.018,10.1016/j.gr.2019.03.018,25.01235,108.8779,,,China-Eastern,Cathaysia-Hainan-Taiwan continental margin,E3b_Cathaysia_coast_affinity_reference,AFFINITY_REFERENCE_CHALLENGE_ONLY,SEDIMENTARY_DETRITAL,SEDIMENTARY_DETRITAL,SEDIMENTARY_DETRITAL,,,,沉积岩；具体沉积相未系统提取，不能据空值推断,76,76,76,0,7917c65ab2523991112573e4b8dcef19ef0e756ab193d507916a8b98be0c94f3,e029477b00fe11207a18323bea9083d829ff64bb8bbf1b672911e21079e5becf,False,False,False,EXTERNAL_REFERENCE,转 external reference,Cathaysia/Hainan 亲缘参照，不等于 Palawan–PCT 实体。,,,,,,,,True
E3,E3::EXISTING_REPAIRED::BSPM-9FC148234AADDF99-E3,BSPM-9FC148234AADDF99-E3,1714,10.1016/j.gr.2019.03.018,10.1016/j.gr.2019.03.018,10.1016/j.gr.2019.03.018,25.01235,108.87788,,,China-Eastern,Cathaysia-Hainan-Taiwan continental margin,E3b_Cathaysia_coast_affinity_reference,AFFINITY_REFERENCE_CHALLENGE_ONLY,SEDIMENTARY_DETRITAL,SEDIMENTARY_DETRITAL,SEDIMENTARY_DETRITAL,,,,沉积岩；具体沉积相未系统提取，不能据空值推断,83,83,83,0,73ebe7052a81336ea38b166fbdce6eb4529e11f837bf39335f6677dcb2ff25f5,0e720e5a6325eff6f5ed47334adcc9d76bbf041a973f44470d1a6633e9e1e406,False,False,False,EXTERNAL_REFERENCE,转 external reference,Cathaysia/Hainan 亲缘参照，不等于 Palawan–PCT 实体。,,,,,,,,True
E3,E3::EXISTING_REPAIRED::BSPM-195E5CFCA96321E1-E3,BSPM-195E5CFCA96321E1-E3,1399,10.1016/j.gr.2019.03.018,10.1016/j.gr.2019.03.018,10.1016/j.gr.2019.03.018,28.4247,110.66462,,,China-Eastern,Cathaysia-Hainan-Taiwan continental margin,E3b_Cathaysia_coast_affinity_reference,AFFINITY_REFERENCE_CHALLENGE_ONLY,SEDIMENTARY_DETRITAL,SEDIMENTARY_DETRITAL,SEDIMENTARY_DETRITAL,,,,沉积岩；具体沉积相未系统提取，不能据空值推断,80,80,80,0,a3744d3347b4d085b6ace0d2b25b749595112f89fbe5bc91f84aa5859e5fcc8a,e99c9fe13968143f81a193873dd6c6c7a04e213c7f72a6b394c969ebab1158f1,False,False,False,EXTERNAL_REFERENCE,转 external reference,Cathaysia/Hainan 亲缘参照，不等于 Palawan–PCT 实体。,,,,,,,,True
E3,E3::EXISTING_REPAIRED::BSPM-874FB926B48C931D-E3,BSPM-874FB926B48C931D-E3,1400,10.1016/j.gr.2019.03.018,10.1016/j.gr.2019.03.018,10.1016/j.gr.2019.03.018,28.42468,110.66463,,,China-Eastern,Cathaysia-Hainan-Taiwan continental margin,E3b_Cathaysia_coast_affinity_reference,AFFINITY_REFERENCE_CHALLENGE_ONLY,SEDIMENTARY_DETRITAL,SEDIMENTARY_DETRITAL,SEDIMENTARY_DETRITAL,,,,沉积岩；具体沉积相未系统提取，不能据空值推断,96,96,96,0,4696574aa2fa21a158955eee79a5b0cfacaac1a948c7d19b552b8048b553707a,b8d298f93e68a17c26a49a9418bc08d4dd72fec8b0e99b1b50bb0ae276a8d2e5,False,False,False,EXTERNAL_REFERENCE,转 external reference,Cathaysia/Hainan 亲缘参照，不等于 Palawan–PCT 实体。,,,,,,,,True
E3,E3::EXISTING_REPAIRED::BSPM-333E65CE8235D034-E3,BSPM-333E65CE8235D034-E3,GNW1440,10.1016/j.precamres.2019.105348,10.1016/j.precamres.2019.105348,10.1016/j.precamres.2019.105348,25.11192,115.70997,,,China-Eastern,Cathaysia-Hainan-Taiwan continental margin,E3b_Cathaysia_coast_affinity_reference,AFFINITY_REFERENCE_CHALLENGE_ONLY,SEDIMENTARY_DETRITAL,SEDIMENTARY_DETRITAL,SEDIMENTARY_DETRITAL,,,,沉积岩；具体沉积相未系统提取，不能据空值推断,77,77,77,0,273f5836b2cacb32417f6c127ab6b18bc68659b4cca87890d6b4c042d691bcea,80e6e5c1ac2bf4631dabde349f57867c74ead6dc4052b633ec7fcb0b04d27934,False,False,False,EXTERNAL_REFERENCE,转 external reference,Cathaysia/Hainan 亲缘参照，不等于 Palawan–PCT 实体。,,,,,,,,True
E3,E3::EXISTING_REPAIRED::BSPM-B237D84B8F3F0B94-E3,BSPM-B237D84B8F3F0B94-E3,GNW1405,10.1016/j.precamres.2019.105348,10.1016/j.precamres.2019.105348,10.1016/j.precamres.2019.105348,25.20008,115.33242,,,China,Cathaysia-Hainan-Taiwan continental margin,E3b_Cathaysia_coast_affinity_reference,AFFINITY_REFERENCE_CHALLENGE_ONLY,SEDIMENTARY_DETRITAL,SEDIMENTARY_DETRITAL,SEDIMENTARY_DETRITAL,Xiazhai Fm.,Xiazhai,,沉积岩；具体沉积相未系统提取，不能据空值推断,164,164,164,0,ae5fa96da164a2bf7687b07f5d1862e9538b7b54b888520f9016174c4e9575d7,7fa902d1ed04ede25007690fb582d5279b057c41f01392a841af5e164059501b,False,False,False,EXTERNAL_REFERENCE,转 external reference,Cathaysia/Hainan 亲缘参照，不等于 Palawan–PCT 实体。,,,,,,,,True
E3,E3::EXISTING_REPAIRED::BSPM-C1F570C834B9355D-E3,BSPM-C1F570C834B9355D-E3,GNW1436,10.1016/j.precamres.2019.105348,10.1016/j.precamres.2019.105348,10.1016/j.precamres.2019.105348,24.963,115.69558,,,China,Cathaysia-Hainan-Taiwan continental margin,E3b_Cathaysia_coast_affinity_reference,AFFINITY_REFERENCE_CHALLENGE_ONLY,SEDIMENTARY_DETRITAL,SEDIMENTARY_DETRITAL,SEDIMENTARY_DETRITAL,Laohutang Fm.,Laohutang,,沉积岩；具体沉积相未系统提取，不能据空值推断,188,188,188,0,c0002bfdc1f9bc8dd18341afbf5bf47cdce67cd864ea2e56fe5122685b7eb2f5,e76ddff103df8b97bd6f6b8fafeb21554d930b3616d6e8c419bdcdce32a7a43c,False,False,False,EXTERNAL_REFERENCE,转 external reference,Cathaysia/Hainan 亲缘参照，不等于 Palawan–PCT 实体。,,,,,,,,True
E3,E3::EXISTING_REPAIRED::BSPM-AF9FBA5FADC0C407-E3,BSPM-AF9FBA5FADC0C407-E3,GNW1433,10.1016/j.precamres.2019.105348,10.1016/j.precamres.2019.105348,10.1016/j.precamres.2019.105348,24.91951,115.68265,,,China-Eastern,Cathaysia-Hainan-Taiwan continental margin,E3b_Cathaysia_coast_affinity_reference,AFFINITY_REFERENCE_CHALLENGE_ONLY,SEDIMENTARY_DETRITAL,SEDIMENTARY_DETRITAL,SEDIMENTARY_DETRITAL,Bali,Bali,,沉积岩；具体沉积相未系统提取，不能据空值推断,179,179,179,0,3889c9c5990ffa977f7cb23fcef8446f3b10ddcb80376c805aaede8dcdae06ed,c9248c92a5db31028095c2b92d73c15630ad71b8efb8f66cb14eecc2b64eea55,False,False,False,EXTERNAL_REFERENCE,转 external reference,Cathaysia/Hainan 亲缘参照，不等于 Palawan–PCT 实体。,,,,,,,,True
E3,E3::EXISTING_REPAIRED::BSPM-2195F5F3ED2363B5-E3,BSPM-2195F5F3ED2363B5-E3,GNW1403,10.1016/j.precamres.2019.105348,10.1016/j.precamres.2019.105348,10.1016/j.precamres.2019.105348,25.28286,115.38067,,,China-Eastern,Cathaysia-Hainan-Taiwan continental margin,E3b_Cathaysia_coast_affinity_reference,AFFINITY_REFERENCE_CHALLENGE_ONLY,SEDIMENTARY_DETRITAL,SEDIMENTARY_DETRITAL,SEDIMENTARY_DETRITAL,Bali,Bali,,沉积岩；具体沉积相未系统提取，不能据空值推断,196,196,196,0,d0fd32e1effac370deb1131773b832b88bef482c29714d2488b6bb4267c6f535,2625a527cb6557042c3b8bffba883a0a45cdb38e189bdefdfe2c484c12c77e85,False,False,False,EXTERNAL_REFERENCE,转 external reference,Cathaysia/Hainan 亲缘参照，不等于 Palawan–PCT 实体。,,,,,,,,True
E3,E3::EXISTING_REPAIRED::BSPM-DAE7C218B6A9ADF1-E3,BSPM-DAE7C218B6A9ADF1-E3,B-01,10.1016/j.precamres.2019.105457,10.1016/j.precamres.2019.105457,10.1016/j.precamres.2019.105457,27.71848,114.95939,,,China-Eastern,Cathaysia-Hainan-Taiwan continental margin,E3b_Cathaysia_coast_affinity_reference,AFFINITY_REFERENCE_CHALLENGE_ONLY,SEDIMENTARY_DETRITAL,SEDIMENTARY_DETRITAL,SEDIMENTARY_DETRITAL,,,,沉积岩；具体沉积相未系统提取，不能据空值推断,70,70,70,0,33faef03470e865acd12666272c17ea387125a19c556792d508fa4fa4ba9794c,02b623c75a2bf235aa1fa0c800a4a7816738f5e6b69a743ab6aab81e2d85d782,False,False,False,EXTERNAL_REFERENCE,转 external reference,Cathaysia/Hainan 亲缘参照，不等于 Palawan–PCT 实体。,,,,,,,,True
E3,E3::EXISTING_REPAIRED::BSPM-DE4C7F98813B691C-E3,BSPM-DE4C7F98813B691C-E3,H-02,10.1016/j.precamres.2019.105457,10.1016/j.precamres.2019.105457,10.1016/j.precamres.2019.105457,27.70333,114.97683,,,China-Eastern,Cathaysia-Hainan-Taiwan continental margin,E3b_Cathaysia_coast_affinity_reference,AFFINITY_REFERENCE_CHALLENGE_ONLY,SEDIMENTARY_DETRITAL,SEDIMENTARY_DETRITAL,SEDIMENTARY_DETRITAL,,,,沉积岩；具体沉积相未系统提取，不能据空值推断,68,68,68,0,7ada143fe2e6ecc3893bd6eabb7e451544d342e90bcc44ab9f399ce6862b7d6b,ea718788b97d643423fcaa71d0ec745e16f9170c5d460e25c61290dac63eb248,False,False,False,EXTERNAL_REFERENCE,转 external reference,Cathaysia/Hainan 亲缘参照，不等于 Palawan–PCT 实体。,,,,,,,,True
E3,E3::EXISTING_REPAIRED::BSPM-5F50BC4B6B65EF2F-E3,BSPM-5F50BC4B6B65EF2F-E3,L-03,10.1016/j.precamres.2019.105457,10.1016/j.precamres.2019.105457,10.1016/j.precamres.2019.105457,27.69166,114.95898,,,China-Eastern,Cathaysia-Hainan-Taiwan continental margin,E3b_Cathaysia_coast_affinity_reference,AFFINITY_REFERENCE_CHALLENGE_ONLY,SEDIMENTARY_DETRITAL,SEDIMENTARY_DETRITAL,SEDIMENTARY_DETRITAL,,,,沉积岩；具体沉积相未系统提取，不能据空值推断,60,60,60,0,fb6dfddf2055b8f6c91229fb4ca89bae2d37411bbe8e0e8f1418707c70c0e8cf,c7c4d4df35f2d79ec09350edf9cbaa4e6046a51ed27472dd008a39ac6b12c773,False,False,False,EXTERNAL_REFERENCE,转 external reference,Cathaysia/Hainan 亲缘参照，不等于 Palawan–PCT 实体。,,,,,,,,True
E3,E3::EXISTING_REPAIRED::BSPM-E9A4C71CD65F19A0-E3,BSPM-E9A4C71CD65F19A0-E3,M-04,10.1016/j.precamres.2019.105457,10.1016/j.precamres.2019.105457,10.1016/j.precamres.2019.105457,27.68402,114.95266,,,China-Eastern,Cathaysia-Hainan-Taiwan continental margin,E3b_Cathaysia_coast_affinity_reference,AFFINITY_REFERENCE_CHALLENGE_ONLY,SEDIMENTARY_DETRITAL,SEDIMENTARY_DETRITAL,SEDIMENTARY_DETRITAL,,,,沉积岩；具体沉积相未系统提取，不能据空值推断,74,74,74,0,82555b996e72dd7102080dfac2f30ca3988cd16d9469324528dbf85c7f6f00e9,2ffd9624c7a5851e817adbde9c7968b0007f596e56012a7bfba63bfb5057a7c4,False,False,False,EXTERNAL_REFERENCE,转 external reference,Cathaysia/Hainan 亲缘参照，不等于 Palawan–PCT 实体。,,,,,,,,True
E3,E3::EXISTING_REPAIRED::BSPM-25E7BF4821ADD506-E3,BSPM-25E7BF4821ADD506-E3,S5497-1-HS,local:d89c8068aa49,,local:d89c8068aa49,23.74056,109.19083,,,China-Eastern,Cathaysia-Hainan-Taiwan continental margin,E3b_Cathaysia_coast_affinity_reference,AFFINITY_REFERENCE_CHALLENGE_ONLY,MODERN_RIVER_OR_SAND,MODERN_RIVER_OR_SAND,MODERN_RIVER_OR_SAND,,,Modern/Holocene,现代河流/河砂（来源材料字段）；具体流域待原文复核,97,97,97,0,6eed401faeabb4fbcaa8ec1080a12a714646c5c8fd8b4a87efe999b1c92c9b6d,38075974d9a125babbc98095fbf2c2148d3aa16d67ee0b7bfa4cb767ceafc6ed,False,False,False,EXTERNAL_REFERENCE,转 external reference,Cathaysia/Hainan 亲缘参照，不等于 Palawan–PCT 实体。,,,,,,,,True
E3,E3::EXISTING_REPAIRED::BSPM-B75A652D5E1CBEA0-E3,BSPM-B75A652D5E1CBEA0-E3,S5502-3-L,local:d89c8068aa49,,local:d89c8068aa49,24.53881,109.2175,,,China-Eastern,Cathaysia-Hainan-Taiwan continental margin,E3b_Cathaysia_coast_affinity_reference,AFFINITY_REFERENCE_CHALLENGE_ONLY,MODERN_RIVER_OR_SAND,MODERN_RIVER_OR_SAND,MODERN_RIVER_OR_SAND,,,Modern/Holocene,现代河流/河砂（来源材料字段）；具体流域待原文复核,84,84,84,0,95267effa5ef7aadf585a6a1fccccd2811422826e08c1dbe4af490796913606e,b0e8c9c035ba1540ca6ddf3351d4e6a2687cac63701f55525250d6e83389ae8c,False,False,False,EXTERNAL_REFERENCE,转 external reference,Cathaysia/Hainan 亲缘参照，不等于 Palawan–PCT 实体。,,,,,,,,True
E3,E3::EXISTING_REPAIRED::BSPM-FC42FB84CF8434DE-E3,BSPM-FC42FB84CF8434DE-E3,S5504-4-Q,local:d89c8068aa49,,local:d89c8068aa49,23.41083,110.06722,,,China-Eastern,Cathaysia-Hainan-Taiwan continental margin,E3b_Cathaysia_coast_affinity_reference,AFFINITY_REFERENCE_CHALLENGE_ONLY,MODERN_RIVER_OR_SAND,MODERN_RIVER_OR_SAND,MODERN_RIVER_OR_SAND,,,Modern/Holocene,现代河流/河砂（来源材料字段）；具体流域待原文复核,91,91,91,0,309606065ef5a97cfd33602a99a79f8990c14ec25991b7989174cb9cee03976b,04344eb4ce27100febe5b9f430fe931f36187ac04f2be4ee608778a319803f3e,False,False,False,EXTERNAL_REFERENCE,转 external reference,Cathaysia/Hainan 亲缘参照，不等于 Palawan–PCT 实体。,,,,,,,,True
E3,E3::EXISTING_REPAIRED::BSPM-09D391AFD0D5A88C-E3,BSPM-09D391AFD0D5A88C-E3,S5507-5-H,local:d89c8068aa49,,local:d89c8068aa49,23.47028,111.49667,,,China-Eastern,Cathaysia-Hainan-Taiwan continental margin,E3b_Cathaysia_coast_affinity_reference,AFFINITY_REFERENCE_CHALLENGE_ONLY,MODERN_RIVER_OR_SAND,MODERN_RIVER_OR_SAND,MODERN_RIVER_OR_SAND,,,Modern/Holocene,现代河流/河砂（来源材料字段）；具体流域待原文复核,99,99,99,0,88ac912f96e4c9c5c25550136da064553e51bee0b61dc6cbe13027d9fe484b71,8c30c3b74f70fa7745ed69dbb18885e89101a3780ca295e9a9a95fa72812df1d,False,False,False,EXTERNAL_REFERENCE,转 external reference,Cathaysia/Hainan 亲缘参照，不等于 Palawan–PCT 实体。,,,,,,,,True
E3,E3::EXISTING_REPAIRED::BSPM-CB0894D5229E3CDE-E3,BSPM-CB0894D5229E3CDE-E3,S5509-6-B,local:d89c8068aa49,,local:d89c8068aa49,23.35472,112.89139,,,China-Eastern,Cathaysia-Hainan-Taiwan continental margin,E3b_Cathaysia_coast_affinity_reference,AFFINITY_REFERENCE_CHALLENGE_ONLY,MODERN_RIVER_OR_SAND,MODERN_RIVER_OR_SAND,MODERN_RIVER_OR_SAND,,,Modern/Holocene,现代河流/河砂（来源材料字段）；具体流域待原文复核,98,98,98,0,620b597c67476b434867aca25018d10344c51d7a02395ce48462bfbbd503b5ad,a4ec3d14969fce71cbae3fb488d0ce3b8fe70e356eeb706ca0acc89bf81ba168,False,False,False,EXTERNAL_REFERENCE,转 external reference,Cathaysia/Hainan 亲缘参照，不等于 Palawan–PCT 实体。,,,,,,,,True
E3,E3::EXISTING_REPAIRED::BSPM-C4ABACAACBF53B68-E3,BSPM-C4ABACAACBF53B68-E3,S5512-7-E,local:d89c8068aa49,,local:d89c8068aa49,22.79639,113.62639,,,China-Eastern,Cathaysia-Hainan-Taiwan continental margin,E3b_Cathaysia_coast_affinity_reference,AFFINITY_REFERENCE_CHALLENGE_ONLY,MODERN_RIVER_OR_SAND,MODERN_RIVER_OR_SAND,MODERN_RIVER_OR_SAND,,,Modern/Holocene,现代河流/河砂（来源材料字段）；具体流域待原文复核,105,105,105,0,f538a5cbe3f807eddce07a147606c455f2c1052da294daab762e285608c9c324,b1d9e7ae99addd93963b3c355e0e0ec7f290a77680e1e05063aec9a35380b8d1,False,False,False,EXTERNAL_REFERENCE,转 external reference,Cathaysia/Hainan 亲缘参照，不等于 Palawan–PCT 实体。,,,,,,,,True
E3,E3::EXISTING_REPAIRED::BSPM-853A28C76923DADF-E3,BSPM-853A28C76923DADF-E3,S5513-8-D,local:d89c8068aa49,,local:d89c8068aa49,23.10194,113.86639,,,China-Eastern,Cathaysia-Hainan-Taiwan continental margin,E3b_Cathaysia_coast_affinity_reference,AFFINITY_REFERENCE_CHALLENGE_ONLY,MODERN_RIVER_OR_SAND,MODERN_RIVER_OR_SAND,MODERN_RIVER_OR_SAND,,,Modern/Holocene,现代河流/河砂（来源材料字段）；具体流域待原文复核,97,97,97,0,16097962e5ceccf13173e3c83ee5ecc85c84c8cd931123f262b3e730b4196cac,38560eb7444c90cbc587e7cb29876498d79b217350b234d1470bb3d59514c0eb,False,False,False,EXTERNAL_REFERENCE,转 external reference,Cathaysia/Hainan 亲缘参照，不等于 Palawan–PCT 实体。,,,,,,,,True
E3,E3::EXISTING_REPAIRED::BSPM-B3A38427BC78CE6A-E3,BSPM-B3A38427BC78CE6A-E3,QZW-9-Q,local:d89c8068aa49,,local:d89c8068aa49,21.92778,108.75278,,,China-Eastern,Cathaysia-Hainan-Taiwan continental margin,E3b_Cathaysia_coast_affinity_reference,AFFINITY_REFERENCE_CHALLENGE_ONLY,MODERN_RIVER_OR_SAND,MODERN_RIVER_OR_SAND,MODERN_RIVER_OR_SAND,,,Modern/Holocene,现代河流/河砂（来源材料字段）；具体流域待原文复核,67,67,67,0,d26371a2132f9bb780455224b2a9c15ad15e621a212c6c221be5e98a05511567,4735e5bd93be65b5a3c4ddb56924cc21f00d9f70fe05938e1ee384b24398c00f,False,False,False,EXTERNAL_REFERENCE,转 external reference,Cathaysia/Hainan 亲缘参照，不等于 Palawan–PCT 实体。,,,,,,,,True
E3,E3::EXISTING_REPAIRED::BSPM-DA6F78A39C59E02A-E3,BSPM-DA6F78A39C59E02A-E3,D38-5,local:b25906fba0ab,,local:b25906fba0ab,25.69466,114.28252,,,China-Eastern,Cathaysia-Hainan-Taiwan continental margin,E3b_Cathaysia_coast_affinity_reference,AFFINITY_REFERENCE_CHALLENGE_ONLY,SEDIMENTARY_DETRITAL,SEDIMENTARY_DETRITAL,SEDIMENTARY_DETRITAL,,,,沉积岩；具体沉积相未系统提取，不能据空值推断,77,77,77,0,feb324618fc9dbd6ae472a99af30be4d5dae738c368a598eb733ae11fd98f256,24e144b7e6eb2731bba12d263aa9ad1b85d6f5ccfa05941a3341a1709ed9e0dc,False,False,False,EXTERNAL_REFERENCE,转 external reference,Cathaysia/Hainan 亲缘参照，不等于 Palawan–PCT 实体。,,,,,,,,True
E3,E3::EXISTING_REPAIRED::BSPM-588C81DAF86FF99D-E3,BSPM-588C81DAF86FF99D-E3,D50-2,local:b25906fba0ab,,local:b25906fba0ab,25.65089,114.19301,,,China-Eastern,Cathaysia-Hainan-Taiwan continental margin,E3b_Cathaysia_coast_affinity_reference,AFFINITY_REFERENCE_CHALLENGE_ONLY,SEDIMENTARY_DETRITAL,SEDIMENTARY_DETRITAL,SEDIMENTARY_DETRITAL,,,,沉积岩；具体沉积相未系统提取，不能据空值推断,79,79,79,0,8f12a78b8754b53675a82e850301f45feca7cecce02c0fb5e86d45f389034655,739e7308331c7395caddbd8a8ea32fe06fc52aea8e3c8f98e6969b88b41347d5,False,False,False,EXTERNAL_REFERENCE,转 external reference,Cathaysia/Hainan 亲缘参照，不等于 Palawan–PCT 实体。,,,,,,,,True
E3,E3::EXISTING_REPAIRED::BSPM-70F5A128EA0560D9-E3,BSPM-70F5A128EA0560D9-E3,P40-01,local:d7026b64c885,,local:d7026b64c885,26.5971,114.53714,,,China-Eastern,Cathaysia-Hainan-Taiwan continental margin,E3b_Cathaysia_coast_affinity_reference,AFFINITY_REFERENCE_CHALLENGE_ONLY,SEDIMENTARY_DETRITAL,SEDIMENTARY_DETRITAL,SEDIMENTARY_DETRITAL,,,,沉积岩；具体沉积相未系统提取，不能据空值推断,81,81,81,0,9872e410124f027b9d7bd8a2a82d56a9bcd028db4b682485002418634252b60b,396498d24fea2439032320781837deb9eaaf77225ecd015871f556bc09ba72b0,False,False,False,EXTERNAL_REFERENCE,转 external reference,Cathaysia/Hainan 亲缘参照，不等于 Palawan–PCT 实体。,,,,,,,,True
E3,E3::EXISTING_REPAIRED::BSPM-01477BFAC4FC577F-E3,BSPM-01477BFAC4FC577F-E3,P43-01,local:d7026b64c885,,local:d7026b64c885,26.61816,114.53868,,,China-Eastern,Cathaysia-Hainan-Taiwan continental margin,E3b_Cathaysia_coast_affinity_reference,AFFINITY_REFERENCE_CHALLENGE_ONLY,SEDIMENTARY_DETRITAL,SEDIMENTARY_DETRITAL,SEDIMENTARY_DETRITAL,,,,沉积岩；具体沉积相未系统提取，不能据空值推断,86,86,86,0,bb002f77a336ba319d01ba85c5aba8f3946cdca1866ea28d6c5d528982a45387,a65dccb74eec6c6b79ebb7af69eddb55c56513f75839804dd7357dc718385896,False,False,False,EXTERNAL_REFERENCE,转 external reference,Cathaysia/Hainan 亲缘参照，不等于 Palawan–PCT 实体。,,,,,,,,True
E3,E3::EXISTING_REPAIRED::BSPM-8E784D8C9B7811FD-E3,BSPM-8E784D8C9B7811FD-E3,17HN-89,local:ea07d4b17d8f,,local:ea07d4b17d8f,27.62887,116.50038,,,China-Eastern,Cathaysia-Hainan-Taiwan continental margin,E3b_Cathaysia_coast_affinity_reference,AFFINITY_REFERENCE_CHALLENGE_ONLY,SEDIMENTARY_DETRITAL,SEDIMENTARY_DETRITAL,SEDIMENTARY_DETRITAL,,,,沉积岩；具体沉积相未系统提取，不能据空值推断,61,61,61,0,ccc84c23533a77ac8c289915a2e1bcde1957c7532c2a9ff7809d84efba56719e,cd7f9ebd63dd5b9801355272c80f906fdab2fefaab7a0cdddbcea630c8ca784d,False,False,False,EXTERNAL_REFERENCE,转 external reference,Cathaysia/Hainan 亲缘参照，不等于 Palawan–PCT 实体。,,,,,,,,True
E3,E3::EXISTING_REPAIRED::BSPM-8E9EE203C7142682-E3,BSPM-8E9EE203C7142682-E3,17HN-90,local:ea07d4b17d8f,,local:ea07d4b17d8f,27.62887,116.50038,,,China-Eastern,Cathaysia-Hainan-Taiwan continental margin,E3b_Cathaysia_coast_affinity_reference,AFFINITY_REFERENCE_CHALLENGE_ONLY,SEDIMENTARY_DETRITAL,SEDIMENTARY_DETRITAL,SEDIMENTARY_DETRITAL,,,,沉积岩；具体沉积相未系统提取，不能据空值推断,70,70,70,0,6aba06a3f2beed595e5c212ec6cb72d7ff9e5b2b05fa3504870772c4e4f11df4,4a7ecb8682326e5dde4914cc2207629d16e3f6e109c958c103379177132efdcf,False,False,False,EXTERNAL_REFERENCE,转 external reference,Cathaysia/Hainan 亲缘参照，不等于 Palawan–PCT 实体。,,,,,,,,True
E3,E3::EXISTING_REPAIRED::BSPM-568FBF99E7FC97B9-E3,BSPM-568FBF99E7FC97B9-E3,17HN-91,local:ea07d4b17d8f,,local:ea07d4b17d8f,27.62786,116.53361,,,China-Eastern,Cathaysia-Hainan-Taiwan continental margin,E3b_Cathaysia_coast_affinity_reference,AFFINITY_REFERENCE_CHALLENGE_ONLY,SEDIMENTARY_DETRITAL,SEDIMENTARY_DETRITAL,SEDIMENTARY_DETRITAL,,,,沉积岩；具体沉积相未系统提取，不能据空值推断,17,17,17,0,683f9abff4fcb0f2f140291685e911d99801adfdc08a97c0d6535060a6d08232,1f98e5b314de80ba934ecaacdb9a3ee9d0648763302202ea09dae80105a374c5,False,False,False,EXTERNAL_REFERENCE,转 external reference,Cathaysia/Hainan 亲缘参照，不等于 Palawan–PCT 实体。,,,,,,,,True
E3,E3::EXISTING_REPAIRED::BSPM-72154197668AAAE1-E3,BSPM-72154197668AAAE1-E3,17HN-92,local:ea07d4b17d8f,,local:ea07d4b17d8f,27.62786,116.53361,,,China-Eastern,Cathaysia-Hainan-Taiwan continental margin,E3b_Cathaysia_coast_affinity_reference,AFFINITY_REFERENCE_CHALLENGE_ONLY,SEDIMENTARY_DETRITAL,SEDIMENTARY_DETRITAL,SEDIMENTARY_DETRITAL,,,,沉积岩；具体沉积相未系统提取，不能据空值推断,16,16,16,0,3c98dd314cfae7d90e132afe93f8328d2b779825fc2258a54e555303d646c024,d694f6db77620184d8c2ae309d86bc0ecd0976cdcf80f3b8c15cf8b97fe19180,False,False,False,EXTERNAL_REFERENCE,转 external reference,Cathaysia/Hainan 亲缘参照，不等于 Palawan–PCT 实体。,,,,,,,,True
E3,E3::EXISTING_REPAIRED::BSPM-735D5D4FD5D19E3D-E3,BSPM-735D5D4FD5D19E3D-E3,TX-7_Xu2020,local:9ab4c97ce0c1,,local:9ab4c97ce0c1,22.80719,114.10569,,,China-Eastern,Cathaysia-Hainan-Taiwan continental margin,E3b_Cathaysia_coast_affinity_reference,AFFINITY_REFERENCE_CHALLENGE_ONLY,SEDIMENTARY_DETRITAL,SEDIMENTARY_DETRITAL,SEDIMENTARY_DETRITAL,,,,沉积岩；具体沉积相未系统提取，不能据空值推断,79,79,79,0,51712c79c3bbf41ca63eadb98c51afdaa1d3d1aca641fbf472725d045a3e47a9,c0ed0d8b82aeb43dd4590d7aa14b0d8178b8d306e94a4c71c2fc741817ce9726,False,False,False,EXTERNAL_REFERENCE,转 external reference,Cathaysia/Hainan 亲缘参照，不等于 Palawan–PCT 实体。,,,,,,,,True
E3,E3::EXISTING_REPAIRED::BSPM-A91F4186EE545F08-E3,BSPM-A91F4186EE545F08-E3,TX-12_Xu2020,local:9ab4c97ce0c1,,local:9ab4c97ce0c1,22.80719,114.10569,,,China-Eastern,Cathaysia-Hainan-Taiwan continental margin,E3b_Cathaysia_coast_affinity_reference,AFFINITY_REFERENCE_CHALLENGE_ONLY,SEDIMENTARY_DETRITAL,SEDIMENTARY_DETRITAL,SEDIMENTARY_DETRITAL,,,,沉积岩；具体沉积相未系统提取，不能据空值推断,78,78,78,0,ce063b2dcce225d56f7ff3e298bf6450afa768f150a341f6cb132927350bd064,2b5d73119db7018bed66fd5357267c4cdab13cd7ef15dcb3e6093b3ce5d8584d,False,False,False,EXTERNAL_REFERENCE,转 external reference,Cathaysia/Hainan 亲缘参照，不等于 Palawan–PCT 实体。,,,,,,,,True
E3,E3::EXISTING_REPAIRED::BSPM-0612B5E59F1BC679-E3,BSPM-0612B5E59F1BC679-E3,KT-15_Xu2020,local:9ab4c97ce0c1,,local:9ab4c97ce0c1,23.09386,115.98283,,,China-Eastern,Cathaysia-Hainan-Taiwan continental margin,E3b_Cathaysia_coast_affinity_reference,AFFINITY_REFERENCE_CHALLENGE_ONLY,SEDIMENTARY_DETRITAL,SEDIMENTARY_DETRITAL,SEDIMENTARY_DETRITAL,,,,沉积岩；具体沉积相未系统提取，不能据空值推断,80,80,80,0,ce3a4a76e5c90582b778d137b11d76eef0686663846eda553548d88972f44f40,4e0ca1a87ee3877c08af58d2796032e6c2df35460df92337f3ddc834f74ff592,False,False,False,EXTERNAL_REFERENCE,转 external reference,Cathaysia/Hainan 亲缘参照，不等于 Palawan–PCT 实体。,,,,,,,,True
E3,E3::EXISTING_REPAIRED::BSPM-D4261B8F6C7B539B-E3,BSPM-D4261B8F6C7B539B-E3,15LXQ-2,local:a2d13e7f0a98,,local:a2d13e7f0a98,25.29692,113.22364,,,China-Eastern,Cathaysia-Hainan-Taiwan continental margin,E3b_Cathaysia_coast_affinity_reference,AFFINITY_REFERENCE_CHALLENGE_ONLY,SEDIMENTARY_DETRITAL,SEDIMENTARY_DETRITAL,SEDIMENTARY_DETRITAL,,,,沉积岩；具体沉积相未系统提取，不能据空值推断,89,89,89,0,7a281ff037a43aa894c090b312c7e693c5e911579ba32e403f9f22c0e52df846,be389abd8c5ff9342186a8c298d4631793b546a734a01230731cada2cdbd2a94,False,False,False,EXTERNAL_REFERENCE,转 external reference,Cathaysia/Hainan 亲缘参照，不等于 Palawan–PCT 实体。,,,,,,,,True
E3,E3::EXISTING_REPAIRED::BSPM-31F835B27684102C-E3,BSPM-31F835B27684102C-E3,15NH-10,local:a2d13e7f0a98,,local:a2d13e7f0a98,25.20686,109.83703,,,China-Eastern,Cathaysia-Hainan-Taiwan continental margin,E3b_Cathaysia_coast_affinity_reference,AFFINITY_REFERENCE_CHALLENGE_ONLY,SEDIMENTARY_DETRITAL,SEDIMENTARY_DETRITAL,SEDIMENTARY_DETRITAL,,,,沉积岩；具体沉积相未系统提取，不能据空值推断,85,85,85,0,ee41a74202d7c70ce0a0aa2ac5063d09d30d4f2f2c34c2e5f8e5636de087302e,e6c5728cbf3876aa0827024a5318a813606abfff0943bc42053e518355ea15e4,False,False,False,EXTERNAL_REFERENCE,转 external reference,Cathaysia/Hainan 亲缘参照，不等于 Palawan–PCT 实体。,,,,,,,,True
E3,E3::EXISTING_REPAIRED::BSPM-9A3F9FFD4866836E-E3,BSPM-9A3F9FFD4866836E-E3,15NH-22,local:a2d13e7f0a98,,local:a2d13e7f0a98,25.20686,109.83703,,,China-Eastern,Cathaysia-Hainan-Taiwan continental margin,E3b_Cathaysia_coast_affinity_reference,AFFINITY_REFERENCE_CHALLENGE_ONLY,SEDIMENTARY_DETRITAL,SEDIMENTARY_DETRITAL,SEDIMENTARY_DETRITAL,,,,沉积岩；具体沉积相未系统提取，不能据空值推断,83,83,83,0,e4daaabfe57fd0098ce2616c3bb28c41a9676a0cc896adf99d1f63dc1237e578,365f53e61265a531128e3c8c42782b4710bf5c697738dc32d87571515a3e81c8,False,False,False,EXTERNAL_REFERENCE,转 external reference,Cathaysia/Hainan 亲缘参照，不等于 Palawan–PCT 实体。,,,,,,,,True
E3,E3::EXISTING_REPAIRED::BSPM-0D57008C0148BED8-E3,BSPM-0D57008C0148BED8-E3,LJX-3,local:a2d13e7f0a98,,local:a2d13e7f0a98,24.0915,110.22117,,,China-Eastern,Cathaysia-Hainan-Taiwan continental margin,E3b_Cathaysia_coast_affinity_reference,AFFINITY_REFERENCE_CHALLENGE_ONLY,SEDIMENTARY_DETRITAL,SEDIMENTARY_DETRITAL,SEDIMENTARY_DETRITAL,,,,沉积岩；具体沉积相未系统提取，不能据空值推断,96,96,96,0,4e0a40e1114ff958325e54024e7cf2f2df8249b6c630bc341bb2f2b50c89e0cf,9a96f161ea9ff7ff4c83d5dafd4bfd42e2d99912571dc0f014919c9efcb1c266,False,False,False,EXTERNAL_REFERENCE,转 external reference,Cathaysia/Hainan 亲缘参照，不等于 Palawan–PCT 实体。,,,,,,,,True
E3,E3::EXISTING_REPAIRED::BSPM-8F41D5ECD29F62BD-E3,BSPM-8F41D5ECD29F62BD-E3,LJX-19,local:a2d13e7f0a98,,local:a2d13e7f0a98,24.0915,110.22117,,,China-Eastern,Cathaysia-Hainan-Taiwan continental margin,E3b_Cathaysia_coast_affinity_reference,AFFINITY_REFERENCE_CHALLENGE_ONLY,SEDIMENTARY_DETRITAL,SEDIMENTARY_DETRITAL,SEDIMENTARY_DETRITAL,,,,沉积岩；具体沉积相未系统提取，不能据空值推断,103,103,103,0,3b07e47eb40e2ae95ea466a088441373bfb5494b63f2567ad2eba7364923caf3,2925e61d92c9866f5a31af169f8585971eaae947d6c9f92df12867177a379f2b,False,False,False,EXTERNAL_REFERENCE,转 external reference,Cathaysia/Hainan 亲缘参照，不等于 Palawan–PCT 实体。,,,,,,,,True
E3,E3::EXISTING_REPAIRED::BSPM-509CBDC1B7D95D72-E3,BSPM-509CBDC1B7D95D72-E3,18LS-27,local:81a93fb4bdd2,,local:81a93fb4bdd2,24.65,111.81667,,,China-Eastern,Cathaysia-Hainan-Taiwan continental margin,E3b_Cathaysia_coast_affinity_reference,AFFINITY_REFERENCE_CHALLENGE_ONLY,IGNEOUS_OR_VOLCANIC_BEDROCK,IGNEOUS_OR_VOLCANIC_BEDROCK,IGNEOUS_OR_VOLCANIC_BEDROCK,,,,不适用或未解析,38,38,38,0,2f9dcd56faac6051b72a85979165bc634d1956ffcb0a2b258c62ba96f4a5ff6c,8cd871e503aa04012c2c18b191656e913d32dc25e230d4c2be941a34d36417b4,False,False,False,EXTERNAL_REFERENCE,转 external reference,Cathaysia/Hainan 亲缘参照，不等于 Palawan–PCT 实体。,,,,,,,,True
E3,E3::EXISTING_REPAIRED::BSPM-E4EDA8CD71E85489-E3,BSPM-E4EDA8CD71E85489-E3,18LS-22,local:81a93fb4bdd2,,local:81a93fb4bdd2,24.67167,111.86667,,,China-Eastern,Cathaysia-Hainan-Taiwan continental margin,E3b_Cathaysia_coast_affinity_reference,AFFINITY_REFERENCE_CHALLENGE_ONLY,IGNEOUS_OR_VOLCANIC_BEDROCK,IGNEOUS_OR_VOLCANIC_BEDROCK,IGNEOUS_OR_VOLCANIC_BEDROCK,,,,不适用或未解析,89,89,89,0,65227f0631ee386248a79037c7712675d6117de32a188edec2a74526605f2a41,8196abbfaf6f8037d953039d6657ff1212cc1c58d2cb8e8ee46476796cdc1152,False,False,False,EXTERNAL_REFERENCE,转 external reference,Cathaysia/Hainan 亲缘参照，不等于 Palawan–PCT 实体。,,,,,,,,True
E3,E3::EXISTING_REPAIRED::BSPM-64DABB7EE5F28699-E3,BSPM-64DABB7EE5F28699-E3,18LS-17,local:81a93fb4bdd2,,local:81a93fb4bdd2,24.67833,111.87333,,,China-Eastern,Cathaysia-Hainan-Taiwan continental margin,E3b_Cathaysia_coast_affinity_reference,AFFINITY_REFERENCE_CHALLENGE_ONLY,IGNEOUS_OR_VOLCANIC_BEDROCK,IGNEOUS_OR_VOLCANIC_BEDROCK,IGNEOUS_OR_VOLCANIC_BEDROCK,,,,不适用或未解析,78,78,78,0,0c96472d7a05b268c2539eaef47d9c5a64b430df027777d9be4bf745f275b7e0,e24aa595165df07ee3e85058a32ea716f48d667e68ee6c35ba142fa3d80fc43b,False,False,False,EXTERNAL_REFERENCE,转 external reference,Cathaysia/Hainan 亲缘参照，不等于 Palawan–PCT 实体。,,,,,,,,True
E3,E3::EXISTING_REPAIRED::BSPM-E20946B7C244583B-E3,BSPM-E20946B7C244583B-E3,U,10.1038/srep05143,10.1038/srep05143,10.1038/srep05143,27.90952,119.0116,,,China,Cathaysia-Hainan-Taiwan continental margin,E3b_Cathaysia_coast_affinity_reference,AFFINITY_REFERENCE_CHALLENGE_ONLY,SEDIMENTARY_DETRITAL,SEDIMENTARY_DETRITAL,SEDIMENTARY_DETRITAL,,,,沉积岩；具体沉积相未系统提取，不能据空值推断,26,26,26,0,188e55565408699b6e23df54984dd156836568d3c455a2e5069b0601c03a0ede,9f68c25a5137033efb05712c1631ac88b984bf7a4d9a4f1e3493ac84ac1fdd92,False,False,False,EXTERNAL_REFERENCE,转 external reference,Cathaysia/Hainan 亲缘参照，不等于 Palawan–PCT 实体。,,,,,,,,True
E3,E3::EXISTING_REPAIRED::BSPM-A1559F1CA4C7C2E3-E3,BSPM-A1559F1CA4C7C2E3-E3,JX12,10.1029/2010tc002750,10.1029/2010tc002750,10.1029/2010tc002750,26.42073,114.2301,,,China,Cathaysia-Hainan-Taiwan continental margin,E3b_Cathaysia_coast_affinity_reference,AFFINITY_REFERENCE_CHALLENGE_ONLY,SEDIMENTARY_DETRITAL,SEDIMENTARY_DETRITAL,SEDIMENTARY_DETRITAL,,,,沉积岩；具体沉积相未系统提取，不能据空值推断,114,114,114,0,cf20ffdc859d1ca754149f01d367b383677defc68b1b9ce8e4cfc283ca085b75,cdf086da332ec8457b5bb523418d9d1650913f1ac6d551f392e7eb2e2813b3ea,False,False,False,EXTERNAL_REFERENCE,转 external reference,Cathaysia/Hainan 亲缘参照，不等于 Palawan–PCT 实体。,,,,,,,,True
E3,E3::EXISTING_REPAIRED::BSPM-228EF9057B2C478E-E3,BSPM-228EF9057B2C478E-E3,JX16,10.1029/2010tc002750,10.1029/2010tc002750,10.1029/2010tc002750,26.36193,114.4526,,,China,Cathaysia-Hainan-Taiwan continental margin,E3b_Cathaysia_coast_affinity_reference,AFFINITY_REFERENCE_CHALLENGE_ONLY,SEDIMENTARY_DETRITAL,SEDIMENTARY_DETRITAL,SEDIMENTARY_DETRITAL,,,,沉积岩；具体沉积相未系统提取，不能据空值推断,78,78,78,0,f3c6e80a4a54edf14e7527eab3c3fdef1704cf2cbd03f20e5904fe733896d6aa,f9f4ef2a8ae6162ea75e5ed9f7d660519ccbf5159c71248f311971c870b9e96a,False,False,False,EXTERNAL_REFERENCE,转 external reference,Cathaysia/Hainan 亲缘参照，不等于 Palawan–PCT 实体。,,,,,,,,True
E3,E3::EXISTING_REPAIRED::BSPM-B382F04A6225970B-E3,BSPM-B382F04A6225970B-E3,JX25,10.1029/2010tc002750,10.1029/2010tc002750,10.1029/2010tc002750,25.72678,114.2285,,,China,Cathaysia-Hainan-Taiwan continental margin,E3b_Cathaysia_coast_affinity_reference,AFFINITY_REFERENCE_CHALLENGE_ONLY,SEDIMENTARY_DETRITAL,SEDIMENTARY_DETRITAL,SEDIMENTARY_DETRITAL,,,,沉积岩；具体沉积相未系统提取，不能据空值推断,92,92,92,0,db27753e617bde226edcd8b292a865f05193706eb27a217422d22f135c42f856,4125dfe92440bd6ac7f9368c291c6189fd46140df009b181ce2307cbcec7ec20,False,False,False,EXTERNAL_REFERENCE,转 external reference,Cathaysia/Hainan 亲缘参照，不等于 Palawan–PCT 实体。,,,,,,,,True
E3,E3::EXISTING_REPAIRED::BSPM-54A7DA3C8E5682AD-E3,BSPM-54A7DA3C8E5682AD-E3,JX32,10.1029/2010tc002750,10.1029/2010tc002750,10.1029/2010tc002750,25.60412,114.0845,,,China,Cathaysia-Hainan-Taiwan continental margin,E3b_Cathaysia_coast_affinity_reference,AFFINITY_REFERENCE_CHALLENGE_ONLY,SEDIMENTARY_DETRITAL,SEDIMENTARY_DETRITAL,SEDIMENTARY_DETRITAL,,,,沉积岩；具体沉积相未系统提取，不能据空值推断,80,80,80,0,6346ca5d547934511d5d2e943d81087170f7db0938c58f9bc489a385c274e6f2,bb8d17bccbfbcfeca7166af0618523aada671b1fdd60d28484e11c5a3272207c,False,False,False,EXTERNAL_REFERENCE,转 external reference,Cathaysia/Hainan 亲缘参照，不等于 Palawan–PCT 实体。,,,,,,,,True
E3,E3::EXISTING_REPAIRED::BSPM-B6C618E5F591EFE8-E3,BSPM-B6C618E5F591EFE8-E3,JX-4,10.1029/2010tc002750,10.1029/2010tc002750,10.1029/2010tc002750,26.81073,114.0061,,,China,Cathaysia-Hainan-Taiwan continental margin,E3b_Cathaysia_coast_affinity_reference,AFFINITY_REFERENCE_CHALLENGE_ONLY,SEDIMENTARY_DETRITAL,SEDIMENTARY_DETRITAL,SEDIMENTARY_DETRITAL,,,,沉积岩；具体沉积相未系统提取，不能据空值推断,80,80,80,0,1430658a18966da2b3d8cd62cb39bb3e70a04d71f49c2142843fa46e5012538a,7ce6bb841a98eb53eb1ea87feaffc489521f1b641230e280eddfd4ebfb9a6d70,False,False,False,EXTERNAL_REFERENCE,转 external reference,Cathaysia/Hainan 亲缘参照，不等于 Palawan–PCT 实体。,,,,,,,,True
E3,E3::EXISTING_REPAIRED::BSPM-E159FFE8A8326ECA-E3,BSPM-E159FFE8A8326ECA-E3,JX-8,10.1029/2010tc002750,10.1029/2010tc002750,10.1029/2010tc002750,26.81075,114.0062,,,China,Cathaysia-Hainan-Taiwan continental margin,E3b_Cathaysia_coast_affinity_reference,AFFINITY_REFERENCE_CHALLENGE_ONLY,SEDIMENTARY_DETRITAL,SEDIMENTARY_DETRITAL,SEDIMENTARY_DETRITAL,,,,沉积岩；具体沉积相未系统提取，不能据空值推断,93,93,93,0,a77b5a4ba0923ee088bfca6e02bdad922504570c50b07bae6f01bd8ed1c7cf6d,39dfe5476a4d8584338d3fd878182fed268b24e6371f6b57afd6c8d0f8daf26c,False,False,False,EXTERNAL_REFERENCE,转 external reference,Cathaysia/Hainan 亲缘参照，不等于 Palawan–PCT 实体。,,,,,,,,True
E3,E3::EXISTING_REPAIRED::BSPM-D2C9ED4052CB2495-E3,BSPM-D2C9ED4052CB2495-E3,15NFJ-57_Yang2019,10.1016/j.precamres.2018.10.004,10.1016/j.precamres.2018.10.004,10.1016/j.precamres.2018.10.004,27.41,117.88,,,China,Cathaysia-Hainan-Taiwan continental margin,E3b_Cathaysia_coast_affinity_reference,AFFINITY_REFERENCE_CHALLENGE_ONLY,SEDIMENTARY_DETRITAL,SEDIMENTARY_DETRITAL,SEDIMENTARY_DETRITAL,Dajinshan Formation,Dajinshan Formation,,沉积岩；具体沉积相未系统提取，不能据空值推断,123,123,123,0,51556f4cf0ee6c3318b7f746f3054031642900ae815285a1d0b092bf75e51e5a,1f52a2652a40a5da352f73752e6b8ef23b42bba24938e4c326c5eff0c31e3e4c,False,False,False,EXTERNAL_REFERENCE,转 external reference,Cathaysia/Hainan 亲缘参照，不等于 Palawan–PCT 实体。,,,,,,,,True
E3,E3::EXISTING_REPAIRED::BSPM-558C4A7A78625408-E3,BSPM-558C4A7A78625408-E3,15NFJ-1_Yang2019,10.1016/j.precamres.2018.10.004,10.1016/j.precamres.2018.10.004,10.1016/j.precamres.2018.10.004,27.4,118.65,,,China,Cathaysia-Hainan-Taiwan continental margin,E3b_Cathaysia_coast_affinity_reference,AFFINITY_REFERENCE_CHALLENGE_ONLY,SEDIMENTARY_DETRITAL,SEDIMENTARY_DETRITAL,SEDIMENTARY_DETRITAL,,,,沉积岩；具体沉积相未系统提取，不能据空值推断,100,100,100,0,f56f2303253c972df0d201abfe7f45b956ff1e2ee476de1216c7c2d1453db9f0,cb47cb94fccf435da1f253bbcd72b832c7e4e51cb430feb436b998c64511738c,False,False,False,EXTERNAL_REFERENCE,转 external reference,Cathaysia/Hainan 亲缘参照，不等于 Palawan–PCT 实体。,,,,,,,,True
E3,E3::EXISTING_REPAIRED::BSPM-7DF911C213C4B890-E3,BSPM-7DF911C213C4B890-E3,15NFJ-2_Yang2019,10.1016/j.precamres.2018.10.004,10.1016/j.precamres.2018.10.004,10.1016/j.precamres.2018.10.004,27.4,118.65,,,China,Cathaysia-Hainan-Taiwan continental margin,E3b_Cathaysia_coast_affinity_reference,AFFINITY_REFERENCE_CHALLENGE_ONLY,SEDIMENTARY_DETRITAL,SEDIMENTARY_DETRITAL,SEDIMENTARY_DETRITAL,,,,沉积岩；具体沉积相未系统提取，不能据空值推断,95,95,95,0,318fea35c47ec05d690715a0b2267caf14d8e7515b1227447c0435393cd11e81,dddab577935e47bb1ee277149200e6ff0cbd82ccf7a31c3b40f301539cdd7e57,False,False,False,EXTERNAL_REFERENCE,转 external reference,Cathaysia/Hainan 亲缘参照，不等于 Palawan–PCT 实体。,,,,,,,,True
E3,E3::EXISTING_REPAIRED::BSPM-0FF1F4C8E48F36D9-E3,BSPM-0FF1F4C8E48F36D9-E3,11SY-1,10.1002/2014tc003748,10.1002/2014tc003748,10.1002/2014tc003748,18.2137,109.55932,,,China,Cathaysia-Hainan-Taiwan continental margin,E3b_Cathaysia_coast_affinity_reference,AFFINITY_REFERENCE_CHALLENGE_ONLY,SEDIMENTARY_DETRITAL,SEDIMENTARY_DETRITAL,SEDIMENTARY_DETRITAL,Damao Formation,Damao Formation,,沉积岩；具体沉积相未系统提取，不能据空值推断,137,137,137,0,1f13631c5135203ae618d064e545f05eb31eabdf328a6d5d5ab3b728963aaf0b,f3edf20e6223c438faeb76f6238a58a039412caa4691e6a57a52fd65d551b8c6,False,False,False,EXTERNAL_REFERENCE,转 external reference,Cathaysia/Hainan 亲缘参照，不等于 Palawan–PCT 实体。,,,,,,,,True
E3,E3::EXISTING_REPAIRED::BSPM-05C4D344E1F2371F-E3,BSPM-05C4D344E1F2371F-E3,11SY-2,10.1002/2014tc003748,10.1002/2014tc003748,10.1002/2014tc003748,18.21087,109.55942,,,China,Cathaysia-Hainan-Taiwan continental margin,E3b_Cathaysia_coast_affinity_reference,AFFINITY_REFERENCE_CHALLENGE_ONLY,SEDIMENTARY_DETRITAL,SEDIMENTARY_DETRITAL,SEDIMENTARY_DETRITAL,Damao Formation,Damao Formation,,沉积岩；具体沉积相未系统提取，不能据空值推断,117,117,117,0,bbff829ac00a8b0227b4e3d5573ab1b28ac977e5d9ca40ac1ba36d8133174046,4220f0e5f4eb7b25d0126a9a91304ecffdad48ae85eb0dd8f4d11dd8b71161d2,False,False,False,EXTERNAL_REFERENCE,转 external reference,Cathaysia/Hainan 亲缘参照，不等于 Palawan–PCT 实体。,,,,,,,,True
E3,E3::EXISTING_REPAIRED::BSPM-DC0D5FF003675CF6-E3,BSPM-DC0D5FF003675CF6-E3,15NFJ-46-2_Yang2019,10.1016/j.precamres.2018.10.004,10.1016/j.precamres.2018.10.004,10.1016/j.precamres.2018.10.004,26.75,118.43,,,China,Cathaysia-Hainan-Taiwan continental margin,E3b_Cathaysia_coast_affinity_reference,AFFINITY_REFERENCE_CHALLENGE_ONLY,SEDIMENTARY_DETRITAL,SEDIMENTARY_DETRITAL,SEDIMENTARY_DETRITAL,,,,沉积岩；具体沉积相未系统提取，不能据空值推断,74,74,74,0,8e881928e5939f99e1cf0b78d5379349418c4694a303f8af517202451ef3717d,9352234075420cea60470a89838b10737a809a8b20933af744c288acdcee849d,False,False,False,EXTERNAL_REFERENCE,转 external reference,Cathaysia/Hainan 亲缘参照，不等于 Palawan–PCT 实体。,,,,,,,,True
E3,E3::EXISTING_REPAIRED::BSPM-5EAE2F99546BD28D-E3,BSPM-5EAE2F99546BD28D-E3,09HN39,10.1016/j.gr.2014.01.015,10.1016/j.gr.2014.01.015,10.1016/j.gr.2014.01.015,18.20984,109.5641,,,China,Cathaysia-Hainan-Taiwan continental margin,E3b_Cathaysia_coast_affinity_reference,AFFINITY_REFERENCE_CHALLENGE_ONLY,SEDIMENTARY_DETRITAL,SEDIMENTARY_DETRITAL,SEDIMENTARY_DETRITAL,,,,沉积岩；具体沉积相未系统提取，不能据空值推断,104,104,104,0,2c0f9fba2d200523cba524289aca2a17c96a5c2bbd0adf3cce23148efc133dd7,4150b7e1bb2075f4409d580f23c53ebe436681867df26a72cfc299522055d8ef,False,False,False,EXTERNAL_REFERENCE,转 external reference,Cathaysia/Hainan 亲缘参照，不等于 Palawan–PCT 实体。,,,,,,,,True
E3,E3::EXISTING_REPAIRED::BSPM-E09213928EB4F460-E3,BSPM-E09213928EB4F460-E3,09HN54,10.1016/j.gr.2014.01.015,10.1016/j.gr.2014.01.015,10.1016/j.gr.2014.01.015,19.05893,110.4307,,,China,Cathaysia-Hainan-Taiwan continental margin,E3b_Cathaysia_coast_affinity_reference,AFFINITY_REFERENCE_CHALLENGE_ONLY,SEDIMENTARY_DETRITAL,SEDIMENTARY_DETRITAL,SEDIMENTARY_DETRITAL,,,,沉积岩；具体沉积相未系统提取，不能据空值推断,107,107,107,0,ab638f99e9d8a4258caa4ec3b1d2830dae0748ec8666ce0e83ea463acb2bc413,3bccb50f80df75bd4192af77924eb38d8603d9e2dc714124b8e652fb400f9b98,False,False,False,EXTERNAL_REFERENCE,转 external reference,Cathaysia/Hainan 亲缘参照，不等于 Palawan–PCT 实体。,,,,,,,,True
E3,E3::EXISTING_REPAIRED::BSPM-EEF114F7C8791022-E3,BSPM-EEF114F7C8791022-E3,2011GB,10.1016/j.gr.2014.01.015,10.1016/j.gr.2014.01.015,10.1016/j.gr.2014.01.015,18.88367,108.9611,,,China,Cathaysia-Hainan-Taiwan continental margin,E3b_Cathaysia_coast_affinity_reference,AFFINITY_REFERENCE_CHALLENGE_ONLY,SEDIMENTARY_DETRITAL,SEDIMENTARY_DETRITAL,SEDIMENTARY_DETRITAL,,,,沉积岩；具体沉积相未系统提取，不能据空值推断,167,167,167,0,e77b0270ca346959c8aa437c6b6baad245406ebc6dd0ceadd47c84bfe121b5c1,ae9f8edcf36da951f1cc75324eb44c770f07b12015eba773a2186b49b7959cc6,False,False,False,EXTERNAL_REFERENCE,转 external reference,Cathaysia/Hainan 亲缘参照，不等于 Palawan–PCT 实体。,,,,,,,,True
E3,E3::EXISTING_REPAIRED::BSPM-3E7B657315A53C58-E3,BSPM-3E7B657315A53C58-E3,2011JB,10.1016/j.gr.2014.01.015,10.1016/j.gr.2014.01.015,10.1016/j.gr.2014.01.015,18.81006,109.0677,,,China,Cathaysia-Hainan-Taiwan continental margin,E3b_Cathaysia_coast_affinity_reference,AFFINITY_REFERENCE_CHALLENGE_ONLY,SEDIMENTARY_DETRITAL,SEDIMENTARY_DETRITAL,SEDIMENTARY_DETRITAL,Hainan Island Baoban Group,Hainan Island Baoban Group,,沉积岩；具体沉积相未系统提取，不能据空值推断,148,148,148,0,22d6a2a2ee21224c6cea5832f4a658fd811ea244734ab6833c2c8d804cd74fa9,061426a436c9accc4e5cb08a42d65ba0bb7ac946d135db4e08301d4742a3eed1,False,False,False,EXTERNAL_REFERENCE,转 external reference,Cathaysia/Hainan 亲缘参照，不等于 Palawan–PCT 实体。,,,,,,,,True
E3,E3::EXISTING_REPAIRED::BSPM-1FFFF26E69CA6D9B-E3,BSPM-1FFFF26E69CA6D9B-E3,2011TD,10.1016/j.gr.2014.01.015,10.1016/j.gr.2014.01.015,10.1016/j.gr.2014.01.015,18.33151,109.5068,,,China,Cathaysia-Hainan-Taiwan continental margin,E3b_Cathaysia_coast_affinity_reference,AFFINITY_REFERENCE_CHALLENGE_ONLY,SEDIMENTARY_DETRITAL,SEDIMENTARY_DETRITAL,SEDIMENTARY_DETRITAL,,,,沉积岩；具体沉积相未系统提取，不能据空值推断,158,158,158,0,c80cc09872313a1056d4cffbfe39340b6c6add9bd14becfb526c34b3b0b3f7f5,2fb0ff37c2c7fddae8e5b95a604c518c4cb4a65ba3902e4c92ac011ed00b4523,False,False,False,EXTERNAL_REFERENCE,转 external reference,Cathaysia/Hainan 亲缘参照，不等于 Palawan–PCT 实体。,,,,,,,,True
E3,E3::EXISTING_REPAIRED::BSPM-64B23ECA518E01E6-E3,BSPM-64B23ECA518E01E6-E3,2011XL,10.1016/j.gr.2014.01.015,10.1016/j.gr.2014.01.015,10.1016/j.gr.2014.01.015,19.56747,109.527,,,China,Cathaysia-Hainan-Taiwan continental margin,E3b_Cathaysia_coast_affinity_reference,AFFINITY_REFERENCE_CHALLENGE_ONLY,SEDIMENTARY_DETRITAL,SEDIMENTARY_DETRITAL,SEDIMENTARY_DETRITAL,,,,沉积岩；具体沉积相未系统提取，不能据空值推断,164,164,164,0,da24f2bd5ac6ccb1f4045a8cb8baef3b42e05c4e1f2ab7bc5a369f0b9ddf135f,8d2e673cbd70bcaf4eede149bc90e71c4e3fa5ce09fbd1a7f567f2c5b4654b7b,False,False,False,EXTERNAL_REFERENCE,转 external reference,Cathaysia/Hainan 亲缘参照，不等于 Palawan–PCT 实体。,,,,,,,,True
E3,E3::EXISTING_REPAIRED::BSPM-03460F684D5539CB-E3,BSPM-03460F684D5539CB-E3,15NFJ-41_Yang2019,10.1016/j.precamres.2018.10.004,10.1016/j.precamres.2018.10.004,10.1016/j.precamres.2018.10.004,26.72,118.4,,,China,Cathaysia-Hainan-Taiwan continental margin,E3b_Cathaysia_coast_affinity_reference,AFFINITY_REFERENCE_CHALLENGE_ONLY,SEDIMENTARY_DETRITAL,SEDIMENTARY_DETRITAL,SEDIMENTARY_DETRITAL,,,,沉积岩；具体沉积相未系统提取，不能据空值推断,44,44,44,0,ee57860565435695ec0324914b128f0f5101c08c434132aea08ce07613856c1b,2e314ef7e3b0e27613e78e3f50b462a6ee6a784629ee287e70aeee350b62d244,False,False,False,EXTERNAL_REFERENCE,转 external reference,Cathaysia/Hainan 亲缘参照，不等于 Palawan–PCT 实体。,,,,,,,,True
E3,E3::EXISTING_REPAIRED::BSPM-359745439F7A9864-E3,BSPM-359745439F7A9864-E3,15NFJ-65_Yang2019,10.1016/j.precamres.2018.10.004,10.1016/j.precamres.2018.10.004,10.1016/j.precamres.2018.10.004,27.4,118.01,,,China,Cathaysia-Hainan-Taiwan continental margin,E3b_Cathaysia_coast_affinity_reference,AFFINITY_REFERENCE_CHALLENGE_ONLY,SEDIMENTARY_DETRITAL,SEDIMENTARY_DETRITAL,SEDIMENTARY_DETRITAL,,,,沉积岩；具体沉积相未系统提取，不能据空值推断,47,47,47,0,c0895e371cb70cc8d775bcbda0834c21ab5da0ed83f7c2845ec8a489258e7664,8be8adc3c7fd2cdc0b35bcca2e57588ea3e9e029dc44fbbc50147c5b7550037f,False,False,False,EXTERNAL_REFERENCE,转 external reference,Cathaysia/Hainan 亲缘参照，不等于 Palawan–PCT 实体。,,,,,,,,True
E3,E3::EXISTING_REPAIRED::BSPM-B3BF9E50786F0675-E3,BSPM-B3BF9E50786F0675-E3,15NFJ-83_Yang2019,10.1016/j.precamres.2018.10.004,10.1016/j.precamres.2018.10.004,10.1016/j.precamres.2018.10.004,26.9,117.99,,,China,Cathaysia-Hainan-Taiwan continental margin,E3b_Cathaysia_coast_affinity_reference,AFFINITY_REFERENCE_CHALLENGE_ONLY,SEDIMENTARY_DETRITAL,SEDIMENTARY_DETRITAL,SEDIMENTARY_DETRITAL,,,,沉积岩；具体沉积相未系统提取，不能据空值推断,47,47,47,0,0cdee6a3e26a9499c5a0824b256ac87542a2ef570a40d35e0f4031dae1960033,9a357435ec528eca12495931e8e257e7e8e829aa64037f9d1bc7da32b6d39e2c,False,False,False,EXTERNAL_REFERENCE,转 external reference,Cathaysia/Hainan 亲缘参照，不等于 Palawan–PCT 实体。,,,,,,,,True
E3,E3::EXISTING_REPAIRED::BSPM-059792A204AF8A68-E3,BSPM-059792A204AF8A68-E3,15NFJ-84_Yang2019,10.1016/j.precamres.2018.10.004,10.1016/j.precamres.2018.10.004,10.1016/j.precamres.2018.10.004,26.9,117.99,,,China,Cathaysia-Hainan-Taiwan continental margin,E3b_Cathaysia_coast_affinity_reference,AFFINITY_REFERENCE_CHALLENGE_ONLY,SEDIMENTARY_DETRITAL,SEDIMENTARY_DETRITAL,SEDIMENTARY_DETRITAL,,,,沉积岩；具体沉积相未系统提取，不能据空值推断,45,45,45,0,39e7ab4fda61bf38ad81745500481a20f0928a22ba698ecb5fdd2ef95df01fca,a3875d4ecbaa03129f152857efa62613c4f98f5b65c586f83ea5d05dfb10757c,False,False,False,EXTERNAL_REFERENCE,转 external reference,Cathaysia/Hainan 亲缘参照，不等于 Palawan–PCT 实体。,,,,,,,,True
E3,E3::EXISTING_REPAIRED::BSPM-1827AC4D9BD99D7F-E3,BSPM-1827AC4D9BD99D7F-E3,1098,10.1016/j.precamres.2012.03.009,10.1016/j.precamres.2012.03.009,10.1016/j.precamres.2012.03.009,27.06674,118.3772,,,China,Cathaysia-Hainan-Taiwan continental margin,E3b_Cathaysia_coast_affinity_reference,AFFINITY_REFERENCE_CHALLENGE_ONLY,IGNEOUS_OR_VOLCANIC_BEDROCK,IGNEOUS_OR_VOLCANIC_BEDROCK,IGNEOUS_OR_VOLCANIC_BEDROCK,,,,不适用或未解析,84,84,84,0,da200a140953afe040acb07a4d378c5ddc5607ac0166f822094cc17e8fb96a2e,e5643dafac7c75fb74667e49e5d906a6312c4dd7821c67de8410b9769b7801c5,False,False,False,EXTERNAL_REFERENCE,转 external reference,Cathaysia/Hainan 亲缘参照，不等于 Palawan–PCT 实体。,,,,,,,,True
E3,E3::EXISTING_REPAIRED::BSPM-5BDA89949F546445-E3,BSPM-5BDA89949F546445-E3,1098-1,10.1016/j.precamres.2012.03.009,10.1016/j.precamres.2012.03.009,10.1016/j.precamres.2012.03.009,27.06674,118.3772,,,China,Cathaysia-Hainan-Taiwan continental margin,E3b_Cathaysia_coast_affinity_reference,AFFINITY_REFERENCE_CHALLENGE_ONLY,IGNEOUS_OR_VOLCANIC_BEDROCK,IGNEOUS_OR_VOLCANIC_BEDROCK,IGNEOUS_OR_VOLCANIC_BEDROCK,,,,不适用或未解析,80,80,80,0,e0a15c12b0e8a678ebfe8ff3860028c4ba441e5b0ef5f2b6f2d92e3944e6c000,d5ff168c184a775bbcdeb69bcfc965898fb507a9aa5f0cd3a511917aaf8635e5,False,False,False,EXTERNAL_REFERENCE,转 external reference,Cathaysia/Hainan 亲缘参照，不等于 Palawan–PCT 实体。,,,,,,,,True
E3,E3::EXISTING_REPAIRED::BSPM-EA19EC1BB719DD75-E3,BSPM-EA19EC1BB719DD75-E3,1098-2,10.1016/j.precamres.2012.03.009,10.1016/j.precamres.2012.03.009,10.1016/j.precamres.2012.03.009,27.06674,118.3772,,,China,Cathaysia-Hainan-Taiwan continental margin,E3b_Cathaysia_coast_affinity_reference,AFFINITY_REFERENCE_CHALLENGE_ONLY,IGNEOUS_OR_VOLCANIC_BEDROCK,IGNEOUS_OR_VOLCANIC_BEDROCK,IGNEOUS_OR_VOLCANIC_BEDROCK,,,,不适用或未解析,107,107,107,0,e232fe29438a752c5d97bd6a6ddcd97a9f78af9ed9b122773abb28d3fa059ae2,c31dd2df6cdad9f92ef4ed242d0e505cdd8e9574fe16d6330dcaf8c889edc05d,False,False,False,EXTERNAL_REFERENCE,转 external reference,Cathaysia/Hainan 亲缘参照，不等于 Palawan–PCT 实体。,,,,,,,,True
E3,E3::EXISTING_REPAIRED::BSPM-B8475A303BA70EE5-E3,BSPM-B8475A303BA70EE5-E3,12LHT-2,10.1002/2014tc003748,10.1002/2014tc003748,10.1002/2014tc003748,18.21223,109.50422,,,China,Cathaysia-Hainan-Taiwan continental margin,E3b_Cathaysia_coast_affinity_reference,AFFINITY_REFERENCE_CHALLENGE_ONLY,SEDIMENTARY_DETRITAL,SEDIMENTARY_DETRITAL,SEDIMENTARY_DETRITAL,Shatang Formation,Shatang Formation,,沉积岩；具体沉积相未系统提取，不能据空值推断,186,186,186,0,2c397f2b37fe380088f79b4c8b211d3ed24e59b6fbd990dbe2f24d9779490384,3da641f2eb5239a17c92be06408e65a40def87bc738739aa4f4de85fef5250d4,False,False,False,EXTERNAL_REFERENCE,转 external reference,Cathaysia/Hainan 亲缘参照，不等于 Palawan–PCT 实体。,,,,,,,,True
E3,E3::EXISTING_REPAIRED::BSPM-536344E37EAE57AB-E3,BSPM-536344E37EAE57AB-E3,ZX7,10.1016/j.precamres.2010.05.016,10.1016/j.precamres.2010.05.016,10.1016/j.precamres.2010.05.016,25.28358,116.0289,,,China,Cathaysia-Hainan-Taiwan continental margin,E3b_Cathaysia_coast_affinity_reference,AFFINITY_REFERENCE_CHALLENGE_ONLY,SEDIMENTARY_DETRITAL,SEDIMENTARY_DETRITAL,SEDIMENTARY_DETRITAL,Taoxi Group,Taoxi Group,,沉积岩；具体沉积相未系统提取，不能据空值推断,57,57,57,0,8dcffbb1551562dcbc9a0d536c37cfe1313f290170a64c06f2f5cecc73eaa8dd,b84635c13b8ff9a27fa9073dccdd9b83f3738601f0eb7938b9e33f3550074fcb,False,False,False,EXTERNAL_REFERENCE,转 external reference,Cathaysia/Hainan 亲缘参照，不等于 Palawan–PCT 实体。,,,,,,,,True
E3,E3::EXISTING_REPAIRED::BSPM-D7315A068D41130B-E3,BSPM-D7315A068D41130B-E3,BL-009,10.1016/j.jseaes.2016.04.011,10.1016/j.jseaes.2016.04.011,10.1016/j.jseaes.2016.04.011,18.65793,109.00966,,,China,Cathaysia-Hainan-Taiwan continental margin,E3b_Cathaysia_coast_affinity_reference,AFFINITY_REFERENCE_CHALLENGE_ONLY,SEDIMENTARY_DETRITAL,SEDIMENTARY_DETRITAL,SEDIMENTARY_DETRITAL,,,,沉积岩；具体沉积相未系统提取，不能据空值推断,78,78,78,0,8bbb9a1047030d1f246515ac893778a8bb74a058a230e1a3aa8d27028f44c7e5,636f7c7a7edd0a80000d8fad588940b7c2f17fe605b5b3dfb9e1b4a1abb975ee,False,False,False,EXTERNAL_REFERENCE,转 external reference,Cathaysia/Hainan 亲缘参照，不等于 Palawan–PCT 实体。,,,,,,,,True
E3,E3::EXISTING_REPAIRED::BSPM-DC3451C87EF797D8-E3,BSPM-DC3451C87EF797D8-E3,JS01_Li2013,10.1017/s0016756812000969,10.1017/s0016756812000969,10.1017/s0016756812000969,31.78361,119.30981,,,China,Cathaysia-Hainan-Taiwan continental margin,E3b_Cathaysia_coast_affinity_reference,AFFINITY_REFERENCE_CHALLENGE_ONLY,SEDIMENTARY_DETRITAL,SEDIMENTARY_DETRITAL,SEDIMENTARY_DETRITAL,,,,沉积岩；具体沉积相未系统提取，不能据空值推断,146,146,146,0,0d18001fadd7b064063a94ecac815397c2e66b670f73b6d15e7a5ac6a75395bd,39193da0b099807bc47a4c69a3fbd4fca68b6a376df6efd3237abb5a3197cf8f,False,False,False,EXTERNAL_REFERENCE,转 external reference,Cathaysia/Hainan 亲缘参照，不等于 Palawan–PCT 实体。,,,,,,,,True
E3,E3::EXISTING_REPAIRED::BSPM-B9783C94D4CD06DC-E3,BSPM-B9783C94D4CD06DC-E3,S16-1,10.1017/s0016756812000969,10.1017/s0016756812000969,10.1017/s0016756812000969,32.05597,118.99342,,,China,Cathaysia-Hainan-Taiwan continental margin,E3b_Cathaysia_coast_affinity_reference,AFFINITY_REFERENCE_CHALLENGE_ONLY,SEDIMENTARY_DETRITAL,SEDIMENTARY_DETRITAL,SEDIMENTARY_DETRITAL,,,,沉积岩；具体沉积相未系统提取，不能据空值推断,127,127,127,0,0a56f5a6b2ebb620aead1b00269edfa69d95fa7b4482bc9fff6222c5f508c5d3,775b6de514e02ceb5ca8e7182aa5bd806b4c642d94ed5d38eae4b0e4a1536135,False,False,False,EXTERNAL_REFERENCE,转 external reference,Cathaysia/Hainan 亲缘参照，不等于 Palawan–PCT 实体。,,,,,,,,True
E3,E3::EXISTING_REPAIRED::BSPM-713834C9CD8897ED-E3,BSPM-713834C9CD8897ED-E3,S01-2,10.1017/s0016756812000969,10.1017/s0016756812000969,10.1017/s0016756812000969,31.73994,119.31539,,,China,Cathaysia-Hainan-Taiwan continental margin,E3b_Cathaysia_coast_affinity_reference,AFFINITY_REFERENCE_CHALLENGE_ONLY,SEDIMENTARY_DETRITAL,SEDIMENTARY_DETRITAL,SEDIMENTARY_DETRITAL,,,,沉积岩；具体沉积相未系统提取，不能据空值推断,142,142,142,0,420c5a92af545402b258dcc8f17b5c9abe589d364921d8811b9e3f164a0fb939,a0c31252b3343ff32b533a03e88be8d4f25c15c26fbfa55168177b8d0eecf206,False,False,False,EXTERNAL_REFERENCE,转 external reference,Cathaysia/Hainan 亲缘参照，不等于 Palawan–PCT 实体。,,,,,,,,True
E3,E3::EXISTING_REPAIRED::BSPM-90C341A3D773D37A-E3,BSPM-90C341A3D773D37A-E3,S15-1,10.1017/s0016756812000969,10.1017/s0016756812000969,10.1017/s0016756812000969,30.61181,119.53108,,,China,Cathaysia-Hainan-Taiwan continental margin,E3b_Cathaysia_coast_affinity_reference,AFFINITY_REFERENCE_CHALLENGE_ONLY,SEDIMENTARY_DETRITAL,SEDIMENTARY_DETRITAL,SEDIMENTARY_DETRITAL,,,,沉积岩；具体沉积相未系统提取，不能据空值推断,169,169,169,0,09baf0d4cde8207a815fbe0597a2d780f722f8fc3d3f715b0f0942611feb15ae,5a2dc97201b3a42d6b6b78bc126825100c5f554f181b403de3fef57150c579ac,False,False,False,EXTERNAL_REFERENCE,转 external reference,Cathaysia/Hainan 亲缘参照，不等于 Palawan–PCT 实体。,,,,,,,,True
E3,E3::EXISTING_REPAIRED::BSPM-AB7FC2D293D9FDBA-E3,BSPM-AB7FC2D293D9FDBA-E3,S14-2,10.1017/s0016756812000969,10.1017/s0016756812000969,10.1017/s0016756812000969,30.60022,119.53367,,,China,Cathaysia-Hainan-Taiwan continental margin,E3b_Cathaysia_coast_affinity_reference,AFFINITY_REFERENCE_CHALLENGE_ONLY,SEDIMENTARY_DETRITAL,SEDIMENTARY_DETRITAL,SEDIMENTARY_DETRITAL,,,,沉积岩；具体沉积相未系统提取，不能据空值推断,129,129,129,0,e25909b79de87ad8f5ee9fcd65747fff91ac4fcaa1d61a44d054e884df79e2ee,65049d1be71380ce98119f3333e4922bca3acec9e68e2e4ad9a0fde1bea3ced1,False,False,False,EXTERNAL_REFERENCE,转 external reference,Cathaysia/Hainan 亲缘参照，不等于 Palawan–PCT 实体。,,,,,,,,True
E3,E3::EXISTING_REPAIRED::BSPM-4C94C58619F3E995-E3,BSPM-4C94C58619F3E995-E3,S09-1,10.1017/s0016756812000969,10.1017/s0016756812000969,10.1017/s0016756812000969,29.93394,119.82842,,,China,Cathaysia-Hainan-Taiwan continental margin,E3b_Cathaysia_coast_affinity_reference,AFFINITY_REFERENCE_CHALLENGE_ONLY,SEDIMENTARY_DETRITAL,SEDIMENTARY_DETRITAL,SEDIMENTARY_DETRITAL,,,,沉积岩；具体沉积相未系统提取，不能据空值推断,132,132,132,0,013649237427ef63486336de23aab6cd3ea30dad6cbfff0d0d6ffc4746d116d1,9e06e27949ce31d30fad4706480e18d9485cc9e6ae6fd9958f5a188c6c1fb7d2,False,False,False,EXTERNAL_REFERENCE,转 external reference,Cathaysia/Hainan 亲缘参照，不等于 Palawan–PCT 实体。,,,,,,,,True
E3,E3::EXISTING_REPAIRED::BSPM-12702ACD9235EE83-E3,BSPM-12702ACD9235EE83-E3,S08-1,10.1017/s0016756812000969,10.1017/s0016756812000969,10.1017/s0016756812000969,29.93156,119.83028,,,China,Cathaysia-Hainan-Taiwan continental margin,E3b_Cathaysia_coast_affinity_reference,AFFINITY_REFERENCE_CHALLENGE_ONLY,SEDIMENTARY_DETRITAL,SEDIMENTARY_DETRITAL,SEDIMENTARY_DETRITAL,,,,沉积岩；具体沉积相未系统提取，不能据空值推断,223,223,223,0,11d9cbf4ce253b262117a5971554efc1282c14aedb7f42474b702b3147a65efc,a4241808bbe98c24444bd6f35745b8daf861cfbfcd2d9c92a11866151b1bf2f4,False,False,False,EXTERNAL_REFERENCE,转 external reference,Cathaysia/Hainan 亲缘参照，不等于 Palawan–PCT 实体。,,,,,,,,True
E3,E3::EXISTING_REPAIRED::BSPM-D3559581110B4D17-E3,BSPM-D3559581110B4D17-E3,RZ-06,local:c1911afabf47,,local:c1911afabf47,24.26951,110.21958,,,China,Cathaysia-Hainan-Taiwan continental margin,E3b_Cathaysia_coast_affinity_reference,AFFINITY_REFERENCE_CHALLENGE_ONLY,SEDIMENTARY_DETRITAL,SEDIMENTARY_DETRITAL,SEDIMENTARY_DETRITAL,,,,沉积岩；具体沉积相未系统提取，不能据空值推断,27,27,27,0,d973f0029153d10aeca509ac321ab76c78824d655f4015425dd2827135ed33da,b1b450eb4005fb722e9b12173fd760abc827f5d3715f03492e9ce425a8fb057b,False,False,False,EXTERNAL_REFERENCE,转 external reference,Cathaysia/Hainan 亲缘参照，不等于 Palawan–PCT 实体。,,,,,,,,True
E3,E3::EXISTING_REPAIRED::BSPM-DCF939213AEBCB73-E3,BSPM-DCF939213AEBCB73-E3,RZ-08,local:c1911afabf47,,local:c1911afabf47,24.27854,110.18701,,,China,Cathaysia-Hainan-Taiwan continental margin,E3b_Cathaysia_coast_affinity_reference,AFFINITY_REFERENCE_CHALLENGE_ONLY,SEDIMENTARY_DETRITAL,SEDIMENTARY_DETRITAL,SEDIMENTARY_DETRITAL,,,,沉积岩；具体沉积相未系统提取，不能据空值推断,24,24,24,0,145dd9947c196b77dfe48e03878619ff276b54c369c5f2aba1446207536634a0,96201630e2e35cbfa9845d2d722385cff44be6965abd9a2c458b819854d1e24d,False,False,False,EXTERNAL_REFERENCE,转 external reference,Cathaysia/Hainan 亲缘参照，不等于 Palawan–PCT 实体。,,,,,,,,True
E3,E3::EXISTING_REPAIRED::BSPM-13405C92D2D6E968-E3,BSPM-13405C92D2D6E968-E3,RZ-09,local:c1911afabf47,,local:c1911afabf47,24.39382,110.14397,,,China,Cathaysia-Hainan-Taiwan continental margin,E3b_Cathaysia_coast_affinity_reference,AFFINITY_REFERENCE_CHALLENGE_ONLY,SEDIMENTARY_DETRITAL,SEDIMENTARY_DETRITAL,SEDIMENTARY_DETRITAL,,,,沉积岩；具体沉积相未系统提取，不能据空值推断,19,19,19,0,db809787d4c53f5c571b8481cc50222e607f3bb8e391471266314b03959fcd22,a2dcc1e1803acbc488910ac1dbc0731a60ea7ea168323f10a5fb488265def8a1,False,False,False,EXTERNAL_REFERENCE,转 external reference,Cathaysia/Hainan 亲缘参照，不等于 Palawan–PCT 实体。,,,,,,,,True
E3,E3::EXISTING_REPAIRED::BSPM-A7CF7E5ECC7F25DF-E3,BSPM-A7CF7E5ECC7F25DF-E3,DQ04,10.1016/j.tecto.2014.08.022,10.1016/j.tecto.2014.08.022,10.1016/j.tecto.2014.08.022,23.11894,111.8118,,,China,Cathaysia-Hainan-Taiwan continental margin,E3b_Cathaysia_coast_affinity_reference,AFFINITY_REFERENCE_CHALLENGE_ONLY,SEDIMENTARY_DETRITAL,SEDIMENTARY_DETRITAL,SEDIMENTARY_DETRITAL,,,,沉积岩；具体沉积相未系统提取，不能据空值推断,70,70,70,0,bbac5da1df68f34ba135acc4494d1eb7f11d12841b298c80612cf46ce02a425d,a06ca3e3f4b7b58d38cdd76ed54bcfcbd640cba42419ed183ff2a07959d5dea1,False,False,False,EXTERNAL_REFERENCE,转 external reference,Cathaysia/Hainan 亲缘参照，不等于 Palawan–PCT 实体。,,,,,,,,True
E3,E3::EXISTING_REPAIRED::BSPM-4C7B87104DAD0381-E3,BSPM-4C7B87104DAD0381-E3,DQ09,10.1016/j.tecto.2014.08.022,10.1016/j.tecto.2014.08.022,10.1016/j.tecto.2014.08.022,23.10339,111.8239,,,China,Cathaysia-Hainan-Taiwan continental margin,E3b_Cathaysia_coast_affinity_reference,AFFINITY_REFERENCE_CHALLENGE_ONLY,SEDIMENTARY_DETRITAL,SEDIMENTARY_DETRITAL,SEDIMENTARY_DETRITAL,Luohong Formation,Luohong Formation,,沉积岩；具体沉积相未系统提取，不能据空值推断,60,60,60,0,642a1aea12b14358ab1253977b8c2c340d59e7a3abfeebb82223c151895b0cfd,11e8a76f08b116ae9f87201c2083bc87ea281f8aea97d475dfc21de62bddf3cf,False,False,False,EXTERNAL_REFERENCE,转 external reference,Cathaysia/Hainan 亲缘参照，不等于 Palawan–PCT 实体。,,,,,,,,True
E3,E3::EXISTING_REPAIRED::BSPM-00E631D5BA0FD36A-E3,BSPM-00E631D5BA0FD36A-E3,DQ12,10.1016/j.tecto.2014.08.022,10.1016/j.tecto.2014.08.022,10.1016/j.tecto.2014.08.022,23.08649,111.8473,,,China,Cathaysia-Hainan-Taiwan continental margin,E3b_Cathaysia_coast_affinity_reference,AFFINITY_REFERENCE_CHALLENGE_ONLY,SEDIMENTARY_DETRITAL,SEDIMENTARY_DETRITAL,SEDIMENTARY_DETRITAL,Luohong Formation,Luohong Formation,,沉积岩；具体沉积相未系统提取，不能据空值推断,50,50,50,0,edc685c952f9b903c163b98974948ad8a74663981219e7cde271dc2d4bd34442,6596e8abcc47a20f9573a25913d2fa37f590432ad1e1627ff1612f997acb5eed,False,False,False,EXTERNAL_REFERENCE,转 external reference,Cathaysia/Hainan 亲缘参照，不等于 Palawan–PCT 实体。,,,,,,,,True
E3,E3::EXISTING_REPAIRED::BSPM-E42CFD490C941655-E3,BSPM-E42CFD490C941655-E3,DQ13,10.1016/j.tecto.2014.08.022,10.1016/j.tecto.2014.08.022,10.1016/j.tecto.2014.08.022,23.07059,111.8617,,,China,Cathaysia-Hainan-Taiwan continental margin,E3b_Cathaysia_coast_affinity_reference,AFFINITY_REFERENCE_CHALLENGE_ONLY,SEDIMENTARY_DETRITAL,SEDIMENTARY_DETRITAL,SEDIMENTARY_DETRITAL,Luohong Formation,Luohong Formation,,沉积岩；具体沉积相未系统提取，不能据空值推断,67,67,67,0,1e1f5168e871951604d5c76d39c05b005e20e13807b908d737f0140335682253,9688a86436ec86a2e464173332a08b1327b14c7a18b2c9a4d8cb2aa1959c8e34,False,False,False,EXTERNAL_REFERENCE,转 external reference,Cathaysia/Hainan 亲缘参照，不等于 Palawan–PCT 实体。,,,,,,,,True
E3,E3::EXISTING_REPAIRED::BSPM-F8927EABB89BBF8E-E3,BSPM-F8927EABB89BBF8E-E3,DQ15,10.1016/j.tecto.2014.08.022,10.1016/j.tecto.2014.08.022,10.1016/j.tecto.2014.08.022,23.05458,111.8778,,,China,Cathaysia-Hainan-Taiwan continental margin,E3b_Cathaysia_coast_affinity_reference,AFFINITY_REFERENCE_CHALLENGE_ONLY,SEDIMENTARY_DETRITAL,SEDIMENTARY_DETRITAL,SEDIMENTARY_DETRITAL,Luohong Formation,Luohong Formation,,沉积岩；具体沉积相未系统提取，不能据空值推断,54,54,54,0,7ba59612f4cd9d0452019d969dd636c30d99939046df08711f4021d830ae7c8c,c607595bba52d912b4eca3bdd43b44f992dc51f7287a0ab56cecf86a84844b47,False,False,False,EXTERNAL_REFERENCE,转 external reference,Cathaysia/Hainan 亲缘参照，不等于 Palawan–PCT 实体。,,,,,,,,True
E3,E3::EXISTING_REPAIRED::BSPM-70D13D9E23136BE8-E3,BSPM-70D13D9E23136BE8-E3,DQ23,10.1016/j.tecto.2014.08.022,10.1016/j.tecto.2014.08.022,10.1016/j.tecto.2014.08.022,23.04538,111.8884,,,China,Cathaysia-Hainan-Taiwan continental margin,E3b_Cathaysia_coast_affinity_reference,AFFINITY_REFERENCE_CHALLENGE_ONLY,SEDIMENTARY_DETRITAL,SEDIMENTARY_DETRITAL,SEDIMENTARY_DETRITAL,Luohong Formation,Luohong Formation,,沉积岩；具体沉积相未系统提取，不能据空值推断,89,89,89,0,b5cb8080fb7355c7de5687f27e9321a24b28f9f03ff06f58680b1f7ccfaaec53,68581da5a256406406a15c5fc02e667336fe251f1ec61030e59ea5693bd02e81,False,False,False,EXTERNAL_REFERENCE,转 external reference,Cathaysia/Hainan 亲缘参照，不等于 Palawan–PCT 实体。,,,,,,,,True
E3,E3::EXISTING_REPAIRED::BSPM-E8434E8DACF9AB94-E3,BSPM-E8434E8DACF9AB94-E3,715,10.1007/s11430-010-4061-5,10.1007/s11430-010-4061-5,10.1007/s11430-010-4061-5,26.58767,114.4073,,,China,Cathaysia-Hainan-Taiwan continental margin,E3b_Cathaysia_coast_affinity_reference,AFFINITY_REFERENCE_CHALLENGE_ONLY,SEDIMENTARY_DETRITAL,SEDIMENTARY_DETRITAL,SEDIMENTARY_DETRITAL,Jueshangou Formation,Jueshangou Formation,,沉积岩；具体沉积相未系统提取，不能据空值推断,34,34,34,0,198f63422ddfd359db54116787aaaca7c53b2ef5f000edbd081558b77cd6a616,9f210803280106aebc414890c4b53aa356848f9453e1889338e5d7177df893cb,False,False,False,EXTERNAL_REFERENCE,转 external reference,Cathaysia/Hainan 亲缘参照，不等于 Palawan–PCT 实体。,,,,,,,,True
E3,E3::EXISTING_REPAIRED::BSPM-3E77C44C9A107C2B-E3,BSPM-3E77C44C9A107C2B-E3,1_Ma2019,local:695513879330,,local:695513879330,26.333911,115.32341,,,China,Cathaysia-Hainan-Taiwan continental margin,E3b_Cathaysia_coast_affinity_reference,AFFINITY_REFERENCE_CHALLENGE_ONLY,METAMORPHIC_BASEMENT_OR_METASEDIMENT,METAMORPHIC_BASEMENT_OR_METASEDIMENT,METAMORPHIC_BASEMENT_OR_METASEDIMENT,Gaotan Fm,Gaotan Fm,,不适用或未解析,55,55,55,0,36298f7ca5dd16cd7fbb35d78fc767788a9ff15e3c72be0e9c56df550df768fb,895ab5e15830a55bbfa60e0d005f514129ad6bab974c7f9e011ed316f1cc321d,False,False,False,EXTERNAL_REFERENCE,转 external reference,Cathaysia/Hainan 亲缘参照，不等于 Palawan–PCT 实体。,,,,,,,,True
E3,E3::EXISTING_REPAIRED::BSPM-7DEC10FCC57E2EDF-E3,BSPM-7DEC10FCC57E2EDF-E3,10GD37,10.1016/j.gr.2014.10.018,10.1016/j.gr.2014.10.018,10.1016/j.gr.2014.10.018,23.04916667,110.2230556,,,China,Cathaysia-Hainan-Taiwan continental margin,E3b_Cathaysia_coast_affinity_reference,AFFINITY_REFERENCE_CHALLENGE_ONLY,SEDIMENTARY_DETRITAL,SEDIMENTARY_DETRITAL,SEDIMENTARY_DETRITAL,,,,沉积岩；具体沉积相未系统提取，不能据空值推断,121,121,121,0,be08b3b3c7f7370883197834892370c18c95605642c722b76df660382427c70d,ea77ab44ab07f9520a28ffce8f3e000af9f5629cc594820fff996cd8920a7804,False,False,False,EXTERNAL_REFERENCE,转 external reference,Cathaysia/Hainan 亲缘参照，不等于 Palawan–PCT 实体。,,,,,,,,True
E3,E3::EXISTING_REPAIRED::BSPM-4253BB1E086B1202-E3,BSPM-4253BB1E086B1202-E3,10GD42-1,10.1016/j.gr.2014.10.018,10.1016/j.gr.2014.10.018,10.1016/j.gr.2014.10.018,23.08472222,110.1666667,,,China,Cathaysia-Hainan-Taiwan continental margin,E3b_Cathaysia_coast_affinity_reference,AFFINITY_REFERENCE_CHALLENGE_ONLY,SEDIMENTARY_DETRITAL,SEDIMENTARY_DETRITAL,SEDIMENTARY_DETRITAL,,,,沉积岩；具体沉积相未系统提取，不能据空值推断,119,119,119,0,ecd8a60a6aefba348f04007399173bd9b2b544ce4e0596307e60dc841db2b343,ef863eb16ac46a5e57e51bbb04589ec9c1842b492f0ec3516bc4daa67a38af94,False,False,False,EXTERNAL_REFERENCE,转 external reference,Cathaysia/Hainan 亲缘参照，不等于 Palawan–PCT 实体。,,,,,,,,True
E3,E3::EXISTING_REPAIRED::BSPM-E20271C2E590A233-E3,BSPM-E20271C2E590A233-E3,10GD41,10.1016/j.gr.2014.10.018,10.1016/j.gr.2014.10.018,10.1016/j.gr.2014.10.018,23.09111111,110.1672222,,,China,Cathaysia-Hainan-Taiwan continental margin,E3b_Cathaysia_coast_affinity_reference,AFFINITY_REFERENCE_CHALLENGE_ONLY,SEDIMENTARY_DETRITAL,SEDIMENTARY_DETRITAL,SEDIMENTARY_DETRITAL,,,,沉积岩；具体沉积相未系统提取，不能据空值推断,120,120,120,0,0ad09da03bfeb03fe40984ed77b4a844c80c5dcf5c584eb3209dde568b010523,78198375ea6baa516dbb1c4a07bfde6a8bf43ce0f02b8a40d3e65f50ab919cb9,False,False,False,EXTERNAL_REFERENCE,转 external reference,Cathaysia/Hainan 亲缘参照，不等于 Palawan–PCT 实体。,,,,,,,,True
E3,E3::EXISTING_REPAIRED::BSPM-1C4C881CA6C63A86-E3,BSPM-1C4C881CA6C63A86-E3,10GD38-1,10.1016/j.gr.2014.10.018,10.1016/j.gr.2014.10.018,10.1016/j.gr.2014.10.018,23.1,110.1619444,,,China,Cathaysia-Hainan-Taiwan continental margin,E3b_Cathaysia_coast_affinity_reference,AFFINITY_REFERENCE_CHALLENGE_ONLY,SEDIMENTARY_DETRITAL,SEDIMENTARY_DETRITAL,SEDIMENTARY_DETRITAL,,,,沉积岩；具体沉积相未系统提取，不能据空值推断,120,120,120,0,6344bdede5406cc842321ad73d36180fb21cc5a2288908e885355c6ec87413b6,745d158402f058fdbd3155c85fd0acc23b595154c76dccb224c134891b7e0161,False,False,False,EXTERNAL_REFERENCE,转 external reference,Cathaysia/Hainan 亲缘参照，不等于 Palawan–PCT 实体。,,,,,,,,True
E3,E3::EXISTING_REPAIRED::BSPM-F2E263CCC659806B-E3,BSPM-F2E263CCC659806B-E3,10GD45,10.1016/j.gr.2014.10.018,10.1016/j.gr.2014.10.018,10.1016/j.gr.2014.10.018,23.25694444,110.3291667,,,China,Cathaysia-Hainan-Taiwan continental margin,E3b_Cathaysia_coast_affinity_reference,AFFINITY_REFERENCE_CHALLENGE_ONLY,SEDIMENTARY_DETRITAL,SEDIMENTARY_DETRITAL,SEDIMENTARY_DETRITAL,,,,沉积岩；具体沉积相未系统提取，不能据空值推断,99,99,99,0,71d1ccd519e5588509aa63876cfd511ab214340a0f373e9ad601623601ff810e,2d1e4fbfc311cb3d0f58d7005492237832b694046191022bccc100183c6658aa,False,False,False,EXTERNAL_REFERENCE,转 external reference,Cathaysia/Hainan 亲缘参照，不等于 Palawan–PCT 实体。,,,,,,,,True
E3,E3::EXISTING_REPAIRED::BSPM-65A2BCB4AB56C756-E3,BSPM-65A2BCB4AB56C756-E3,10GD54,10.1016/j.gr.2014.10.018,10.1016/j.gr.2014.10.018,10.1016/j.gr.2014.10.018,23.04805556,110.8433333,,,China,Cathaysia-Hainan-Taiwan continental margin,E3b_Cathaysia_coast_affinity_reference,AFFINITY_REFERENCE_CHALLENGE_ONLY,SEDIMENTARY_DETRITAL,SEDIMENTARY_DETRITAL,SEDIMENTARY_DETRITAL,,,,沉积岩；具体沉积相未系统提取，不能据空值推断,99,99,99,0,d14862f3ace3f133b776468d091b125e1400edd9edc1bb6e07e196f7ae090324,2fe2fe3805b599fe0fdb8d698bc4213a4e019f89465f0e6e53b14a3b3c4abf52,False,False,False,EXTERNAL_REFERENCE,转 external reference,Cathaysia/Hainan 亲缘参照，不等于 Palawan–PCT 实体。,,,,,,,,True
E3,E3::EXISTING_REPAIRED::BSPM-70AC7766E9F0D850-E3,BSPM-70AC7766E9F0D850-E3,10GD52-1,10.1016/j.gr.2014.10.018,10.1016/j.gr.2014.10.018,10.1016/j.gr.2014.10.018,23.08277778,110.8116667,,,China,Cathaysia-Hainan-Taiwan continental margin,E3b_Cathaysia_coast_affinity_reference,AFFINITY_REFERENCE_CHALLENGE_ONLY,SEDIMENTARY_DETRITAL,SEDIMENTARY_DETRITAL,SEDIMENTARY_DETRITAL,,,,沉积岩；具体沉积相未系统提取，不能据空值推断,100,100,100,0,07caa476b99cf61bc0f85e7cd4a66e32070b0d8312435992698dcbeb4776140f,e4d1c461a55fcb7139d03136bc3aef58ea6e32241b01db37e0632a84e5bed598,False,False,False,EXTERNAL_REFERENCE,转 external reference,Cathaysia/Hainan 亲缘参照，不等于 Palawan–PCT 实体。,,,,,,,,True
E3,E3::EXISTING_REPAIRED::BSPM-E2DB82DC2A45D6CE-E3,BSPM-E2DB82DC2A45D6CE-E3,10GD51,10.1016/j.gr.2014.10.018,10.1016/j.gr.2014.10.018,10.1016/j.gr.2014.10.018,23.10444444,110.8225,,,China,Cathaysia-Hainan-Taiwan continental margin,E3b_Cathaysia_coast_affinity_reference,AFFINITY_REFERENCE_CHALLENGE_ONLY,SEDIMENTARY_DETRITAL,SEDIMENTARY_DETRITAL,SEDIMENTARY_DETRITAL,,,,沉积岩；具体沉积相未系统提取，不能据空值推断,100,100,100,0,d0e00b4e08e8cf781df410c6ea20e36f3130322ae198525991f74c8b5a1f8073,b76606fbe59809bf8909b79b84aa5e604f470c4b758414fddf26099a74cec57e,False,False,False,EXTERNAL_REFERENCE,转 external reference,Cathaysia/Hainan 亲缘参照，不等于 Palawan–PCT 实体。,,,,,,,,True
E3,E3::EXISTING_REPAIRED::BSPM-0B57935D5658EAAB-E3,BSPM-0B57935D5658EAAB-E3,10GD56,10.1016/j.gr.2014.10.018,10.1016/j.gr.2014.10.018,10.1016/j.gr.2014.10.018,22.65083333,110.4958333,,,China,Cathaysia-Hainan-Taiwan continental margin,E3b_Cathaysia_coast_affinity_reference,AFFINITY_REFERENCE_CHALLENGE_ONLY,SEDIMENTARY_DETRITAL,SEDIMENTARY_DETRITAL,SEDIMENTARY_DETRITAL,,,,沉积岩；具体沉积相未系统提取，不能据空值推断,100,100,100,0,c23600c7ae647ea53e05044edc7f7487c148702cac2710d2821d190a9953d82b,91d2b7034994105d4344063769062d137be5501a15f2f9c76656818724c052a2,False,False,False,EXTERNAL_REFERENCE,转 external reference,Cathaysia/Hainan 亲缘参照，不等于 Palawan–PCT 实体。,,,,,,,,True
E3,E3::EXISTING_REPAIRED::BSPM-54031A08D15A271D-E3,BSPM-54031A08D15A271D-E3,10GD58,10.1016/j.gr.2014.10.018,10.1016/j.gr.2014.10.018,10.1016/j.gr.2014.10.018,22.67166667,110.4733333,,,China,Cathaysia-Hainan-Taiwan continental margin,E3b_Cathaysia_coast_affinity_reference,AFFINITY_REFERENCE_CHALLENGE_ONLY,SEDIMENTARY_DETRITAL,SEDIMENTARY_DETRITAL,SEDIMENTARY_DETRITAL,,,,沉积岩；具体沉积相未系统提取，不能据空值推断,100,100,100,0,e63938d5720fd2baae668289fd4cae5e1714d4ecbb8d0618d0c2619a2314e235,5118a4ef2a739683e6589d958656d408de772b519c146a3e50a5b86510d2fff6,False,False,False,EXTERNAL_REFERENCE,转 external reference,Cathaysia/Hainan 亲缘参照，不等于 Palawan–PCT 实体。,,,,,,,,True
E3,E3::EXISTING_REPAIRED::BSPM-28F95C5B69E3C7D5-E3,BSPM-28F95C5B69E3C7D5-E3,10GD60,10.1016/j.gr.2014.10.018,10.1016/j.gr.2014.10.018,10.1016/j.gr.2014.10.018,22.77055556,110.4452778,,,China,Cathaysia-Hainan-Taiwan continental margin,E3b_Cathaysia_coast_affinity_reference,AFFINITY_REFERENCE_CHALLENGE_ONLY,SEDIMENTARY_DETRITAL,SEDIMENTARY_DETRITAL,SEDIMENTARY_DETRITAL,,,,沉积岩；具体沉积相未系统提取，不能据空值推断,100,100,100,0,79f1ca9e87c19ac596123686a8b7de81fe29d4292f46f9a4c4970a2dfe2fc57a,dc0a640af33bbc9a48f20f0bff54d50900486479d40baa6467b9b25f773819e4,False,False,False,EXTERNAL_REFERENCE,转 external reference,Cathaysia/Hainan 亲缘参照，不等于 Palawan–PCT 实体。,,,,,,,,True
E3,E3::EXISTING_REPAIRED::BSPM-4D730068D10DBF11-E3,BSPM-4D730068D10DBF11-E3,950,10.1016/j.gr.2011.01.005,10.1016/j.gr.2011.01.005,10.1016/j.gr.2011.01.005,25.6551,114.1558,,,China,Cathaysia-Hainan-Taiwan continental margin,E3b_Cathaysia_coast_affinity_reference,AFFINITY_REFERENCE_CHALLENGE_ONLY,SEDIMENTARY_DETRITAL,SEDIMENTARY_DETRITAL,SEDIMENTARY_DETRITAL,"Jueshangou Formation , Duiershi Formation and Guting Formation","Jueshangou Formation , Duiershi Formation and Guting Formation",,沉积岩；具体沉积相未系统提取，不能据空值推断,68,68,68,0,96f43f2c4509925d5fcae9a1eb17434210a3426dccc14f5ec9fb1ad20075d6bb,c6d261c1e1dbcd1e582f137f59b64a8a77861093a27040921599e483f279ba97,False,False,False,EXTERNAL_REFERENCE,转 external reference,Cathaysia/Hainan 亲缘参照，不等于 Palawan–PCT 实体。,,,,,,,,True
E3,E3::EXISTING_REPAIRED::BSPM-3459CC17B188FFF4-E3,BSPM-3459CC17B188FFF4-E3,950-1,10.1016/j.gr.2011.01.005,10.1016/j.gr.2011.01.005,10.1016/j.gr.2011.01.005,25.6575,114.1422,,,China,Cathaysia-Hainan-Taiwan continental margin,E3b_Cathaysia_coast_affinity_reference,AFFINITY_REFERENCE_CHALLENGE_ONLY,SEDIMENTARY_DETRITAL,SEDIMENTARY_DETRITAL,SEDIMENTARY_DETRITAL,"Jueshangou Formation , Duiershi Formation and Guting Formation","Jueshangou Formation , Duiershi Formation and Guting Formation",,沉积岩；具体沉积相未系统提取，不能据空值推断,66,66,66,0,fd78505140d56ceb0da0fdd051bb7d6e9ab4e716cba46bb347b7774c0340e6d0,9505ced5f1275de414c021f31aa03af82b19823d8a403beef725ff4e1c487857,False,False,False,EXTERNAL_REFERENCE,转 external reference,Cathaysia/Hainan 亲缘参照，不等于 Palawan–PCT 实体。,,,,,,,,True
E3,E3::EXISTING_REPAIRED::BSPM-3E055655667881CA-E3,BSPM-3E055655667881CA-E3,950-2,10.1016/j.gr.2011.01.005,10.1016/j.gr.2011.01.005,10.1016/j.gr.2011.01.005,25.6551,114.1341,,,China,Cathaysia-Hainan-Taiwan continental margin,E3b_Cathaysia_coast_affinity_reference,AFFINITY_REFERENCE_CHALLENGE_ONLY,SEDIMENTARY_DETRITAL,SEDIMENTARY_DETRITAL,SEDIMENTARY_DETRITAL,"Jueshangou Formation , Duiershi Formation and Guting Formation","Jueshangou Formation , Duiershi Formation and Guting Formation",,沉积岩；具体沉积相未系统提取，不能据空值推断,80,80,80,0,b3bae7eb4be78ce5842b01712f2268b3e2e9a5f9d6be14e61481ec608e0c3ebe,7080dec8e26c18f13af14b3371ffb6d152c7a6760c2b7ca7e8d9c92d39fa7c05,False,False,False,EXTERNAL_REFERENCE,转 external reference,Cathaysia/Hainan 亲缘参照，不等于 Palawan–PCT 实体。,,,,,,,,True
E3,E3::EXISTING_REPAIRED::BSPM-48D74A312AE4AD8A-E3,BSPM-48D74A312AE4AD8A-E3,960,10.1016/j.gr.2011.01.005,10.1016/j.gr.2011.01.005,10.1016/j.gr.2011.01.005,25.6575,114.1205,,,China,Cathaysia-Hainan-Taiwan continental margin,E3b_Cathaysia_coast_affinity_reference,AFFINITY_REFERENCE_CHALLENGE_ONLY,SEDIMENTARY_DETRITAL,SEDIMENTARY_DETRITAL,SEDIMENTARY_DETRITAL,"Jueshangou Formation , Duiershi Formation and Guting Formation","Jueshangou Formation , Duiershi Formation and Guting Formation",,沉积岩；具体沉积相未系统提取，不能据空值推断,64,64,64,0,0f82af1078bf6f88078650286cf1cf497ec045589dd25a8f193c6595943c7e86,d75cf293a1089ad360fefb15baaf9b50dd2f0bff249b88252f1f27bf1d371897,False,False,False,EXTERNAL_REFERENCE,转 external reference,Cathaysia/Hainan 亲缘参照，不等于 Palawan–PCT 实体。,,,,,,,,True
E3,E3::EXISTING_REPAIRED::BSPM-4E2C84C2D54B02AB-E3,BSPM-4E2C84C2D54B02AB-E3,960-1,10.1016/j.gr.2011.01.005,10.1016/j.gr.2011.01.005,10.1016/j.gr.2011.01.005,25.6575,114.107,,,China,Cathaysia-Hainan-Taiwan continental margin,E3b_Cathaysia_coast_affinity_reference,AFFINITY_REFERENCE_CHALLENGE_ONLY,SEDIMENTARY_DETRITAL,SEDIMENTARY_DETRITAL,SEDIMENTARY_DETRITAL,"Jueshangou Formation , Duiershi Formation and Guting Formation","Jueshangou Formation , Duiershi Formation and Guting Formation",,沉积岩；具体沉积相未系统提取，不能据空值推断,66,66,66,0,bb801b2b0c2291ffb0ab7dcc6362a43a60952c957943c2d21010d7e3d954068f,8393c7f5d3b94ba8824c2cde6e16d596c2784c6d469d2fdc750e5b57d270eda0,False,False,False,EXTERNAL_REFERENCE,转 external reference,Cathaysia/Hainan 亲缘参照，不等于 Palawan–PCT 实体。,,,,,,,,True
E3,E3::EXISTING_REPAIRED::BSPM-94903402F68E2AB9-E3,BSPM-94903402F68E2AB9-E3,960-2,10.1016/j.gr.2011.01.005,10.1016/j.gr.2011.01.005,10.1016/j.gr.2011.01.005,25.6621,114.0907,,,China,Cathaysia-Hainan-Taiwan continental margin,E3b_Cathaysia_coast_affinity_reference,AFFINITY_REFERENCE_CHALLENGE_ONLY,SEDIMENTARY_DETRITAL,SEDIMENTARY_DETRITAL,SEDIMENTARY_DETRITAL,"Jueshangou Formation , Duiershi Formation and Guting Formation","Jueshangou Formation , Duiershi Formation and Guting Formation",,沉积岩；具体沉积相未系统提取，不能据空值推断,82,82,82,0,358a6aa0ee70dc55685d448f489c99a1c5a38619339023b675b500d0fa6b6085,1dc24f7b096a4976f9a812501b5d0909af580bf8b32bbdc5bfaa2f138049176b,False,False,False,EXTERNAL_REFERENCE,转 external reference,Cathaysia/Hainan 亲缘参照，不等于 Palawan–PCT 实体。,,,,,,,,True
E3,E3::EXISTING_REPAIRED::BSPM-32416E10791B276B-E3,BSPM-32416E10791B276B-E3,802-1_Ruxin2017,10.1007/s12583-017-0723-y,10.1007/s12583-017-0723-y,10.1007/s12583-017-0723-y,23.75428333,110.6528333,,,China,Cathaysia-Hainan-Taiwan continental margin,E3b_Cathaysia_coast_affinity_reference,DUPLICATE_VERSION_REFERENCE,SEDIMENTARY_DETRITAL,SEDIMENTARY_DETRITAL,SEDIMENTARY_DETRITAL,,,,沉积岩；具体沉积相未系统提取，不能据空值推断,106,106,106,0,261929c5f7ccb8c6fc18aac8d70a027e6d5257dd1f870efbe64f9d701776382a,bf24626b9a364a5f578331ebf49b70b6502cc5b57a19366a5c49dd932ab074fa,False,False,False,EXTERNAL_REFERENCE,转 external reference,Cathaysia/Hainan 亲缘参照，不等于 Palawan–PCT 实体。,,,,,,,,True
E3,E3::EXISTING_REPAIRED::BSPM-CC36E976B0B20749-E3,BSPM-CC36E976B0B20749-E3,802-6_Ruxin2017,10.1007/s12583-017-0723-y,10.1007/s12583-017-0723-y,10.1007/s12583-017-0723-y,24.10325,110.5915,,,China,Cathaysia-Hainan-Taiwan continental margin,E3b_Cathaysia_coast_affinity_reference,DUPLICATE_VERSION_REFERENCE,SEDIMENTARY_DETRITAL,SEDIMENTARY_DETRITAL,SEDIMENTARY_DETRITAL,,,,沉积岩；具体沉积相未系统提取，不能据空值推断,113,113,113,0,84255dd8e4aa0f647f50bc394a0637b3dab6460f010444b05657a92fbdd40cda,bf0b1f101b042f2c7b33aa60350115d61b9c266029a149901a8fa2b1b4034b54,False,False,False,EXTERNAL_REFERENCE,转 external reference,Cathaysia/Hainan 亲缘参照，不等于 Palawan–PCT 实体。,,,,,,,,True
E3,E3::EXISTING_REPAIRED::BSPM-60AABA4CC78770A5-E3,BSPM-60AABA4CC78770A5-E3,PM6-072,local:7ccf6b63e255,,local:7ccf6b63e255,22.366039,111.751192,,,China,Cathaysia-Hainan-Taiwan continental margin,E3b_Cathaysia_coast_affinity_reference,AFFINITY_REFERENCE_CHALLENGE_ONLY,SEDIMENTARY_DETRITAL,SEDIMENTARY_DETRITAL,SEDIMENTARY_DETRITAL,Niujiaohe Fm,Niujiaohe Fm,,沉积岩；具体沉积相未系统提取，不能据空值推断,80,80,80,0,7154fb8228fc8752cef2f68ec4e09990b5daddaf10f323454116da51d1e58a21,67afb2f6214fb272078ea5fd381a5e6ee146faad6c41fcc7e9f6ce00d91c7fd3,False,False,False,EXTERNAL_REFERENCE,转 external reference,Cathaysia/Hainan 亲缘参照，不等于 Palawan–PCT 实体。,,,,,,,,True
E3,E3::EXISTING_REPAIRED::BSPM-F96F2397CB4164A7-E3,BSPM-F96F2397CB4164A7-E3,PM6-186,local:7ccf6b63e255,,local:7ccf6b63e255,22.366039,111.751192,,,China,Cathaysia-Hainan-Taiwan continental margin,E3b_Cathaysia_coast_affinity_reference,AFFINITY_REFERENCE_CHALLENGE_ONLY,SEDIMENTARY_DETRITAL,SEDIMENTARY_DETRITAL,SEDIMENTARY_DETRITAL,Niujiaohe Fm,Niujiaohe Fm,,沉积岩；具体沉积相未系统提取，不能据空值推断,80,80,80,0,354e8f4800432cf8937cae8eaac2191e2d01a9c8fceacf106bf57f868fdf3e44,707a527886813013e3f6a75c198c528c26ec4e3a8f6133d49f77c5b904ea7517,False,False,False,EXTERNAL_REFERENCE,转 external reference,Cathaysia/Hainan 亲缘参照，不等于 Palawan–PCT 实体。,,,,,,,,True
E3,E3::EXISTING_REPAIRED::BSPM-944D085EB733FB37-E3,BSPM-944D085EB733FB37-E3,PM6-187,local:7ccf6b63e255,,local:7ccf6b63e255,22.366039,111.751192,,,China,Cathaysia-Hainan-Taiwan continental margin,E3b_Cathaysia_coast_affinity_reference,AFFINITY_REFERENCE_CHALLENGE_ONLY,SEDIMENTARY_DETRITAL,SEDIMENTARY_DETRITAL,SEDIMENTARY_DETRITAL,Niujiaohe Fm,Niujiaohe Fm,,沉积岩；具体沉积相未系统提取，不能据空值推断,80,80,80,0,77589cd2a8b9834ff85c56e068a17bdeb8f07cad29bf652eb8cb409db0561aab,8dcc3160eeebce91ffd7addbb6fe21284c18f8b7ceb249df27793da63c66c7ab,False,False,False,EXTERNAL_REFERENCE,转 external reference,Cathaysia/Hainan 亲缘参照，不等于 Palawan–PCT 实体。,,,,,,,,True
E3,E3::EXISTING_REPAIRED::BSPM-3A4AC569C710F4C0-E3,BSPM-3A4AC569C710F4C0-E3,MN-6,local:7ccf6b63e255,,local:7ccf6b63e255,22.366039,111.751192,,,China,Cathaysia-Hainan-Taiwan continental margin,E3b_Cathaysia_coast_affinity_reference,AFFINITY_REFERENCE_CHALLENGE_ONLY,SEDIMENTARY_DETRITAL,SEDIMENTARY_DETRITAL,SEDIMENTARY_DETRITAL,Niujiaohe Fm,Niujiaohe Fm,,沉积岩；具体沉积相未系统提取，不能据空值推断,79,79,79,0,6463572bbc94437e83b23260637432d6f3f9a85f5b3ec3665740de84be55f049,94c3f64f20297c6369f8bc1d7d12d509862d5cf17b9054af19ae943cd9ad03b9,False,False,False,EXTERNAL_REFERENCE,转 external reference,Cathaysia/Hainan 亲缘参照，不等于 Palawan–PCT 实体。,,,,,,,,True
E3,E3::EXISTING_REPAIRED::BSPM-20FC22E97A2E25D0-E3,BSPM-20FC22E97A2E25D0-E3,18MM2-1_Qiong2021,10.1130/b35791.1,10.1130/b35791.1,10.1130/b35791.1,27.08805556,118.4077778,,,China,Cathaysia-Hainan-Taiwan continental margin,E3b_Cathaysia_coast_affinity_reference,AFFINITY_REFERENCE_CHALLENGE_ONLY,OTHER_OR_UNSPECIFIED,OTHER_OR_UNSPECIFIED,OTHER_OR_UNSPECIFIED,,,,不适用或未解析,70,70,70,0,2bdbc6487813cee8a10ec332f5657853cddb6d3eee05ce4fe346e02c655d13de,ea86bd0aae594763fc03a63266045362e9701ab333b67735e1e2a2a9d5015733,False,False,False,EXTERNAL_REFERENCE,转 external reference,Cathaysia/Hainan 亲缘参照，不等于 Palawan–PCT 实体。,,,,,,,,True
E3,E3::EXISTING_REPAIRED::BSPM-710AB39BF005D88C-E3,BSPM-710AB39BF005D88C-E3,18MM6-1_Qiong2021,10.1130/b35791.1,10.1130/b35791.1,10.1130/b35791.1,27.22527778,118.2247222,,,China,Cathaysia-Hainan-Taiwan continental margin,E3b_Cathaysia_coast_affinity_reference,AFFINITY_REFERENCE_CHALLENGE_ONLY,OTHER_OR_UNSPECIFIED,OTHER_OR_UNSPECIFIED,OTHER_OR_UNSPECIFIED,,,,不适用或未解析,80,80,80,0,ed24afde4709876e75eba7e5b8eb41f85521652efe113d10b9e18806e5920007,fe3d64446439e43ebc40ad447bf04760025df40335154efe993f72c57ebc22a3,False,False,False,EXTERNAL_REFERENCE,转 external reference,Cathaysia/Hainan 亲缘参照，不等于 Palawan–PCT 实体。,,,,,,,,True
E3,E3::EXISTING_REPAIRED::BSPM-95FE318EB09D3C58-E3,BSPM-95FE318EB09D3C58-E3,18MM8-1_Qiong2021,10.1130/b35791.1,10.1130/b35791.1,10.1130/b35791.1,27.16679,118.66722,,,China,Cathaysia-Hainan-Taiwan continental margin,E3b_Cathaysia_coast_affinity_reference,DUPLICATE_VERSION_REFERENCE,OTHER_OR_UNSPECIFIED,OTHER_OR_UNSPECIFIED,OTHER_OR_UNSPECIFIED,,,,不适用或未解析,79,79,79,0,f068c527587d0f984c39192bf6a7203947fe1b5bdfbf8de2005e2d651d31cf99,7869c265b00feb43b8e8435db6e5d7e5d697673e4b47b5185a629a7a8f7ac7c8,False,False,False,EXTERNAL_REFERENCE,转 external reference,Cathaysia/Hainan 亲缘参照，不等于 Palawan–PCT 实体。,,,,,,,,True
E3,E3::EXISTING_REPAIRED::BSPM-FACC1A02B0A6EE33-E3,BSPM-FACC1A02B0A6EE33-E3,18LQ1-1_Qiong2021,10.1130/b35791.1,10.1130/b35791.1,10.1130/b35791.1,27.90419,119.00156,,,China,Cathaysia-Hainan-Taiwan continental margin,E3b_Cathaysia_coast_affinity_reference,DUPLICATE_VERSION_REFERENCE,OTHER_OR_UNSPECIFIED,OTHER_OR_UNSPECIFIED,OTHER_OR_UNSPECIFIED,,,,不适用或未解析,85,85,85,0,4eb8094baf8357537450fddd21126d21632b18fcc44553196192f824a9ca4d90,521dcaa062f37ae0c080511008e0b63098b4e30824836539f5956bba2049a19c,False,False,False,EXTERNAL_REFERENCE,转 external reference,Cathaysia/Hainan 亲缘参照，不等于 Palawan–PCT 实体。,,,,,,,,True
E3,E3::EXISTING_REPAIRED::BSPM-DA357B4BA7A4DD00-E3,BSPM-DA357B4BA7A4DD00-E3,18LQ2-1_Qiong2021,10.1130/b35791.1,10.1130/b35791.1,10.1130/b35791.1,27.90529,119.01444,,,China,Cathaysia-Hainan-Taiwan continental margin,E3b_Cathaysia_coast_affinity_reference,DUPLICATE_VERSION_REFERENCE,OTHER_OR_UNSPECIFIED,OTHER_OR_UNSPECIFIED,OTHER_OR_UNSPECIFIED,,,,不适用或未解析,84,84,84,0,22fc8a1b27f20edca8dc98b5d1f6096e03680aca032beef221354c7fb086ef65,7e6d4367b4fd1edb707a8d7a4956baf310eab8f306c07f87b79cdc8cae40c4d4,False,False,False,EXTERNAL_REFERENCE,转 external reference,Cathaysia/Hainan 亲缘参照，不等于 Palawan–PCT 实体。,,,,,,,,True
E3,E3::EXISTING_REPAIRED::BSPM-C11E66D89C0CC1D0-E3,BSPM-C11E66D89C0CC1D0-E3,18LQ4-1_Qiong2021,10.1130/b35791.1,10.1130/b35791.1,10.1130/b35791.1,27.95478,119.03889,,,China,Cathaysia-Hainan-Taiwan continental margin,E3b_Cathaysia_coast_affinity_reference,DUPLICATE_VERSION_REFERENCE,OTHER_OR_UNSPECIFIED,OTHER_OR_UNSPECIFIED,OTHER_OR_UNSPECIFIED,,,,不适用或未解析,78,78,78,0,f926124029fd84854f8f5dd625a16d27a23e50c146ec7afbdbf48887dfab98b2,2a46939b7c0e4d76d92f3595a900c08520c288fd3b6e515c1ed99666ad6d8665,False,False,False,EXTERNAL_REFERENCE,转 external reference,Cathaysia/Hainan 亲缘参照，不等于 Palawan–PCT 实体。,,,,,,,,True
E3,E3::EXISTING_REPAIRED::BSPM-D35444893FE9D41E-E3,BSPM-D35444893FE9D41E-E3,GMC12,10.3799/dqkx.2018.251,10.3799/dqkx.2018.251,10.3799/dqkx.2018.251,25.26472,117.39806,,,China,Cathaysia-Hainan-Taiwan continental margin,E3b_Cathaysia_coast_affinity_reference,AFFINITY_REFERENCE_CHALLENGE_ONLY,SEDIMENTARY_DETRITAL,SEDIMENTARY_DETRITAL,SEDIMENTARY_DETRITAL,Lishan Formation,Lishan Formation,,沉积岩；具体沉积相未系统提取，不能据空值推断,70,70,70,0,c32b15f9c44af2dbc3c803075b32497303925a2275593209d972942f09fa7eaa,cc594ffa31b28a2dad43c3e64c218660bd2234f7f37dec376d1033faac873541,False,False,False,EXTERNAL_REFERENCE,转 external reference,Cathaysia/Hainan 亲缘参照，不等于 Palawan–PCT 实体。,,,,,,,,True
E3,E3::EXISTING_REPAIRED::BSPM-9063F93FC24D8F97-E3,BSPM-9063F93FC24D8F97-E3,GMC22,10.3799/dqkx.2018.251,10.3799/dqkx.2018.251,10.3799/dqkx.2018.251,25.26472,117.39806,,,China,Cathaysia-Hainan-Taiwan continental margin,E3b_Cathaysia_coast_affinity_reference,AFFINITY_REFERENCE_CHALLENGE_ONLY,SEDIMENTARY_DETRITAL,SEDIMENTARY_DETRITAL,SEDIMENTARY_DETRITAL,Lishan Formation,Lishan Formation,,沉积岩；具体沉积相未系统提取，不能据空值推断,70,70,70,0,6e19708316077358e484970e95a55524565cdc252eeaff0ebad26a9468b8b36e,cea5b2fd764cd3c09bdf337775596c54f36cbafe6207efe87ba564769308b94c,False,False,False,EXTERNAL_REFERENCE,转 external reference,Cathaysia/Hainan 亲缘参照，不等于 Palawan–PCT 实体。,,,,,,,,True
E3,E3::EXISTING_REPAIRED::BSPM-5BAABFCD66B3D3D6-E3,BSPM-5BAABFCD66B3D3D6-E3,DK5,10.1515/geo-2020-0185,10.1515/geo-2020-0185,10.1515/geo-2020-0185,25.30311111,117.4252222,,,China,Cathaysia-Hainan-Taiwan continental margin,E3b_Cathaysia_coast_affinity_reference,AFFINITY_REFERENCE_CHALLENGE_ONLY,SEDIMENTARY_DETRITAL,SEDIMENTARY_DETRITAL,SEDIMENTARY_DETRITAL,Zhangping Formation,Zhangping Formation,,沉积岩；具体沉积相未系统提取，不能据空值推断,106,106,106,0,1e446c457e24134e3a4d977ca38b5bacfb00604796271b14bb530d7260c76a55,892fb3f6a6c22f8e4e7a520c82b92e37fc404c73f6b1c85d5642452a6c6ac40c,False,False,False,EXTERNAL_REFERENCE,转 external reference,Cathaysia/Hainan 亲缘参照，不等于 Palawan–PCT 实体。,,,,,,,,True
E3,E3::EXISTING_REPAIRED::BSPM-35200C5B795A801D-E3,BSPM-35200C5B795A801D-E3,DK15,10.1515/geo-2020-0185,10.1515/geo-2020-0185,10.1515/geo-2020-0185,25.30311111,117.4252222,,,China,Cathaysia-Hainan-Taiwan continental margin,E3b_Cathaysia_coast_affinity_reference,AFFINITY_REFERENCE_CHALLENGE_ONLY,SEDIMENTARY_DETRITAL,SEDIMENTARY_DETRITAL,SEDIMENTARY_DETRITAL,Zhangping Formation,Zhangping Formation,,沉积岩；具体沉积相未系统提取，不能据空值推断,103,103,103,0,4def53f481fcaf38477981a268af036860834b7b7555f4895bc53f5ef99df1b9,304d27556f9246e7d367a6a04cab174e07922fe883f258000f61acca34836bd5,False,False,False,EXTERNAL_REFERENCE,转 external reference,Cathaysia/Hainan 亲缘参照，不等于 Palawan–PCT 实体。,,,,,,,,True
E3,E3::EXISTING_REPAIRED::BSPM-E4CB8E2AAC891F94-E3,BSPM-E4CB8E2AAC891F94-E3,LZS-13,10.1016/j.palaeo.2021.110341,10.1016/j.palaeo.2021.110341,10.1016/j.palaeo.2021.110341,22.1113,111.6654,,,China,Cathaysia-Hainan-Taiwan continental margin,E3b_Cathaysia_coast_affinity_reference,AFFINITY_REFERENCE_CHALLENGE_ONLY,SEDIMENTARY_DETRITAL,SEDIMENTARY_DETRITAL,SEDIMENTARY_DETRITAL,Jinji Formation,Jinji Formation,,沉积岩；具体沉积相未系统提取，不能据空值推断,80,80,80,0,268df4dcfa3f61fe67d49406b9d4fff8446b258dffd652d5d53cad690177da67,d8a867ec70e215348094695347ab3ed5c8273a8b48709687248f59b7fb886b29,False,False,False,EXTERNAL_REFERENCE,转 external reference,Cathaysia/Hainan 亲缘参照，不等于 Palawan–PCT 实体。,,,,,,,,True
E3,E3::EXISTING_REPAIRED::BSPM-4693534035652AEE-E3,BSPM-4693534035652AEE-E3,LZS-14,10.1016/j.palaeo.2021.110341,10.1016/j.palaeo.2021.110341,10.1016/j.palaeo.2021.110341,22.1113,111.6654,,,China,Cathaysia-Hainan-Taiwan continental margin,E3b_Cathaysia_coast_affinity_reference,AFFINITY_REFERENCE_CHALLENGE_ONLY,SEDIMENTARY_DETRITAL,SEDIMENTARY_DETRITAL,SEDIMENTARY_DETRITAL,Jinji Formation,Jinji Formation,,沉积岩；具体沉积相未系统提取，不能据空值推断,80,80,80,0,01c898a30d6537b9571aae8edcbc565a54e2c7515ccc48139b34d26719139f82,39be6550131ee7ef241dc5562ccc91ab1abf55ba294b29b1c89f68066191a8d1,False,False,False,EXTERNAL_REFERENCE,转 external reference,Cathaysia/Hainan 亲缘参照，不等于 Palawan–PCT 实体。,,,,,,,,True
E3,E3::EXISTING_REPAIRED::BSPM-1DA868BDAFB4B391-E3,BSPM-1DA868BDAFB4B391-E3,XAHC-4,10.1016/j.palaeo.2021.110341,10.1016/j.palaeo.2021.110341,10.1016/j.palaeo.2021.110341,22.9482,112.7487,,,China,Cathaysia-Hainan-Taiwan continental margin,E3b_Cathaysia_coast_affinity_reference,AFFINITY_REFERENCE_CHALLENGE_ONLY,SEDIMENTARY_DETRITAL,SEDIMENTARY_DETRITAL,SEDIMENTARY_DETRITAL,Jinji Formation,Jinji Formation,,沉积岩；具体沉积相未系统提取，不能据空值推断,80,80,80,0,489f20b0186efd27b5982adf715f1c1c23b6cb1fe4579cdd0629f24377b122f5,edaf2fd777ef790aa644de12a2c5cc58be74a0d5f99107a80ee80a45f3271e43,False,False,False,EXTERNAL_REFERENCE,转 external reference,Cathaysia/Hainan 亲缘参照，不等于 Palawan–PCT 实体。,,,,,,,,True
E3,E3::EXISTING_REPAIRED::BSPM-2DA1E533AF6D68DA-E3,BSPM-2DA1E533AF6D68DA-E3,XAHC-5,10.1016/j.palaeo.2021.110341,10.1016/j.palaeo.2021.110341,10.1016/j.palaeo.2021.110341,22.9482,112.7487,,,China,Cathaysia-Hainan-Taiwan continental margin,E3b_Cathaysia_coast_affinity_reference,AFFINITY_REFERENCE_CHALLENGE_ONLY,SEDIMENTARY_DETRITAL,SEDIMENTARY_DETRITAL,SEDIMENTARY_DETRITAL,Jinji Formation,Jinji Formation,,沉积岩；具体沉积相未系统提取，不能据空值推断,80,80,80,0,a7fe43bb1dfaee65cc720d1572b9c43a35f9e836ebe696466367f139cd8a6aa3,b4b214906eb3da7a4e3a84910dd84731289c9fcd2ec03c6047b85332d75cb61f,False,False,False,EXTERNAL_REFERENCE,转 external reference,Cathaysia/Hainan 亲缘参照，不等于 Palawan–PCT 实体。,,,,,,,,True
E3,E3::EXISTING_REPAIRED::BSPM-A8F83683BF23C257-E3,BSPM-A8F83683BF23C257-E3,HD-9,10.1016/j.palaeo.2021.110341,10.1016/j.palaeo.2021.110341,10.1016/j.palaeo.2021.110341,23.1104,114.3389,,,China,Cathaysia-Hainan-Taiwan continental margin,E3b_Cathaysia_coast_affinity_reference,AFFINITY_REFERENCE_CHALLENGE_ONLY,SEDIMENTARY_DETRITAL,SEDIMENTARY_DETRITAL,SEDIMENTARY_DETRITAL,Jinji Formation,Jinji Formation,,沉积岩；具体沉积相未系统提取，不能据空值推断,80,80,80,0,29cc2e1f3c5553c53cea84863b4042df9b3b370354f6c447724da65f9548f5f0,9eb3cf5ff2c09d361973d4bcbb9062b9f921f8cacb5338f45897e5ba17362024,False,False,False,EXTERNAL_REFERENCE,转 external reference,Cathaysia/Hainan 亲缘参照，不等于 Palawan–PCT 实体。,,,,,,,,True
E3,E3::EXISTING_REPAIRED::BSPM-C7AB568EE01BEEE4-E3,BSPM-C7AB568EE01BEEE4-E3,HD-15,10.1016/j.palaeo.2021.110341,10.1016/j.palaeo.2021.110341,10.1016/j.palaeo.2021.110341,23.1104,114.3389,,,China,Cathaysia-Hainan-Taiwan continental margin,E3b_Cathaysia_coast_affinity_reference,AFFINITY_REFERENCE_CHALLENGE_ONLY,SEDIMENTARY_DETRITAL,SEDIMENTARY_DETRITAL,SEDIMENTARY_DETRITAL,Jinji Formation,Jinji Formation,,沉积岩；具体沉积相未系统提取，不能据空值推断,80,80,80,0,a3d42360538c2e80e767a1ff3c8a440b2ea19f7cd47d7a222d35221d804a9b4d,fecafa56a688e2a8bd45799a3366efa05e797deb18cfb3bf5ed863c1be4c72df,False,False,False,EXTERNAL_REFERENCE,转 external reference,Cathaysia/Hainan 亲缘参照，不等于 Palawan–PCT 实体。,,,,,,,,True
E3,E3::EXISTING_REPAIRED::BSPM-2DB405136C968B5C-E3,BSPM-2DB405136C968B5C-E3,XY-5,10.1016/j.palaeo.2021.110341,10.1016/j.palaeo.2021.110341,10.1016/j.palaeo.2021.110341,25.3159,117.3493,,,China,Cathaysia-Hainan-Taiwan continental margin,E3b_Cathaysia_coast_affinity_reference,AFFINITY_REFERENCE_CHALLENGE_ONLY,SEDIMENTARY_DETRITAL,SEDIMENTARY_DETRITAL,SEDIMENTARY_DETRITAL,Lishan Formation,Lishan Formation,,沉积岩；具体沉积相未系统提取，不能据空值推断,80,80,80,0,3c96738442b0b7213184e06f7c459d991156d5dcebf623153aed95c7ad33b4f4,df609c5beb5e082c21383ba59a5d94c1982a505fd74215308c084712fcf40642,False,False,False,EXTERNAL_REFERENCE,转 external reference,Cathaysia/Hainan 亲缘参照，不等于 Palawan–PCT 实体。,,,,,,,,True
E3,E3::EXISTING_REPAIRED::BSPM-7EB1A3C18F9D9804-E3,BSPM-7EB1A3C18F9D9804-E3,XY-17,10.1016/j.palaeo.2021.110341,10.1016/j.palaeo.2021.110341,10.1016/j.palaeo.2021.110341,25.3159,117.3493,,,China,Cathaysia-Hainan-Taiwan continental margin,E3b_Cathaysia_coast_affinity_reference,AFFINITY_REFERENCE_CHALLENGE_ONLY,SEDIMENTARY_DETRITAL,SEDIMENTARY_DETRITAL,SEDIMENTARY_DETRITAL,Lishan Formation,Lishan Formation,,沉积岩；具体沉积相未系统提取，不能据空值推断,80,80,80,0,e457d4797ccfd2cc58b9d565762a1aedde07f45482e1e32fa85cea513eae1f15,8ac88dbe9badc89c94f956bf7a112f4ed9802c397370105cea194dd28e1ed77f,False,False,False,EXTERNAL_REFERENCE,转 external reference,Cathaysia/Hainan 亲缘参照，不等于 Palawan–PCT 实体。,,,,,,,,True
E3,E3::EXISTING_REPAIRED::BSPM-935299647A9C77B1-E3,BSPM-935299647A9C77B1-E3,08GN44-1,local:9d60cbbe46b7,,local:9d60cbbe46b7,24.875,114.9197222,,,China,Cathaysia-Hainan-Taiwan continental margin,E3b_Cathaysia_coast_affinity_reference,AFFINITY_REFERENCE_CHALLENGE_ONLY,SEDIMENTARY_DETRITAL,SEDIMENTARY_DETRITAL,SEDIMENTARY_DETRITAL,,,,沉积岩；具体沉积相未系统提取，不能据空值推断,50,50,50,0,8f37cb77c1c7c01cac03d453fe826f0ae647db2d6c3cafe3e6db8743917864dc,9c62095cf56a8bf1d3b29f04fada2e3bd7820e159e09f02411688d1ca2469df8,False,False,False,EXTERNAL_REFERENCE,转 external reference,Cathaysia/Hainan 亲缘参照，不等于 Palawan–PCT 实体。,,,,,,,,True
E3,E3::EXISTING_REPAIRED::BSPM-5D97E7F201959A72-E3,BSPM-5D97E7F201959A72-E3,08M1-17,10.1016/j.gr.2011.09.016,10.1016/j.gr.2011.09.016,10.1016/j.gr.2011.09.016,27.3,120.1,,,China,Cathaysia-Hainan-Taiwan continental margin,E3b_Cathaysia_coast_affinity_reference,AFFINITY_REFERENCE_CHALLENGE_ONLY,SEDIMENTARY_DETRITAL,SEDIMENTARY_DETRITAL,SEDIMENTARY_DETRITAL,,,,沉积岩；具体沉积相未系统提取，不能据空值推断,58,58,58,0,cded4f807cc6ecd31af2cf492b0a8a1a98bd7543c97d1ae52170b78916d72cbd,4172e02b998e8ff106531fb7de520e0aff0638c749fa2cf71745ab164d71666c,False,False,False,EXTERNAL_REFERENCE,转 external reference,Cathaysia/Hainan 亲缘参照，不等于 Palawan–PCT 实体。,,,,,,,,True
E3,E3::EXISTING_REPAIRED::BSPM-C8BB97C48DCBEDCE-E3,BSPM-C8BB97C48DCBEDCE-E3,08NX23,10.1016/j.gr.2011.09.016,10.1016/j.gr.2011.09.016,10.1016/j.gr.2011.09.016,27.3,120.1,,,China,Cathaysia-Hainan-Taiwan continental margin,E3b_Cathaysia_coast_affinity_reference,AFFINITY_REFERENCE_CHALLENGE_ONLY,SEDIMENTARY_DETRITAL,SEDIMENTARY_DETRITAL,SEDIMENTARY_DETRITAL,,,,沉积岩；具体沉积相未系统提取，不能据空值推断,60,60,60,0,4ba2a42c31523d13c8725f49ec680bc942ad7dcd7ae5c73b36319d606a98b9fa,9b206181b7a1e3d9c1d55bdfda4aece6036f4cea8144014d6773c22cf789a868,False,False,False,EXTERNAL_REFERENCE,转 external reference,Cathaysia/Hainan 亲缘参照，不等于 Palawan–PCT 实体。,,,,,,,,True
E3,E3::EXISTING_REPAIRED::BSPM-4B08F89AC7578218-E3,BSPM-4B08F89AC7578218-E3,08M1-1,10.1016/j.gr.2011.09.016,10.1016/j.gr.2011.09.016,10.1016/j.gr.2011.09.016,27.3,120.1,,,China,Cathaysia-Hainan-Taiwan continental margin,E3b_Cathaysia_coast_affinity_reference,AFFINITY_REFERENCE_CHALLENGE_ONLY,SEDIMENTARY_DETRITAL,SEDIMENTARY_DETRITAL,SEDIMENTARY_DETRITAL,,,,沉积岩；具体沉积相未系统提取，不能据空值推断,139,139,139,0,267d0218da82523124027a9d412e0c6a270161c61482fddb40a93b418917896b,54f6b5bb2d0d5a2931e14c27ad01f6220ecd8a2bcf72b26feaa17e139cdbf5e0,False,False,False,EXTERNAL_REFERENCE,转 external reference,Cathaysia/Hainan 亲缘参照，不等于 Palawan–PCT 实体。,,,,,,,,True
E3,E3::EXISTING_REPAIRED::BSPM-C9287F2DC396D18F-E3,BSPM-C9287F2DC396D18F-E3,08NX12,10.1016/j.gr.2011.09.016,10.1016/j.gr.2011.09.016,10.1016/j.gr.2011.09.016,27.333333,120.116667,,,China,Cathaysia-Hainan-Taiwan continental margin,E3b_Cathaysia_coast_affinity_reference,AFFINITY_REFERENCE_CHALLENGE_ONLY,SEDIMENTARY_DETRITAL,SEDIMENTARY_DETRITAL,SEDIMENTARY_DETRITAL,,,,沉积岩；具体沉积相未系统提取，不能据空值推断,72,72,72,0,cf651506fbb819ae21ad74fcedc64ce13596c4aef8e97a367898583b05b909d1,bf4db154a816fb1cb14de15eb4c5145297f28f0a713606fe26de55745931e329,False,False,False,EXTERNAL_REFERENCE,转 external reference,Cathaysia/Hainan 亲缘参照，不等于 Palawan–PCT 实体。,,,,,,,,True
E3,E3::EXISTING_REPAIRED::BSPM-976468339EE85628-E3,BSPM-976468339EE85628-E3,LP1,10.1002/2014tc003803,10.1002/2014tc003803,10.1002/2014tc003803,24.9,117.1,,,China,Cathaysia-Hainan-Taiwan continental margin,E3b_Cathaysia_coast_affinity_reference,AFFINITY_REFERENCE_CHALLENGE_ONLY,SEDIMENTARY_DETRITAL,SEDIMENTARY_DETRITAL,SEDIMENTARY_DETRITAL,Tongziyan Formation,Tongziyan Formation,,沉积岩；具体沉积相未系统提取，不能据空值推断,54,54,54,0,6e229141adc6f8fe8f70fdc5af2f6be3e1e84b99439040a03ac2ec4e30f76ffb,59bf6bf8fd5e1234cb60f3d7265f197eef44cfe31845ac6dbe7bff0af685d00d,False,False,False,EXTERNAL_REFERENCE,转 external reference,Cathaysia/Hainan 亲缘参照，不等于 Palawan–PCT 实体。,,,,,,,,True
E3,E3::EXISTING_REPAIRED::BSPM-7B00D2275C3EF68A-E3,BSPM-7B00D2275C3EF68A-E3,LT5,10.1002/2014tc003803,10.1002/2014tc003803,10.1002/2014tc003803,24.9,117.1,,,China,Cathaysia-Hainan-Taiwan continental margin,E3b_Cathaysia_coast_affinity_reference,AFFINITY_REFERENCE_CHALLENGE_ONLY,SEDIMENTARY_DETRITAL,SEDIMENTARY_DETRITAL,SEDIMENTARY_DETRITAL,Xikou Formation,Xikou Formation,,沉积岩；具体沉积相未系统提取，不能据空值推断,81,81,81,0,fe21536feba62ebeb3b6b2f33b870a87f911cee8f11de24f94562bc0d498f12a,fee47d99636cb4c862ffd84ef7d1011586c0383e474fd99cae513527173ea79a,False,False,False,EXTERNAL_REFERENCE,转 external reference,Cathaysia/Hainan 亲缘参照，不等于 Palawan–PCT 实体。,,,,,,,,True
E3,E3::EXISTING_REPAIRED::BSPM-031F1E937CC8B1D7-E3,BSPM-031F1E937CC8B1D7-E3,LT10,10.1002/2014tc003803,10.1002/2014tc003803,10.1002/2014tc003803,24.9,117.1,,,China,Cathaysia-Hainan-Taiwan continental margin,E3b_Cathaysia_coast_affinity_reference,AFFINITY_REFERENCE_CHALLENGE_ONLY,SEDIMENTARY_DETRITAL,SEDIMENTARY_DETRITAL,SEDIMENTARY_DETRITAL,Xikou Formation,Xikou Formation,,沉积岩；具体沉积相未系统提取，不能据空值推断,78,78,78,0,24a5dddef4d0d70291b7e3557b203caa315bf42e1c4f202d940c8f67ca6bb136,2f140d7b23e8a62ee6e350f240f71f1c49671c5219f709a30ac3b8ef0b4792ee,False,False,False,EXTERNAL_REFERENCE,转 external reference,Cathaysia/Hainan 亲缘参照，不等于 Palawan–PCT 实体。,,,,,,,,True
E3,E3::EXISTING_REPAIRED::BSPM-2BF0272F9A565AB5-E3,BSPM-2BF0272F9A565AB5-E3,GQ16,10.1002/2014tc003803,10.1002/2014tc003803,10.1002/2014tc003803,25.3,117.3,,,China,Cathaysia-Hainan-Taiwan continental margin,E3b_Cathaysia_coast_affinity_reference,AFFINITY_REFERENCE_CHALLENGE_ONLY,SEDIMENTARY_DETRITAL,SEDIMENTARY_DETRITAL,SEDIMENTARY_DETRITAL,Xikou Formation,Xikou Formation,,沉积岩；具体沉积相未系统提取，不能据空值推断,66,66,66,0,95eb3db59f90d00467e2d8de2fb70cf3ce790d5374a350ba14b68114aef33049,a4f2bcc6293a2c7471846efcd6cce4473752c6ce36af1d3c7aadc04fc3c8036a,False,False,False,EXTERNAL_REFERENCE,转 external reference,Cathaysia/Hainan 亲缘参照，不等于 Palawan–PCT 实体。,,,,,,,,True
E3,E3::EXISTING_REPAIRED::BSPM-A06A148654EAA4B8-E3,BSPM-A06A148654EAA4B8-E3,GQ17,10.1002/2014tc003803,10.1002/2014tc003803,10.1002/2014tc003803,25.3,117.3,,,China,Cathaysia-Hainan-Taiwan continental margin,E3b_Cathaysia_coast_affinity_reference,AFFINITY_REFERENCE_CHALLENGE_ONLY,SEDIMENTARY_DETRITAL,SEDIMENTARY_DETRITAL,SEDIMENTARY_DETRITAL,Xiwei Formation,Xiwei Formation,,沉积岩；具体沉积相未系统提取，不能据空值推断,66,66,66,0,a7e3fab395337c4568f42a8ee28e30261ec2acccc721df90b8b6a2bc9c643385,5f2f24e3ff7f9003ed639623e90b209c8bc387f3e802927b2ef7d5f4f1e41064,False,False,False,EXTERNAL_REFERENCE,转 external reference,Cathaysia/Hainan 亲缘参照，不等于 Palawan–PCT 实体。,,,,,,,,True
E3,E3::EXISTING_REPAIRED::BSPM-4E640383B9034BFF-E3,BSPM-4E640383B9034BFF-E3,GQ23,10.1002/2014tc003803,10.1002/2014tc003803,10.1002/2014tc003803,25.3,117.3,,,China,Cathaysia-Hainan-Taiwan continental margin,E3b_Cathaysia_coast_affinity_reference,AFFINITY_REFERENCE_CHALLENGE_ONLY,SEDIMENTARY_DETRITAL,SEDIMENTARY_DETRITAL,SEDIMENTARY_DETRITAL,Xiwei Formation,Xiwei Formation,,沉积岩；具体沉积相未系统提取，不能据空值推断,66,66,66,0,247d89eb5e9df8d433e875d9f3e953961529ae518cc621f4d4ac95e4fe32bc2b,dbbc97b9806eb4452d7ee55156c01e5bd88639d6e97820777f830eaf7b18f49d,False,False,False,EXTERNAL_REFERENCE,转 external reference,Cathaysia/Hainan 亲缘参照，不等于 Palawan–PCT 实体。,,,,,,,,True
E3,E3::EXISTING_REPAIRED::BSPM-A30A9AECE35FB693-E3,BSPM-A30A9AECE35FB693-E3,XN2,10.1002/2014tc003803,10.1002/2014tc003803,10.1002/2014tc003803,25.4,117.6,,,China,Cathaysia-Hainan-Taiwan continental margin,E3b_Cathaysia_coast_affinity_reference,AFFINITY_REFERENCE_CHALLENGE_ONLY,SEDIMENTARY_DETRITAL,SEDIMENTARY_DETRITAL,SEDIMENTARY_DETRITAL,An’ren Formation,An’ren Formation,,沉积岩；具体沉积相未系统提取，不能据空值推断,67,67,67,0,b5740b576e173ad35b2667ea08a97aab51f4518d71a8528155b70f0363bbc1e1,5e3dca1f4177f06ce5ff5d93a78b8a68d9e341cbe472f2c13214e265d435a825,False,False,False,EXTERNAL_REFERENCE,转 external reference,Cathaysia/Hainan 亲缘参照，不等于 Palawan–PCT 实体。,,,,,,,,True
E3,E3::EXISTING_REPAIRED::BSPM-F2F8C7286AE2A652-E3,BSPM-F2F8C7286AE2A652-E3,XN17,10.1002/2014tc003803,10.1002/2014tc003803,10.1002/2014tc003803,25.4,117.6,,,China,Cathaysia-Hainan-Taiwan continental margin,E3b_Cathaysia_coast_affinity_reference,AFFINITY_REFERENCE_CHALLENGE_ONLY,SEDIMENTARY_DETRITAL,SEDIMENTARY_DETRITAL,SEDIMENTARY_DETRITAL,An’ren Formation,An’ren Formation,,沉积岩；具体沉积相未系统提取，不能据空值推断,65,65,65,0,fc31969f3b4fd9cccbf97bc7a227d6bf9b5b4aac17fae9de1eeaa1682d21d1b5,8ca989d9b860d08abb3148ded47932a43b1435ea08ef8724e75200e00178e879,False,False,False,EXTERNAL_REFERENCE,转 external reference,Cathaysia/Hainan 亲缘参照，不等于 Palawan–PCT 实体。,,,,,,,,True
E3,E3::EXISTING_REPAIRED::BSPM-8A21CB8120334101-E3,BSPM-8A21CB8120334101-E3,XN18,10.1002/2014tc003803,10.1002/2014tc003803,10.1002/2014tc003803,25.4,117.6,,,China,Cathaysia-Hainan-Taiwan continental margin,E3b_Cathaysia_coast_affinity_reference,AFFINITY_REFERENCE_CHALLENGE_ONLY,SEDIMENTARY_DETRITAL,SEDIMENTARY_DETRITAL,SEDIMENTARY_DETRITAL,Dakeng Formation,Dakeng Formation,,沉积岩；具体沉积相未系统提取，不能据空值推断,66,66,66,0,f066fce5f974aa0e7c9a505f89a1cb5ac2d39321c021fa80e2a66b53808a3888,c0ba1de465c6140b5f30c254d242d37b780336496c99082efb35294525fe39d0,False,False,False,EXTERNAL_REFERENCE,转 external reference,Cathaysia/Hainan 亲缘参照，不等于 Palawan–PCT 实体。,,,,,,,,True
E3,E3::EXISTING_REPAIRED::BSPM-7EEDCB9B62A96630-E3,BSPM-7EEDCB9B62A96630-E3,GQ7,10.1002/2014tc003803,10.1002/2014tc003803,10.1002/2014tc003803,25.3,117.3,,,China,Cathaysia-Hainan-Taiwan continental margin,E3b_Cathaysia_coast_affinity_reference,AFFINITY_REFERENCE_CHALLENGE_ONLY,SEDIMENTARY_DETRITAL,SEDIMENTARY_DETRITAL,SEDIMENTARY_DETRITAL,Lishan Formation,Lishan Formation,,沉积岩；具体沉积相未系统提取，不能据空值推断,60,60,60,0,a63c7e835f8f226d93ec8e740272f27cafc534eec45ad8ed34df8607282aee27,7a0e0804bc7d57f0d36c42c6205dd1230be709107f20dc2f97499e9cde03a28e,False,False,False,EXTERNAL_REFERENCE,转 external reference,Cathaysia/Hainan 亲缘参照，不等于 Palawan–PCT 实体。,,,,,,,,True
E3,E3::EXISTING_REPAIRED::BSPM-38833F97E12637B6-E3,BSPM-38833F97E12637B6-E3,Ay14,10.1144/0016-76492011-097,10.1144/0016-76492011-097,10.1144/0016-76492011-097,27.5,109.5,,,China,Cathaysia-Hainan-Taiwan continental margin,E3b_Cathaysia_coast_affinity_reference,AFFINITY_REFERENCE_CHALLENGE_ONLY,MODERN_RIVER_OR_SAND,MODERN_RIVER_OR_SAND,MODERN_RIVER_OR_SAND,,,Modern/Holocene,现代河流/河砂（来源材料字段）；具体流域待原文复核,127,127,127,0,99177094616f1557486604b9433d72f55d104f17c23a349a1650f75d4cc3284b,fa15744c511b2eeadc62faadd512fe741e0b284d05da99f1507de1a35271597f,False,False,False,EXTERNAL_REFERENCE,转 external reference,Cathaysia/Hainan 亲缘参照，不等于 Palawan–PCT 实体。,,,,,,,,True
E3,E3::EXISTING_REPAIRED::BSPM-0E5F5C74ED54173C-E3,BSPM-0E5F5C74ED54173C-E3,TX-7_Zhongjie2020,10.1139/cjes-2019-0050,10.1139/cjes-2019-0050,10.1139/cjes-2019-0050,22.09386111,115.9828333,,,China,Cathaysia-Hainan-Taiwan continental margin,E3b_Cathaysia_coast_affinity_reference,AFFINITY_REFERENCE_CHALLENGE_ONLY,SEDIMENTARY_DETRITAL,SEDIMENTARY_DETRITAL,SEDIMENTARY_DETRITAL,Tangxia Formations,Tangxia Formations,,沉积岩；具体沉积相未系统提取，不能据空值推断,80,80,80,0,25de9d58fc49f9f30df8c2f6c18c87cd4ac50b7f1d9b2729e25a9de154732dfd,6123079874935da710eb42d673d05ba0945d9f218cbfdb97b9f35ceaafe55693,False,False,False,EXTERNAL_REFERENCE,转 external reference,Cathaysia/Hainan 亲缘参照，不等于 Palawan–PCT 实体。,,,,,,,,True
E3,E3::EXISTING_REPAIRED::BSPM-907E1733E603F7BB-E3,BSPM-907E1733E603F7BB-E3,TX-12_Zhongjie2020,10.1139/cjes-2019-0050,10.1139/cjes-2019-0050,10.1139/cjes-2019-0050,22.09386111,115.9828333,,,China,Cathaysia-Hainan-Taiwan continental margin,E3b_Cathaysia_coast_affinity_reference,AFFINITY_REFERENCE_CHALLENGE_ONLY,SEDIMENTARY_DETRITAL,SEDIMENTARY_DETRITAL,SEDIMENTARY_DETRITAL,Tangxia Formations,Tangxia Formations,,沉积岩；具体沉积相未系统提取，不能据空值推断,80,80,80,0,c2b2006e0ada7ec1d70510fe57c9e0568dba4df6a492b8a792a0e55a3220e3da,bf317021383f2bd03eaea717480e5f0cb84a30fb3f5ae0451eb28c1d96ebbad8,False,False,False,EXTERNAL_REFERENCE,转 external reference,Cathaysia/Hainan 亲缘参照，不等于 Palawan–PCT 实体。,,,,,,,,True
E3,E3::EXISTING_REPAIRED::BSPM-6C3AB9C38CF5415A-E3,BSPM-6C3AB9C38CF5415A-E3,HK13473,local:27d55b032d5c,,local:27d55b032d5c,22.2908368,114.1819308,,,China,Cathaysia-Hainan-Taiwan continental margin,E3b_Cathaysia_coast_affinity_reference,AFFINITY_REFERENCE_CHALLENGE_ONLY,SEDIMENTARY_DETRITAL,SEDIMENTARY_DETRITAL,SEDIMENTARY_DETRITAL,,,,沉积岩；具体沉积相未系统提取，不能据空值推断,150,150,150,0,2d152779d28d3fecf132c2205b2a5b28403ce4e0b5fa97d3013cc89cd2956277,db25e6ac2317ff636179fe8e257c74e0f125c3d43b96f221df6a5c4a5a43576a,False,False,False,EXTERNAL_REFERENCE,转 external reference,Cathaysia/Hainan 亲缘参照，不等于 Palawan–PCT 实体。,,,,,,,,True
E3,E3::EXISTING_REPAIRED::BSPM-69FF319DE9DF2CAC-E3,BSPM-69FF319DE9DF2CAC-E3,HK13474,local:27d55b032d5c,,local:27d55b032d5c,22.26471597,114.1629928,,,China,Cathaysia-Hainan-Taiwan continental margin,E3b_Cathaysia_coast_affinity_reference,AFFINITY_REFERENCE_CHALLENGE_ONLY,SEDIMENTARY_DETRITAL,SEDIMENTARY_DETRITAL,SEDIMENTARY_DETRITAL,,,,沉积岩；具体沉积相未系统提取，不能据空值推断,147,147,147,0,c878e507880e485afc420e702d537714fd764d03b0fa123657ea7f89c09d04f1,362810c1c3a882c9649a89c2673bafb48eb0bc43d0b2bca4813a180a849cfcf7,False,False,False,EXTERNAL_REFERENCE,转 external reference,Cathaysia/Hainan 亲缘参照，不等于 Palawan–PCT 实体。,,,,,,,,True
E3,E3::EXISTING_REPAIRED::BSPM-E900F971E790C17C-E3,BSPM-E900F971E790C17C-E3,HK13475,local:27d55b032d5c,,local:27d55b032d5c,22.26047457,114.1612135,,,China,Cathaysia-Hainan-Taiwan continental margin,E3b_Cathaysia_coast_affinity_reference,AFFINITY_REFERENCE_CHALLENGE_ONLY,SEDIMENTARY_DETRITAL,SEDIMENTARY_DETRITAL,SEDIMENTARY_DETRITAL,,,,沉积岩；具体沉积相未系统提取，不能据空值推断,300,299,299,0,7199428d4dd2d88e333e236027cb783cc6ee6eb480b00bea00a22ab89f2b3146,f0d86672e95af02c8518480a71e370408045f10d75b87bce89de8a56ef004af4,False,False,False,EXTERNAL_REFERENCE,转 external reference,Cathaysia/Hainan 亲缘参照，不等于 Palawan–PCT 实体。,,,,,,,,True
E3,E3::EXISTING_REPAIRED::BSPM-26DA3CCE496A8D11-E3,BSPM-26DA3CCE496A8D11-E3,HK13791,local:27d55b032d5c,,local:27d55b032d5c,22.30493957,114.0625274,,,China,Cathaysia-Hainan-Taiwan continental margin,E3b_Cathaysia_coast_affinity_reference,AFFINITY_REFERENCE_CHALLENGE_ONLY,SEDIMENTARY_DETRITAL,SEDIMENTARY_DETRITAL,SEDIMENTARY_DETRITAL,,,,沉积岩；具体沉积相未系统提取，不能据空值推断,150,150,150,0,8306b8afec984d6e7c3c77f2e5b1bac269aee9eeadb3038e2fde26c6ffef0a6d,3e1d37ccb28dd7b5282f55c43765c72264f3a1f16ab4ac55ffc11d579e711d46,False,False,False,EXTERNAL_REFERENCE,转 external reference,Cathaysia/Hainan 亲缘参照，不等于 Palawan–PCT 实体。,,,,,,,,True
E3,E3::EXISTING_REPAIRED::BSPM-0A781154796B61E8-E3,BSPM-0A781154796B61E8-E3,HK13337,local:27d55b032d5c,,local:27d55b032d5c,22.25106097,114.1408847,,,China,Cathaysia-Hainan-Taiwan continental margin,E3b_Cathaysia_coast_affinity_reference,AFFINITY_REFERENCE_CHALLENGE_ONLY,SEDIMENTARY_DETRITAL,SEDIMENTARY_DETRITAL,SEDIMENTARY_DETRITAL,,,,沉积岩；具体沉积相未系统提取，不能据空值推断,127,127,127,0,3282842e59492ba9927279a4d8fafe1b1ebae49fc30afa054b712d0222a55384,2048c19a14385b12589f7f36a065c7181fd3f4d83b16b5802a6a17e785ac14c2,False,False,False,EXTERNAL_REFERENCE,转 external reference,Cathaysia/Hainan 亲缘参照，不等于 Palawan–PCT 实体。,,,,,,,,True
E3,E3::EXISTING_REPAIRED::BSPM-AEC2516465BA200D-E3,BSPM-AEC2516465BA200D-E3,HK13338,local:27d55b032d5c,,local:27d55b032d5c,22.30340185,114.0515349,,,China,Cathaysia-Hainan-Taiwan continental margin,E3b_Cathaysia_coast_affinity_reference,AFFINITY_REFERENCE_CHALLENGE_ONLY,SEDIMENTARY_DETRITAL,SEDIMENTARY_DETRITAL,SEDIMENTARY_DETRITAL,,,,沉积岩；具体沉积相未系统提取，不能据空值推断,149,149,149,0,a2e3bcd58f932ab54d88ab194636f202aefc242d516054afc2d8fee29eb22116,f3e15fc9aa0171575a0448b39f113431515b55c91419aa83bd73ec10b166f0aa,False,False,False,EXTERNAL_REFERENCE,转 external reference,Cathaysia/Hainan 亲缘参照，不等于 Palawan–PCT 实体。,,,,,,,,True
E3,E3::EXISTING_REPAIRED::BSPM-EE5A452853C8147B-E3,BSPM-EE5A452853C8147B-E3,HK13496,local:27d55b032d5c,,local:27d55b032d5c,22.16424236,113.5316287,,,China,Cathaysia-Hainan-Taiwan continental margin,E3b_Cathaysia_coast_affinity_reference,AFFINITY_REFERENCE_CHALLENGE_ONLY,SEDIMENTARY_DETRITAL,SEDIMENTARY_DETRITAL,SEDIMENTARY_DETRITAL,,,,沉积岩；具体沉积相未系统提取，不能据空值推断,160,158,158,0,8d0b2317c221f11fefa2d7f430aa677e996562f126db30fb5d3cf3eb680277ff,dd36586d3ac5da8224977dff9a0a81f654e880d544e5e4489f73f9738634dd7e,False,False,False,EXTERNAL_REFERENCE,转 external reference,Cathaysia/Hainan 亲缘参照，不等于 Palawan–PCT 实体。,,,,,,,,True
E3,E3::EXISTING_REPAIRED::BSPM-032BAAE34289E68C-E3,BSPM-032BAAE34289E68C-E3,HK13470,local:27d55b032d5c,,local:27d55b032d5c,22.24330181,113.584925,,,China,Cathaysia-Hainan-Taiwan continental margin,E3b_Cathaysia_coast_affinity_reference,AFFINITY_REFERENCE_CHALLENGE_ONLY,SEDIMENTARY_DETRITAL,SEDIMENTARY_DETRITAL,SEDIMENTARY_DETRITAL,,,,沉积岩；具体沉积相未系统提取，不能据空值推断,150,150,150,0,8d22b7570d4b0239d3461b21a78879b39ab905da9e6b9ddafeebfa43f06e11cc,5df589ee4fcf3d3fb3cb881fc3cc502e83f791965a8a3aa2a3cbf2d61d161832,False,False,False,EXTERNAL_REFERENCE,转 external reference,Cathaysia/Hainan 亲缘参照，不等于 Palawan–PCT 实体。,,,,,,,,True
E3,E3::EXISTING_REPAIRED::BSPM-4F2D5D2751423969-E3,BSPM-4F2D5D2751423969-E3,HK13477,local:27d55b032d5c,,local:27d55b032d5c,22.25250757,114.1155248,,,China,Cathaysia-Hainan-Taiwan continental margin,E3b_Cathaysia_coast_affinity_reference,AFFINITY_REFERENCE_CHALLENGE_ONLY,SEDIMENTARY_DETRITAL,SEDIMENTARY_DETRITAL,SEDIMENTARY_DETRITAL,,,,沉积岩；具体沉积相未系统提取，不能据空值推断,148,148,148,0,7d643dd22578490cecd38a9a39d688ee83636be0e51114ce9d673caa17ea9386,3e1202d272b0c11baacdd11366f11520563fde6a12d1ebe36a111ab85bade9a8,False,False,False,EXTERNAL_REFERENCE,转 external reference,Cathaysia/Hainan 亲缘参照，不等于 Palawan–PCT 实体。,,,,,,,,True
E3,E3::EXISTING_REPAIRED::BSPM-899664AD28E7633E-E3,BSPM-899664AD28E7633E-E3,HK13340,local:27d55b032d5c,,local:27d55b032d5c,22.27360621,114.1349216,,,China,Cathaysia-Hainan-Taiwan continental margin,E3b_Cathaysia_coast_affinity_reference,AFFINITY_REFERENCE_CHALLENGE_ONLY,SEDIMENTARY_DETRITAL,SEDIMENTARY_DETRITAL,SEDIMENTARY_DETRITAL,,,,沉积岩；具体沉积相未系统提取，不能据空值推断,65,65,65,0,b2e191a37effef8895f23ea90b4b53ea7798a1c2063d4d765e29c8d5836605b6,4330bd95ec4080f28bc4089a8370822f8aac7f1c54eb1a76df0bed6e23c4b34d,False,False,False,EXTERNAL_REFERENCE,转 external reference,Cathaysia/Hainan 亲缘参照，不等于 Palawan–PCT 实体。,,,,,,,,True
E3,E3::EXISTING_REPAIRED::BSPM-DEED2A0468D532D7-E3,BSPM-DEED2A0468D532D7-E3,HK13266,local:27d55b032d5c,,local:27d55b032d5c,22.2750053,114.0007188,,,China,Cathaysia-Hainan-Taiwan continental margin,E3b_Cathaysia_coast_affinity_reference,AFFINITY_REFERENCE_CHALLENGE_ONLY,SEDIMENTARY_DETRITAL,SEDIMENTARY_DETRITAL,SEDIMENTARY_DETRITAL,,,,沉积岩；具体沉积相未系统提取，不能据空值推断,138,138,138,0,cc7ce4d9931bef1f034ac68f512fe7097d26d1f40173916ef0a9bd590596a672,ecf53a40b3e6ba9172215030acac36502b78e7172b0967023c28f739e5b6d6e8,False,False,False,EXTERNAL_REFERENCE,转 external reference,Cathaysia/Hainan 亲缘参照，不等于 Palawan–PCT 实体。,,,,,,,,True
E3,E3::EXISTING_REPAIRED::BSPM-283D14AC04B2BD49-E3,BSPM-283D14AC04B2BD49-E3,HK13801,local:27d55b032d5c,,local:27d55b032d5c,22.29403853,114.0302779,,,China,Cathaysia-Hainan-Taiwan continental margin,E3b_Cathaysia_coast_affinity_reference,AFFINITY_REFERENCE_CHALLENGE_ONLY,SEDIMENTARY_DETRITAL,SEDIMENTARY_DETRITAL,SEDIMENTARY_DETRITAL,,,,沉积岩；具体沉积相未系统提取，不能据空值推断,149,149,149,0,c7dbdd694cc5e559ffc8a144035c4ff6ae232a2cb7b5620f93fbe8db5ed16cfc,709faeffd4df0f1424f1a3bec33e5088fea7bc5cf50dfd4752fe0400b7b8b568,False,False,False,EXTERNAL_REFERENCE,转 external reference,Cathaysia/Hainan 亲缘参照，不等于 Palawan–PCT 实体。,,,,,,,,True
E3,E3::EXISTING_REPAIRED::BSPM-65C803DCF2003CAC-E3,BSPM-65C803DCF2003CAC-E3,HK13341,local:27d55b032d5c,,local:27d55b032d5c,22.27216256,114.1517276,,,China,Cathaysia-Hainan-Taiwan continental margin,E3b_Cathaysia_coast_affinity_reference,AFFINITY_REFERENCE_CHALLENGE_ONLY,SEDIMENTARY_DETRITAL,SEDIMENTARY_DETRITAL,SEDIMENTARY_DETRITAL,,,,沉积岩；具体沉积相未系统提取，不能据空值推断,57,57,57,0,70b3dba9482893504080e77d540b722afb1eafd7c06a0169823887df6be76cba,cf73393c3346a588dec4f7f90840d4286e971441145f138c2adecc3430354f16,False,False,False,EXTERNAL_REFERENCE,转 external reference,Cathaysia/Hainan 亲缘参照，不等于 Palawan–PCT 实体。,,,,,,,,True
E3,E3::EXISTING_REPAIRED::BSPM-4F8BA99AEE96EBBC-E3,BSPM-4F8BA99AEE96EBBC-E3,HK13342,local:27d55b032d5c,,local:27d55b032d5c,22.30373528,114.2001414,,,China,Cathaysia-Hainan-Taiwan continental margin,E3b_Cathaysia_coast_affinity_reference,AFFINITY_REFERENCE_CHALLENGE_ONLY,SEDIMENTARY_DETRITAL,SEDIMENTARY_DETRITAL,SEDIMENTARY_DETRITAL,,,,沉积岩；具体沉积相未系统提取，不能据空值推断,149,149,149,0,97f92fafba217ec5cb013419c2e051fd5b4fa617d05889d8869a94f4a149faf5,c235deedfeb8d62c919e7e014b3287c155b1df4db2d29e3cb64ef007e94ba2e4,False,False,False,EXTERNAL_REFERENCE,转 external reference,Cathaysia/Hainan 亲缘参照，不等于 Palawan–PCT 实体。,,,,,,,,True
E3,E3::EXISTING_REPAIRED::BSPM-F06ECF4B1FCD16AB-E3,BSPM-F06ECF4B1FCD16AB-E3,HK13792,local:27d55b032d5c,,local:27d55b032d5c,22.31140738,114.063352,,,China,Cathaysia-Hainan-Taiwan continental margin,E3b_Cathaysia_coast_affinity_reference,AFFINITY_REFERENCE_CHALLENGE_ONLY,SEDIMENTARY_DETRITAL,SEDIMENTARY_DETRITAL,SEDIMENTARY_DETRITAL,,,,沉积岩；具体沉积相未系统提取，不能据空值推断,149,149,149,0,184d85c0686a80352860a054d64da03436a6c5eea72f1e0734801095e57bf2d2,5217e07b9ea6bace73db306b8caa1e21102ad62fc89e74ce64d49b5267a77a76,False,False,False,EXTERNAL_REFERENCE,转 external reference,Cathaysia/Hainan 亲缘参照，不等于 Palawan–PCT 实体。,,,,,,,,True
E3,E3::EXISTING_REPAIRED::BSPM-E59F86DFD99790FE-E3,BSPM-E59F86DFD99790FE-E3,HK13793,local:27d55b032d5c,,local:27d55b032d5c,22.30563415,114.0459229,,,China,Cathaysia-Hainan-Taiwan continental margin,E3b_Cathaysia_coast_affinity_reference,AFFINITY_REFERENCE_CHALLENGE_ONLY,SEDIMENTARY_DETRITAL,SEDIMENTARY_DETRITAL,SEDIMENTARY_DETRITAL,,,,沉积岩；具体沉积相未系统提取，不能据空值推断,140,140,140,0,bd20dc0578b8720081d5467705d4bf713b97607eb589b9744cacc8213b6ca91e,5c495d9feeff1dbd20bd2b6f430ea75752ffc110f6ca4c9a4a8d1ed4ae14fa38,False,False,False,EXTERNAL_REFERENCE,转 external reference,Cathaysia/Hainan 亲缘参照，不等于 Palawan–PCT 实体。,,,,,,,,True
E3,E3::EXISTING_REPAIRED::BSPM-23F80A34E3294C2F-E3,BSPM-23F80A34E3294C2F-E3,HK13796,local:27d55b032d5c,,local:27d55b032d5c,22.31458246,114.0609008,,,China,Cathaysia-Hainan-Taiwan continental margin,E3b_Cathaysia_coast_affinity_reference,AFFINITY_REFERENCE_CHALLENGE_ONLY,SEDIMENTARY_DETRITAL,SEDIMENTARY_DETRITAL,SEDIMENTARY_DETRITAL,,,,沉积岩；具体沉积相未系统提取，不能据空值推断,160,160,160,0,b2bd8dbcc1c2f08f2d0d1db83e40182116e8b1d8d5b78437bc3a8b998c33d117,ad711395d7b3691a0275f555edad92177fbad42ce7ad3d7fc68cff81b6fe3c72,False,False,False,EXTERNAL_REFERENCE,转 external reference,Cathaysia/Hainan 亲缘参照，不等于 Palawan–PCT 实体。,,,,,,,,True
E3,E3::EXISTING_REPAIRED::BSPM-306C92EE347402C2-E3,BSPM-306C92EE347402C2-E3,HK13797,local:27d55b032d5c,,local:27d55b032d5c,22.27028409,114.0142236,,,China,Cathaysia-Hainan-Taiwan continental margin,E3b_Cathaysia_coast_affinity_reference,AFFINITY_REFERENCE_CHALLENGE_ONLY,SEDIMENTARY_DETRITAL,SEDIMENTARY_DETRITAL,SEDIMENTARY_DETRITAL,,,,沉积岩；具体沉积相未系统提取，不能据空值推断,135,135,135,0,fe07866c8344ec43c7dc70d83d7064a564572d32b635a5343ca0375b056a378c,80085bd284e638a4d7e7f19382c65583a621ea50d82efd3c6c35b6d1184c9c07,False,False,False,EXTERNAL_REFERENCE,转 external reference,Cathaysia/Hainan 亲缘参照，不等于 Palawan–PCT 实体。,,,,,,,,True
E3,E3::EXISTING_REPAIRED::BSPM-1F34413AF8A8435C-E3,BSPM-1F34413AF8A8435C-E3,HK13744,local:27d55b032d5c,,local:27d55b032d5c,22.25482078,114.1530209,,,China,Cathaysia-Hainan-Taiwan continental margin,E3b_Cathaysia_coast_affinity_reference,AFFINITY_REFERENCE_CHALLENGE_ONLY,SEDIMENTARY_DETRITAL,SEDIMENTARY_DETRITAL,SEDIMENTARY_DETRITAL,,,,沉积岩；具体沉积相未系统提取，不能据空值推断,150,150,150,0,6f26971ad4b2f06076298cb7ca32630e873ffe125b9582bce03262282ae3ba3a,12e63d22d64d25fd98f7bf6f78c570eca7d6d591959da59bb6908ad7362a76d3,False,False,False,EXTERNAL_REFERENCE,转 external reference,Cathaysia/Hainan 亲缘参照，不等于 Palawan–PCT 实体。,,,,,,,,True
E3,E3::EXISTING_REPAIRED::BSPM-5346E198023581A0-E3,BSPM-5346E198023581A0-E3,HC-7R,local:1d5dcc194f85,,local:1d5dcc194f85,23.85972222,115.2583333,,,China,Cathaysia-Hainan-Taiwan continental margin,E3b_Cathaysia_coast_affinity_reference,AFFINITY_REFERENCE_CHALLENGE_ONLY,SEDIMENTARY_DETRITAL,SEDIMENTARY_DETRITAL,SEDIMENTARY_DETRITAL,Toumuchong Fomation,Toumuchong Fomation,,沉积岩；具体沉积相未系统提取，不能据空值推断,88,88,88,0,f02a47156f0dfd443700bafaea86c29d56e2ba3b3aa3115e9d876d7835203895,528ebd66b9766ab6fe129c39c9848afa350492426b3f9e9326aad07915c18ff3,False,False,False,EXTERNAL_REFERENCE,转 external reference,Cathaysia/Hainan 亲缘参照，不等于 Palawan–PCT 实体。,,,,,,,,True
E3,E3::EXISTING_REPAIRED::BSPM-1FCF11BB1D431EED-E3,BSPM-1FCF11BB1D431EED-E3,HZ-2R,local:1d5dcc194f85,,local:1d5dcc194f85,23.46055556,115.9822222,,,China,Cathaysia-Hainan-Taiwan continental margin,E3b_Cathaysia_coast_affinity_reference,AFFINITY_REFERENCE_CHALLENGE_ONLY,SEDIMENTARY_DETRITAL,SEDIMENTARY_DETRITAL,SEDIMENTARY_DETRITAL,jinji Formation,jinji Formation,,沉积岩；具体沉积相未系统提取，不能据空值推断,100,100,100,0,37dbc92430fb3feb15378ce69d2de25c65598c90458ce2e02fe4684ae65c81c5,0f0d236c5a8c48db209bd3b8b755257c5dc92b2542783110172cdf1d31480c4b,False,False,False,EXTERNAL_REFERENCE,转 external reference,Cathaysia/Hainan 亲缘参照，不等于 Palawan–PCT 实体。,,,,,,,,True
E3,E3::EXISTING_REPAIRED::BSPM-E3B53B8473376117-E3,BSPM-E3B53B8473376117-E3,HZ-5R,local:1d5dcc194f85,,local:1d5dcc194f85,23.46055556,115.9822222,,,China,Cathaysia-Hainan-Taiwan continental margin,E3b_Cathaysia_coast_affinity_reference,AFFINITY_REFERENCE_CHALLENGE_ONLY,SEDIMENTARY_DETRITAL,SEDIMENTARY_DETRITAL,SEDIMENTARY_DETRITAL,jinji Formation,jinji Formation,,沉积岩；具体沉积相未系统提取，不能据空值推断,100,100,100,0,bd583b57cb3a137028c5e1c053dadb80aaf5b94278823316273a1afdd734b41e,f40a9c77554db45b55f6fd7c20d35e76a9a4b7d6bac433d483085fcbfc7b5380,False,False,False,EXTERNAL_REFERENCE,转 external reference,Cathaysia/Hainan 亲缘参照，不等于 Palawan–PCT 实体。,,,,,,,,True
E3,E3::EXISTING_REPAIRED::BSPM-DC48C48EAD802D58-E3,BSPM-DC48C48EAD802D58-E3,HZ-13R,local:1d5dcc194f85,,local:1d5dcc194f85,23.46055556,115.9822222,,,China,Cathaysia-Hainan-Taiwan continental margin,E3b_Cathaysia_coast_affinity_reference,AFFINITY_REFERENCE_CHALLENGE_ONLY,SEDIMENTARY_DETRITAL,SEDIMENTARY_DETRITAL,SEDIMENTARY_DETRITAL,jinji Formation,jinji Formation,,沉积岩；具体沉积相未系统提取，不能据空值推断,70,70,70,0,26aa17f903963f77027ddd8ed502a24eed9df37a17ec43fb28d3a0537164d10f,27aae2bac67bca7673ee36d78e91f982278b1727ef11a84b9ac039d96606b5ba,False,False,False,EXTERNAL_REFERENCE,转 external reference,Cathaysia/Hainan 亲缘参照，不等于 Palawan–PCT 实体。,,,,,,,,True
E3,E3::EXISTING_REPAIRED::BSPM-15B3D37E28588336-E3,BSPM-15B3D37E28588336-E3,HL-1,local:2e5dd8cae0da,,local:2e5dd8cae0da,18.443325,109.738482,,,China,Cathaysia-Hainan-Taiwan continental margin,E3b_Cathaysia_coast_affinity_reference,AFFINITY_REFERENCE_CHALLENGE_ONLY,SEDIMENTARY_DETRITAL,SEDIMENTARY_DETRITAL,SEDIMENTARY_DETRITAL,,,,沉积岩；具体沉积相未系统提取，不能据空值推断,97,97,97,0,3f421e53c27cec73aa644788bd760a0ee26a1a992a81ba06bc22ed4fcf635449,b54f437951bd5e5284dd58378abba6cf7ead4c720dc444f5393d8c6eda58c245,False,False,False,EXTERNAL_REFERENCE,转 external reference,Cathaysia/Hainan 亲缘参照，不等于 Palawan–PCT 实体。,,,,,,,,True
E3,E3::EXISTING_REPAIRED::BSPM-E0E143B308A3F36B-E3,BSPM-E0E143B308A3F36B-E3,PMD01-30（JL-1）,local:2e5dd8cae0da,,local:2e5dd8cae0da,18.334,109.604,,,China,Cathaysia-Hainan-Taiwan continental margin,E3b_Cathaysia_coast_affinity_reference,AFFINITY_REFERENCE_CHALLENGE_ONLY,SEDIMENTARY_DETRITAL,SEDIMENTARY_DETRITAL,SEDIMENTARY_DETRITAL,Jianling Formation,Jianling Formation,,沉积岩；具体沉积相未系统提取，不能据空值推断,118,118,118,0,bd78ffc8ac1bc9d2d1fc8541e2aeae0ba87c2f486c854d97c54ad0be2be9bd1c,aa78365702df8b01058add510750517f859474c27c7496c25c067fa5dee50845,False,False,False,EXTERNAL_REFERENCE,转 external reference,Cathaysia/Hainan 亲缘参照，不等于 Palawan–PCT 实体。,,,,,,,,True
E3,E3::EXISTING_REPAIRED::BSPM-0D167159E6DEC4A1-E3,BSPM-0D167159E6DEC4A1-E3,D3031-2,local:2e5dd8cae0da,,local:2e5dd8cae0da,18.452,109.719,,,China,Cathaysia-Hainan-Taiwan continental margin,E3b_Cathaysia_coast_affinity_reference,AFFINITY_REFERENCE_CHALLENGE_ONLY,SEDIMENTARY_DETRITAL,SEDIMENTARY_DETRITAL,SEDIMENTARY_DETRITAL,Lumuwan Formation,Lumuwan Formation,,沉积岩；具体沉积相未系统提取，不能据空值推断,60,60,60,0,29f76706ed84909f6d4e4bdc5b5f8d651cf2917ea185af542c0b97393ebdb0aa,d8a9e7adbd28f1ae058d35019c302957546f7722b08def23f3dce1e4e0f7c95c,False,False,False,EXTERNAL_REFERENCE,转 external reference,Cathaysia/Hainan 亲缘参照，不等于 Palawan–PCT 实体。,,,,,,,,True
E3,E3::EXISTING_REPAIRED::BSPM-85904E9DFD26B181-E3,BSPM-85904E9DFD26B181-E3,PMD01-9,local:2e5dd8cae0da,,local:2e5dd8cae0da,18.317,109.617,,,China,Cathaysia-Hainan-Taiwan continental margin,E3b_Cathaysia_coast_affinity_reference,AFFINITY_REFERENCE_CHALLENGE_ONLY,SEDIMENTARY_DETRITAL,SEDIMENTARY_DETRITAL,SEDIMENTARY_DETRITAL,Yuhong Formation,Yuhong Formation,,沉积岩；具体沉积相未系统提取，不能据空值推断,60,60,60,0,d6f39c417819a5c9fe86cabdc2772b96603eded8cd5ad6e2287b727fc0a10bae,8e36a6352aade35bac2a745f29dac472e73e888b913059203dce1986b92278d6,False,False,False,EXTERNAL_REFERENCE,转 external reference,Cathaysia/Hainan 亲缘参照，不等于 Palawan–PCT 实体。,,,,,,,,True
E3,E3::EXISTING_REPAIRED::BSPM-57A6F0F8ECE51FE7-E3,BSPM-57A6F0F8ECE51FE7-E3,WG07_Tongbin2020,10.1016/j.jseaes.2020.104578,10.1016/j.jseaes.2020.104578,10.1016/j.jseaes.2020.104578,21.8,109.5,,,China,Cathaysia-Hainan-Taiwan continental margin,E3b_Cathaysia_coast_affinity_reference,DUPLICATE_VERSION_REFERENCE,SEDIMENTARY_DETRITAL,SEDIMENTARY_DETRITAL,SEDIMENTARY_DETRITAL,,,,沉积岩；具体沉积相未系统提取，不能据空值推断,63,63,63,0,c1f99e4cc0778a56ff7f6ad0ff6b27a36313d97915afba097057aff3ce8b0a30,10f30b2fc87f6e9ed9668f55679a6a91646072755ce1ebdbbd480179f564fd34,False,False,False,EXTERNAL_REFERENCE,转 external reference,Cathaysia/Hainan 亲缘参照，不等于 Palawan–PCT 实体。,,,,,,,,True
E3,E3::EXISTING_REPAIRED::BSPM-7711335E4862C282-E3,BSPM-7711335E4862C282-E3,WG09_Tongbin2020,10.1016/j.jseaes.2020.104578,10.1016/j.jseaes.2020.104578,10.1016/j.jseaes.2020.104578,22.5,109.5,,,China,Cathaysia-Hainan-Taiwan continental margin,E3b_Cathaysia_coast_affinity_reference,DUPLICATE_VERSION_REFERENCE,SEDIMENTARY_DETRITAL,SEDIMENTARY_DETRITAL,SEDIMENTARY_DETRITAL,,,,沉积岩；具体沉积相未系统提取，不能据空值推断,60,60,60,0,dd7d998adae1c52020c1f8045d329ef44af6c7348af757452b3917d6ddaf4ae9,7dd9acf4ae39b98af392096a0826b613c7e9a6a3260b431b7953edbe8e0262e7,False,False,False,EXTERNAL_REFERENCE,转 external reference,Cathaysia/Hainan 亲缘参照，不等于 Palawan–PCT 实体。,,,,,,,,True
E3,E3::EXISTING_REPAIRED::BSPM-68CC0B3B0E5A4C9A-E3,BSPM-68CC0B3B0E5A4C9A-E3,BM201901,10.1080/00206814.2021.1975168,10.1080/00206814.2021.1975168,10.1080/00206814.2021.1975168,26.03666667,117.9883333,,,China,Cathaysia-Hainan-Taiwan continental margin,E3b_Cathaysia_coast_affinity_reference,AFFINITY_REFERENCE_CHALLENGE_ONLY,SEDIMENTARY_DETRITAL,SEDIMENTARY_DETRITAL,SEDIMENTARY_DETRITAL,,,,沉积岩；具体沉积相未系统提取，不能据空值推断,83,83,83,0,4d856bda9d562182f2899236f0783709e1fb35d645d998ebf702fc52577d5722,de6998f34e4c70d834b2290e919a58c4b3c3bb2137914a1e9970fc62ccf23d42,False,False,False,EXTERNAL_REFERENCE,转 external reference,Cathaysia/Hainan 亲缘参照，不等于 Palawan–PCT 实体。,,,,,,,,True
E3,E3::EXISTING_REPAIRED::BSPM-5414134F65764B4B-E3,BSPM-5414134F65764B4B-E3,BM201903,10.1080/00206814.2021.1975168,10.1080/00206814.2021.1975168,10.1080/00206814.2021.1975168,26.03111111,118.0419444,,,China,Cathaysia-Hainan-Taiwan continental margin,E3b_Cathaysia_coast_affinity_reference,AFFINITY_REFERENCE_CHALLENGE_ONLY,SEDIMENTARY_DETRITAL,SEDIMENTARY_DETRITAL,SEDIMENTARY_DETRITAL,,,,沉积岩；具体沉积相未系统提取，不能据空值推断,85,85,85,0,df7aacf6ec4fc77839b76a18e5b86807e4c336761fdfe8ad0fb0080a31ab453f,8796d3565ec0841c7304d19043601906cbe50e89d14e8bb184c5cfd58cc9a72e,False,False,False,EXTERNAL_REFERENCE,转 external reference,Cathaysia/Hainan 亲缘参照，不等于 Palawan–PCT 实体。,,,,,,,,True
E3,E3::EXISTING_REPAIRED::BSPM-ED089DA7EA342194-E3,BSPM-ED089DA7EA342194-E3,ZP201903,10.1080/00206814.2021.1975168,10.1080/00206814.2021.1975168,10.1080/00206814.2021.1975168,25.27361111,117.4208333,,,China,Cathaysia-Hainan-Taiwan continental margin,E3b_Cathaysia_coast_affinity_reference,AFFINITY_REFERENCE_CHALLENGE_ONLY,SEDIMENTARY_DETRITAL,SEDIMENTARY_DETRITAL,SEDIMENTARY_DETRITAL,,,,沉积岩；具体沉积相未系统提取，不能据空值推断,84,84,84,0,c0accb7a841b48d4bb386dfedfa1e3268f59f42c8b1d02766fbf09564b78b1fd,049e8b076889efcfe16dc9729298197cf8382860528dce4707f2aba92d21ebe7,False,False,False,EXTERNAL_REFERENCE,转 external reference,Cathaysia/Hainan 亲缘参照，不等于 Palawan–PCT 实体。,,,,,,,,True
E3,E3::EXISTING_REPAIRED::BSPM-47964D030C493238-E3,BSPM-47964D030C493238-E3,DB201910,10.1080/00206814.2021.1975168,10.1080/00206814.2021.1975168,10.1080/00206814.2021.1975168,24.37166667,116.5561111,,,China,Cathaysia-Hainan-Taiwan continental margin,E3b_Cathaysia_coast_affinity_reference,AFFINITY_REFERENCE_CHALLENGE_ONLY,SEDIMENTARY_DETRITAL,SEDIMENTARY_DETRITAL,SEDIMENTARY_DETRITAL,,,,沉积岩；具体沉积相未系统提取，不能据空值推断,84,84,84,0,24aada4d0699a682b448c969bad13e8812d8e70bd487e0c2758c1fe66458f685,c870b6b49bfe6cc9860803ea519bbc1f179e1d5a8ecb0a4e41381855c2dde320,False,False,False,EXTERNAL_REFERENCE,转 external reference,Cathaysia/Hainan 亲缘参照，不等于 Palawan–PCT 实体。,,,,,,,,True
E3,E3::EXISTING_REPAIRED::BSPM-DE0ACB45BDADA98F-E3,BSPM-DE0ACB45BDADA98F-E3,HF201902,10.1080/00206814.2021.1975168,10.1080/00206814.2021.1975168,10.1080/00206814.2021.1975168,23.23888889,115.2280556,,,China,Cathaysia-Hainan-Taiwan continental margin,E3b_Cathaysia_coast_affinity_reference,AFFINITY_REFERENCE_CHALLENGE_ONLY,SEDIMENTARY_DETRITAL,SEDIMENTARY_DETRITAL,SEDIMENTARY_DETRITAL,,,,沉积岩；具体沉积相未系统提取，不能据空值推断,84,84,84,0,8347b3461045626169eec27c8f1e2fa08da920dc945d2af36baee409878b1ac2,ea2e9f427a5cc1d5cf333be9874e8b26333b62f48b745997fd61a131c17d2c98,False,False,False,EXTERNAL_REFERENCE,转 external reference,Cathaysia/Hainan 亲缘参照，不等于 Palawan–PCT 实体。,,,,,,,,True
E3,E3::EXISTING_REPAIRED::BSPM-3926D94205386630-E3,BSPM-3926D94205386630-E3,HF201903,10.1080/00206814.2021.1975168,10.1080/00206814.2021.1975168,10.1080/00206814.2021.1975168,22.91388889,115.0877778,,,China,Cathaysia-Hainan-Taiwan continental margin,E3b_Cathaysia_coast_affinity_reference,AFFINITY_REFERENCE_CHALLENGE_ONLY,SEDIMENTARY_DETRITAL,SEDIMENTARY_DETRITAL,SEDIMENTARY_DETRITAL,,,,沉积岩；具体沉积相未系统提取，不能据空值推断,136,136,136,0,f68612581b6878a797e5583783b0f0ed517a872086f2aece8d55134212809b26,8e56fbe8ffc021755ea753ca4c69b671d24547dfde9dc5326b0ec962b64172a6,False,False,False,EXTERNAL_REFERENCE,转 external reference,Cathaysia/Hainan 亲缘参照，不等于 Palawan–PCT 实体。,,,,,,,,True
E3,E3::EXISTING_REPAIRED::BSPM-A0688429A6205D15-E3,BSPM-A0688429A6205D15-E3,19CL-51-2,10.1002/gj.4060,10.1002/gj.4060,10.1002/gj.4060,26.46555556,113.3036111,,,China,Cathaysia-Hainan-Taiwan continental margin,E3b_Cathaysia_coast_affinity_reference,AFFINITY_REFERENCE_CHALLENGE_ONLY,SEDIMENTARY_DETRITAL,SEDIMENTARY_DETRITAL,SEDIMENTARY_DETRITAL,Qianfoyan Formation,Qianfoyan Formation,,沉积岩；具体沉积相未系统提取，不能据空值推断,70,70,70,0,fadab269356fba94c2b093a89f9b9755551e35a2ee9000e8fd32835edf8097f2,c3bd38a949630884fd9f5fc86d674e10d0510569d0d407cff2c539045191560e,False,False,False,EXTERNAL_REFERENCE,转 external reference,Cathaysia/Hainan 亲缘参照，不等于 Palawan–PCT 实体。,,,,,,,,True
E3,E3::EXISTING_REPAIRED::BSPM-7D555A5D35EBE3B9-E3,BSPM-7D555A5D35EBE3B9-E3,19CL-52-2,10.1002/gj.4060,10.1002/gj.4060,10.1002/gj.4060,26.46638889,113.3116667,,,China,Cathaysia-Hainan-Taiwan continental margin,E3b_Cathaysia_coast_affinity_reference,AFFINITY_REFERENCE_CHALLENGE_ONLY,SEDIMENTARY_DETRITAL,SEDIMENTARY_DETRITAL,SEDIMENTARY_DETRITAL,Qianfoyan Formation,Qianfoyan Formation,,沉积岩；具体沉积相未系统提取，不能据空值推断,70,70,70,0,0674e03126a87eea4c185be43c47f4b9bde21834b6ef8b972de5c176b7198741,a5cb5e46da335358953700154839ef132be99efb31396ecd8cf380c02af8204a,False,False,False,EXTERNAL_REFERENCE,转 external reference,Cathaysia/Hainan 亲缘参照，不等于 Palawan–PCT 实体。,,,,,,,,True
E3,E3::EXISTING_REPAIRED::BSPM-AD0CC0D9F804B16E-E3,BSPM-AD0CC0D9F804B16E-E3,19CL-53-2,10.1002/gj.4060,10.1002/gj.4060,10.1002/gj.4060,26.46555556,113.3152778,,,China,Cathaysia-Hainan-Taiwan continental margin,E3b_Cathaysia_coast_affinity_reference,AFFINITY_REFERENCE_CHALLENGE_ONLY,SEDIMENTARY_DETRITAL,SEDIMENTARY_DETRITAL,SEDIMENTARY_DETRITAL,Gaojiatian Formation,Gaojiatian Formation,,沉积岩；具体沉积相未系统提取，不能据空值推断,70,70,70,0,b8264f275326f78b52299d4e40e42739e2f20f2bf5f5200e052b8acc14e890da,ff78f42a11528ea614e3e5395d34427a101f8a4c6c7b70371b3d1ac1f434bcc2,False,False,False,EXTERNAL_REFERENCE,转 external reference,Cathaysia/Hainan 亲缘参照，不等于 Palawan–PCT 实体。,,,,,,,,True
E3,E3::EXISTING_REPAIRED::BSPM-F5DAC8CFF6ED6552-E3,BSPM-F5DAC8CFF6ED6552-E3,19CL-80-2,10.1002/gj.4060,10.1002/gj.4060,10.1002/gj.4060,26.01,113.2811111,,,China,Cathaysia-Hainan-Taiwan continental margin,E3b_Cathaysia_coast_affinity_reference,AFFINITY_REFERENCE_CHALLENGE_ONLY,SEDIMENTARY_DETRITAL,SEDIMENTARY_DETRITAL,SEDIMENTARY_DETRITAL,Maoxianling Formation,Maoxianling Formation,,沉积岩；具体沉积相未系统提取，不能据空值推断,70,70,70,0,57059a7a78509f91f9e47a981a14e2b32e5daf156e9b7f12d674033eb971adb2,d9602972cf24ec750030465526a42f453b05e1c97ac504578029349fde4e5f8c,False,False,False,EXTERNAL_REFERENCE,转 external reference,Cathaysia/Hainan 亲缘参照，不等于 Palawan–PCT 实体。,,,,,,,,True
E3,E3::EXISTING_REPAIRED::BSPM-CD44C09020363878-E3,BSPM-CD44C09020363878-E3,19CL-80-4,10.1002/gj.4060,10.1002/gj.4060,10.1002/gj.4060,26.02777778,113.2897222,,,China,Cathaysia-Hainan-Taiwan continental margin,E3b_Cathaysia_coast_affinity_reference,AFFINITY_REFERENCE_CHALLENGE_ONLY,SEDIMENTARY_DETRITAL,SEDIMENTARY_DETRITAL,SEDIMENTARY_DETRITAL,Maoxianling Formation,Maoxianling Formation,,沉积岩；具体沉积相未系统提取，不能据空值推断,70,70,70,0,017098869e0b0a706bdcf9bb0068467d625f43573301cce97dc8c05ad8134323,5487288ec2584d8a4b85967b72aab3cb3e027d258c99a99947cf9dcad17627d5,False,False,False,EXTERNAL_REFERENCE,转 external reference,Cathaysia/Hainan 亲缘参照，不等于 Palawan–PCT 实体。,,,,,,,,True
E3,E3::EXISTING_REPAIRED::BSPM-86E82F58915952BB-E3,BSPM-86E82F58915952BB-E3,19CL-73-2,10.1002/gj.4060,10.1002/gj.4060,10.1002/gj.4060,26.01916667,113.3019444,,,China,Cathaysia-Hainan-Taiwan continental margin,E3b_Cathaysia_coast_affinity_reference,AFFINITY_REFERENCE_CHALLENGE_ONLY,SEDIMENTARY_DETRITAL,SEDIMENTARY_DETRITAL,SEDIMENTARY_DETRITAL,Xintianmen Formation,Xintianmen Formation,,沉积岩；具体沉积相未系统提取，不能据空值推断,70,70,70,0,c683bf45e20032892c0ae9a4a4ccddd3952156e2a99690e361a95b2f9d105b01,eb849d0e966da00ae1c1f2332fa7a6a839da7bf544ef1f3aafad2e2688583f9d,False,False,False,EXTERNAL_REFERENCE,转 external reference,Cathaysia/Hainan 亲缘参照，不等于 Palawan–PCT 实体。,,,,,,,,True
E3,E3::EXISTING_REPAIRED::BSPM-5CAE10AB2CA904B7-E3,BSPM-5CAE10AB2CA904B7-E3,EGDB-02,10.27493/d.cnki.gzdzy.2019.000556,10.27493/d.cnki.gzdzy.2019.000556,10.27493/d.cnki.gzdzy.2019.000556,23.47972222,115.9852778,,,China,Cathaysia-Hainan-Taiwan continental margin,E3b_Cathaysia_coast_affinity_reference,AFFINITY_REFERENCE_CHALLENGE_ONLY,SEDIMENTARY_DETRITAL,SEDIMENTARY_DETRITAL,SEDIMENTARY_DETRITAL,,,,沉积岩；具体沉积相未系统提取，不能据空值推断,116,116,116,0,9e13ba4136e270d040b0965ea83eecacf20c5caa5e753ee0da5b40a26a68f6d7,9e14eb3a206e0d8d7fa6117a1a846656b04bd2f4ebf28ef8404566d4b3441272,False,False,False,EXTERNAL_REFERENCE,转 external reference,Cathaysia/Hainan 亲缘参照，不等于 Palawan–PCT 实体。,,,,,,,,True
E3,E3::EXISTING_REPAIRED::BSPM-6CFB76D0E7FD9DFE-E3,BSPM-6CFB76D0E7FD9DFE-E3,EGDB-03,10.27493/d.cnki.gzdzy.2019.000556,10.27493/d.cnki.gzdzy.2019.000556,10.27493/d.cnki.gzdzy.2019.000556,23.82083333,115.305,,,China,Cathaysia-Hainan-Taiwan continental margin,E3b_Cathaysia_coast_affinity_reference,AFFINITY_REFERENCE_CHALLENGE_ONLY,SEDIMENTARY_DETRITAL,SEDIMENTARY_DETRITAL,SEDIMENTARY_DETRITAL,,,,沉积岩；具体沉积相未系统提取，不能据空值推断,115,115,115,0,243fd69cb73e233d973491d5363dbe8c23a3fef467202e396d8c27aa400c75f2,aa647f3faf2d19b7c3a5296eb4558c9a6dff2300450ed29abc52985cb7b761db,False,False,False,EXTERNAL_REFERENCE,转 external reference,Cathaysia/Hainan 亲缘参照，不等于 Palawan–PCT 实体。,,,,,,,,True
E3,E3::EXISTING_REPAIRED::BSPM-B900AE68F121566F-E3,BSPM-B900AE68F121566F-E3,EGDB-05,10.27493/d.cnki.gzdzy.2019.000556,10.27493/d.cnki.gzdzy.2019.000556,10.27493/d.cnki.gzdzy.2019.000556,24.12236111,114.4820278,,,China,Cathaysia-Hainan-Taiwan continental margin,E3b_Cathaysia_coast_affinity_reference,AFFINITY_REFERENCE_CHALLENGE_ONLY,SEDIMENTARY_DETRITAL,SEDIMENTARY_DETRITAL,SEDIMENTARY_DETRITAL,,,,沉积岩；具体沉积相未系统提取，不能据空值推断,109,109,109,0,ed8b5c7c0aedfbe284f3cf8d5e2eb618f12c2f9fa4e71a14328bbd60dd185462,5e38c53e4d333eca7b638e7721e243077fa35f3c473a8d4fe79100f89a445dd5,False,False,False,EXTERNAL_REFERENCE,转 external reference,Cathaysia/Hainan 亲缘参照，不等于 Palawan–PCT 实体。,,,,,,,,True
E3,E3::EXISTING_REPAIRED::BSPM-924C40C433978DD7-E3,BSPM-924C40C433978DD7-E3,EGDB-04,10.27493/d.cnki.gzdzy.2019.000556,10.27493/d.cnki.gzdzy.2019.000556,10.27493/d.cnki.gzdzy.2019.000556,24.11844444,114.4433889,,,China,Cathaysia-Hainan-Taiwan continental margin,E3b_Cathaysia_coast_affinity_reference,AFFINITY_REFERENCE_CHALLENGE_ONLY,SEDIMENTARY_DETRITAL,SEDIMENTARY_DETRITAL,SEDIMENTARY_DETRITAL,,,,沉积岩；具体沉积相未系统提取，不能据空值推断,114,114,114,0,58d4ffc2509e3bb93f6703d660ac7ea33752598cca406105a1bd55a3cd54e401,55eddc0f2ff6808e361f689eabd077b49ed16ef59898ada4e6287de71ada9cc5,False,False,False,EXTERNAL_REFERENCE,转 external reference,Cathaysia/Hainan 亲缘参照，不等于 Palawan–PCT 实体。,,,,,,,,True
E3,E3::EXISTING_REPAIRED::BSPM-C9D32EE25DD54935-E3,BSPM-C9D32EE25DD54935-E3,16NX-9,10.16539/j.ddgzyckx.2019.03.011,10.16539/j.ddgzyckx.2019.03.011,10.16539/j.ddgzyckx.2019.03.011,25.3,114.7,,,China,Cathaysia-Hainan-Taiwan continental margin,E3b_Cathaysia_coast_affinity_reference,AFFINITY_REFERENCE_CHALLENGE_ONLY,SEDIMENTARY_DETRITAL,SEDIMENTARY_DETRITAL,SEDIMENTARY_DETRITAL,Songshan Formation,Songshan Formation,,沉积岩；具体沉积相未系统提取，不能据空值推断,43,43,43,0,0781efd5ad4401e3f93750cf1f2a50856edbf6b86c3416a22e92336c059f6864,ec70e364e342c40986ef4eeea1eee0d11923a00c61bb95213bf80ad42cd16c53,False,False,False,EXTERNAL_REFERENCE,转 external reference,Cathaysia/Hainan 亲缘参照，不等于 Palawan–PCT 实体。,,,,,,,,True
E3,E3::EXISTING_REPAIRED::BSPM-3142E73F1173F2EC-E3,BSPM-3142E73F1173F2EC-E3,16NX-18G,10.16539/j.ddgzyckx.2019.03.011,10.16539/j.ddgzyckx.2019.03.011,10.16539/j.ddgzyckx.2019.03.011,25.2,114.6,,,China,Cathaysia-Hainan-Taiwan continental margin,E3b_Cathaysia_coast_affinity_reference,AFFINITY_REFERENCE_CHALLENGE_ONLY,SEDIMENTARY_DETRITAL,SEDIMENTARY_DETRITAL,SEDIMENTARY_DETRITAL,Zhutian Formation,Zhutian Formation,,沉积岩；具体沉积相未系统提取，不能据空值推断,60,60,60,0,3fb946e571f35a057b8b2ae193a3a1100a9e86da8eb53c74a6d33aed4ffd7b58,e110607530eb254211cf2cfb804c18a8da6c2ce2c2736fd1abac2c480ea4eb8b,False,False,False,EXTERNAL_REFERENCE,转 external reference,Cathaysia/Hainan 亲缘参照，不等于 Palawan–PCT 实体。,,,,,,,,True
E3,E3::EXISTING_REPAIRED::BSPM-785AE3515D82AAF7-E3,BSPM-785AE3515D82AAF7-E3,16ZT-5L-1,10.16539/j.ddgzyckx.2019.03.011,10.16539/j.ddgzyckx.2019.03.011,10.16539/j.ddgzyckx.2019.03.011,25.2,114.5,,,China,Cathaysia-Hainan-Taiwan continental margin,E3b_Cathaysia_coast_affinity_reference,AFFINITY_REFERENCE_CHALLENGE_ONLY,SEDIMENTARY_DETRITAL,SEDIMENTARY_DETRITAL,SEDIMENTARY_DETRITAL,Zhutian Formation,Zhutian Formation,,沉积岩；具体沉积相未系统提取，不能据空值推断,68,68,68,0,46553ed0bf1a902c2290c25b73e53fef7a18def86a166a980b59977d7aff74ee,02131474d00be24735b8e9dc01eedbde730e268adc5e258b40a35cf5828ed789,False,False,False,EXTERNAL_REFERENCE,转 external reference,Cathaysia/Hainan 亲缘参照，不等于 Palawan–PCT 实体。,,,,,,,,True
E3,E3::EXISTING_REPAIRED::BSPM-6DC78E19BF1438D1-E3,BSPM-6DC78E19BF1438D1-E3,16ZT-5L-2,10.16539/j.ddgzyckx.2019.03.011,10.16539/j.ddgzyckx.2019.03.011,10.16539/j.ddgzyckx.2019.03.011,25.1,114.4,,,China,Cathaysia-Hainan-Taiwan continental margin,E3b_Cathaysia_coast_affinity_reference,AFFINITY_REFERENCE_CHALLENGE_ONLY,SEDIMENTARY_DETRITAL,SEDIMENTARY_DETRITAL,SEDIMENTARY_DETRITAL,Zhutian Formation,Zhutian Formation,,沉积岩；具体沉积相未系统提取，不能据空值推断,29,29,29,0,d0a2ad7cec65c0e654519230266a4c855fd47f81f95b54e75494f29654db0619,bdf1750e0d8132bbf1782851639a05536ab8a0eeaa7799c2487646ceb5c4a7b9,False,False,False,EXTERNAL_REFERENCE,转 external reference,Cathaysia/Hainan 亲缘参照，不等于 Palawan–PCT 实体。,,,,,,,,True
E3,E3::EXISTING_REPAIRED::BSPM-B6FB70EE9B117442-E3,BSPM-B6FB70EE9B117442-E3,16ZT-5L-3,10.16539/j.ddgzyckx.2019.03.011,10.16539/j.ddgzyckx.2019.03.011,10.16539/j.ddgzyckx.2019.03.011,25.1,114.4,,,China,Cathaysia-Hainan-Taiwan continental margin,E3b_Cathaysia_coast_affinity_reference,AFFINITY_REFERENCE_CHALLENGE_ONLY,SEDIMENTARY_DETRITAL,SEDIMENTARY_DETRITAL,SEDIMENTARY_DETRITAL,Zhutian Formation,Zhutian Formation,,沉积岩；具体沉积相未系统提取，不能据空值推断,25,25,25,0,1ce23338f96bd78eaa7b578fbc76d05631cc565f61209e8ea9318360ae36086e,58691b3a460252229b72a3720d487d22cfd8c6acf9b491500fd0427f9fa25f0b,False,False,False,EXTERNAL_REFERENCE,转 external reference,Cathaysia/Hainan 亲缘参照，不等于 Palawan–PCT 实体。,,,,,,,,True
E3,E3::EXISTING_REPAIRED::BSPM-33D01D55551723F3-E3,BSPM-33D01D55551723F3-E3,16ZT-5L-4,10.16539/j.ddgzyckx.2019.03.011,10.16539/j.ddgzyckx.2019.03.011,10.16539/j.ddgzyckx.2019.03.011,25.1,114.3,,,China,Cathaysia-Hainan-Taiwan continental margin,E3b_Cathaysia_coast_affinity_reference,AFFINITY_REFERENCE_CHALLENGE_ONLY,SEDIMENTARY_DETRITAL,SEDIMENTARY_DETRITAL,SEDIMENTARY_DETRITAL,Zhutian Formation,Zhutian Formation,,沉积岩；具体沉积相未系统提取，不能据空值推断,15,15,15,0,cc1de5af94b8133b90ecf55098c0e00f1bb5a88b68282833471f8dc7bc4812a6,d410c7c31f992341d528e01a7fffdf6431e18ac946a6570a19203c42df6f69c4,False,False,False,EXTERNAL_REFERENCE,转 external reference,Cathaysia/Hainan 亲缘参照，不等于 Palawan–PCT 实体。,,,,,,,,True
E3,E3::EXISTING_REPAIRED::BSPM-3DDBD6D4950B1F3D-E3,BSPM-3DDBD6D4950B1F3D-E3,16ZT-7,10.16539/j.ddgzyckx.2019.03.011,10.16539/j.ddgzyckx.2019.03.011,10.16539/j.ddgzyckx.2019.03.011,25.1,114.2,,,China,Cathaysia-Hainan-Taiwan continental margin,E3b_Cathaysia_coast_affinity_reference,AFFINITY_REFERENCE_CHALLENGE_ONLY,SEDIMENTARY_DETRITAL,SEDIMENTARY_DETRITAL,SEDIMENTARY_DETRITAL,Zhenshui Formation,Zhenshui Formation,,沉积岩；具体沉积相未系统提取，不能据空值推断,67,67,67,0,6125b74f78703d28de4c75dc4de0a041d173f4c253ba72ac531d6f1c54fcf1a1,b755a8531a584bd67d95f9ca8031a08061d5ac9359bc95f79962cb711f9169df,False,False,False,EXTERNAL_REFERENCE,转 external reference,Cathaysia/Hainan 亲缘参照，不等于 Palawan–PCT 实体。,,,,,,,,True
E3,E3::EXISTING_REPAIRED::BSPM-14A68594323D42DB-E3,BSPM-14A68594323D42DB-E3,16ZT-10,10.16539/j.ddgzyckx.2019.03.011,10.16539/j.ddgzyckx.2019.03.011,10.16539/j.ddgzyckx.2019.03.011,25.2,114.3,,,China,Cathaysia-Hainan-Taiwan continental margin,E3b_Cathaysia_coast_affinity_reference,AFFINITY_REFERENCE_CHALLENGE_ONLY,SEDIMENTARY_DETRITAL,SEDIMENTARY_DETRITAL,SEDIMENTARY_DETRITAL,Longshan Formation,Longshan Formation,,沉积岩；具体沉积相未系统提取，不能据空值推断,46,46,46,0,a2a225e94e1074232ea3ee988b15a243e41853a468b8cf75df604c90eb7acb12,38a13b56486ce344bd49707528b61514c654d98691ccbcb9c28a7cb45b576d46,False,False,False,EXTERNAL_REFERENCE,转 external reference,Cathaysia/Hainan 亲缘参照，不等于 Palawan–PCT 实体。,,,,,,,,True
E3,E3::EXISTING_REPAIRED::BSPM-447BADFBB396BFBB-E3,BSPM-447BADFBB396BFBB-E3,16ZT-10L,10.16539/j.ddgzyckx.2019.03.011,10.16539/j.ddgzyckx.2019.03.011,10.16539/j.ddgzyckx.2019.03.011,25.2,114.3,,,China,Cathaysia-Hainan-Taiwan continental margin,E3b_Cathaysia_coast_affinity_reference,AFFINITY_REFERENCE_CHALLENGE_ONLY,SEDIMENTARY_DETRITAL,SEDIMENTARY_DETRITAL,SEDIMENTARY_DETRITAL,Longshan Formation,Longshan Formation,,沉积岩；具体沉积相未系统提取，不能据空值推断,22,22,22,0,857dfdd425029120811e3ee2b54218dc64514ec3d00f75b18339d22daf0f16af,581a5e8202481ad0be8119e306964088ce65ded5a96f45937df6ec4c15413ea6,False,False,False,EXTERNAL_REFERENCE,转 external reference,Cathaysia/Hainan 亲缘参照，不等于 Palawan–PCT 实体。,,,,,,,,True
E3,E3::EXISTING_REPAIRED::BSPM-FB56ACC630A6C751-E3,BSPM-FB56ACC630A6C751-E3,16NX-5-1,10.16539/j.ddgzyckx.2019.03.011,10.16539/j.ddgzyckx.2019.03.011,10.16539/j.ddgzyckx.2019.03.011,25.2,114.2,,,China,Cathaysia-Hainan-Taiwan continental margin,E3b_Cathaysia_coast_affinity_reference,AFFINITY_REFERENCE_CHALLENGE_ONLY,SEDIMENTARY_DETRITAL,SEDIMENTARY_DETRITAL,SEDIMENTARY_DETRITAL,Guchengcun Formation,Guchengcun Formation,,沉积岩；具体沉积相未系统提取，不能据空值推断,24,24,24,0,11d4d0589e396b1c3e9d2a5631a81113ec1ba1543db72034713f8627324bbe1f,176d6af78289c641bac835863efb80fa3aa21656c427537185baa40b4a1d6d8f,False,False,False,EXTERNAL_REFERENCE,转 external reference,Cathaysia/Hainan 亲缘参照，不等于 Palawan–PCT 实体。,,,,,,,,True
E3,E3::EXISTING_REPAIRED::BSPM-5A3639CED2DF4922-E3,BSPM-5A3639CED2DF4922-E3,16NX-5-2,10.16539/j.ddgzyckx.2019.03.011,10.16539/j.ddgzyckx.2019.03.011,10.16539/j.ddgzyckx.2019.03.011,25.2,114.2,,,China,Cathaysia-Hainan-Taiwan continental margin,E3b_Cathaysia_coast_affinity_reference,AFFINITY_REFERENCE_CHALLENGE_ONLY,SEDIMENTARY_DETRITAL,SEDIMENTARY_DETRITAL,SEDIMENTARY_DETRITAL,Guchengcun Formation,Guchengcun Formation,,沉积岩；具体沉积相未系统提取，不能据空值推断,25,25,25,0,aa8eb39fdd20418b3d37a5188bace622a67e0e43e70f85cee2abdb9f90c87b06,79eef703b4115d063c66b87d70137fde6d17a5355ab7b400020c5f48c6cdf4dd,False,False,False,EXTERNAL_REFERENCE,转 external reference,Cathaysia/Hainan 亲缘参照，不等于 Palawan–PCT 实体。,,,,,,,,True
E3,E3::EXISTING_REPAIRED::BSPM-7AFD829582C3C747-E3,BSPM-7AFD829582C3C747-E3,PM72D1,10.16788/j.hddz.32-1865/p.2018.03.002,10.16788/j.hddz.32-1865/p.2018.03.002,10.16788/j.hddz.32-1865/p.2018.03.002,26.0,119.6,,,China,Cathaysia-Hainan-Taiwan continental margin,E3b_Cathaysia_coast_affinity_reference,AFFINITY_REFERENCE_CHALLENGE_ONLY,METAMORPHIC_BASEMENT_OR_METASEDIMENT,METAMORPHIC_BASEMENT_OR_METASEDIMENT,METAMORPHIC_BASEMENT_OR_METASEDIMENT,Lishan Formation,Lishan Formation,,不适用或未解析,21,21,21,0,99d976c025245dce3e097fc347af25f1cc892ddf99b73e62191cba1b1a349bd6,81319f016e5622bb59767a2d7b8dcdf06027a96f2200bd03296e852863236a49,False,False,False,EXTERNAL_REFERENCE,转 external reference,Cathaysia/Hainan 亲缘参照，不等于 Palawan–PCT 实体。,,,,,,,,True
E3,E3::EXISTING_REPAIRED::BSPM-BD14B8724C6918C6-E3,BSPM-BD14B8724C6918C6-E3,11QZ-7_Yajun2017,10.1086/693036,10.1086/693036,10.1086/693036,21.75555556,108.9136111,,,China,Cathaysia-Hainan-Taiwan continental margin,E3b_Cathaysia_coast_affinity_reference,AFFINITY_REFERENCE_CHALLENGE_ONLY,SEDIMENTARY_DETRITAL,SEDIMENTARY_DETRITAL,SEDIMENTARY_DETRITAL,Liantan Formation,Liantan Formation,,沉积岩；具体沉积相未系统提取，不能据空值推断,81,81,81,0,eb2b6079bcfdb4fdff38f1e6fe543c26c00844c9dae531bfe1bad338e555eb25,2e1f6476bfebd1069ad40b6abd7f7fe6be8e992de3cb1c78ec6ac064d309d921,False,False,False,EXTERNAL_REFERENCE,转 external reference,Cathaysia/Hainan 亲缘参照，不等于 Palawan–PCT 实体。,,,,,,,,True
E3,E3::EXISTING_REPAIRED::BSPM-761967F565E33D87-E3,BSPM-761967F565E33D87-E3,11QZ-6_Yajun2017,10.1086/693036,10.1086/693036,10.1086/693036,21.75555556,108.9136111,,,China,Cathaysia-Hainan-Taiwan continental margin,E3b_Cathaysia_coast_affinity_reference,AFFINITY_REFERENCE_CHALLENGE_ONLY,SEDIMENTARY_DETRITAL,SEDIMENTARY_DETRITAL,SEDIMENTARY_DETRITAL,Liantan Formation,Liantan Formation,,沉积岩；具体沉积相未系统提取，不能据空值推断,60,60,60,0,15292e6b84563859bb110c8d1478ceb85a966f9fb685b27054b952f8148517f2,362c833a5bde532eef2d75193625b965441384bc219da6980c44ab0114f49380,False,False,False,EXTERNAL_REFERENCE,转 external reference,Cathaysia/Hainan 亲缘参照，不等于 Palawan–PCT 实体。,,,,,,,,True
E3,E3::EXISTING_REPAIRED::BSPM-7A2A9719A03AF0D0-E3,BSPM-7A2A9719A03AF0D0-E3,11QZ-3_Yajun2017,10.1086/693036,10.1086/693036,10.1086/693036,21.75555556,108.9136111,,,China,Cathaysia-Hainan-Taiwan continental margin,E3b_Cathaysia_coast_affinity_reference,AFFINITY_REFERENCE_CHALLENGE_ONLY,SEDIMENTARY_DETRITAL,SEDIMENTARY_DETRITAL,SEDIMENTARY_DETRITAL,Liantan Formation,Liantan Formation,,沉积岩；具体沉积相未系统提取，不能据空值推断,64,64,64,0,a6c2ef420ebb72169a2c221bbc3cab23619ad5fa26453d1ec3fb22ac8322b322,28e209c8d05e632954695160bdf3456a359dfb554d60be0288cf43704118386f,False,False,False,EXTERNAL_REFERENCE,转 external reference,Cathaysia/Hainan 亲缘参照，不等于 Palawan–PCT 实体。,,,,,,,,True
E3,E3::EXISTING_REPAIRED::BSPM-EF11E1E3CBA1ADA0-E3,BSPM-EF11E1E3CBA1ADA0-E3,11QZ-1_Yajun2017,10.1086/693036,10.1086/693036,10.1086/693036,21.75555556,108.9136111,,,China,Cathaysia-Hainan-Taiwan continental margin,E3b_Cathaysia_coast_affinity_reference,AFFINITY_REFERENCE_CHALLENGE_ONLY,SEDIMENTARY_DETRITAL,SEDIMENTARY_DETRITAL,SEDIMENTARY_DETRITAL,Liantan Formation,Liantan Formation,,沉积岩；具体沉积相未系统提取，不能据空值推断,60,60,60,0,185305931c6b403d56696d7e605a3c1b4970e7222d8dea00ab53fe5756967467,90d81a9d5afbae33f00b3e9df47c5d399282841d1b0ca167ccea1ad3aebeb963,False,False,False,EXTERNAL_REFERENCE,转 external reference,Cathaysia/Hainan 亲缘参照，不等于 Palawan–PCT 实体。,,,,,,,,True
E3,E3::EXISTING_REPAIRED::BSPM-E3F28A150BBE39A9-E3,BSPM-E3F28A150BBE39A9-E3,14FJ-42,10.1016/j.jseaes.2021.104827,10.1016/j.jseaes.2021.104827,10.1016/j.jseaes.2021.104827,25.04583333,117.1280556,,,China,Cathaysia-Hainan-Taiwan continental margin,E3b_Cathaysia_coast_affinity_reference,AFFINITY_REFERENCE_CHALLENGE_ONLY,SEDIMENTARY_DETRITAL,SEDIMENTARY_DETRITAL,SEDIMENTARY_DETRITAL,Dongkengkou Formation,Dongkengkou Formation,,沉积岩；具体沉积相未系统提取，不能据空值推断,71,71,71,0,3a87cc1cecf72988ae5932ed2818c4cfaf9e7810fb2904fd465e834c8d19ef71,fd4c6c3c8deb9bd6616e27855be16bdf3ee86d69432cedce57f90183a695dc76,False,False,False,EXTERNAL_REFERENCE,转 external reference,Cathaysia/Hainan 亲缘参照，不等于 Palawan–PCT 实体。,,,,,,,,True
E3,E3::EXISTING_REPAIRED::BSPM-AED8634BD0DC8EEC-E3,BSPM-AED8634BD0DC8EEC-E3,14FJ-43,10.1016/j.jseaes.2021.104827,10.1016/j.jseaes.2021.104827,10.1016/j.jseaes.2021.104827,25.05083333,117.1191667,,,China,Cathaysia-Hainan-Taiwan continental margin,E3b_Cathaysia_coast_affinity_reference,AFFINITY_REFERENCE_CHALLENGE_ONLY,SEDIMENTARY_DETRITAL,SEDIMENTARY_DETRITAL,SEDIMENTARY_DETRITAL,Weifang Formation,Weifang Formation,,沉积岩；具体沉积相未系统提取，不能据空值推断,68,68,68,0,d7e636e3807b0e9ac5a9cba5bf5bb07bca56c797635f5a4d96245b4282eec76e,4ebe7c9e3d441d211eb980140ca736527901cb201a0ab88be650d5cc16e0fc72,False,False,False,EXTERNAL_REFERENCE,转 external reference,Cathaysia/Hainan 亲缘参照，不等于 Palawan–PCT 实体。,,,,,,,,True
E3,E3::EXISTING_REPAIRED::BSPM-59EBB7A05AA17225-E3,BSPM-59EBB7A05AA17225-E3,14FJ-40,10.1016/j.jseaes.2021.104827,10.1016/j.jseaes.2021.104827,10.1016/j.jseaes.2021.104827,25.05333333,117.1191667,,,China,Cathaysia-Hainan-Taiwan continental margin,E3b_Cathaysia_coast_affinity_reference,AFFINITY_REFERENCE_CHALLENGE_ONLY,SEDIMENTARY_DETRITAL,SEDIMENTARY_DETRITAL,SEDIMENTARY_DETRITAL,Taozikeng Formation,Taozikeng Formation,,沉积岩；具体沉积相未系统提取，不能据空值推断,63,63,63,0,7739f4ad2ef16550707203105ae4128de89dc676b656fb6de42172deca235371,e9816425832ebb6827cb7bffe2e7c1742d908b25f47f7aa40f019e1ff8363ee4,False,False,False,EXTERNAL_REFERENCE,转 external reference,Cathaysia/Hainan 亲缘参照，不等于 Palawan–PCT 实体。,,,,,,,,True
E3,E3::EXISTING_REPAIRED::BSPM-A041ECC2D46A5105-E3,BSPM-A041ECC2D46A5105-E3,14FJ-32,10.1016/j.jseaes.2021.104827,10.1016/j.jseaes.2021.104827,10.1016/j.jseaes.2021.104827,26.03444444,117.1219444,,,China,Cathaysia-Hainan-Taiwan continental margin,E3b_Cathaysia_coast_affinity_reference,AFFINITY_REFERENCE_CHALLENGE_ONLY,SEDIMENTARY_DETRITAL,SEDIMENTARY_DETRITAL,SEDIMENTARY_DETRITAL,Lindi Formation,Lindi Formation,,沉积岩；具体沉积相未系统提取，不能据空值推断,62,62,62,0,bda580dc154a832a3811b201e019df144099aefa856e048c06bb41a9929728a7,70f1ecaaf26046edac44ebf3539a3ddec43cbceec4f795a5be5ab4a29b7d2753,False,False,False,EXTERNAL_REFERENCE,转 external reference,Cathaysia/Hainan 亲缘参照，不等于 Palawan–PCT 实体。,,,,,,,,True
E3,E3::EXISTING_REPAIRED::BSPM-53CBB2573D2AD742-E3,BSPM-53CBB2573D2AD742-E3,14FJ-52,10.1016/j.jseaes.2021.104827,10.1016/j.jseaes.2021.104827,10.1016/j.jseaes.2021.104827,24.91166667,116.9019444,,,China,Cathaysia-Hainan-Taiwan continental margin,E3b_Cathaysia_coast_affinity_reference,AFFINITY_REFERENCE_CHALLENGE_ONLY,SEDIMENTARY_DETRITAL,SEDIMENTARY_DETRITAL,SEDIMENTARY_DETRITAL,Wenbishan Formation,Wenbishan Formation,,沉积岩；具体沉积相未系统提取，不能据空值推断,73,73,73,0,71f19236de3246392c078d3209384370a3cf78c3db5c237d7ed3517bdee90c28,bd65b51c51979f2ddcc1a912ee44cb9522625983477f9a5e2cba10065fba6e94,False,False,False,EXTERNAL_REFERENCE,转 external reference,Cathaysia/Hainan 亲缘参照，不等于 Palawan–PCT 实体。,,,,,,,,True
E3,E3::EXISTING_REPAIRED::BSPM-F6A9B4A740C1991C-E3,BSPM-F6A9B4A740C1991C-E3,14FJ-33,10.1016/j.jseaes.2021.104827,10.1016/j.jseaes.2021.104827,10.1016/j.jseaes.2021.104827,25.99555556,117.1591667,,,China,Cathaysia-Hainan-Taiwan continental margin,E3b_Cathaysia_coast_affinity_reference,AFFINITY_REFERENCE_CHALLENGE_ONLY,SEDIMENTARY_DETRITAL,SEDIMENTARY_DETRITAL,SEDIMENTARY_DETRITAL,Tongziyan Formation,Tongziyan Formation,,沉积岩；具体沉积相未系统提取，不能据空值推断,67,67,67,0,b7a3ccdc2cea87c06767bca7464d8093c174812cd1e7e292d78be315ae3d1d97,9d4f94637247a181932cb03ff500630d97aaacab965433ddf7a3acac2fec91dc,False,False,False,EXTERNAL_REFERENCE,转 external reference,Cathaysia/Hainan 亲缘参照，不等于 Palawan–PCT 实体。,,,,,,,,True
E3,E3::EXISTING_REPAIRED::BSPM-DC40B0A217787B7A-E3,BSPM-DC40B0A217787B7A-E3,14FJ-38,10.1016/j.jseaes.2021.104827,10.1016/j.jseaes.2021.104827,10.1016/j.jseaes.2021.104827,25.80222222,117.45,,,China,Cathaysia-Hainan-Taiwan continental margin,E3b_Cathaysia_coast_affinity_reference,AFFINITY_REFERENCE_CHALLENGE_ONLY,SEDIMENTARY_DETRITAL,SEDIMENTARY_DETRITAL,SEDIMENTARY_DETRITAL,Cuipingshan formations,Cuipingshan formations,,沉积岩；具体沉积相未系统提取，不能据空值推断,74,74,74,0,41b6f6a4ca868aa7f0ba05327033886389ed3cab4285ac57ead5f5a054811566,a80c94dc5629129aba0a0525282f1e5995fbcdb2769d77c8404c1c7beae8b427,False,False,False,EXTERNAL_REFERENCE,转 external reference,Cathaysia/Hainan 亲缘参照，不等于 Palawan–PCT 实体。,,,,,,,,True
E3,E3::EXISTING_REPAIRED::BSPM-7514FE36E0DD3C2C-E3,BSPM-7514FE36E0DD3C2C-E3,14FJ-39,10.1016/j.jseaes.2021.104827,10.1016/j.jseaes.2021.104827,10.1016/j.jseaes.2021.104827,25.42388889,117.3319444,,,China,Cathaysia-Hainan-Taiwan continental margin,E3b_Cathaysia_coast_affinity_reference,AFFINITY_REFERENCE_CHALLENGE_ONLY,SEDIMENTARY_DETRITAL,SEDIMENTARY_DETRITAL,SEDIMENTARY_DETRITAL,Xikou and Wenbinshanformations,Xikou and Wenbinshanformations,,沉积岩；具体沉积相未系统提取，不能据空值推断,68,68,68,0,2322a907604f77d9988c2cb7153a6b09460c85e5caf44cc429076435b1e68e23,0339a9a68347237de14ef2de9ace8cc2c39014b8a7ef5b2bbffdf9961bfc2fd3,False,False,False,EXTERNAL_REFERENCE,转 external reference,Cathaysia/Hainan 亲缘参照，不等于 Palawan–PCT 实体。,,,,,,,,True
E3,E3::EXISTING_REPAIRED::BSPM-867100FE576C0F01-E3,BSPM-867100FE576C0F01-E3,14FJ-48-1,10.1016/j.jseaes.2021.104827,10.1016/j.jseaes.2021.104827,10.1016/j.jseaes.2021.104827,24.79055556,116.9394444,,,China,Cathaysia-Hainan-Taiwan continental margin,E3b_Cathaysia_coast_affinity_reference,AFFINITY_REFERENCE_CHALLENGE_ONLY,SEDIMENTARY_DETRITAL,SEDIMENTARY_DETRITAL,SEDIMENTARY_DETRITAL,Xikou and Wenbinshanformations,Xikou and Wenbinshanformations,,沉积岩；具体沉积相未系统提取，不能据空值推断,73,73,73,0,e22177b03e0ed74c068421ebcf65eb73d4684c68fa39be1626f4bb33be430745,9e3b2ea25d1f22a9a655a5b437f23dcc03428126017b101776f7918957dce81f,False,False,False,EXTERNAL_REFERENCE,转 external reference,Cathaysia/Hainan 亲缘参照，不等于 Palawan–PCT 实体。,,,,,,,,True
E3,E3::EXISTING_REPAIRED::BSPM-090E93FF0B0EC151-E3,BSPM-090E93FF0B0EC151-E3,14FJ-48-2,10.1016/j.jseaes.2021.104827,10.1016/j.jseaes.2021.104827,10.1016/j.jseaes.2021.104827,24.79055556,116.9394444,,,China,Cathaysia-Hainan-Taiwan continental margin,E3b_Cathaysia_coast_affinity_reference,AFFINITY_REFERENCE_CHALLENGE_ONLY,SEDIMENTARY_DETRITAL,SEDIMENTARY_DETRITAL,SEDIMENTARY_DETRITAL,Xikou and Wenbinshanformations,Xikou and Wenbinshanformations,,沉积岩；具体沉积相未系统提取，不能据空值推断,74,74,74,0,a4219ead33acfca22197e3345eb3d423c447a8a95f1d55b90a22baec8dc57477,7779270e7c8830145659bba7dcdbf4b72bc7fd62c1cf0ffad7271aba68ace947,False,False,False,EXTERNAL_REFERENCE,转 external reference,Cathaysia/Hainan 亲缘参照，不等于 Palawan–PCT 实体。,,,,,,,,True
E3,E3::EXISTING_REPAIRED::BSPM-8221A2340CABDC4B-E3,BSPM-8221A2340CABDC4B-E3,14LS1,10.3975/cagsb.2017.122101,10.3975/cagsb.2017.122101,10.3975/cagsb.2017.122101,27.753761,114.341086,,,China,Cathaysia-Hainan-Taiwan continental margin,E3b_Cathaysia_coast_affinity_reference,AFFINITY_REFERENCE_CHALLENGE_ONLY,METAMORPHIC_BASEMENT_OR_METASEDIMENT,METAMORPHIC_BASEMENT_OR_METASEDIMENT,METAMORPHIC_BASEMENT_OR_METASEDIMENT,Laohutang Fm,Laohutang Fm,,不适用或未解析,40,40,40,0,06e788e7d1aaff82e1adbef5bf59371511ea692b66f02886ff230dc849c483d3,d020ccfd06480bb5037196e15f076a315c62bc6cf084e9c0955320d55ccfe3aa,False,False,False,EXTERNAL_REFERENCE,转 external reference,Cathaysia/Hainan 亲缘参照，不等于 Palawan–PCT 实体。,,,,,,,,True
E3,E3::EXISTING_REPAIRED::BSPM-467F4B5492036ED6-E3,BSPM-467F4B5492036ED6-E3,16NS4,10.3975/cagsb.2017.122101,10.3975/cagsb.2017.122101,10.3975/cagsb.2017.122101,27.753761,114.341086,,,China,Cathaysia-Hainan-Taiwan continental margin,E3b_Cathaysia_coast_affinity_reference,AFFINITY_REFERENCE_CHALLENGE_ONLY,METAMORPHIC_BASEMENT_OR_METASEDIMENT,METAMORPHIC_BASEMENT_OR_METASEDIMENT,METAMORPHIC_BASEMENT_OR_METASEDIMENT,Laohutang Fm,Laohutang Fm,,不适用或未解析,29,29,29,0,4e99c4cc2ad62918a320e50dc39c0c182e1d4d382679c0afe48b1f68f4be446b,56848d3ad693c3426f6e854b785a13505bb936d2cf28a2a50010b299c2613058,False,False,False,EXTERNAL_REFERENCE,转 external reference,Cathaysia/Hainan 亲缘参照，不等于 Palawan–PCT 实体。,,,,,,,,True
E3,E3::EXISTING_REPAIRED::BSPM-AC912DAAAC8002CE-E3,BSPM-AC912DAAAC8002CE-E3,15XL-2,10.12134/j.dzykt.2019.02.009,10.12134/j.dzykt.2019.02.009,10.12134/j.dzykt.2019.02.009,26.500204,114.510319,,,China,Cathaysia-Hainan-Taiwan continental margin,E3b_Cathaysia_coast_affinity_reference,AFFINITY_REFERENCE_CHALLENGE_ONLY,SEDIMENTARY_DETRITAL,SEDIMENTARY_DETRITAL,SEDIMENTARY_DETRITAL,Niujiaohe Fm,Niujiaohe Fm,,沉积岩；具体沉积相未系统提取，不能据空值推断,209,209,209,0,b42e5fc59f8e2121596b5ebefe1c22ae376569e25c32789292114857f6e9d590,cec8af27e6e035455575ee2ed82967a572b080b875c2ae4299e8c016102eed50,False,False,False,EXTERNAL_REFERENCE,转 external reference,Cathaysia/Hainan 亲缘参照，不等于 Palawan–PCT 实体。,,,,,,,,True
E3,E3::EXISTING_REPAIRED::BSPM-5F0150243E5DF876-E3,BSPM-5F0150243E5DF876-E3,946-1,10.1144/sp521-2021-168,10.1144/sp521-2021-168,10.1144/sp521-2021-168,25.883325,114.7892056,,,China,Cathaysia-Hainan-Taiwan continental margin,E3b_Cathaysia_coast_affinity_reference,AFFINITY_REFERENCE_CHALLENGE_ONLY,SEDIMENTARY_DETRITAL,SEDIMENTARY_DETRITAL,SEDIMENTARY_DETRITAL,Maodian Formation,Maodian Formation,,沉积岩；具体沉积相未系统提取，不能据空值推断,90,90,90,0,fbaf58abeb5570a268db9f1dc09d47c9e779b8beb64f21982643748713a744bf,e320753a0dd9c722499c2982b3263912d273abf209440c011ec86e6362292320,False,False,False,EXTERNAL_REFERENCE,转 external reference,Cathaysia/Hainan 亲缘参照，不等于 Palawan–PCT 实体。,,,,,,,,True
E3,E3::EXISTING_REPAIRED::BSPM-5F8603E743FA8779-E3,BSPM-5F8603E743FA8779-E3,946-2,10.1144/sp521-2021-168,10.1144/sp521-2021-168,10.1144/sp521-2021-168,25.88313611,114.789125,,,China,Cathaysia-Hainan-Taiwan continental margin,E3b_Cathaysia_coast_affinity_reference,AFFINITY_REFERENCE_CHALLENGE_ONLY,SEDIMENTARY_DETRITAL,SEDIMENTARY_DETRITAL,SEDIMENTARY_DETRITAL,Maodian Formation,Maodian Formation,,沉积岩；具体沉积相未系统提取，不能据空值推断,101,101,101,0,ccea04e49b3a18f4951feecf57811caf90ab4bb1ccddbd2ae1258ceeb4e2def7,559e740324922205a12bc07b8b90e4e082b942de49d6b0ea2e0ec9029cd450c4,False,False,False,EXTERNAL_REFERENCE,转 external reference,Cathaysia/Hainan 亲缘参照，不等于 Palawan–PCT 实体。,,,,,,,,True
E3,E3::EXISTING_REPAIRED::BSPM-8BF22217F290FD32-E3,BSPM-8BF22217F290FD32-E3,946-3,10.1144/sp521-2021-168,10.1144/sp521-2021-168,10.1144/sp521-2021-168,25.88289722,114.7890056,,,China,Cathaysia-Hainan-Taiwan continental margin,E3b_Cathaysia_coast_affinity_reference,AFFINITY_REFERENCE_CHALLENGE_ONLY,SEDIMENTARY_DETRITAL,SEDIMENTARY_DETRITAL,SEDIMENTARY_DETRITAL,Zhoutian Formation,Zhoutian Formation,,沉积岩；具体沉积相未系统提取，不能据空值推断,100,100,100,0,748c47da8eb9a5e0aff30e53baa4b56e64d8e8fad8eb290464993776975313d6,8206559249cc0a41a4937093f73f6ea0e024b5d22fbabeacebf8454fd4a070c3,False,False,False,EXTERNAL_REFERENCE,转 external reference,Cathaysia/Hainan 亲缘参照，不等于 Palawan–PCT 实体。,,,,,,,,True
E3,E3::EXISTING_REPAIRED::BSPM-0A77F5D84068596C-E3,BSPM-0A77F5D84068596C-E3,946-4,10.1144/sp521-2021-168,10.1144/sp521-2021-168,10.1144/sp521-2021-168,25.82836389,114.7989306,,,China,Cathaysia-Hainan-Taiwan continental margin,E3b_Cathaysia_coast_affinity_reference,AFFINITY_REFERENCE_CHALLENGE_ONLY,SEDIMENTARY_DETRITAL,SEDIMENTARY_DETRITAL,SEDIMENTARY_DETRITAL,Zhoutian Formation,Zhoutian Formation,,沉积岩；具体沉积相未系统提取，不能据空值推断,98,98,98,0,e1890f276a0d385c089ec6b9627f7b8103cc9ce1f683092793a1c6817ac4973d,0252c8471222fedfc8684a248e380594e7de783eab0d679f1429b074f11fa536,False,False,False,EXTERNAL_REFERENCE,转 external reference,Cathaysia/Hainan 亲缘参照，不等于 Palawan–PCT 实体。,,,,,,,,True
E3,E3::EXISTING_REPAIRED::BSPM-6E2C776E1B7B1358-E3,BSPM-6E2C776E1B7B1358-E3,946-5,10.1144/sp521-2021-168,10.1144/sp521-2021-168,10.1144/sp521-2021-168,25.92146111,114.9871944,,,China,Cathaysia-Hainan-Taiwan continental margin,E3b_Cathaysia_coast_affinity_reference,AFFINITY_REFERENCE_CHALLENGE_ONLY,SEDIMENTARY_DETRITAL,SEDIMENTARY_DETRITAL,SEDIMENTARY_DETRITAL,Maodian Formation,Maodian Formation,,沉积岩；具体沉积相未系统提取，不能据空值推断,30,30,30,0,b0203c3dc279f61e04297599bb7640ea5a55fc0a6bd16ddecfe8f1c2f568181e,631bc5b33e4bb4ce1469dda6e934b03320ab0c4d1ab73826ed9056899f874bfe,False,False,False,EXTERNAL_REFERENCE,转 external reference,Cathaysia/Hainan 亲缘参照，不等于 Palawan–PCT 实体。,,,,,,,,True
E3,E3::EXISTING_REPAIRED::BSPM-AF415FA247347472-E3,BSPM-AF415FA247347472-E3,EGDB-01,10.27493/d.cnki.gzdzy.2020.001477,10.27493/d.cnki.gzdzy.2020.001477,10.27493/d.cnki.gzdzy.2020.001477,23.47111111,115.9852778,,,China,Cathaysia-Hainan-Taiwan continental margin,E3b_Cathaysia_coast_affinity_reference,AFFINITY_REFERENCE_CHALLENGE_ONLY,SEDIMENTARY_DETRITAL,SEDIMENTARY_DETRITAL,SEDIMENTARY_DETRITAL,,,,沉积岩；具体沉积相未系统提取，不能据空值推断,120,120,120,0,7490b8cb942927997dbc176581f546548fac871105636154cfc7239f299a517d,3b032cbb87744094cd2abba0ac337a93de2000ba60dd80cc22f2500ef7519db7,False,False,False,EXTERNAL_REFERENCE,转 external reference,Cathaysia/Hainan 亲缘参照，不等于 Palawan–PCT 实体。,,,,,,,,True
E3,E3::EXISTING_REPAIRED::BSPM-9C83F0826107E083-E3,BSPM-9C83F0826107E083-E3,EGDB-06,10.27493/d.cnki.gzdzy.2020.001477,10.27493/d.cnki.gzdzy.2020.001477,10.27493/d.cnki.gzdzy.2020.001477,24.11805556,114.4438889,,,China,Cathaysia-Hainan-Taiwan continental margin,E3b_Cathaysia_coast_affinity_reference,AFFINITY_REFERENCE_CHALLENGE_ONLY,SEDIMENTARY_DETRITAL,SEDIMENTARY_DETRITAL,SEDIMENTARY_DETRITAL,,,,沉积岩；具体沉积相未系统提取，不能据空值推断,108,108,108,0,0717b0106092b0fbe0f50d5069ff65d63a83ed0f5f69e9178574039f91371bfb,47d379561600d3636692150a73c2555752222a7bc2c6b2eb21d0be877ffce518,False,False,False,EXTERNAL_REFERENCE,转 external reference,Cathaysia/Hainan 亲缘参照，不等于 Palawan–PCT 实体。,,,,,,,,True
E3,E3::EXISTING_REPAIRED::BSPM-B0B454F57AE768B4-E3,BSPM-B0B454F57AE768B4-E3,YAB-01,10.27493/d.cnki.gzdzy.2020.001477,10.27493/d.cnki.gzdzy.2020.001477,10.27493/d.cnki.gzdzy.2020.001477,24.12805556,116.1405556,,,China,Cathaysia-Hainan-Taiwan continental margin,E3b_Cathaysia_coast_affinity_reference,AFFINITY_REFERENCE_CHALLENGE_ONLY,SEDIMENTARY_DETRITAL,SEDIMENTARY_DETRITAL,SEDIMENTARY_DETRITAL,,,,沉积岩；具体沉积相未系统提取，不能据空值推断,120,120,120,0,91cd6cca514b7d5eb092d36905c9d99f3736db3057768cf499b5c96850e5ff8c,989e03c57bbedb470bb40cb3abca20c0a1cc2b310add27bb766de2e1ea6da83f,False,False,False,EXTERNAL_REFERENCE,转 external reference,Cathaysia/Hainan 亲缘参照，不等于 Palawan–PCT 实体。,,,,,,,,True
E3,E3::EXISTING_REPAIRED::BSPM-6E4D94D8BC4C37F7-E3,BSPM-6E4D94D8BC4C37F7-E3,YAB-02,10.27493/d.cnki.gzdzy.2020.001477,10.27493/d.cnki.gzdzy.2020.001477,10.27493/d.cnki.gzdzy.2020.001477,24.34861111,116.8061111,,,China,Cathaysia-Hainan-Taiwan continental margin,E3b_Cathaysia_coast_affinity_reference,AFFINITY_REFERENCE_CHALLENGE_ONLY,SEDIMENTARY_DETRITAL,SEDIMENTARY_DETRITAL,SEDIMENTARY_DETRITAL,Xiaoping Formaiton,Xiaoping Formaiton,,沉积岩；具体沉积相未系统提取，不能据空值推断,118,118,118,0,c8037e92878cf42c9c791269fc2f17ef18e7ca0f7230f7fe5cba0f46772ce8e0,0c835e8088470d6c9536fcda6a7326f43ea5d295c23a6d65b744becd66b034f4,False,False,False,EXTERNAL_REFERENCE,转 external reference,Cathaysia/Hainan 亲缘参照，不等于 Palawan–PCT 实体。,,,,,,,,True
E3,E3::EXISTING_REPAIRED::BSPM-980ED67A6416AE9A-E3,BSPM-980ED67A6416AE9A-E3,YAB-03_Xu2020,10.27493/d.cnki.gzdzy.2020.001477,10.27493/d.cnki.gzdzy.2020.001477,10.27493/d.cnki.gzdzy.2020.001477,24.3425,116.81,,,China,Cathaysia-Hainan-Taiwan continental margin,E3b_Cathaysia_coast_affinity_reference,AFFINITY_REFERENCE_CHALLENGE_ONLY,SEDIMENTARY_DETRITAL,SEDIMENTARY_DETRITAL,SEDIMENTARY_DETRITAL,,,,沉积岩；具体沉积相未系统提取，不能据空值推断,116,116,116,0,02e41c269f307dd55b29066600f93159e5db8b31318518971518eb79d37ecb1a,7e9034bb7b347c55c4e3b6fe0b250fe30a5a34e87e24792ff0121c7f6ecb21e3,False,False,False,EXTERNAL_REFERENCE,转 external reference,Cathaysia/Hainan 亲缘参照，不等于 Palawan–PCT 实体。,,,,,,,,True
E3,E3::EXISTING_REPAIRED::BSPM-FD02AFBCD772628A-E3,BSPM-FD02AFBCD772628A-E3,YAB-04_Xu2020,10.27493/d.cnki.gzdzy.2020.001477,10.27493/d.cnki.gzdzy.2020.001477,10.27493/d.cnki.gzdzy.2020.001477,24.42777778,116.04,,,China,Cathaysia-Hainan-Taiwan continental margin,E3b_Cathaysia_coast_affinity_reference,AFFINITY_REFERENCE_CHALLENGE_ONLY,SEDIMENTARY_DETRITAL,SEDIMENTARY_DETRITAL,SEDIMENTARY_DETRITAL,,,,沉积岩；具体沉积相未系统提取，不能据空值推断,118,118,118,0,be0243b447507c3a03c1a76facdae1b16dcd81d380979b4b7d92a509bfef4f16,a4e223ca4edbc0e3d4560022bfb4f0633a7d988214b72bf52ce26f0f3c3e453d,False,False,False,EXTERNAL_REFERENCE,转 external reference,Cathaysia/Hainan 亲缘参照，不等于 Palawan–PCT 实体。,,,,,,,,True
E3,E3::EXISTING_REPAIRED::BSPM-AA7FC1BB9B731DA0-E3,BSPM-AA7FC1BB9B731DA0-E3,EGDG-02,10.1016/j.jseaes.2019.104024,10.1016/j.jseaes.2019.104024,10.1016/j.jseaes.2019.104024,23.4997,116.0147,,,China,Cathaysia-Hainan-Taiwan continental margin,E3b_Cathaysia_coast_affinity_reference,AFFINITY_REFERENCE_CHALLENGE_ONLY,SEDIMENTARY_DETRITAL,SEDIMENTARY_DETRITAL,SEDIMENTARY_DETRITAL,Jinji Formation,Jinji Formation,,沉积岩；具体沉积相未系统提取，不能据空值推断,120,120,120,0,176702d4a4abd834865b8271db5aba580900104cb0eee0758e963cf1e5ffe74f,7c70ca66fe68e24d51f8932ccf566649b56e089475769fbc9eabfbbcc740949f,False,False,False,EXTERNAL_REFERENCE,转 external reference,Cathaysia/Hainan 亲缘参照，不等于 Palawan–PCT 实体。,,,,,,,,True
E3,E3::EXISTING_REPAIRED::BSPM-7B37EB3CA428B9BB-E3,BSPM-7B37EB3CA428B9BB-E3,EGDG-05,10.1016/j.jseaes.2019.104024,10.1016/j.jseaes.2019.104024,10.1016/j.jseaes.2019.104024,24.1222,114.4817,,,China,Cathaysia-Hainan-Taiwan continental margin,E3b_Cathaysia_coast_affinity_reference,AFFINITY_REFERENCE_CHALLENGE_ONLY,SEDIMENTARY_DETRITAL,SEDIMENTARY_DETRITAL,SEDIMENTARY_DETRITAL,Jinji Formation,Jinji Formation,,沉积岩；具体沉积相未系统提取，不能据空值推断,113,113,113,0,8fee9900f496a45e250ccf60dc64207840bc38f994cf6437cad84654dd185e5b,4ed52369624ce1030ec85102d670aa15869a9debd75f079e0dccd196ad5c8a0c,False,False,False,EXTERNAL_REFERENCE,转 external reference,Cathaysia/Hainan 亲缘参照，不等于 Palawan–PCT 实体。,,,,,,,,True
E3,E3::EXISTING_REPAIRED::BSPM-9F9411E19E76E9BA-E3,BSPM-9F9411E19E76E9BA-E3,YAB-03_Xu2019,10.1016/j.jseaes.2019.104024,10.1016/j.jseaes.2019.104024,10.1016/j.jseaes.2019.104024,24.3425,116.8094,,,China,Cathaysia-Hainan-Taiwan continental margin,E3b_Cathaysia_coast_affinity_reference,AFFINITY_REFERENCE_CHALLENGE_ONLY,SEDIMENTARY_DETRITAL,SEDIMENTARY_DETRITAL,SEDIMENTARY_DETRITAL,Lishan Formation,Lishan Formation,,沉积岩；具体沉积相未系统提取，不能据空值推断,116,116,116,0,e16554a3db43e9451c3e43315176ba52920e4ed9ce5fa8f63484f51a3190f49e,9b876eef0a06c160f0c65d65e4e00b0d65cc6c55d891ba93940030f504ed659f,False,False,False,EXTERNAL_REFERENCE,转 external reference,Cathaysia/Hainan 亲缘参照，不等于 Palawan–PCT 实体。,,,,,,,,True
E3,E3::EXISTING_REPAIRED::BSPM-619AA6CF33C228B9-E3,BSPM-619AA6CF33C228B9-E3,YAB-04_Xu2019,10.1016/j.jseaes.2019.104024,10.1016/j.jseaes.2019.104024,10.1016/j.jseaes.2019.104024,24.3425,116.8094,,,China,Cathaysia-Hainan-Taiwan continental margin,E3b_Cathaysia_coast_affinity_reference,AFFINITY_REFERENCE_CHALLENGE_ONLY,SEDIMENTARY_DETRITAL,SEDIMENTARY_DETRITAL,SEDIMENTARY_DETRITAL,Lishan Formation,Lishan Formation,,沉积岩；具体沉积相未系统提取，不能据空值推断,118,118,118,0,201a9e907dba4221906c4dbe1eb1701eb64452d0388864862ee94daab0a4cc1d,fec5f1792234caf12690d8e03eed1a2ff24c06e686379d6e04685b90829b4861,False,False,False,EXTERNAL_REFERENCE,转 external reference,Cathaysia/Hainan 亲缘参照，不等于 Palawan–PCT 实体。,,,,,,,,True
E3,E3::EXISTING_REPAIRED::BSPM-8DC24B16DA8EC086-E3,BSPM-8DC24B16DA8EC086-E3,LM06-1,10.3799/dqkx.2009.017,10.3799/dqkx.2009.017,10.3799/dqkx.2009.017,23.30915,109.5697333,,,China,Cathaysia-Hainan-Taiwan continental margin,E3b_Cathaysia_coast_affinity_reference,AFFINITY_REFERENCE_CHALLENGE_ONLY,SEDIMENTARY_DETRITAL,SEDIMENTARY_DETRITAL,SEDIMENTARY_DETRITAL,Huangdongkou Fm,Huangdongkou Fm,,沉积岩；具体沉积相未系统提取，不能据空值推断,60,60,60,0,d8df2519301dd49524705d0b852143edad2c97610177ba8cdc954883dea876b3,8555ffb6dadb1af1e5643a1035ced7ad28ee84b95f232b68565938ab4e143398,False,False,False,EXTERNAL_REFERENCE,转 external reference,Cathaysia/Hainan 亲缘参照，不等于 Palawan–PCT 实体。,,,,,,,,True
E3,E3::EXISTING_REPAIRED::BSPM-1B0ACC93C74CC24F-E3,BSPM-1B0ACC93C74CC24F-E3,GC-D-06-1,10.3799/dqkx.2009.017,10.3799/dqkx.2009.017,10.3799/dqkx.2009.017,23.16428333,109.5747833,,,China,Cathaysia-Hainan-Taiwan continental margin,E3b_Cathaysia_coast_affinity_reference,AFFINITY_REFERENCE_CHALLENGE_ONLY,SEDIMENTARY_DETRITAL,SEDIMENTARY_DETRITAL,SEDIMENTARY_DETRITAL,Huangdongkou Fm,Huangdongkou Fm,,沉积岩；具体沉积相未系统提取，不能据空值推断,63,63,63,0,f1ef01af79a451f06f34d8de1a4f74b7382dc61ccedc502d18572ced6445cd77,7645e679a98c6d5fffd61b4bd1a641cc7cbc857eef8ac64d49db38cc768da50f,False,False,False,EXTERNAL_REFERENCE,转 external reference,Cathaysia/Hainan 亲缘参照，不等于 Palawan–PCT 实体。,,,,,,,,True
E3,E3::EXISTING_REPAIRED::BSPM-DE5B3D67C2C78AB6-E3,BSPM-DE5B3D67C2C78AB6-E3,J186,10.1130/b35980.1,10.1130/b35980.1,10.1130/b35980.1,26.82683333,114.6212222,,,China,Cathaysia-Hainan-Taiwan continental margin,E3b_Cathaysia_coast_affinity_reference,AFFINITY_REFERENCE_CHALLENGE_ONLY,SEDIMENTARY_DETRITAL,SEDIMENTARY_DETRITAL,SEDIMENTARY_DETRITAL,,,,沉积岩；具体沉积相未系统提取，不能据空值推断,138,138,138,0,aa84c8006bc08d493ac40077aa49738af5c8e272f50b504c59aaa42faf66ea7e,24a2496c4c9c20382d1b58b229cf3d9f5c6a17013a90d84f2cf5e9fbea275b17,False,False,False,EXTERNAL_REFERENCE,转 external reference,Cathaysia/Hainan 亲缘参照，不等于 Palawan–PCT 实体。,,,,,,,,True
E3,E3::EXISTING_REPAIRED::BSPM-BBF69FB5A703B435-E3,BSPM-BBF69FB5A703B435-E3,J188,10.1130/b35980.1,10.1130/b35980.1,10.1130/b35980.1,26.81388889,114.4378889,,,China,Cathaysia-Hainan-Taiwan continental margin,E3b_Cathaysia_coast_affinity_reference,AFFINITY_REFERENCE_CHALLENGE_ONLY,SEDIMENTARY_DETRITAL,SEDIMENTARY_DETRITAL,SEDIMENTARY_DETRITAL,,,,沉积岩；具体沉积相未系统提取，不能据空值推断,132,132,132,0,2f286baf53d3c2def2eaf0b82e3cdaf54f0dd62a41238f08aee0f9c7c6427599,d1a6b06b534e1a31381b03d52121e8fa8a32bbcbc778fc086045c9a33dbb4b47,False,False,False,EXTERNAL_REFERENCE,转 external reference,Cathaysia/Hainan 亲缘参照，不等于 Palawan–PCT 实体。,,,,,,,,True
E3,E3::EXISTING_REPAIRED::BSPM-3376FD9E19D4A4EE-E3,BSPM-3376FD9E19D4A4EE-E3,J191,10.1130/b35980.1,10.1130/b35980.1,10.1130/b35980.1,26.51502778,114.2085556,,,China,Cathaysia-Hainan-Taiwan continental margin,E3b_Cathaysia_coast_affinity_reference,AFFINITY_REFERENCE_CHALLENGE_ONLY,SEDIMENTARY_DETRITAL,SEDIMENTARY_DETRITAL,SEDIMENTARY_DETRITAL,,,,沉积岩；具体沉积相未系统提取，不能据空值推断,143,143,143,0,b9ab5755bc42e9dbbfe0cb7290cac48c40f84b01172b97ae7f068803b1572068,a19ff0d0a5a16db933f85cf38af92348c27ec2e855dd9b1779f6d9ccf97a10be,False,False,False,EXTERNAL_REFERENCE,转 external reference,Cathaysia/Hainan 亲缘参照，不等于 Palawan–PCT 实体。,,,,,,,,True
E3,E3::EXISTING_REPAIRED::BSPM-466F8EDDC06133E0-E3,BSPM-466F8EDDC06133E0-E3,J192,10.1130/b35980.1,10.1130/b35980.1,10.1130/b35980.1,26.45433333,114.2136111,,,China,Cathaysia-Hainan-Taiwan continental margin,E3b_Cathaysia_coast_affinity_reference,AFFINITY_REFERENCE_CHALLENGE_ONLY,SEDIMENTARY_DETRITAL,SEDIMENTARY_DETRITAL,SEDIMENTARY_DETRITAL,,,,沉积岩；具体沉积相未系统提取，不能据空值推断,139,139,139,0,64e8659c6a0cc020e0dc2f25c2e46664953f4cd44d4f2fec5e0861205bc42c08,03803bfb10398522fb8d2d67ce7838b64aefaf364f0a158216772d3263516bdb,False,False,False,EXTERNAL_REFERENCE,转 external reference,Cathaysia/Hainan 亲缘参照，不等于 Palawan–PCT 实体。,,,,,,,,True
E3,E3::EXISTING_REPAIRED::BSPM-CFF504023C3C0A86-E3,BSPM-CFF504023C3C0A86-E3,J200,10.1130/b35980.1,10.1130/b35980.1,10.1130/b35980.1,25.40752778,114.3101111,,,China,Cathaysia-Hainan-Taiwan continental margin,E3b_Cathaysia_coast_affinity_reference,AFFINITY_REFERENCE_CHALLENGE_ONLY,SEDIMENTARY_DETRITAL,SEDIMENTARY_DETRITAL,SEDIMENTARY_DETRITAL,,,,沉积岩；具体沉积相未系统提取，不能据空值推断,118,118,118,0,0c2c22153d863bf99f26e8c46f95e7d3066c23159bf4e8ec29b3a893260183af,0460d39a6f0f954f5aaae780a3e34de45547ac1aeca76a381690aedef693a3ee,False,False,False,EXTERNAL_REFERENCE,转 external reference,Cathaysia/Hainan 亲缘参照，不等于 Palawan–PCT 实体。,,,,,,,,True
E3,E3::EXISTING_REPAIRED::BSPM-25E7F93FF40893A2-E3,BSPM-25E7F93FF40893A2-E3,10GD48,10.2475/01.2014.08,10.2475/01.2014.08,10.2475/01.2014.08,22.0745,111.4458056,,,China,Cathaysia-Hainan-Taiwan continental margin,E3b_Cathaysia_coast_affinity_reference,AFFINITY_REFERENCE_CHALLENGE_ONLY,SEDIMENTARY_DETRITAL,SEDIMENTARY_DETRITAL,SEDIMENTARY_DETRITAL,,,,沉积岩；具体沉积相未系统提取，不能据空值推断,170,170,170,0,60ba320660b2912fd5d36a37fa96f7f3cd5ed64848be49d6f83775d1b6230fea,556cdcca08e6959f69ebe2499a0ea279f2ac8a06ee64ba0ec4e0a40184693564,False,False,False,EXTERNAL_REFERENCE,转 external reference,Cathaysia/Hainan 亲缘参照，不等于 Palawan–PCT 实体。,,,,,,,,True
E3,E3::EXISTING_REPAIRED::BSPM-E25849A0EAEF4E68-E3,BSPM-E25849A0EAEF4E68-E3,10GD49-1,10.2475/01.2014.08,10.2475/01.2014.08,10.2475/01.2014.08,21.88138889,111.8264167,,,China,Cathaysia-Hainan-Taiwan continental margin,E3b_Cathaysia_coast_affinity_reference,AFFINITY_REFERENCE_CHALLENGE_ONLY,SEDIMENTARY_DETRITAL,SEDIMENTARY_DETRITAL,SEDIMENTARY_DETRITAL,,,,沉积岩；具体沉积相未系统提取，不能据空值推断,185,185,185,0,5dae546c9b7cd59b49d7c6c204db9353f20dbf058cd8a41ce4913b7cff214a50,a03a1d3da6e502f68ab81856d70541f8ec06320e017621d3318b3fb313372964,False,False,False,EXTERNAL_REFERENCE,转 external reference,Cathaysia/Hainan 亲缘参照，不等于 Palawan–PCT 实体。,,,,,,,,True
E3,E3::EXISTING_REPAIRED::BSPM-2800A4FFFBDA4DF2-E3,BSPM-2800A4FFFBDA4DF2-E3,10GD16,10.2475/01.2014.08,10.2475/01.2014.08,10.2475/01.2014.08,25.02219444,113.79875,,,China,Cathaysia-Hainan-Taiwan continental margin,E3b_Cathaysia_coast_affinity_reference,AFFINITY_REFERENCE_CHALLENGE_ONLY,SEDIMENTARY_DETRITAL,SEDIMENTARY_DETRITAL,SEDIMENTARY_DETRITAL,Oujiadong Formation,Oujiadong Formation,,沉积岩；具体沉积相未系统提取，不能据空值推断,100,100,100,0,a19ad9d2810bcc432b587330211c4c9457f33a7fd4d6a41a272d73feeb6e1812,8959dcc265082a3e28c17abc2618ada69780af39b378914eadbade2a147cd812,False,False,False,EXTERNAL_REFERENCE,转 external reference,Cathaysia/Hainan 亲缘参照，不等于 Palawan–PCT 实体。,,,,,,,,True
E3,E3::EXISTING_REPAIRED::BSPM-E81AB10A8FB01F83-E3,BSPM-E81AB10A8FB01F83-E3,10GD17,10.2475/01.2014.08,10.2475/01.2014.08,10.2475/01.2014.08,25.02433333,113.8033611,,,China,Cathaysia-Hainan-Taiwan continental margin,E3b_Cathaysia_coast_affinity_reference,AFFINITY_REFERENCE_CHALLENGE_ONLY,SEDIMENTARY_DETRITAL,SEDIMENTARY_DETRITAL,SEDIMENTARY_DETRITAL,Oujiadong Formation,Oujiadong Formation,,沉积岩；具体沉积相未系统提取，不能据空值推断,100,100,100,0,70bd25e327f4b5f0bbe0d5a0053b0ac2de55e003cca91b8e65c1552a62708f3c,d592885580f9144f63c8ed0c990a8042e97f726462748397d3659b6e3fe0c154,False,False,False,EXTERNAL_REFERENCE,转 external reference,Cathaysia/Hainan 亲缘参照，不等于 Palawan–PCT 实体。,,,,,,,,True
E3,E3::EXISTING_REPAIRED::BSPM-A46A8D7A9C5184E4-E3,BSPM-A46A8D7A9C5184E4-E3,10GD19,10.2475/01.2014.08,10.2475/01.2014.08,10.2475/01.2014.08,25.02433333,113.8033611,,,China,Cathaysia-Hainan-Taiwan continental margin,E3b_Cathaysia_coast_affinity_reference,AFFINITY_REFERENCE_CHALLENGE_ONLY,SEDIMENTARY_DETRITAL,SEDIMENTARY_DETRITAL,SEDIMENTARY_DETRITAL,Laoshuzhai Formaiton,Laoshuzhai Formaiton,,沉积岩；具体沉积相未系统提取，不能据空值推断,100,100,100,0,df203dc2cf96ed406c50f7975d88f1bfba587b924216bb3217f13feeb5af08db,cc36adfc14b8341368d0f452f119e93df12df8c257fecae9101bb8fdeabd177a,False,False,False,EXTERNAL_REFERENCE,转 external reference,Cathaysia/Hainan 亲缘参照，不等于 Palawan–PCT 实体。,,,,,,,,True
E3,E3::EXISTING_REPAIRED::BSPM-4957D8DB360C1F2F-E3,BSPM-4957D8DB360C1F2F-E3,12GH38,10.1017/s0016756814000338,10.1017/s0016756814000338,10.1017/s0016756814000338,27.11666667,109.15,,,China,Cathaysia-Hainan-Taiwan continental margin,E3b_Cathaysia_coast_affinity_reference,AFFINITY_REFERENCE_CHALLENGE_ONLY,SEDIMENTARY_DETRITAL,SEDIMENTARY_DETRITAL,SEDIMENTARY_DETRITAL,,,,沉积岩；具体沉积相未系统提取，不能据空值推断,82,82,82,0,1df51cce3a3ab523b8e93f9f929f4d01b11b749fa50dad05bd452d428327225b,d190a8a83ec1b78caed11c662606478854401001e340f32bb6727fbc9d074c08,False,False,False,EXTERNAL_REFERENCE,转 external reference,Cathaysia/Hainan 亲缘参照，不等于 Palawan–PCT 实体。,,,,,,,,True
E3,E3::EXISTING_REPAIRED::BSPM-318429AA989EB38C-E3,BSPM-318429AA989EB38C-E3,12GH39,10.1017/s0016756814000338,10.1017/s0016756814000338,10.1017/s0016756814000338,27.123,109.16175,,,China,Cathaysia-Hainan-Taiwan continental margin,E3b_Cathaysia_coast_affinity_reference,AFFINITY_REFERENCE_CHALLENGE_ONLY,SEDIMENTARY_DETRITAL,SEDIMENTARY_DETRITAL,SEDIMENTARY_DETRITAL,,,,沉积岩；具体沉积相未系统提取，不能据空值推断,79,79,79,0,42b2abd68384c9257766fb3a7f8e814f98e4a024c77fb681dde77ac9a6f80568,58fea4720f44d100743efe0e8df7a981f14bf46801f5300ad73e9837b6836d84,False,False,False,EXTERNAL_REFERENCE,转 external reference,Cathaysia/Hainan 亲缘参照，不等于 Palawan–PCT 实体。,,,,,,,,True
E3,E3::EXISTING_REPAIRED::BSPM-D51FF33E12D06B45-E3,BSPM-D51FF33E12D06B45-E3,10GD77,10.1017/s0016756814000338,10.1017/s0016756814000338,10.1017/s0016756814000338,26.55997222,110.9927778,,,China,Cathaysia-Hainan-Taiwan continental margin,E3b_Cathaysia_coast_affinity_reference,AFFINITY_REFERENCE_CHALLENGE_ONLY,SEDIMENTARY_DETRITAL,SEDIMENTARY_DETRITAL,SEDIMENTARY_DETRITAL,,,,沉积岩；具体沉积相未系统提取，不能据空值推断,65,65,65,0,3a99b8aee75aed1a37cb515929ac2330178600b126fff295c6e5a687a131b76e,2c60fc304c859af57562f20ca0f44c076d2612db248c4cfc0e46d363092a310a,False,False,False,EXTERNAL_REFERENCE,转 external reference,Cathaysia/Hainan 亲缘参照，不等于 Palawan–PCT 实体。,,,,,,,,True
E3,E3::EXISTING_REPAIRED::BSPM-C69187E96B270C9D-E3,BSPM-C69187E96B270C9D-E3,10GD78,10.1017/s0016756814000338,10.1017/s0016756814000338,10.1017/s0016756814000338,26.56808333,111.0275278,,,China,Cathaysia-Hainan-Taiwan continental margin,E3b_Cathaysia_coast_affinity_reference,AFFINITY_REFERENCE_CHALLENGE_ONLY,SEDIMENTARY_DETRITAL,SEDIMENTARY_DETRITAL,SEDIMENTARY_DETRITAL,,,,沉积岩；具体沉积相未系统提取，不能据空值推断,68,68,68,0,415093cb13298703a08ce59dc4b16ef55ba8ef9440ebd96659cafeeedf8d62f8,9b1d8c546110c56338e5a5e0e055dbfaf19027b2fca60191fe7c42fa7cd19a8c,False,False,False,EXTERNAL_REFERENCE,转 external reference,Cathaysia/Hainan 亲缘参照，不等于 Palawan–PCT 实体。,,,,,,,,True
E3,E3::EXISTING_REPAIRED::BSPM-B0777165878260B1-E3,BSPM-B0777165878260B1-E3,15LJ-15,10.1016/j.palaeo.2017.06.005,10.1016/j.palaeo.2017.06.005,10.1016/j.palaeo.2017.06.005,19.4613,109.6212,,,China,Cathaysia-Hainan-Taiwan continental margin,E3b_Cathaysia_coast_affinity_reference,AFFINITY_REFERENCE_CHALLENGE_ONLY,SEDIMENTARY_DETRITAL,SEDIMENTARY_DETRITAL,SEDIMENTARY_DETRITAL,,,,沉积岩；具体沉积相未系统提取，不能据空值推断,75,75,75,0,ed285d5cc3d48f2dc769bf8dbe7e6698df4585afdcbb0d32e9c22860c29b4bff,3325d6265b29091888c263e92d08cfb7d846a7ca435f0ab1d1a55d570535a4a8,False,False,False,EXTERNAL_REFERENCE,转 external reference,Cathaysia/Hainan 亲缘参照，不等于 Palawan–PCT 实体。,,,,,,,,True
E3,E3::EXISTING_REPAIRED::BSPM-2C8D65A7DFFBB761-E3,BSPM-2C8D65A7DFFBB761-E3,15LJ-49,10.1016/j.palaeo.2017.06.005,10.1016/j.palaeo.2017.06.005,10.1016/j.palaeo.2017.06.005,18.892,108.9546,,,China,Cathaysia-Hainan-Taiwan continental margin,E3b_Cathaysia_coast_affinity_reference,AFFINITY_REFERENCE_CHALLENGE_ONLY,SEDIMENTARY_DETRITAL,SEDIMENTARY_DETRITAL,SEDIMENTARY_DETRITAL,,,,沉积岩；具体沉积相未系统提取，不能据空值推断,40,40,40,0,070507254fea86ea5611bf535f1a21217a725b4f7932e47f0a307bb22d8c9ca6,e651966379ab85f059e743ca42f6b88b9b0cc896ab1e0e9b36bd6f934fa96e1b,False,False,False,EXTERNAL_REFERENCE,转 external reference,Cathaysia/Hainan 亲缘参照，不等于 Palawan–PCT 实体。,,,,,,,,True
E3,E3::EXISTING_REPAIRED::BSPM-54300F2570AB4078-E3,BSPM-54300F2570AB4078-E3,Tls8,10.1016/j.jseaes.2014.11.007,10.1016/j.jseaes.2014.11.007,10.1016/j.jseaes.2014.11.007,22.5099,108.952,,,China,Cathaysia-Hainan-Taiwan continental margin,E3b_Cathaysia_coast_affinity_reference,AFFINITY_REFERENCE_CHALLENGE_ONLY,SEDIMENTARY_DETRITAL,SEDIMENTARY_DETRITAL,SEDIMENTARY_DETRITAL,Nanhong Formation,Nanhong Formation,,沉积岩；具体沉积相未系统提取，不能据空值推断,67,67,67,0,d44d15dbb509ac4d9f7a1e86e259ad0e7a590ac9a04ea7fef953e7f580832989,585e0fb09d4126cb12ad705911d1fd836e58c8260c458d76bfed9f95c1f8ea63,False,False,False,EXTERNAL_REFERENCE,转 external reference,Cathaysia/Hainan 亲缘参照，不等于 Palawan–PCT 实体。,,,,,,,,True
E3,E3::EXISTING_REPAIRED::BSPM-936598401DFAA9DB-E3,BSPM-936598401DFAA9DB-E3,Tls9,10.1016/j.jseaes.2014.11.007,10.1016/j.jseaes.2014.11.007,10.1016/j.jseaes.2014.11.007,22.5173,108.9559,,,China,Cathaysia-Hainan-Taiwan continental margin,E3b_Cathaysia_coast_affinity_reference,AFFINITY_REFERENCE_CHALLENGE_ONLY,SEDIMENTARY_DETRITAL,SEDIMENTARY_DETRITAL,SEDIMENTARY_DETRITAL,Nanhong Formation,Nanhong Formation,,沉积岩；具体沉积相未系统提取，不能据空值推断,67,67,67,0,97ebb62883fa5943f517bed5341b40efc7f3abc0a9291a31c0dce9bc11a2187f,46e578170f135333626ef99ea83977b829d0d9dbaa85bc927103fc081cdd5a09,False,False,False,EXTERNAL_REFERENCE,转 external reference,Cathaysia/Hainan 亲缘参照，不等于 Palawan–PCT 实体。,,,,,,,,True
E3,E3::EXISTING_REPAIRED::BSPM-FC10A72A40CD82AB-E3,BSPM-FC10A72A40CD82AB-E3,KP21,10.1130/b35032.1,10.1130/b35032.1,10.1130/b35032.1,22.2886,112.5916,,,China,Cathaysia-Hainan-Taiwan continental margin,E3b_Cathaysia_coast_affinity_reference,AFFINITY_REFERENCE_CHALLENGE_ONLY,SEDIMENTARY_DETRITAL,SEDIMENTARY_DETRITAL,SEDIMENTARY_DETRITAL,Longtan Formation,Longtan Formation,,沉积岩；具体沉积相未系统提取，不能据空值推断,50,50,50,0,64d4d840d6c2e19c60b40eed9e54f2c9a34d3e0440aa04a1144948cd77ddbe78,31c1660b36d852e23f8dc5d606885229f6b86ba2dfd34f1ad7f89a831e677960,False,False,False,EXTERNAL_REFERENCE,转 external reference,Cathaysia/Hainan 亲缘参照，不等于 Palawan–PCT 实体。,,,,,,,,True
E3,E3::EXISTING_REPAIRED::BSPM-672BDD188CD631B8-E3,BSPM-672BDD188CD631B8-E3,MZ14,10.1130/b35032.1,10.1130/b35032.1,10.1130/b35032.1,24.4899,116.1818,,,China,Cathaysia-Hainan-Taiwan continental margin,E3b_Cathaysia_coast_affinity_reference,AFFINITY_REFERENCE_CHALLENGE_ONLY,SEDIMENTARY_DETRITAL,SEDIMENTARY_DETRITAL,SEDIMENTARY_DETRITAL,,,,沉积岩；具体沉积相未系统提取，不能据空值推断,54,54,54,0,197dcdf8bc32d4cd204026abd5fc6f89e3a06976381f4f1068317946cdf7e192,410717afd89357b00c99efadda6c5f1261a9902329f34915e0fdca66c8b318e4,False,False,False,EXTERNAL_REFERENCE,转 external reference,Cathaysia/Hainan 亲缘参照，不等于 Palawan–PCT 实体。,,,,,,,,True
E3,E3::EXISTING_REPAIRED::BSPM-1EF15341B0C19843-E3,BSPM-1EF15341B0C19843-E3,MZ15A,10.1130/b35032.1,10.1130/b35032.1,10.1130/b35032.1,24.4923,116.1696,,,China,Cathaysia-Hainan-Taiwan continental margin,E3b_Cathaysia_coast_affinity_reference,AFFINITY_REFERENCE_CHALLENGE_ONLY,SEDIMENTARY_DETRITAL,SEDIMENTARY_DETRITAL,SEDIMENTARY_DETRITAL,,,,沉积岩；具体沉积相未系统提取，不能据空值推断,54,54,54,0,f081416bea260baf0ebc1daa55b42653177bd6aff3955e79231e8c71cfe38a90,2d365d7b39f91a45341f7f9a696d5d18848a7ea5872f4258cd1c5d861419a788,False,False,False,EXTERNAL_REFERENCE,转 external reference,Cathaysia/Hainan 亲缘参照，不等于 Palawan–PCT 实体。,,,,,,,,True
E3,E3::EXISTING_REPAIRED::BSPM-6D3C7DD3C522DD53-E3,BSPM-6D3C7DD3C522DD53-E3,MZ12,10.1130/b35032.1,10.1130/b35032.1,10.1130/b35032.1,24.5721,116.3506,,,China,Cathaysia-Hainan-Taiwan continental margin,E3b_Cathaysia_coast_affinity_reference,AFFINITY_REFERENCE_CHALLENGE_ONLY,SEDIMENTARY_DETRITAL,SEDIMENTARY_DETRITAL,SEDIMENTARY_DETRITAL,,,,沉积岩；具体沉积相未系统提取，不能据空值推断,49,49,49,0,42a39396ecf10a4e9b5bd022ddde77e554bacc47383e08fd6b718f1b7deb8646,f0af2c2aee23a8576a0043483c89583db72d8d0dbb996fab73331f5ffeaaa836,False,False,False,EXTERNAL_REFERENCE,转 external reference,Cathaysia/Hainan 亲缘参照，不等于 Palawan–PCT 实体。,,,,,,,,True
E3,E3::EXISTING_REPAIRED::BSPM-EE0C29CA3629895B-E3,BSPM-EE0C29CA3629895B-E3,MZ04A,10.1130/b35032.1,10.1130/b35032.1,10.1130/b35032.1,24.5425,116.0653,,,China,Cathaysia-Hainan-Taiwan continental margin,E3b_Cathaysia_coast_affinity_reference,AFFINITY_REFERENCE_CHALLENGE_ONLY,SEDIMENTARY_DETRITAL,SEDIMENTARY_DETRITAL,SEDIMENTARY_DETRITAL,,,,沉积岩；具体沉积相未系统提取，不能据空值推断,55,55,55,0,1c97b5402d7fec2e769c1e2e0ff0570afb6be49a0b2bea6fcda13d29bb6f3333,ef6157104ff67bac3874375f37e48756856d47dd16eeba92bcbbf5150980caec,False,False,False,EXTERNAL_REFERENCE,转 external reference,Cathaysia/Hainan 亲缘参照，不等于 Palawan–PCT 实体。,,,,,,,,True
E3,E3::EXISTING_REPAIRED::BSPM-227D88EEB4EBADDD-E3,BSPM-227D88EEB4EBADDD-E3,PLT-1,10.1016/j.jseaes.2012.10.028,10.1016/j.jseaes.2012.10.028,10.1016/j.jseaes.2012.10.028,23.6953,109.317,,,China,Cathaysia-Hainan-Taiwan continental margin,E3b_Cathaysia_coast_affinity_reference,AFFINITY_REFERENCE_CHALLENGE_ONLY,OTHER_OR_UNSPECIFIED,OTHER_OR_UNSPECIFIED,OTHER_OR_UNSPECIFIED,,,,不适用或未解析,16,16,16,0,4a3fe38f829bcc8b39cac1b6e3fa09ec776539a2103c1d6c0a1ed7b66fc97093,20207cb271122399082fc6cd8d9f8b8f5514ba8ec5bc275ad459ac887d9c27db,False,False,False,EXTERNAL_REFERENCE,转 external reference,Cathaysia/Hainan 亲缘参照，不等于 Palawan–PCT 实体。,,,,,,,,True
E3,E3::EXISTING_REPAIRED::BSPM-9E979472BF7B5FF0-E3,BSPM-9E979472BF7B5FF0-E3,PLT-2,10.1016/j.jseaes.2012.10.028,10.1016/j.jseaes.2012.10.028,10.1016/j.jseaes.2012.10.028,23.6953,109.317,,,China,Cathaysia-Hainan-Taiwan continental margin,E3b_Cathaysia_coast_affinity_reference,AFFINITY_REFERENCE_CHALLENGE_ONLY,OTHER_OR_UNSPECIFIED,OTHER_OR_UNSPECIFIED,OTHER_OR_UNSPECIFIED,Heshan Formation,Heshan Formation,,不适用或未解析,93,93,93,0,e8c0c91d381e9bcec8efdc3e460b660464b2dbea63e280e0b5db7503ea750e4b,90fd7ac546c18d1842d8fc85f6d58a7abba60b08368b4c133b2212fb954b936c,False,False,False,EXTERNAL_REFERENCE,转 external reference,Cathaysia/Hainan 亲缘参照，不等于 Palawan–PCT 实体。,,,,,,,,True
E3,E3::EXISTING_REPAIRED::BSPM-566F9CFBC715F252-E3,BSPM-566F9CFBC715F252-E3,PLT-5,10.1016/j.jseaes.2012.10.028,10.1016/j.jseaes.2012.10.028,10.1016/j.jseaes.2012.10.028,23.6953,109.317,,,China,Cathaysia-Hainan-Taiwan continental margin,E3b_Cathaysia_coast_affinity_reference,AFFINITY_REFERENCE_CHALLENGE_ONLY,OTHER_OR_UNSPECIFIED,OTHER_OR_UNSPECIFIED,OTHER_OR_UNSPECIFIED,Heshan Formation,Heshan Formation,,不适用或未解析,108,108,108,0,a91ba1b18216f0b9f7742d89b33d36f98d1815f1fe4060d8f47b6aae85743ccb,ded21c5496cac54f83dc56765e02548c2761bf4012d39a07e3818c5c1435046b,False,False,False,EXTERNAL_REFERENCE,转 external reference,Cathaysia/Hainan 亲缘参照，不等于 Palawan–PCT 实体。,,,,,,,,True
E3,E3::EXISTING_REPAIRED::BSPM-3CB83FCEF9D61724-E3,BSPM-3CB83FCEF9D61724-E3,PLT-6,10.1016/j.jseaes.2012.10.028,10.1016/j.jseaes.2012.10.028,10.1016/j.jseaes.2012.10.028,23.6953,109.317,,,China,Cathaysia-Hainan-Taiwan continental margin,E3b_Cathaysia_coast_affinity_reference,AFFINITY_REFERENCE_CHALLENGE_ONLY,OTHER_OR_UNSPECIFIED,OTHER_OR_UNSPECIFIED,OTHER_OR_UNSPECIFIED,Heshan Formation,Heshan Formation,,不适用或未解析,81,81,81,0,c8cbb97a7dd7a931f81ba7a406255a2856f8e712b7338cd279dac7de839aa580,f3bad918e8d6e3cb280ce3c7624b0e54e45fcc0078f5a962e51047ce7d61e59c,False,False,False,EXTERNAL_REFERENCE,转 external reference,Cathaysia/Hainan 亲缘参照，不等于 Palawan–PCT 实体。,,,,,,,,True
E3,E3::EXISTING_REPAIRED::BSPM-DED1ECE4217CF901-E3,BSPM-DED1ECE4217CF901-E3,11NH-45,10.13278/j.cnki.jjuese.201704116,10.13278/j.cnki.jjuese.201704116,10.13278/j.cnki.jjuese.201704116,19.4325,110.0148,,,China,Cathaysia-Hainan-Taiwan continental margin,E3b_Cathaysia_coast_affinity_reference,AFFINITY_REFERENCE_CHALLENGE_ONLY,SEDIMENTARY_DETRITAL,SEDIMENTARY_DETRITAL,SEDIMENTARY_DETRITAL,Echa Formation,Echa Formation,,沉积岩；具体沉积相未系统提取，不能据空值推断,47,47,47,0,83cfc71bc4eb12611390f4a0796e1f4739b42dde8404d118b218948e48077363,2ee7394530830d1de8c8d9b76672332cd43680d74c8d040438bdceb5393a65dc,False,False,False,EXTERNAL_REFERENCE,转 external reference,Cathaysia/Hainan 亲缘参照，不等于 Palawan–PCT 实体。,,,,,,,,True
E3,E3::EXISTING_REPAIRED::BSPM-9C4C723C45B18458-E3,BSPM-9C4C723C45B18458-E3,F15-1,local:4a832f43ac9f,,local:4a832f43ac9f,24.9736,116.9107,,,China,Cathaysia-Hainan-Taiwan continental margin,E3b_Cathaysia_coast_affinity_reference,AFFINITY_REFERENCE_CHALLENGE_ONLY,SEDIMENTARY_DETRITAL,SEDIMENTARY_DETRITAL,SEDIMENTARY_DETRITAL,Wenbinshan Formation,Wenbinshan Formation,,沉积岩；具体沉积相未系统提取，不能据空值推断,31,31,31,0,df86fb136ba05727ce53f9f5a863a3986afcaf7d9cd251177f244c01548b3b3a,5501afc0e7115f11b328913d295caa23c92268d28c5f70fd3f619369a5ea0492,False,False,False,EXTERNAL_REFERENCE,转 external reference,Cathaysia/Hainan 亲缘参照，不等于 Palawan–PCT 实体。,,,,,,,,True
E3,E3::EXISTING_REPAIRED::BSPM-1E1F0AEEAF6AE5AE-E3,BSPM-1E1F0AEEAF6AE5AE-E3,F15-2,local:4a832f43ac9f,,local:4a832f43ac9f,24.9736,116.9107,,,China,Cathaysia-Hainan-Taiwan continental margin,E3b_Cathaysia_coast_affinity_reference,AFFINITY_REFERENCE_CHALLENGE_ONLY,SEDIMENTARY_DETRITAL,SEDIMENTARY_DETRITAL,SEDIMENTARY_DETRITAL,Wenbinshan Formation,Wenbinshan Formation,,沉积岩；具体沉积相未系统提取，不能据空值推断,29,29,29,0,9a233c8f55320dc095b21dba50a6bc213e4d4cbda9624000765cf8657741407d,1e40218811b97b6d204bf66bd01d672ffac080d0db013f4d4dd56a1bc237df81,False,False,False,EXTERNAL_REFERENCE,转 external reference,Cathaysia/Hainan 亲缘参照，不等于 Palawan–PCT 实体。,,,,,,,,True
E3,E3::EXISTING_REPAIRED::BSPM-137D5DCA11491237-E3,BSPM-137D5DCA11491237-E3,F16-1,local:4a832f43ac9f,,local:4a832f43ac9f,24.9736,116.9107,,,China,Cathaysia-Hainan-Taiwan continental margin,E3b_Cathaysia_coast_affinity_reference,AFFINITY_REFERENCE_CHALLENGE_ONLY,SEDIMENTARY_DETRITAL,SEDIMENTARY_DETRITAL,SEDIMENTARY_DETRITAL,Wenbinshan Formation,Wenbinshan Formation,,沉积岩；具体沉积相未系统提取，不能据空值推断,30,30,30,0,6777007c37724aab4d562f5f735bd4ff22268faaf7584bbcd3eee06f3a58c849,42f901ac3854ec7f1c635548799cadf19d36b6f18b685d92d2bb6546e493ec63,False,False,False,EXTERNAL_REFERENCE,转 external reference,Cathaysia/Hainan 亲缘参照，不等于 Palawan–PCT 实体。,,,,,,,,True
E3,E3::EXISTING_REPAIRED::BSPM-453D9554DE56799E-E3,BSPM-453D9554DE56799E-E3,F16-2,local:4a832f43ac9f,,local:4a832f43ac9f,24.9736,116.9107,,,China,Cathaysia-Hainan-Taiwan continental margin,E3b_Cathaysia_coast_affinity_reference,AFFINITY_REFERENCE_CHALLENGE_ONLY,SEDIMENTARY_DETRITAL,SEDIMENTARY_DETRITAL,SEDIMENTARY_DETRITAL,Wenbinshan Formation,Wenbinshan Formation,,沉积岩；具体沉积相未系统提取，不能据空值推断,47,47,47,0,0de8e2ca34875f907e5ff1b499d1ea6460e5666c7d011ffe110ac6e868a31a69,e8a3cc5cda3cec47a1f3b2bbb6ac5765dcb0132d4403ef413c09f4c405bd4a7b,False,False,False,EXTERNAL_REFERENCE,转 external reference,Cathaysia/Hainan 亲缘参照，不等于 Palawan–PCT 实体。,,,,,,,,True
E3,E3::EXISTING_REPAIRED::BSPM-E39E17FD799EFD4B-E3,BSPM-E39E17FD799EFD4B-E3,YGP-26,10.1139/cjes-2018-0007,10.1139/cjes-2018-0007,10.1139/cjes-2018-0007,24.5657,117.2862,,,China,Cathaysia-Hainan-Taiwan continental margin,E3b_Cathaysia_coast_affinity_reference,AFFINITY_REFERENCE_CHALLENGE_ONLY,SEDIMENTARY_DETRITAL,SEDIMENTARY_DETRITAL,SEDIMENTARY_DETRITAL,Wenbinshan Formation,Wenbinshan Formation,,沉积岩；具体沉积相未系统提取，不能据空值推断,80,80,80,0,5d9d5931b3eaa3a85ee8d68df25a2f336766f91463593e860861caa297111b0d,99d23b38b4b970eef16cc56f5639f2f06195da3d008d032ca138926ab357d54b,False,False,False,EXTERNAL_REFERENCE,转 external reference,Cathaysia/Hainan 亲缘参照，不等于 Palawan–PCT 实体。,,,,,,,,True
E3,E3::EXISTING_REPAIRED::BSPM-F6864AD5E3D91430-E3,BSPM-F6864AD5E3D91430-E3,YGP-6,10.1139/cjes-2018-0007,10.1139/cjes-2018-0007,10.1139/cjes-2018-0007,24.5657,117.2862,,,China,Cathaysia-Hainan-Taiwan continental margin,E3b_Cathaysia_coast_affinity_reference,AFFINITY_REFERENCE_CHALLENGE_ONLY,SEDIMENTARY_DETRITAL,SEDIMENTARY_DETRITAL,SEDIMENTARY_DETRITAL,Wenbinshan Formation,Wenbinshan Formation,,沉积岩；具体沉积相未系统提取，不能据空值推断,79,79,79,0,39a5e3624915ee4cd801ede4a2596bf26eb03ff9efae86b93062b807bd8221e9,06d290de9aff630e10f6b2be1062e3e86061bf528a57d359a0e76bc8318a39e3,False,False,False,EXTERNAL_REFERENCE,转 external reference,Cathaysia/Hainan 亲缘参照，不等于 Palawan–PCT 实体。,,,,,,,,True
E3,E3::EXISTING_REPAIRED::BSPM-645D0151913F33D4-E3,BSPM-645D0151913F33D4-E3,SXGS1,10.1007/s11430-010-4061-5,10.1007/s11430-010-4061-5,10.1007/s11430-010-4061-5,26.8067,114.5093,,,China,Cathaysia-Hainan-Taiwan continental margin,E3b_Cathaysia_coast_affinity_reference,AFFINITY_REFERENCE_CHALLENGE_ONLY,SEDIMENTARY_DETRITAL,SEDIMENTARY_DETRITAL,SEDIMENTARY_DETRITAL,Tiaomajian Formation,Tiaomajian Formation,,沉积岩；具体沉积相未系统提取，不能据空值推断,48,48,48,0,944ce43d11bf374d341bf86ce01ec4589813018be0b7cd69a897ca0a154a15bc,4699d132aa668be5e87f5ad35214388061992a53de9396366c9b0e38bc37f350,False,False,False,EXTERNAL_REFERENCE,转 external reference,Cathaysia/Hainan 亲缘参照，不等于 Palawan–PCT 实体。,,,,,,,,True
E3,E3::EXISTING_REPAIRED::BSPM-C2C12256FB5BAA31-E3,BSPM-C2C12256FB5BAA31-E3,SXGS2,10.1007/s11430-010-4061-5,10.1007/s11430-010-4061-5,10.1007/s11430-010-4061-5,26.562,114.1698,,,China,Cathaysia-Hainan-Taiwan continental margin,E3b_Cathaysia_coast_affinity_reference,AFFINITY_REFERENCE_CHALLENGE_ONLY,SEDIMENTARY_DETRITAL,SEDIMENTARY_DETRITAL,SEDIMENTARY_DETRITAL,Tiaomajian Formation,Tiaomajian Formation,,沉积岩；具体沉积相未系统提取，不能据空值推断,59,59,59,0,1141f2e64f6550029d8127bdfcc61254704ab235bc8a87e2959a388ef00f86e2,394564a6fb441062833a7997162586479714589984026c96fe216abefae9161d,False,False,False,EXTERNAL_REFERENCE,转 external reference,Cathaysia/Hainan 亲缘参照，不等于 Palawan–PCT 实体。,,,,,,,,True
E3,E3::EXISTING_REPAIRED::BSPM-0F1081D13936AA33-E3,BSPM-0F1081D13936AA33-E3,SXGS3,10.1007/s11430-010-4061-5,10.1007/s11430-010-4061-5,10.1007/s11430-010-4061-5,26.5488,114.1762,,,China,Cathaysia-Hainan-Taiwan continental margin,E3b_Cathaysia_coast_affinity_reference,AFFINITY_REFERENCE_CHALLENGE_ONLY,SEDIMENTARY_DETRITAL,SEDIMENTARY_DETRITAL,SEDIMENTARY_DETRITAL,Tiaomajian Formation,Tiaomajian Formation,,沉积岩；具体沉积相未系统提取，不能据空值推断,45,45,45,0,72f45740d59b4b33962452a2a881340258cbf40ebece47f79413da29bea99728,a8a44c8ad57c6c154d687d7788fd39a182264f38d2afd3445f09818b30071478,False,False,False,EXTERNAL_REFERENCE,转 external reference,Cathaysia/Hainan 亲缘参照，不等于 Palawan–PCT 实体。,,,,,,,,True
E3,E3::EXISTING_REPAIRED::BSPM-3159D191A029D084-E3,BSPM-3159D191A029D084-E3,SXGS4,10.1007/s11430-010-4061-5,10.1007/s11430-010-4061-5,10.1007/s11430-010-4061-5,25.53117,114.7992,,,China,Cathaysia-Hainan-Taiwan continental margin,E3b_Cathaysia_coast_affinity_reference,AFFINITY_REFERENCE_CHALLENGE_ONLY,SEDIMENTARY_DETRITAL,SEDIMENTARY_DETRITAL,SEDIMENTARY_DETRITAL,Tiaomajian Formation,Tiaomajian Formation,,沉积岩；具体沉积相未系统提取，不能据空值推断,53,53,53,0,535eacf1288580394c2ab57b100f5f78d8e688e5a9bb4f8c407f2ac706661cff,424633930946a99b16775f8013ea23c66a5048a3008c3ecfc3fced04ef9177c4,False,False,False,EXTERNAL_REFERENCE,转 external reference,Cathaysia/Hainan 亲缘参照，不等于 Palawan–PCT 实体。,,,,,,,,True
E3,E3::EXISTING_REPAIRED::BSPM-9FC5BB6F1CD744CA-E3,BSPM-9FC5BB6F1CD744CA-E3,YL10,10.16539/j.ddgzyckx.2022.03.017,10.16539/j.ddgzyckx.2022.03.017,10.16539/j.ddgzyckx.2022.03.017,22.10722222,109.7919444,,,China,Cathaysia-Hainan-Taiwan continental margin,E3b_Cathaysia_coast_affinity_reference,AFFINITY_REFERENCE_CHALLENGE_ONLY,SEDIMENTARY_DETRITAL,SEDIMENTARY_DETRITAL,SEDIMENTARY_DETRITAL,Luowen Formation,Luowen Formation,,沉积岩；具体沉积相未系统提取，不能据空值推断,7,7,7,0,25076899c8507b9ba49d323270d88b1b236a64c08c465275dc46d8e459fd03e6,55e87bb398b9fddd6535c738f3aee90ca8d08c982cd224761d16e296db03453e,False,False,False,EXTERNAL_REFERENCE,转 external reference,Cathaysia/Hainan 亲缘参照，不等于 Palawan–PCT 实体。,,,,,,,,True
E3,E3::EXISTING_REPAIRED::BSPM-DF147ABCC4A33503-E3,BSPM-DF147ABCC4A33503-E3,YL9-1,10.16539/j.ddgzyckx.2022.03.017,10.16539/j.ddgzyckx.2022.03.017,10.16539/j.ddgzyckx.2022.03.017,22.20416667,109.8811111,,,China,Cathaysia-Hainan-Taiwan continental margin,E3b_Cathaysia_coast_affinity_reference,AFFINITY_REFERENCE_CHALLENGE_ONLY,SEDIMENTARY_DETRITAL,SEDIMENTARY_DETRITAL,SEDIMENTARY_DETRITAL,Luowen Formation,Luowen Formation,,沉积岩；具体沉积相未系统提取，不能据空值推断,12,12,12,0,a62393d3e33617103fb506eb53fe6fdbc8d0396004d8dfbad67e6fbcae301e34,487e7a4d3381eda7f79c0e59973f742136dbc27e223dfdb5079a7e4a60b36715,False,False,False,EXTERNAL_REFERENCE,转 external reference,Cathaysia/Hainan 亲缘参照，不等于 Palawan–PCT 实体。,,,,,,,,True
E3,E3::EXISTING_REPAIRED::BSPM-B31D8A370EAC5EFB-E3,BSPM-B31D8A370EAC5EFB-E3,YL34,10.16539/j.ddgzyckx.2022.03.017,10.16539/j.ddgzyckx.2022.03.017,10.16539/j.ddgzyckx.2022.03.017,22.25722222,109.925,,,China,Cathaysia-Hainan-Taiwan continental margin,E3b_Cathaysia_coast_affinity_reference,AFFINITY_REFERENCE_CHALLENGE_ONLY,SEDIMENTARY_DETRITAL,SEDIMENTARY_DETRITAL,SEDIMENTARY_DETRITAL,Xitong Formation,Xitong Formation,,沉积岩；具体沉积相未系统提取，不能据空值推断,8,8,8,0,2eccebe32ca1ead1886b350b55442f71959038e1323abd636160fd08f598fc21,0717e9081d90caea1ea3758e9295c27a05644b3008527b840d0ac9523d3f5925,False,False,False,EXTERNAL_REFERENCE,转 external reference,Cathaysia/Hainan 亲缘参照，不等于 Palawan–PCT 实体。,,,,,,,,True
E3,E3::EXISTING_REPAIRED::BSPM-570FE20545424503-E3,BSPM-570FE20545424503-E3,YL6,10.16539/j.ddgzyckx.2022.03.017,10.16539/j.ddgzyckx.2022.03.017,10.16539/j.ddgzyckx.2022.03.017,22.3275,110.0075,,,China,Cathaysia-Hainan-Taiwan continental margin,E3b_Cathaysia_coast_affinity_reference,AFFINITY_REFERENCE_CHALLENGE_ONLY,SEDIMENTARY_DETRITAL,SEDIMENTARY_DETRITAL,SEDIMENTARY_DETRITAL,Luowen Formation,Luowen Formation,,沉积岩；具体沉积相未系统提取，不能据空值推断,68,68,68,0,01bd9ffbba794645b380a218cdd7b1bd636075a34ea5a153a550faaff453903a,e0a3c6e30ca6b23771dda3c7e651157457ec1c7ade0107662300a6f97a0ecb33,False,False,False,EXTERNAL_REFERENCE,转 external reference,Cathaysia/Hainan 亲缘参照，不等于 Palawan–PCT 实体。,,,,,,,,True
E3,E3::EXISTING_REPAIRED::BSPM-88B3F0D588BDB730-E3,BSPM-88B3F0D588BDB730-E3,YL5,10.16539/j.ddgzyckx.2022.03.017,10.16539/j.ddgzyckx.2022.03.017,10.16539/j.ddgzyckx.2022.03.017,22.39055556,110.0511111,,,China,Cathaysia-Hainan-Taiwan continental margin,E3b_Cathaysia_coast_affinity_reference,AFFINITY_REFERENCE_CHALLENGE_ONLY,SEDIMENTARY_DETRITAL,SEDIMENTARY_DETRITAL,SEDIMENTARY_DETRITAL,Yongning Formation,Yongning Formation,,沉积岩；具体沉积相未系统提取，不能据空值推断,68,68,68,0,8e4dc126eb6fe26da4d35a0ef40750939b325f29300f88e8eebe13ee3b6eba99,922e1080f706dd74c50e1ca5ac0d2584587465dfda019e6a4d7efa442eee72c5,False,False,False,EXTERNAL_REFERENCE,转 external reference,Cathaysia/Hainan 亲缘参照，不等于 Palawan–PCT 实体。,,,,,,,,True
E3,E3::EXISTING_REPAIRED::BSPM-A05F9F24F222C911-E3,BSPM-A05F9F24F222C911-E3,LT-B3,10.1111/iar.12399,10.1111/iar.12399,10.1111/iar.12399,24.2531,115.6906,,,China,Cathaysia-Hainan-Taiwan continental margin,E3b_Cathaysia_coast_affinity_reference,AFFINITY_REFERENCE_CHALLENGE_ONLY,SEDIMENTARY_DETRITAL,SEDIMENTARY_DETRITAL,SEDIMENTARY_DETRITAL,Heshui Formation,Heshui Formation,,沉积岩；具体沉积相未系统提取，不能据空值推断,112,112,112,0,28fddd2cde1d611cfeac3d68927bd1d764bf5c70109e1bf29e858cc66e4811b3,683f749d4c600ac799bf6932a6e44097ffb7c33158341452023c5ddf1124365b,False,False,False,EXTERNAL_REFERENCE,转 external reference,Cathaysia/Hainan 亲缘参照，不等于 Palawan–PCT 实体。,,,,,,,,True
E3,E3::EXISTING_REPAIRED::BSPM-014FF27BCD1D121A-E3,BSPM-014FF27BCD1D121A-E3,LT-B13,10.1111/iar.12399,10.1111/iar.12399,10.1111/iar.12399,24.2531,115.6906,,,China,Cathaysia-Hainan-Taiwan continental margin,E3b_Cathaysia_coast_affinity_reference,AFFINITY_REFERENCE_CHALLENGE_ONLY,SEDIMENTARY_DETRITAL,SEDIMENTARY_DETRITAL,SEDIMENTARY_DETRITAL,Heshui Formation,Heshui Formation,,沉积岩；具体沉积相未系统提取，不能据空值推断,112,112,112,0,5a4261182c39e02958ad5527761d1c1bd71e6942d35771733d5ad4c591262e5b,fd6581c555250358bb59ed2b59f7af2ee7fa2a8579aad10cd6203659f9b6133e,False,False,False,EXTERNAL_REFERENCE,转 external reference,Cathaysia/Hainan 亲缘参照，不等于 Palawan–PCT 实体。,,,,,,,,True
E3,E3::EXISTING_REPAIRED::BSPM-5195C1A1EE904B07-E3,BSPM-5195C1A1EE904B07-E3,18MM2-1_Chen2021,local:76d62ff58ce8,,local:76d62ff58ce8,27.20386,118.22472,,,China-Eastern,Cathaysia-Hainan-Taiwan continental margin,E3b_Cathaysia_coast_affinity_reference,AFFINITY_REFERENCE_CHALLENGE_ONLY,SEDIMENTARY_DETRITAL,SEDIMENTARY_DETRITAL,SEDIMENTARY_DETRITAL,,,,沉积岩；具体沉积相未系统提取，不能据空值推断,2,2,2,0,590048957ab702d7fb9df6954ec09d8be8f25a2ca4252679866bbaab23664a16,a6b9ab5615b2cbf84e7b2a9beaa0b000322c1a44f90385cea1d56624567db068,False,False,False,EXTERNAL_REFERENCE,转 external reference,Cathaysia/Hainan 亲缘参照，不等于 Palawan–PCT 实体。,,,,,,,,True
E3,E3::EXISTING_REPAIRED::BSPM-42500973903FA0EB-E3,BSPM-42500973903FA0EB-E3,YK10,local:e863a051863c,,local:e863a051863c,22.36833,111.08154,,,China-Southern,Cathaysia-Hainan-Taiwan continental margin,E3b_Cathaysia_coast_affinity_reference,AFFINITY_REFERENCE_CHALLENGE_ONLY,METAMORPHIC_BASEMENT_OR_METASEDIMENT,METAMORPHIC_BASEMENT_OR_METASEDIMENT,METAMORPHIC_BASEMENT_OR_METASEDIMENT,,,,不适用或未解析,57,57,57,0,df3be19a6420a4483203a87bd081987bf092df6ad17136658858e6b8d42d6738,269031ecb88b401cf6dc275a79da70578d61e5265f99d2319632a132781d97b2,False,False,False,EXTERNAL_REFERENCE,转 external reference,Cathaysia/Hainan 亲缘参照，不等于 Palawan–PCT 实体。,,,,,,,,True
E3,E3::EXISTING_REPAIRED::BSPM-44E6BBF061F9DD33-E3,BSPM-44E6BBF061F9DD33-E3,15LJ-51,10.1130/b35380.1,10.1130/b35380.1,10.1130/b35380.1,18.61168,108.91202,,,China,Cathaysia-Hainan-Taiwan continental margin,E3b_Cathaysia_coast_affinity_reference,AFFINITY_REFERENCE_CHALLENGE_ONLY,SEDIMENTARY_DETRITAL,SEDIMENTARY_DETRITAL,SEDIMENTARY_DETRITAL,Ewenling Formation,Ewenling Formation,,沉积岩；具体沉积相未系统提取，不能据空值推断,64,64,64,0,fb2bfa50b8bfcb3529474de9e927dcba3d82225c0bd2d44a73e20ce3e773759f,2f67758501ef5cd6b69e8b1a830853d3135c8d14327c1fc9421b8fdde5797958,False,False,False,EXTERNAL_REFERENCE,转 external reference,Cathaysia/Hainan 亲缘参照，不等于 Palawan–PCT 实体。,,,,,,,,True
E3,E3::EXISTING_REPAIRED::BSPM-759096C4683D6352-E3,BSPM-759096C4683D6352-E3,17PM01-1,10.1130/b35380.1,10.1130/b35380.1,10.1130/b35380.1,18.61168,108.91202,,,China,Cathaysia-Hainan-Taiwan continental margin,E3b_Cathaysia_coast_affinity_reference,AFFINITY_REFERENCE_CHALLENGE_ONLY,SEDIMENTARY_DETRITAL,SEDIMENTARY_DETRITAL,SEDIMENTARY_DETRITAL,Ewenling Formation,Ewenling Formation,,沉积岩；具体沉积相未系统提取，不能据空值推断,70,70,70,0,316d43bd60a5982ac70222351774827238c7a1d62c810d4ee200539c53987120,45e3804146dcb3e8c65bed0bdc926eaa75a6fa120b056fdfa3b05a969c256ec8,False,False,False,EXTERNAL_REFERENCE,转 external reference,Cathaysia/Hainan 亲缘参照，不等于 Palawan–PCT 实体。,,,,,,,,True
E3,E3::EXISTING_REPAIRED::BSPM-5F75FB50119FF11C-E3,BSPM-5F75FB50119FF11C-E3,17PM01-5,10.1130/b35380.1,10.1130/b35380.1,10.1130/b35380.1,18.61168,108.91202,,,China,Cathaysia-Hainan-Taiwan continental margin,E3b_Cathaysia_coast_affinity_reference,AFFINITY_REFERENCE_CHALLENGE_ONLY,SEDIMENTARY_DETRITAL,SEDIMENTARY_DETRITAL,SEDIMENTARY_DETRITAL,Gezhencun Formation,Gezhencun Formation,,沉积岩；具体沉积相未系统提取，不能据空值推断,70,70,70,0,f11308a7dc22166bb93226b5b801285d45cc85b1636e36949a537c342d1034b4,95a810f60cbe5861867644182e38f1327f046b4d6c4a43c7457d422c1aaef9df,False,False,False,EXTERNAL_REFERENCE,转 external reference,Cathaysia/Hainan 亲缘参照，不等于 Palawan–PCT 实体。,,,,,,,,True
E3,E3::EXISTING_REPAIRED::BSPM-2F4BCD8CA1D254FB-E3,BSPM-2F4BCD8CA1D254FB-E3,15LJ-59,10.1130/b35380.1,10.1130/b35380.1,10.1130/b35380.1,18.61168,108.91202,,,China,Cathaysia-Hainan-Taiwan continental margin,E3b_Cathaysia_coast_affinity_reference,AFFINITY_REFERENCE_CHALLENGE_ONLY,SEDIMENTARY_DETRITAL,SEDIMENTARY_DETRITAL,SEDIMENTARY_DETRITAL,Gezhencun Formation,Gezhencun Formation,,沉积岩；具体沉积相未系统提取，不能据空值推断,54,54,54,0,e20292413a6d88fbef30fbfe04e1baeb2c709e68d08a38605459b81b5f1daf5c,a5419b2aa26f53173a507ef755fda22ab36be149f11ec1c49555ca4bb5c74f41,False,False,False,EXTERNAL_REFERENCE,转 external reference,Cathaysia/Hainan 亲缘参照，不等于 Palawan–PCT 实体。,,,,,,,,True
E3,E3::EXISTING_REPAIRED::BSPM-BBD92FFBBEB51634-E3,BSPM-BBD92FFBBEB51634-E3,15LJ-60,10.1130/b35380.1,10.1130/b35380.1,10.1130/b35380.1,18.61168,108.91202,,,China,Cathaysia-Hainan-Taiwan continental margin,E3b_Cathaysia_coast_affinity_reference,AFFINITY_REFERENCE_CHALLENGE_ONLY,SEDIMENTARY_DETRITAL,SEDIMENTARY_DETRITAL,SEDIMENTARY_DETRITAL,,,,沉积岩；具体沉积相未系统提取，不能据空值推断,40,40,40,0,55ed6a33cc1a37e313c141ce9c28031981ce5c9af3ab817f060230b1a51ae565,3537a14452e25334cbba48d9a0f1618cd4fb052270a93c8ce92b462a336d06e5,False,False,False,EXTERNAL_REFERENCE,转 external reference,Cathaysia/Hainan 亲缘参照，不等于 Palawan–PCT 实体。,,,,,,,,True
E3,E3::EXISTING_REPAIRED::BSPM-5173ACF60C16CDBA-E3,BSPM-5173ACF60C16CDBA-E3,18HN-17,10.1130/b35380.1,10.1130/b35380.1,10.1130/b35380.1,18.61168,108.91202,,,China,Cathaysia-Hainan-Taiwan continental margin,E3b_Cathaysia_coast_affinity_reference,AFFINITY_REFERENCE_CHALLENGE_ONLY,SEDIMENTARY_DETRITAL,SEDIMENTARY_DETRITAL,SEDIMENTARY_DETRITAL,,,,沉积岩；具体沉积相未系统提取，不能据空值推断,30,30,30,0,667fdf7256bef59141ce97a23c04389c4afb4bfe3c28d38a30fe24c9587d94ee,d7f9a96cb61ad804231685768b2d2c0fc32ed57815273fc737ab2e8e9844793c,False,False,False,EXTERNAL_REFERENCE,转 external reference,Cathaysia/Hainan 亲缘参照，不等于 Palawan–PCT 实体。,,,,,,,,True
E3,E3::EXISTING_REPAIRED::BSPM-C6242A5A0B613AAB-E3,BSPM-C6242A5A0B613AAB-E3,18HN14,10.1130/b35380.1,10.1130/b35380.1,10.1130/b35380.1,18.61168,108.91202,,,China,Cathaysia-Hainan-Taiwan continental margin,E3b_Cathaysia_coast_affinity_reference,AFFINITY_REFERENCE_CHALLENGE_ONLY,SEDIMENTARY_DETRITAL,SEDIMENTARY_DETRITAL,SEDIMENTARY_DETRITAL,,,,沉积岩；具体沉积相未系统提取，不能据空值推断,17,17,17,0,dbda8232ad8869dcf5a32b755611ddc250918a643bf719463e574ad9ff3fcf54,f9483706881c04ffd7b89e5283c7f34e59bf641db63403dfd0ee954e44173ac3,False,False,False,EXTERNAL_REFERENCE,转 external reference,Cathaysia/Hainan 亲缘参照，不等于 Palawan–PCT 实体。,,,,,,,,True
E3,E3::EXISTING_REPAIRED::BSPM-9A95281CF09AFEFE-E3,BSPM-9A95281CF09AFEFE-E3,00SC69,10.1111/j.1365-3121.2008.00802.x,10.1111/j.1365-3121.2008.00802.x,10.1111/j.1365-3121.2008.00802.x,19.23751,109.08741,,,China,Cathaysia-Hainan-Taiwan continental margin,E3b_Cathaysia_coast_affinity_reference,AFFINITY_REFERENCE_CHALLENGE_ONLY,SEDIMENTARY_DETRITAL,SEDIMENTARY_DETRITAL,SEDIMENTARY_DETRITAL,Shihuiding Formation,Shihuiding Formation,,沉积岩；具体沉积相未系统提取，不能据空值推断,43,43,43,0,e1161e7c986e7d3f69d8ec1d2e16cfd12691542a6b0db4aa2423a70dbf172a98,0a3e5d98d3226887c57e9a2fc56baca8a54f307422765084adc71e2a20d834e9,False,False,False,EXTERNAL_REFERENCE,转 external reference,Cathaysia/Hainan 亲缘参照，不等于 Palawan–PCT 实体。,,,,,,,,True
E3,E3::EXISTING_REPAIRED::BSPM-688C8C3C2530EFB0-E3,BSPM-688C8C3C2530EFB0-E3,04HN10,10.1111/j.1365-3121.2008.00802.x,10.1111/j.1365-3121.2008.00802.x,10.1111/j.1365-3121.2008.00802.x,19.20992,109.09146,,,China,Cathaysia-Hainan-Taiwan continental margin,E3b_Cathaysia_coast_affinity_reference,AFFINITY_REFERENCE_CHALLENGE_ONLY,SEDIMENTARY_DETRITAL,SEDIMENTARY_DETRITAL,SEDIMENTARY_DETRITAL,,,,沉积岩；具体沉积相未系统提取，不能据空值推断,45,45,45,0,58b6c9e5e682da35fd0c917c41d7d37650a9632a5a020d0d474887548d542709,b6d6adc3404aa891ac83372fe42308491dc38c8c476d49fc4914832bbf9e6748,False,False,False,EXTERNAL_REFERENCE,转 external reference,Cathaysia/Hainan 亲缘参照，不等于 Palawan–PCT 实体。,,,,,,,,True
E3,E3::EXISTING_REPAIRED::BSPM-FC30FFA16C37589B-E3,BSPM-FC30FFA16C37589B-E3,13FX-01,10.1016/j.jseaes.2015.04.014,10.1016/j.jseaes.2015.04.014,10.1016/j.jseaes.2015.04.014,19.20992,109.09146,,,China,Cathaysia-Hainan-Taiwan continental margin,E3b_Cathaysia_coast_affinity_reference,AFFINITY_REFERENCE_CHALLENGE_ONLY,SEDIMENTARY_DETRITAL,SEDIMENTARY_DETRITAL,SEDIMENTARY_DETRITAL,Shihuiding Formation,Shihuiding Formation,,沉积岩；具体沉积相未系统提取，不能据空值推断,68,68,68,0,112d48fcbc8cf2479830f323640f15f117702331235c5bb620b716039f07cf9e,0a51d142d9da83bf947b38316d9b9dbdfb2d9a64439fef866a9d0657ec175538,False,False,False,EXTERNAL_REFERENCE,转 external reference,Cathaysia/Hainan 亲缘参照，不等于 Palawan–PCT 实体。,,,,,,,,True
E3,E3::EXISTING_REPAIRED::BSPM-F8A9BE548F6F3C0D-E3,BSPM-F8A9BE548F6F3C0D-E3,0330-5,10.1016/j.jseaes.2015.04.014,10.1016/j.jseaes.2015.04.014,10.1016/j.jseaes.2015.04.014,19.20992,109.09146,,,China,Cathaysia-Hainan-Taiwan continental margin,E3b_Cathaysia_coast_affinity_reference,AFFINITY_REFERENCE_CHALLENGE_ONLY,SEDIMENTARY_DETRITAL,SEDIMENTARY_DETRITAL,SEDIMENTARY_DETRITAL,Shihuiding Formation,Shihuiding Formation,,沉积岩；具体沉积相未系统提取，不能据空值推断,61,61,61,0,940d16240ca0222637abe62c194913688d996928ffa99d0e165cefbbf0b12ac5,e6c14e049af6a7fab050f8db77c5714b0fe3261eb77155794c455a82ae8398d2,False,False,False,EXTERNAL_REFERENCE,转 external reference,Cathaysia/Hainan 亲缘参照，不等于 Palawan–PCT 实体。,,,,,,,,True
E3,E3::EXISTING_REPAIRED::BSPM-117DDEE16F408B70-E3,BSPM-117DDEE16F408B70-E3,0331-1,10.1016/j.jseaes.2015.04.014,10.1016/j.jseaes.2015.04.014,10.1016/j.jseaes.2015.04.014,19.20992,109.09146,,,China,Cathaysia-Hainan-Taiwan continental margin,E3b_Cathaysia_coast_affinity_reference,AFFINITY_REFERENCE_CHALLENGE_ONLY,SEDIMENTARY_DETRITAL,SEDIMENTARY_DETRITAL,SEDIMENTARY_DETRITAL,Shihuiding Formation,Shihuiding Formation,,沉积岩；具体沉积相未系统提取，不能据空值推断,116,116,116,0,89a8bb3533ab73473233d3f2b2d919bb69eae49fe6709cf0cf1fac2503787321,2455bda0a24f19dd161c7648aa26edee04a34c162fa5741991e7f5c6666602b6,False,False,False,EXTERNAL_REFERENCE,转 external reference,Cathaysia/Hainan 亲缘参照，不等于 Palawan–PCT 实体。,,,,,,,,True
E3,E3::EXISTING_REPAIRED::BSPM-AB5421A664FE2DDB-E3,BSPM-AB5421A664FE2DDB-E3,13NS-02,10.1016/j.jseaes.2015.04.014,10.1016/j.jseaes.2015.04.014,10.1016/j.jseaes.2015.04.014,19.20992,109.09146,,,China,Cathaysia-Hainan-Taiwan continental margin,E3b_Cathaysia_coast_affinity_reference,AFFINITY_REFERENCE_CHALLENGE_ONLY,SEDIMENTARY_DETRITAL,SEDIMENTARY_DETRITAL,SEDIMENTARY_DETRITAL,Shihuiding Formation,Shihuiding Formation,,沉积岩；具体沉积相未系统提取，不能据空值推断,64,64,64,0,e5cc74b0b3acc3d1d378a4b1f97d755a98d5dab4410abfe40035dc9e354f9171,3147d721f4ef6449ff9acfb1567f4be4c680b318e05604b3dc41cbd2463d9b93,False,False,False,EXTERNAL_REFERENCE,转 external reference,Cathaysia/Hainan 亲缘参照，不等于 Palawan–PCT 实体。,,,,,,,,True
E3,E3::EXISTING_REPAIRED::BSPM-A0A859E4F92E0DFD-E3,BSPM-A0A859E4F92E0DFD-E3,YZ03,10.1016/j.jseaes.2015.04.014,10.1016/j.jseaes.2015.04.014,10.1016/j.jseaes.2015.04.014,19.20992,109.09146,,,China,Cathaysia-Hainan-Taiwan continental margin,E3b_Cathaysia_coast_affinity_reference,AFFINITY_REFERENCE_CHALLENGE_ONLY,SEDIMENTARY_DETRITAL,SEDIMENTARY_DETRITAL,SEDIMENTARY_DETRITAL,Shihuiding Formation,Shihuiding Formation,,沉积岩；具体沉积相未系统提取，不能据空值推断,18,18,18,0,315a0654dd7acf8694772fba6301b9f552e087f0f6d79486573cb814c4acda82,41206214511790ea0f9d63243a030906ba85d8649f3e70ffd2225f561a3e9e85,False,False,False,EXTERNAL_REFERENCE,转 external reference,Cathaysia/Hainan 亲缘参照，不等于 Palawan–PCT 实体。,,,,,,,,True
E3,E3::EXISTING_REPAIRED::BSPM-742697474554AE6D-E3,BSPM-742697474554AE6D-E3,SL3,10.1016/j.jseaes.2015.04.014,10.1016/j.jseaes.2015.04.014,10.1016/j.jseaes.2015.04.014,19.22696,109.05878,,,China,Cathaysia-Hainan-Taiwan continental margin,E3b_Cathaysia_coast_affinity_reference,AFFINITY_REFERENCE_CHALLENGE_ONLY,SEDIMENTARY_DETRITAL,SEDIMENTARY_DETRITAL,SEDIMENTARY_DETRITAL,,,,沉积岩；具体沉积相未系统提取，不能据空值推断,23,23,23,0,25254d992ed3b039449f7c9e0f1d968997e01c8dbdd9aae3976d1d7d3e22a95f,6be1e3b190820590b783203c181e976133f55632fe5cc4da90da52f9c9fd1811,False,False,False,EXTERNAL_REFERENCE,转 external reference,Cathaysia/Hainan 亲缘参照，不等于 Palawan–PCT 实体。,,,,,,,,True
E3,E3::EXISTING_REPAIRED::BSPM-94AC38872522214F-E3,BSPM-94AC38872522214F-E3,SL-7,10.1016/j.jseaes.2015.04.014,10.1016/j.jseaes.2015.04.014,10.1016/j.jseaes.2015.04.014,19.22696,109.05878,,,China,Cathaysia-Hainan-Taiwan continental margin,E3b_Cathaysia_coast_affinity_reference,AFFINITY_REFERENCE_CHALLENGE_ONLY,SEDIMENTARY_DETRITAL,SEDIMENTARY_DETRITAL,SEDIMENTARY_DETRITAL,,,,沉积岩；具体沉积相未系统提取，不能据空值推断,33,33,33,0,5386d8ae5ce5e399509edf8d06eb1fb69061c42bdad1641799f0284eac6aef08,af933664386223a0cfba2c3c5b9271f8f598d93478ba02af3a87e7f406570122,False,False,False,EXTERNAL_REFERENCE,转 external reference,Cathaysia/Hainan 亲缘参照，不等于 Palawan–PCT 实体。,,,,,,,,True
E3,E3::EXISTING_REPAIRED::BSPM-9FB649E8630F121C-E3,BSPM-9FB649E8630F121C-E3,13by-01,10.1016/j.jseaes.2015.04.014,10.1016/j.jseaes.2015.04.014,10.1016/j.jseaes.2015.04.014,19.22696,109.05878,,,China,Cathaysia-Hainan-Taiwan continental margin,E3b_Cathaysia_coast_affinity_reference,AFFINITY_REFERENCE_CHALLENGE_ONLY,SEDIMENTARY_DETRITAL,SEDIMENTARY_DETRITAL,SEDIMENTARY_DETRITAL,,,,沉积岩；具体沉积相未系统提取，不能据空值推断,75,75,75,0,84d14a0ebb4acf33bbfdb121e20820e3c5f29cdea4692c1ea236bd2a8abf697e,100a8b1b3b3d1cf24037b37c422ae055ac7418e8b3a1810e3e6f2f890857c938,False,False,False,EXTERNAL_REFERENCE,转 external reference,Cathaysia/Hainan 亲缘参照，不等于 Palawan–PCT 实体。,,,,,,,,True
E3,E3::EXISTING_REPAIRED::BSPM-72B3447632A9E1D9-E3,BSPM-72B3447632A9E1D9-E3,SL-2,10.1016/j.jseaes.2015.04.014,10.1016/j.jseaes.2015.04.014,10.1016/j.jseaes.2015.04.014,19.22696,109.05878,,,China,Cathaysia-Hainan-Taiwan continental margin,E3b_Cathaysia_coast_affinity_reference,AFFINITY_REFERENCE_CHALLENGE_ONLY,SEDIMENTARY_DETRITAL,SEDIMENTARY_DETRITAL,SEDIMENTARY_DETRITAL,,,,沉积岩；具体沉积相未系统提取，不能据空值推断,48,48,48,0,23400a66244a96697db40c3100deb1a76653d6c28e1ec71915a251ddd348a894,f3ca4611b0ad5803fa7584de48f5cee10ecccd31d31a2ac3489d306dfb16bcd5,False,False,False,EXTERNAL_REFERENCE,转 external reference,Cathaysia/Hainan 亲缘参照，不等于 Palawan–PCT 实体。,,,,,,,,True
E3,E3::EXISTING_REPAIRED::BSPM-38B9E0C0B149AC9D-E3,BSPM-38B9E0C0B149AC9D-E3,By09-2,10.1016/j.jseaes.2015.04.014,10.1016/j.jseaes.2015.04.014,10.1016/j.jseaes.2015.04.014,19.22696,109.05878,,,China,Cathaysia-Hainan-Taiwan continental margin,E3b_Cathaysia_coast_affinity_reference,AFFINITY_REFERENCE_CHALLENGE_ONLY,SEDIMENTARY_DETRITAL,SEDIMENTARY_DETRITAL,SEDIMENTARY_DETRITAL,,,,沉积岩；具体沉积相未系统提取，不能据空值推断,25,25,25,0,e40aa80538c7b4ba0658d84f144019ff1db7b8d6e2fd26e43a28912fb48dbb56,b8b01ccc7df3c031f60bb22d39e41a70e42ff2135d8990bfdd1f4ea78f2617bf,False,False,False,EXTERNAL_REFERENCE,转 external reference,Cathaysia/Hainan 亲缘参照，不等于 Palawan–PCT 实体。,,,,,,,,True
E3,E3::EXISTING_REPAIRED::BSPM-EAAB1920B0358185-E3,BSPM-EAAB1920B0358185-E3,0330-2,10.1016/j.jseaes.2015.04.014,10.1016/j.jseaes.2015.04.014,10.1016/j.jseaes.2015.04.014,19.21953,109.08661,,,China,Cathaysia-Hainan-Taiwan continental margin,E3b_Cathaysia_coast_affinity_reference,AFFINITY_REFERENCE_CHALLENGE_ONLY,SEDIMENTARY_DETRITAL,SEDIMENTARY_DETRITAL,SEDIMENTARY_DETRITAL,,,,沉积岩；具体沉积相未系统提取，不能据空值推断,40,40,40,0,aa1a54d6730fcea01d39ca9a7a4d2f2a848763c649fb8cf7c1810b0e7d686310,1b3cac49b219e3e75a13a4cd64ea0d8faf3bbb3d62d75e33a75a6d6d04b3a70c,False,False,False,EXTERNAL_REFERENCE,转 external reference,Cathaysia/Hainan 亲缘参照，不等于 Palawan–PCT 实体。,,,,,,,,True
E3,E3::EXISTING_REPAIRED::BSPM-D564AC41CA1C4797-E3,BSPM-D564AC41CA1C4797-E3,0331-3,10.1016/j.jseaes.2015.04.014,10.1016/j.jseaes.2015.04.014,10.1016/j.jseaes.2015.04.014,19.21953,109.08661,,,China,Cathaysia-Hainan-Taiwan continental margin,E3b_Cathaysia_coast_affinity_reference,AFFINITY_REFERENCE_CHALLENGE_ONLY,SEDIMENTARY_DETRITAL,SEDIMENTARY_DETRITAL,SEDIMENTARY_DETRITAL,,,,沉积岩；具体沉积相未系统提取，不能据空值推断,72,72,72,0,cef561277709b9c37702372236f48da3b1890846256860fd69edc71107df440c,e36e16998ee2012108c46b43a78cfe2df329f60b96221f0787bb0a3b03d22635,False,False,False,EXTERNAL_REFERENCE,转 external reference,Cathaysia/Hainan 亲缘参照，不等于 Palawan–PCT 实体。,,,,,,,,True
E3,E3::EXISTING_REPAIRED::BSPM-4ECC3CA6518329DE-E3,BSPM-4ECC3CA6518329DE-E3,SL5-D,10.1016/j.jseaes.2015.04.014,10.1016/j.jseaes.2015.04.014,10.1016/j.jseaes.2015.04.014,19.22696,109.05878,,,China,Cathaysia-Hainan-Taiwan continental margin,E3b_Cathaysia_coast_affinity_reference,AFFINITY_REFERENCE_CHALLENGE_ONLY,SEDIMENTARY_DETRITAL,SEDIMENTARY_DETRITAL,SEDIMENTARY_DETRITAL,,,,沉积岩；具体沉积相未系统提取，不能据空值推断,24,24,24,0,8dd2f75e8ffed39fce5ef84648226d3e4bb6de267cd0e053d639bfbe6898e900,02875a3ca753013d14733cc822822c358fe75b616193d3a738deb4dfafee5c95,False,False,False,EXTERNAL_REFERENCE,转 external reference,Cathaysia/Hainan 亲缘参照，不等于 Palawan–PCT 实体。,,,,,,,,True
E3,E3::EXISTING_REPAIRED::BSPM-58ED8929D7EF6A17-E3,BSPM-58ED8929D7EF6A17-E3,YZSL4-2,10.1016/j.jseaes.2015.04.014,10.1016/j.jseaes.2015.04.014,10.1016/j.jseaes.2015.04.014,19.20992,109.09146,,,China,Cathaysia-Hainan-Taiwan continental margin,E3b_Cathaysia_coast_affinity_reference,AFFINITY_REFERENCE_CHALLENGE_ONLY,SEDIMENTARY_DETRITAL,SEDIMENTARY_DETRITAL,SEDIMENTARY_DETRITAL,,,,沉积岩；具体沉积相未系统提取，不能据空值推断,45,45,45,0,893f05f3bd03381473dbe94ed13693654a48a220ff04584b7104a79601f55aca,79564a39470703dfc773bc204d807c93a5bd0a554f381b87daaed75d5d38767a,False,False,False,EXTERNAL_REFERENCE,转 external reference,Cathaysia/Hainan 亲缘参照，不等于 Palawan–PCT 实体。,,,,,,,,True
E3,E3::EXISTING_REPAIRED::BSPM-89A47AACA941A0D8-E3,BSPM-89A47AACA941A0D8-E3,SL4-1,10.1016/j.jseaes.2015.04.014,10.1016/j.jseaes.2015.04.014,10.1016/j.jseaes.2015.04.014,19.20992,109.09146,,,China,Cathaysia-Hainan-Taiwan continental margin,E3b_Cathaysia_coast_affinity_reference,AFFINITY_REFERENCE_CHALLENGE_ONLY,SEDIMENTARY_DETRITAL,SEDIMENTARY_DETRITAL,SEDIMENTARY_DETRITAL,,,,沉积岩；具体沉积相未系统提取，不能据空值推断,46,46,46,0,6ccb4734e15f0889e0044e013e09c800c2eea49ddc36a11e852ba9fba0f163b8,6c9d1263e4d83718936cfd05d0206f109d690cb5076ce8f150a0100da3df80c1,False,False,False,EXTERNAL_REFERENCE,转 external reference,Cathaysia/Hainan 亲缘参照，不等于 Palawan–PCT 实体。,,,,,,,,True
E3,E3::EXISTING_REPAIRED::BSPM-A5BE7C7E96A634E1-E3,BSPM-A5BE7C7E96A634E1-E3,04HN03,10.1016/j.precamres.2017.01.001,10.1016/j.precamres.2017.01.001,10.1016/j.precamres.2017.01.001,19.21477778,108.9565,,,China,Cathaysia-Hainan-Taiwan continental margin,E3b_Cathaysia_coast_affinity_reference,AFFINITY_REFERENCE_CHALLENGE_ONLY,SEDIMENTARY_DETRITAL,SEDIMENTARY_DETRITAL,SEDIMENTARY_DETRITAL,,,,沉积岩；具体沉积相未系统提取，不能据空值推断,20,20,20,0,c5bc139ab411dd07046b4ac13c361037139faad8a0aa2e73b1cadad59362c836,c9fb44d8fe30b0f01103dae2698a59e900042b3e3bbefe628dce4756f7c0b22b,False,False,False,EXTERNAL_REFERENCE,转 external reference,Cathaysia/Hainan 亲缘参照，不等于 Palawan–PCT 实体。,,,,,,,,True
E3,E3::EXISTING_REPAIRED::BSPM-44EC4AB98FA6402D-E3,BSPM-44EC4AB98FA6402D-E3,12HN14-1,10.1016/j.precamres.2017.01.001,10.1016/j.precamres.2017.01.001,10.1016/j.precamres.2017.01.001,18.57711111,108.9106944,,,China,Cathaysia-Hainan-Taiwan continental margin,E3b_Cathaysia_coast_affinity_reference,AFFINITY_REFERENCE_CHALLENGE_ONLY,SEDIMENTARY_DETRITAL,SEDIMENTARY_DETRITAL,SEDIMENTARY_DETRITAL,,,,沉积岩；具体沉积相未系统提取，不能据空值推断,80,80,80,0,1a36effca4c6b6b57dda99923178da66e1b75c4045817c8c7f38e3c5d646ded0,e0f22ab557b56b9cccde3cde9c53279ed829689655d3f80b4a95b8975aed8630,False,False,False,EXTERNAL_REFERENCE,转 external reference,Cathaysia/Hainan 亲缘参照，不等于 Palawan–PCT 实体。,,,,,,,,True
E3,E3::EXISTING_REPAIRED::BSPM-0EFC66215297F6A0-E3,BSPM-0EFC66215297F6A0-E3,12HN13,10.1016/j.precamres.2017.01.001,10.1016/j.precamres.2017.01.001,10.1016/j.precamres.2017.01.001,18.59072222,108.9128889,,,China,Cathaysia-Hainan-Taiwan continental margin,E3b_Cathaysia_coast_affinity_reference,AFFINITY_REFERENCE_CHALLENGE_ONLY,SEDIMENTARY_DETRITAL,SEDIMENTARY_DETRITAL,SEDIMENTARY_DETRITAL,,,,沉积岩；具体沉积相未系统提取，不能据空值推断,72,72,72,0,e1490769db18a1f3bf88cceb3d9e9ff5529c06b85af5596951225e80f0a095e0,b1a84d13ad7876cd027c62e7715966245240a450035512a64c389d19d26b597a,False,False,False,EXTERNAL_REFERENCE,转 external reference,Cathaysia/Hainan 亲缘参照，不等于 Palawan–PCT 实体。,,,,,,,,True
E3,E3::EXISTING_REPAIRED::BSPM-11AF4201E4C4C7E9-E3,BSPM-11AF4201E4C4C7E9-E3,12HN25,10.1016/j.precamres.2017.01.001,10.1016/j.precamres.2017.01.001,10.1016/j.precamres.2017.01.001,19.23366667,109.0435556,,,China,Cathaysia-Hainan-Taiwan continental margin,E3b_Cathaysia_coast_affinity_reference,AFFINITY_REFERENCE_CHALLENGE_ONLY,SEDIMENTARY_DETRITAL,SEDIMENTARY_DETRITAL,SEDIMENTARY_DETRITAL,,,,沉积岩；具体沉积相未系统提取，不能据空值推断,96,96,96,0,a32f3b6f44d607d3aba3c699db38b93fbf8ba9afa850c20b27872257cddbde83,ffc15915503a7985fd3886f91ed5168297aa02cbcbe4f9873f9788ad98517444,False,False,False,EXTERNAL_REFERENCE,转 external reference,Cathaysia/Hainan 亲缘参照，不等于 Palawan–PCT 实体。,,,,,,,,True
E3,E3::EXISTING_REPAIRED::BSPM-34FC27DC049691D2-E3,BSPM-34FC27DC049691D2-E3,12HN23,10.1016/j.precamres.2017.01.001,10.1016/j.precamres.2017.01.001,10.1016/j.precamres.2017.01.001,19.23738889,109.0478056,,,China,Cathaysia-Hainan-Taiwan continental margin,E3b_Cathaysia_coast_affinity_reference,AFFINITY_REFERENCE_CHALLENGE_ONLY,SEDIMENTARY_DETRITAL,SEDIMENTARY_DETRITAL,SEDIMENTARY_DETRITAL,Shihuiding Formation,Shihuiding Formation,,沉积岩；具体沉积相未系统提取，不能据空值推断,96,96,96,0,65821a1fdc85e6f659beea99e7c0bd8264469989c9d2f58255636b4fce6eeef8,1f9c88dcdb1cd2731e03d920583b4001d17344ba7d8347662e4caa4209b68f0e,False,False,False,EXTERNAL_REFERENCE,转 external reference,Cathaysia/Hainan 亲缘参照，不等于 Palawan–PCT 实体。,,,,,,,,True
E3,E3::EXISTING_REPAIRED::BSPM-29A7281F67BDFB7B-E3,BSPM-29A7281F67BDFB7B-E3,18SL‐10,10.1029/2020tc006071,10.1029/2020tc006071,10.1029/2020tc006071,19.21527778,109.0373611,,,China,Cathaysia-Hainan-Taiwan continental margin,E3b_Cathaysia_coast_affinity_reference,AFFINITY_REFERENCE_CHALLENGE_ONLY,SEDIMENTARY_DETRITAL,SEDIMENTARY_DETRITAL,SEDIMENTARY_DETRITAL,,,,沉积岩；具体沉积相未系统提取，不能据空值推断,222,222,222,0,c813b06efce9d484ca3d490056875a0c064db2266fe9e1fae3e7d0cd54ecc6fb,3b1bb70baeadf778f24696d8e3555202c36072dc7a1ef33a29b7d350ca3a90c7,False,False,False,EXTERNAL_REFERENCE,转 external reference,Cathaysia/Hainan 亲缘参照，不等于 Palawan–PCT 实体。,,,,,,,,True
E3,E3::EXISTING_REPAIRED::BSPM-3F195475219781DD-E3,BSPM-3F195475219781DD-E3,18SL‐12A,10.1029/2020tc006071,10.1029/2020tc006071,10.1029/2020tc006071,19.24124444,109.0430611,,,China,Cathaysia-Hainan-Taiwan continental margin,E3b_Cathaysia_coast_affinity_reference,AFFINITY_REFERENCE_CHALLENGE_ONLY,SEDIMENTARY_DETRITAL,SEDIMENTARY_DETRITAL,SEDIMENTARY_DETRITAL,,,,沉积岩；具体沉积相未系统提取，不能据空值推断,132,132,132,0,a5268fdfdbce9039fac942927535d455e088e5d75c1effb530cd419d83d1baec,bcd949afebc63d23b4f672232b0e53f3893c246c9e8af545e8e3e0c1e169ce18,False,False,False,EXTERNAL_REFERENCE,转 external reference,Cathaysia/Hainan 亲缘参照，不等于 Palawan–PCT 实体。,,,,,,,,True
E3,E3::EXISTING_REPAIRED::BSPM-A99EDC7D8FDEFC73-E3,BSPM-A99EDC7D8FDEFC73-E3,18SL‐03,10.1029/2020tc006071,10.1029/2020tc006071,10.1029/2020tc006071,19.23864444,109.0683944,,,China,Cathaysia-Hainan-Taiwan continental margin,E3b_Cathaysia_coast_affinity_reference,AFFINITY_REFERENCE_CHALLENGE_ONLY,SEDIMENTARY_DETRITAL,SEDIMENTARY_DETRITAL,SEDIMENTARY_DETRITAL,,,,沉积岩；具体沉积相未系统提取，不能据空值推断,170,170,170,0,0eb5b9b0032149465329e75945110ac95588a5a5e4677e512f7893d60948950a,d2c532841a1cc7050624a9a39639945698fac1b803ee133893d34dff51f9bda6,False,False,False,EXTERNAL_REFERENCE,转 external reference,Cathaysia/Hainan 亲缘参照，不等于 Palawan–PCT 实体。,,,,,,,,True
E3,E3::EXISTING_REPAIRED::BSPM-7C38A436402163D0-E3,BSPM-7C38A436402163D0-E3,17HN‐25A,10.1029/2020tc006071,10.1029/2020tc006071,10.1029/2020tc006071,19.22941111,109.0400639,,,China,Cathaysia-Hainan-Taiwan continental margin,E3b_Cathaysia_coast_affinity_reference,AFFINITY_REFERENCE_CHALLENGE_ONLY,SEDIMENTARY_DETRITAL,SEDIMENTARY_DETRITAL,SEDIMENTARY_DETRITAL,,,,沉积岩；具体沉积相未系统提取，不能据空值推断,170,170,170,0,0e193aad8239dd09200ed338315be95f299014b8a5fd1c15dc39fbe024c58c4d,81ecae8640cc7263903b0f2063d99bc242846c24120824de4045406878b7a61d,False,False,False,EXTERNAL_REFERENCE,转 external reference,Cathaysia/Hainan 亲缘参照，不等于 Palawan–PCT 实体。,,,,,,,,True
E3,E3::EXISTING_REPAIRED::BSPM-DD4BFC31A8490B39-E3,BSPM-DD4BFC31A8490B39-E3,18SL‐07A,10.1029/2020tc006071,10.1029/2020tc006071,10.1029/2020tc006071,19.232625,109.0470056,,,China,Cathaysia-Hainan-Taiwan continental margin,E3b_Cathaysia_coast_affinity_reference,AFFINITY_REFERENCE_CHALLENGE_ONLY,SEDIMENTARY_DETRITAL,SEDIMENTARY_DETRITAL,SEDIMENTARY_DETRITAL,Shihuiding Formation,Shihuiding Formation,,沉积岩；具体沉积相未系统提取，不能据空值推断,192,192,192,0,51d6e735b5c22c7770f2a1c206802b9624252a1ac42bb142447489e0728a5fa8,5ca3c8882e686e32faebf779c625640f6c634ac1e0d0760c1e4cdfbd57136872,False,False,False,EXTERNAL_REFERENCE,转 external reference,Cathaysia/Hainan 亲缘参照，不等于 Palawan–PCT 实体。,,,,,,,,True
E3,E3::EXISTING_REPAIRED::BSPM-264ADD1D5873E0B2-E3,BSPM-264ADD1D5873E0B2-E3,14HN-13C3,10.1016/j.precamres.2018.05.002,10.1016/j.precamres.2018.05.002,10.1016/j.precamres.2018.05.002,19.29827,109.05559,,,China,Cathaysia-Hainan-Taiwan continental margin,E3b_Cathaysia_coast_affinity_reference,AFFINITY_REFERENCE_CHALLENGE_ONLY,SEDIMENTARY_DETRITAL,SEDIMENTARY_DETRITAL,SEDIMENTARY_DETRITAL,,,,沉积岩；具体沉积相未系统提取，不能据空值推断,32,32,32,0,4e8313f595b78d14864530141c3ff489cd105c5e4da822f0459f4beb77470601,91f9c6ba33df90d47dc01e5d514bed96676da1ec9d20616f8a022ce2b9bfa4d4,False,False,False,EXTERNAL_REFERENCE,转 external reference,Cathaysia/Hainan 亲缘参照，不等于 Palawan–PCT 实体。,,,,,,,,True
E3,E3::EXISTING_REPAIRED::BSPM-2FFA1AD75B549E37-E3,BSPM-2FFA1AD75B549E37-E3,14HN-13A1,10.1016/j.precamres.2018.05.002,10.1016/j.precamres.2018.05.002,10.1016/j.precamres.2018.05.002,19.29827,109.05559,,,China,Cathaysia-Hainan-Taiwan continental margin,E3b_Cathaysia_coast_affinity_reference,AFFINITY_REFERENCE_CHALLENGE_ONLY,SEDIMENTARY_DETRITAL,SEDIMENTARY_DETRITAL,SEDIMENTARY_DETRITAL,,,,沉积岩；具体沉积相未系统提取，不能据空值推断,20,20,20,0,9da893afdeb80ef34b4d6ebc7af431ef3b9375e98f74552817a4a8f66def6592,278ed1c2cd461686df01c6a2e5f3b81ec45f652cfb6f2745f75f85cd3ed6fdea,False,False,False,EXTERNAL_REFERENCE,转 external reference,Cathaysia/Hainan 亲缘参照，不等于 Palawan–PCT 实体。,,,,,,,,True
E3,E3::EXISTING_REPAIRED::BSPM-35E5FBD6299F6E78-E3,BSPM-35E5FBD6299F6E78-E3,14HN-07A,10.1016/j.precamres.2018.05.002,10.1016/j.precamres.2018.05.002,10.1016/j.precamres.2018.05.002,18.56031,108.93834,,,China,Cathaysia-Hainan-Taiwan continental margin,E3b_Cathaysia_coast_affinity_reference,AFFINITY_REFERENCE_CHALLENGE_ONLY,SEDIMENTARY_DETRITAL,SEDIMENTARY_DETRITAL,SEDIMENTARY_DETRITAL,,,,沉积岩；具体沉积相未系统提取，不能据空值推断,21,21,21,0,cd21452ad51fc40361eec7c4b150e9ed519de47047446ee65fb7028a48c1bef2,4abea09e1b68d07c433ea8a5733e9dbf49cf574e3604769ecd2f2b05a91a89ef,False,False,False,EXTERNAL_REFERENCE,转 external reference,Cathaysia/Hainan 亲缘参照，不等于 Palawan–PCT 实体。,,,,,,,,True
E3,E3::EXISTING_REPAIRED::BSPM-F8F2482BEF1DD1F1-E3,BSPM-F8F2482BEF1DD1F1-E3,14HN-07B,10.1016/j.precamres.2018.05.002,10.1016/j.precamres.2018.05.002,10.1016/j.precamres.2018.05.002,18.56031,108.93834,,,China,Cathaysia-Hainan-Taiwan continental margin,E3b_Cathaysia_coast_affinity_reference,AFFINITY_REFERENCE_CHALLENGE_ONLY,SEDIMENTARY_DETRITAL,SEDIMENTARY_DETRITAL,SEDIMENTARY_DETRITAL,,,,沉积岩；具体沉积相未系统提取，不能据空值推断,24,24,24,0,8ad4062a1e33ca6b2cd4f57da4f62304951b952c63f8068a9802739a27acd2e2,9337bbdbc318c2c448a320b287924b4ad7c233caa15577449789337b698a9ed3,False,False,False,EXTERNAL_REFERENCE,转 external reference,Cathaysia/Hainan 亲缘参照，不等于 Palawan–PCT 实体。,,,,,,,,True
E3,E3::EXISTING_REPAIRED::BSPM-86847C559D2FB12E-E3,BSPM-86847C559D2FB12E-E3,16HN-26A,10.1016/j.precamres.2018.05.002,10.1016/j.precamres.2018.05.002,10.1016/j.precamres.2018.05.002,18.58943333,108.9123833,,,China,Cathaysia-Hainan-Taiwan continental margin,E3b_Cathaysia_coast_affinity_reference,AFFINITY_REFERENCE_CHALLENGE_ONLY,SEDIMENTARY_DETRITAL,SEDIMENTARY_DETRITAL,SEDIMENTARY_DETRITAL,,,,沉积岩；具体沉积相未系统提取，不能据空值推断,12,12,12,0,8b873ffd9e222934a3728d56fe40bb8b2d9c8264aa77aa7d281096765dea7953,7b7c61de5f46dce573bfe10c7255d2a444460fa22539f55adc0066d69939ef83,False,False,False,EXTERNAL_REFERENCE,转 external reference,Cathaysia/Hainan 亲缘参照，不等于 Palawan–PCT 实体。,,,,,,,,True
E3,E3::EXISTING_REPAIRED::BSPM-F7F861E989DF11EC-E3,BSPM-F7F861E989DF11EC-E3,GA-2B,10.1016/j.precamres.2019.02.013,10.1016/j.precamres.2019.02.013,10.1016/j.precamres.2019.02.013,18.85543333,108.7759333,,,China,Cathaysia-Hainan-Taiwan continental margin,E3b_Cathaysia_coast_affinity_reference,AFFINITY_REFERENCE_CHALLENGE_ONLY,METAMORPHIC_BASEMENT_OR_METASEDIMENT,METAMORPHIC_BASEMENT_OR_METASEDIMENT,METAMORPHIC_BASEMENT_OR_METASEDIMENT,,,,不适用或未解析,23,23,23,0,67b3ceb16ddf5ce9c413a23de0bf9f76bbbd5e7a44e52eda545c3135bb6ca5f1,2f69aa5f6016e7e4d706c32e5bcbde54c07e06e458edde0fc14db82ae2472228,False,False,False,EXTERNAL_REFERENCE,转 external reference,Cathaysia/Hainan 亲缘参照，不等于 Palawan–PCT 实体。,,,,,,,,True
E3,E3::EXISTING_REPAIRED::BSPM-452DA1EF807710B8-E3,BSPM-452DA1EF807710B8-E3,13GA-21A,10.1016/j.precamres.2019.02.013,10.1016/j.precamres.2019.02.013,10.1016/j.precamres.2019.02.013,18.84661667,108.7935167,,,China,Cathaysia-Hainan-Taiwan continental margin,E3b_Cathaysia_coast_affinity_reference,AFFINITY_REFERENCE_CHALLENGE_ONLY,METAMORPHIC_BASEMENT_OR_METASEDIMENT,METAMORPHIC_BASEMENT_OR_METASEDIMENT,METAMORPHIC_BASEMENT_OR_METASEDIMENT,,,,不适用或未解析,15,15,15,0,fb1a7e5975a0d523ec0158d66a48f78bfe734456bd41c1a00c07fc8efa796f10,1cd37530f9e8167caf3ebb591b2325ea18e8fc35d9da44ce7c1d0d30338fdd01,False,False,False,EXTERNAL_REFERENCE,转 external reference,Cathaysia/Hainan 亲缘参照，不等于 Palawan–PCT 实体。,,,,,,,,True
E3,E3::EXISTING_REPAIRED::BSPM-2C6C056FC14C312B-E3,BSPM-2C6C056FC14C312B-E3,14HN-12B,10.1016/j.precamres.2019.02.013,10.1016/j.precamres.2019.02.013,10.1016/j.precamres.2019.02.013,19.20986667,108.96675,,,China,Cathaysia-Hainan-Taiwan continental margin,E3b_Cathaysia_coast_affinity_reference,AFFINITY_REFERENCE_CHALLENGE_ONLY,METAMORPHIC_BASEMENT_OR_METASEDIMENT,METAMORPHIC_BASEMENT_OR_METASEDIMENT,METAMORPHIC_BASEMENT_OR_METASEDIMENT,,,,不适用或未解析,23,23,23,0,4c191d702ae717d1a7bedee1fb5922eb8c788afe71c27bce4fa01ce3764c79aa,47aaf80d4b9ec5bd870fa4800b492c45d42c78d7c17c989b6d71342ab09ad723,False,False,False,EXTERNAL_REFERENCE,转 external reference,Cathaysia/Hainan 亲缘参照，不等于 Palawan–PCT 实体。,,,,,,,,True
E3,E3::EXISTING_REPAIRED::BSPM-756CEBFD9CF47C0A-E3,BSPM-756CEBFD9CF47C0A-E3,14HN-12C,10.1016/j.precamres.2019.02.013,10.1016/j.precamres.2019.02.013,10.1016/j.precamres.2019.02.013,19.18866667,108.9717833,,,China,Cathaysia-Hainan-Taiwan continental margin,E3b_Cathaysia_coast_affinity_reference,AFFINITY_REFERENCE_CHALLENGE_ONLY,METAMORPHIC_BASEMENT_OR_METASEDIMENT,METAMORPHIC_BASEMENT_OR_METASEDIMENT,METAMORPHIC_BASEMENT_OR_METASEDIMENT,,,,不适用或未解析,23,23,23,0,340d34b0c49c3da2ce2316786a5a8f73d7ca8bc8e77e97caaea04f33acd2a0a0,a4acf7795c32eb3bd800e48778f1bed6b2e940e2b8f9486210133c3c48a4a031,False,False,False,EXTERNAL_REFERENCE,转 external reference,Cathaysia/Hainan 亲缘参照，不等于 Palawan–PCT 实体。,,,,,,,,True
E3,E3::EXISTING_REPAIRED::BSPM-DBF38C6BA4FF1712-E3,BSPM-DBF38C6BA4FF1712-E3,14HN-13B4,10.1016/j.precamres.2019.02.013,10.1016/j.precamres.2019.02.013,10.1016/j.precamres.2019.02.013,19.1832,108.9693167,,,China,Cathaysia-Hainan-Taiwan continental margin,E3b_Cathaysia_coast_affinity_reference,AFFINITY_REFERENCE_CHALLENGE_ONLY,METAMORPHIC_BASEMENT_OR_METASEDIMENT,METAMORPHIC_BASEMENT_OR_METASEDIMENT,METAMORPHIC_BASEMENT_OR_METASEDIMENT,,,,不适用或未解析,26,26,26,0,353e18201c3122a85a5a9910763e841344b7ed47326819e777827905b2b963a8,0fde4d9f2cf81c76d08923d4acc4bea664a42e5d7525b1c595ab24b53a5e0e72,False,False,False,EXTERNAL_REFERENCE,转 external reference,Cathaysia/Hainan 亲缘参照，不等于 Palawan–PCT 实体。,,,,,,,,True
E3,E3::EXISTING_REPAIRED::BSPM-833862E8A4939B68-E3,BSPM-833862E8A4939B68-E3,16HN-26B,10.1016/j.precamres.2019.02.013,10.1016/j.precamres.2019.02.013,10.1016/j.precamres.2019.02.013,18.58943333,108.9123833,,,China,Cathaysia-Hainan-Taiwan continental margin,E3b_Cathaysia_coast_affinity_reference,AFFINITY_REFERENCE_CHALLENGE_ONLY,METAMORPHIC_BASEMENT_OR_METASEDIMENT,METAMORPHIC_BASEMENT_OR_METASEDIMENT,METAMORPHIC_BASEMENT_OR_METASEDIMENT,,,,不适用或未解析,20,20,20,0,d686588222586170f7672deb7ef5694eb218e8dc0c92edd0a6280f9950bc87be,91564c56117220d1072139d29527034f40c4f5bc44cad03d6bcf252a801c0c6b,False,False,False,EXTERNAL_REFERENCE,转 external reference,Cathaysia/Hainan 亲缘参照，不等于 Palawan–PCT 实体。,,,,,,,,True
E3,E3::EXISTING_REPAIRED::BSPM-38D9EEF6BF686BAF-E3,BSPM-38D9EEF6BF686BAF-E3,14HN-05A,10.1016/j.precamres.2019.02.013,10.1016/j.precamres.2019.02.013,10.1016/j.precamres.2019.02.013,18.84661667,108.7935167,,,China,Cathaysia-Hainan-Taiwan continental margin,E3b_Cathaysia_coast_affinity_reference,AFFINITY_REFERENCE_CHALLENGE_ONLY,METAMORPHIC_BASEMENT_OR_METASEDIMENT,METAMORPHIC_BASEMENT_OR_METASEDIMENT,METAMORPHIC_BASEMENT_OR_METASEDIMENT,,,,不适用或未解析,92,92,92,0,c8de3ae1ac0c42caa42e45f5e64722f817c207295122e1ed083729e85a7a3716,214cab07531b298cdcd624a4e83c5f84ae7bb47add5b16c25f20cdda1f2f20b0,False,False,False,EXTERNAL_REFERENCE,转 external reference,Cathaysia/Hainan 亲缘参照，不等于 Palawan–PCT 实体。,,,,,,,,True
E3,E3::EXISTING_REPAIRED::BSPM-A9A544EAC574A961-E3,BSPM-A9A544EAC574A961-E3,16HN-27B,10.1016/j.precamres.2019.02.013,10.1016/j.precamres.2019.02.013,10.1016/j.precamres.2019.02.013,18.58943333,108.9123833,,,China,Cathaysia-Hainan-Taiwan continental margin,E3b_Cathaysia_coast_affinity_reference,AFFINITY_REFERENCE_CHALLENGE_ONLY,METAMORPHIC_BASEMENT_OR_METASEDIMENT,METAMORPHIC_BASEMENT_OR_METASEDIMENT,METAMORPHIC_BASEMENT_OR_METASEDIMENT,,,,不适用或未解析,84,84,84,0,d87bcbaa03583ac20b62664eca80155e3dc1be250612a0f1722af9212bad9cf8,ce8b2cdd91bf3e047581119bf77724b820d5fe71281a5f5585d85b059abf94cc,False,False,False,EXTERNAL_REFERENCE,转 external reference,Cathaysia/Hainan 亲缘参照，不等于 Palawan–PCT 实体。,,,,,,,,True
E3,E3::EXISTING_REPAIRED::BSPM-39F19EA71149305E-E3,BSPM-39F19EA71149305E-E3,NX-3-2_YU2007,local:ab67017d7879,,local:ab67017d7879,23.48249,116.00629,,,China,Cathaysia-Hainan-Taiwan continental margin,E3b_Cathaysia_coast_affinity_reference,AFFINITY_REFERENCE_CHALLENGE_ONLY,SEDIMENTARY_DETRITAL,SEDIMENTARY_DETRITAL,SEDIMENTARY_DETRITAL,,,,沉积岩；具体沉积相未系统提取，不能据空值推断,58,58,58,0,052537e228c9ea55a10ec7b8f6c614643a41c976311583bfb821717666e356e8,fa72c7dd5c4c9878e42e6dd0268da5c6747f569adbfd62b986c8666d41b089ba,False,False,False,EXTERNAL_REFERENCE,转 external reference,Cathaysia/Hainan 亲缘参照，不等于 Palawan–PCT 实体。,,,,,,,,True
E3,E3::EXISTING_REPAIRED::BSPM-6B3E3A7AD27EBF72-E3,BSPM-6B3E3A7AD27EBF72-E3,712-10,10.1007/s12583-017-0723-y,10.1007/s12583-017-0723-y,10.1007/s12583-017-0723-y,24.90811667,112.0215333,,,China,Cathaysia-Hainan-Taiwan continental margin,E3b_Cathaysia_coast_affinity_reference,AFFINITY_REFERENCE_CHALLENGE_ONLY,SEDIMENTARY_DETRITAL,SEDIMENTARY_DETRITAL,SEDIMENTARY_DETRITAL,,,,沉积岩；具体沉积相未系统提取，不能据空值推断,110,110,110,0,362447b67fed7e7d1ca347e7a961df6b7d2a9e91a1d8738c2109a1fe180f3664,0e5964575bd49d6b2e60c68da0190b74c6bba904bad27a2a47cef32b0b9b97c1,False,False,False,EXTERNAL_REFERENCE,转 external reference,Cathaysia/Hainan 亲缘参照，不等于 Palawan–PCT 实体。,,,,,,,,True
E3,E3::EXISTING_REPAIRED::BSPM-AD99EB64F45A5A96-E3,BSPM-AD99EB64F45A5A96-E3,15XS1,10.1002/gj.4000,10.1002/gj.4000,10.1002/gj.4000,27.44497,116.03067,,,China,Cathaysia-Hainan-Taiwan continental margin,E3b_Cathaysia_coast_affinity_reference,AFFINITY_REFERENCE_CHALLENGE_ONLY,SEDIMENTARY_DETRITAL,SEDIMENTARY_DETRITAL,SEDIMENTARY_DETRITAL,Kuli Formation,Kuli Formation,,沉积岩；具体沉积相未系统提取，不能据空值推断,81,81,81,0,7800658d9fd27ef583d24f9a2331052f7e7f11d0e7df8326978c3909a5207b2f,0f7ce6c04c91542f370d17e2b8213acbc7d5b826aece54eb2d9e002cce9116d2,False,False,False,EXTERNAL_REFERENCE,转 external reference,Cathaysia/Hainan 亲缘参照，不等于 Palawan–PCT 实体。,,,,,,,,True
E3,E3::EXISTING_REPAIRED::BSPM-0BEC4D9CB8520ADA-E3,BSPM-0BEC4D9CB8520ADA-E3,15XS12,10.1002/gj.4000,10.1002/gj.4000,10.1002/gj.4000,27.44497,116.03067,,,China,Cathaysia-Hainan-Taiwan continental margin,E3b_Cathaysia_coast_affinity_reference,AFFINITY_REFERENCE_CHALLENGE_ONLY,SEDIMENTARY_DETRITAL,SEDIMENTARY_DETRITAL,SEDIMENTARY_DETRITAL,Shangshi Formation,Shangshi Formation,,沉积岩；具体沉积相未系统提取，不能据空值推断,65,65,65,0,ad0a0d677b330d87c91c2ad784b158407a2cc9e8c3c5d15ecf10357c819bd7e1,4de3f0916ac2bb351ed791a0d51d9db9d5270e4c6e6faa86b04275291cc74205,False,False,False,EXTERNAL_REFERENCE,转 external reference,Cathaysia/Hainan 亲缘参照，不等于 Palawan–PCT 实体。,,,,,,,,True
E3,E3::EXISTING_REPAIRED::BSPM-D1FDF20DCFCBE1DE-E3,BSPM-D1FDF20DCFCBE1DE-E3,15XS19,10.1002/gj.4000,10.1002/gj.4000,10.1002/gj.4000,27.44497,116.03067,,,China,Cathaysia-Hainan-Taiwan continental margin,E3b_Cathaysia_coast_affinity_reference,AFFINITY_REFERENCE_CHALLENGE_ONLY,SEDIMENTARY_DETRITAL,SEDIMENTARY_DETRITAL,SEDIMENTARY_DETRITAL,Shenshan Formation,Shenshan Formation,,沉积岩；具体沉积相未系统提取，不能据空值推断,82,82,82,0,542b3d027c07c6e0a2137d25a29baccc7022ee2c1cbfc08b78e50a1973156139,40da7bde91f358da271f7d5fd20c83361b285e860f1d6b045302a8d4221b5fec,False,False,False,EXTERNAL_REFERENCE,转 external reference,Cathaysia/Hainan 亲缘参照，不等于 Palawan–PCT 实体。,,,,,,,,True
E3,E3::EXISTING_REPAIRED::BSPM-1E3AC33613F99DA9-E3,BSPM-1E3AC33613F99DA9-E3,15XS21,10.1002/gj.4000,10.1002/gj.4000,10.1002/gj.4000,27.44497,116.03067,,,China,Cathaysia-Hainan-Taiwan continental margin,E3b_Cathaysia_coast_affinity_reference,AFFINITY_REFERENCE_CHALLENGE_ONLY,SEDIMENTARY_DETRITAL,SEDIMENTARY_DETRITAL,SEDIMENTARY_DETRITAL,Shenshan Formation,Shenshan Formation,,沉积岩；具体沉积相未系统提取，不能据空值推断,60,60,60,0,4c19a1be02c051b44027c3d3fc9475325d2c4cbb501fbb39386410a0f8467667,8be1ab0b18f9a49928307f1a25b3d196ac7d7b1810fbdfae49f39ccf1552b23e,False,False,False,EXTERNAL_REFERENCE,转 external reference,Cathaysia/Hainan 亲缘参照，不等于 Palawan–PCT 实体。,,,,,,,,True
E3,E3::EXISTING_REPAIRED::BSPM-895FE7A41A4FB4F8-E3,BSPM-895FE7A41A4FB4F8-E3,SGW14-25,10.1130/b35588.1,10.1130/b35588.1,10.1130/b35588.1,25.01622222,113.8515,,,China,Cathaysia-Hainan-Taiwan continental margin,E3b_Cathaysia_coast_affinity_reference,AFFINITY_REFERENCE_CHALLENGE_ONLY,SEDIMENTARY_DETRITAL,SEDIMENTARY_DETRITAL,SEDIMENTARY_DETRITAL,Xiahuangkeng Formation,Xiahuangkeng Formation,,沉积岩；具体沉积相未系统提取，不能据空值推断,80,80,80,0,202a4be2a509734803fbefd0696ed58bd8c82f1829d91fab4cd80d6cb5511d4d,10a21e4afa29911694b0b9740101263c7ceb3d8c5a821c61fea432bca680adae,False,False,False,EXTERNAL_REFERENCE,转 external reference,Cathaysia/Hainan 亲缘参照，不等于 Palawan–PCT 实体。,,,,,,,,True
E3,E3::EXISTING_REPAIRED::BSPM-EDA2DB3BAF60B6E0-E3,BSPM-EDA2DB3BAF60B6E0-E3,SGW14-34,10.1130/b35588.1,10.1130/b35588.1,10.1130/b35588.1,25.23777778,114.1868889,,,China,Cathaysia-Hainan-Taiwan continental margin,E3b_Cathaysia_coast_affinity_reference,AFFINITY_REFERENCE_CHALLENGE_ONLY,SEDIMENTARY_DETRITAL,SEDIMENTARY_DETRITAL,SEDIMENTARY_DETRITAL,Laoshuzhai Formation,Laoshuzhai Formation,,沉积岩；具体沉积相未系统提取，不能据空值推断,80,80,80,0,e1a07a3c158ca1aae1389aa34f878ec37989f0c4f1ed4eeac137557ae376d9f7,e4e0f269f6578d3666570dcc3c84c2a7cdde2b40b69dea4c4f31297f73e4d536,False,False,False,EXTERNAL_REFERENCE,转 external reference,Cathaysia/Hainan 亲缘参照，不等于 Palawan–PCT 实体。,,,,,,,,True
E3,E3::EXISTING_REPAIRED::BSPM-62C2FB7A5F254B17-E3,BSPM-62C2FB7A5F254B17-E3,SGW14-20,10.1130/b35588.1,10.1130/b35588.1,10.1130/b35588.1,24.99277778,113.8228333,,,China,Cathaysia-Hainan-Taiwan continental margin,E3b_Cathaysia_coast_affinity_reference,AFFINITY_REFERENCE_CHALLENGE_ONLY,SEDIMENTARY_DETRITAL,SEDIMENTARY_DETRITAL,SEDIMENTARY_DETRITAL,Oujiadong Formation,Oujiadong Formation,,沉积岩；具体沉积相未系统提取，不能据空值推断,80,80,80,0,465a7fd3378644143a3da94746fb3178a1150ea3d8c22ea4eefa8b95e8c9b617,e7e2e812f20d0c601d99aa9b7dbb98217cb91fb435a9b5caa1e349699032bedc,False,False,False,EXTERNAL_REFERENCE,转 external reference,Cathaysia/Hainan 亲缘参照，不等于 Palawan–PCT 实体。,,,,,,,,True
E3,E3::EXISTING_REPAIRED::BSPM-522AC85FAD361A7E-E3,BSPM-522AC85FAD361A7E-E3,SGW14-14,10.1130/b35588.1,10.1130/b35588.1,10.1130/b35588.1,24.93505556,113.2959167,,,China,Cathaysia-Hainan-Taiwan continental margin,E3b_Cathaysia_coast_affinity_reference,AFFINITY_REFERENCE_CHALLENGE_ONLY,SEDIMENTARY_DETRITAL,SEDIMENTARY_DETRITAL,SEDIMENTARY_DETRITAL,Xiazhai Formation,Xiazhai Formation,,沉积岩；具体沉积相未系统提取，不能据空值推断,80,80,80,0,9b0769a79c6d654f6326bc7b203b382b781ff9947bf2f3a82dbef9d9c91ccb59,b17b56528fe193e4940b4beccefc4a288c184dad42569b84a431b377f69ee1e1,False,False,False,EXTERNAL_REFERENCE,转 external reference,Cathaysia/Hainan 亲缘参照，不等于 Palawan–PCT 实体。,,,,,,,,True
E3,E3::EXISTING_REPAIRED::BSPM-01D4824679F4C0AD-E3,BSPM-01D4824679F4C0AD-E3,SGW14-03,10.1130/b35588.1,10.1130/b35588.1,10.1130/b35588.1,24.94788889,113.3451667,,,China,Cathaysia-Hainan-Taiwan continental margin,E3b_Cathaysia_coast_affinity_reference,AFFINITY_REFERENCE_CHALLENGE_ONLY,SEDIMENTARY_DETRITAL,SEDIMENTARY_DETRITAL,SEDIMENTARY_DETRITAL,Laohutang Formation,Laohutang Formation,,沉积岩；具体沉积相未系统提取，不能据空值推断,80,80,80,0,0c608b6665ba6ff7c9a120993e0620dff7cbc3d41d1b3a5252895449fb253b96,8fcaac472fc30839917d7a67ebc889a8e6f9cd63cf8c2913732995724f6f34ab,False,False,False,EXTERNAL_REFERENCE,转 external reference,Cathaysia/Hainan 亲缘参照，不等于 Palawan–PCT 实体。,,,,,,,,True
E3,E3::EXISTING_REPAIRED::BSPM-70B26F21D106B58F-E3,BSPM-70B26F21D106B58F-E3,12QQ1-2,10.1016/j.precamres.2017.05.017,10.1016/j.precamres.2017.05.017,10.1016/j.precamres.2017.05.017,27.44026,115.35036,,,China,Cathaysia-Hainan-Taiwan continental margin,E3b_Cathaysia_coast_affinity_reference,AFFINITY_REFERENCE_CHALLENGE_ONLY,SEDIMENTARY_DETRITAL,SEDIMENTARY_DETRITAL,SEDIMENTARY_DETRITAL,Xiafang Formation,Xiafang Formation,,沉积岩；具体沉积相未系统提取，不能据空值推断,155,155,155,0,b9f6abe15953eb4c59c0966fe78f8c8e4e73897ca0bd1108eaa18a77a37efe69,8ecd926440802b8eafa332a06d281e31cb5c9df812d39c2b90f03145f711e114,False,False,False,EXTERNAL_REFERENCE,转 external reference,Cathaysia/Hainan 亲缘参照，不等于 Palawan–PCT 实体。,,,,,,,,True
E3,E3::EXISTING_REPAIRED::BSPM-A7BDA9D68CA48538-E3,BSPM-A7BDA9D68CA48538-E3,12QQ2-2,10.1016/j.precamres.2017.05.017,10.1016/j.precamres.2017.05.017,10.1016/j.precamres.2017.05.017,27.44026,115.35036,,,China,Cathaysia-Hainan-Taiwan continental margin,E3b_Cathaysia_coast_affinity_reference,AFFINITY_REFERENCE_CHALLENGE_ONLY,SEDIMENTARY_DETRITAL,SEDIMENTARY_DETRITAL,SEDIMENTARY_DETRITAL,Xiafang Formation,Xiafang Formation,,沉积岩；具体沉积相未系统提取，不能据空值推断,91,91,91,0,8778084333c92f8c01c26e919033902e41ad105de2db5b8abf36020b33e4c28f,d5481cc7830883f117a7d798a1159657cfca06c8164c8500f60cc7ae6ab6d019,False,False,False,EXTERNAL_REFERENCE,转 external reference,Cathaysia/Hainan 亲缘参照，不等于 Palawan–PCT 实体。,,,,,,,,True
E3,E3::EXISTING_REPAIRED::BSPM-B48693FC57E4754E-E3,BSPM-B48693FC57E4754E-E3,12QQ2-5,10.1016/j.precamres.2017.05.017,10.1016/j.precamres.2017.05.017,10.1016/j.precamres.2017.05.017,27.44026,115.35036,,,China,Cathaysia-Hainan-Taiwan continental margin,E3b_Cathaysia_coast_affinity_reference,AFFINITY_REFERENCE_CHALLENGE_ONLY,SEDIMENTARY_DETRITAL,SEDIMENTARY_DETRITAL,SEDIMENTARY_DETRITAL,Xiafang Formation,Xiafang Formation,,沉积岩；具体沉积相未系统提取，不能据空值推断,205,205,205,0,b817c944951becf980e318a822a45e66dad7714a1a91d06e6188eb02f9110997,898fcaf1c19b90c0884e9fb5408d52302f0220dc1ec55ce1542568b4438731d4,False,False,False,EXTERNAL_REFERENCE,转 external reference,Cathaysia/Hainan 亲缘参照，不等于 Palawan–PCT 实体。,,,,,,,,True
E3,E3::EXISTING_REPAIRED::BSPM-27FD72F171DE6346-E3,BSPM-27FD72F171DE6346-E3,12QQ4-4,10.1016/j.precamres.2017.05.017,10.1016/j.precamres.2017.05.017,10.1016/j.precamres.2017.05.017,27.4004,115.40017,,,China,Cathaysia-Hainan-Taiwan continental margin,E3b_Cathaysia_coast_affinity_reference,AFFINITY_REFERENCE_CHALLENGE_ONLY,SEDIMENTARY_DETRITAL,SEDIMENTARY_DETRITAL,SEDIMENTARY_DETRITAL,Xiafang Formation,Xiafang Formation,,沉积岩；具体沉积相未系统提取，不能据空值推断,68,68,68,0,1de7b05f3671d6fc106301a685b6867bae8062494921add962c43fe5e3f49056,2810a1ef722fea58a63a23c17573940b82fdfe9d3af8a169a60a1a852b878d8a,False,False,False,EXTERNAL_REFERENCE,转 external reference,Cathaysia/Hainan 亲缘参照，不等于 Palawan–PCT 实体。,,,,,,,,True
E3,E3::EXISTING_REPAIRED::BSPM-04DA6A5482660717-E3,BSPM-04DA6A5482660717-E3,12QQ4-8,10.1016/j.precamres.2017.05.017,10.1016/j.precamres.2017.05.017,10.1016/j.precamres.2017.05.017,27.44026,115.35036,,,China,Cathaysia-Hainan-Taiwan continental margin,E3b_Cathaysia_coast_affinity_reference,AFFINITY_REFERENCE_CHALLENGE_ONLY,SEDIMENTARY_DETRITAL,SEDIMENTARY_DETRITAL,SEDIMENTARY_DETRITAL,Xiafang Formation,Xiafang Formation,,沉积岩；具体沉积相未系统提取，不能据空值推断,92,92,92,0,81e47d74e0d47cfd2f953b3b5fecbc6cbf9ce79fff6284da6e461bc639e464a3,1fc864fc5940b91ab8accaeb28a0cfd767be9159704958d1d6479f32b580e4d5,False,False,False,EXTERNAL_REFERENCE,转 external reference,Cathaysia/Hainan 亲缘参照，不等于 Palawan–PCT 实体。,,,,,,,,True
E3,E3::EXISTING_REPAIRED::BSPM-869EDA85925E8F93-E3,BSPM-869EDA85925E8F93-E3,YHSV-69,10.1016/j.precamres.2017.05.017,10.1016/j.precamres.2017.05.017,10.1016/j.precamres.2017.05.017,27.44026,115.35036,,,China,Cathaysia-Hainan-Taiwan continental margin,E3b_Cathaysia_coast_affinity_reference,AFFINITY_REFERENCE_CHALLENGE_ONLY,SEDIMENTARY_DETRITAL,SEDIMENTARY_DETRITAL,SEDIMENTARY_DETRITAL,Xiafang Formation,Xiafang Formation,,沉积岩；具体沉积相未系统提取，不能据空值推断,76,76,76,0,db32d2d2652406bba5aa7dc3d8a3fd03c13be9ef155c8fa5fadf7adb7a88b688,5d059f33bac1ffdbe2b7ef28e6d9566731bf0a856719586c050804a8abddfbd2,False,False,False,EXTERNAL_REFERENCE,转 external reference,Cathaysia/Hainan 亲缘参照，不等于 Palawan–PCT 实体。,,,,,,,,True
E3,E3::EXISTING_REPAIRED::BSPM-75F859BBD9A3BA8D-E3,BSPM-75F859BBD9A3BA8D-E3,11XS-2,10.1016/j.precamres.2017.05.017,10.1016/j.precamres.2017.05.017,10.1016/j.precamres.2017.05.017,27.73376667,115.5839333,,,China,Cathaysia-Hainan-Taiwan continental margin,E3b_Cathaysia_coast_affinity_reference,AFFINITY_REFERENCE_CHALLENGE_ONLY,SEDIMENTARY_DETRITAL,SEDIMENTARY_DETRITAL,SEDIMENTARY_DETRITAL,Xiafang Formation,Xiafang Formation,,沉积岩；具体沉积相未系统提取，不能据空值推断,67,67,67,0,fcd5998ede6ddc96c0d259131330eae4fef02f21174ee4ccc9651ac422baf15f,0cd3aee327d2784fa1b0a1a07b153bcb4e3ef7bf48ddadd625273a1d253b7763,False,False,False,EXTERNAL_REFERENCE,转 external reference,Cathaysia/Hainan 亲缘参照，不等于 Palawan–PCT 实体。,,,,,,,,True
E3,E3::EXISTING_REPAIRED::BSPM-38CF77DA7C95A26D-E3,BSPM-38CF77DA7C95A26D-E3,11XS-14,10.1016/j.precamres.2017.05.017,10.1016/j.precamres.2017.05.017,10.1016/j.precamres.2017.05.017,27.37012,115.55026,,,China,Cathaysia-Hainan-Taiwan continental margin,E3b_Cathaysia_coast_affinity_reference,AFFINITY_REFERENCE_CHALLENGE_ONLY,SEDIMENTARY_DETRITAL,SEDIMENTARY_DETRITAL,SEDIMENTARY_DETRITAL,Xiafang Formation,Xiafang Formation,,沉积岩；具体沉积相未系统提取，不能据空值推断,72,72,72,0,168f36c2eaee220fcb609ebb1091b13130a2acf3b6d6c3403c7a4c88b575bce2,f0dda9dabb7e94a4afe52bca5d8119c5047440c24365339c3e9a57b422ce2373,False,False,False,EXTERNAL_REFERENCE,转 external reference,Cathaysia/Hainan 亲缘参照，不等于 Palawan–PCT 实体。,,,,,,,,True
E3,E3::EXISTING_REPAIRED::BSPM-FE786BE2BD52C02A-E3,BSPM-FE786BE2BD52C02A-E3,11XS-18,10.1016/j.precamres.2017.05.017,10.1016/j.precamres.2017.05.017,10.1016/j.precamres.2017.05.017,27.37018,116.00002,,,China,Cathaysia-Hainan-Taiwan continental margin,E3b_Cathaysia_coast_affinity_reference,AFFINITY_REFERENCE_CHALLENGE_ONLY,SEDIMENTARY_DETRITAL,SEDIMENTARY_DETRITAL,SEDIMENTARY_DETRITAL,Xiafang Formation,Xiafang Formation,,沉积岩；具体沉积相未系统提取，不能据空值推断,39,39,39,0,f8f624959520a485eb58803d68eb967066d15a1a58e0afb28c4ec75b6dccdd5d,fbb01abeae37e1bdeff61c0e192c9c48213e2bb0a1cc2f0028d7a711fc0f1c12,False,False,False,EXTERNAL_REFERENCE,转 external reference,Cathaysia/Hainan 亲缘参照，不等于 Palawan–PCT 实体。,,,,,,,,True
E3,E3::EXISTING_REPAIRED::BSPM-4A22FB879A61DBA6-E3,BSPM-4A22FB879A61DBA6-E3,19GY-6,10.1016/j.precamres.2020.105898,10.1016/j.precamres.2020.105898,10.1016/j.precamres.2020.105898,26.11438889,112.5809722,,,China,Cathaysia-Hainan-Taiwan continental margin,E3b_Cathaysia_coast_affinity_reference,AFFINITY_REFERENCE_CHALLENGE_ONLY,SEDIMENTARY_DETRITAL,SEDIMENTARY_DETRITAL,SEDIMENTARY_DETRITAL,Aiqiling Fm,Aiqiling Fm,,沉积岩；具体沉积相未系统提取，不能据空值推断,80,80,80,0,c50e346c68a5b48770df1bc36257faff343a43adcd5c53d129871d53dac76f88,6d3a5d7c677c147cdfeb27bcecef9035d5dd1bddfab31910dd99b70d1cb03460,False,False,False,EXTERNAL_REFERENCE,转 external reference,Cathaysia/Hainan 亲缘参照，不等于 Palawan–PCT 实体。,,,,,,,,True
E3,E3::EXISTING_REPAIRED::BSPM-615A1BAAAB51EE15-E3,BSPM-615A1BAAAB51EE15-E3,19GY-14,10.1016/j.precamres.2020.105898,10.1016/j.precamres.2020.105898,10.1016/j.precamres.2020.105898,26.11316667,112.5842222,,,China,Cathaysia-Hainan-Taiwan continental margin,E3b_Cathaysia_coast_affinity_reference,AFFINITY_REFERENCE_CHALLENGE_ONLY,SEDIMENTARY_DETRITAL,SEDIMENTARY_DETRITAL,SEDIMENTARY_DETRITAL,Zhengyuanling Fm,Zhengyuanling Fm,,沉积岩；具体沉积相未系统提取，不能据空值推断,80,80,80,0,4ac64f5778d0d9b429bd5f6f8099b89d4fb3714e5eed9a160b359375ccd5e8a6,91eb90ec0cd47b49b6b545d2c1a1efd02034683c481a76ccb730fd720ad89ea1,False,False,False,EXTERNAL_REFERENCE,转 external reference,Cathaysia/Hainan 亲缘参照，不等于 Palawan–PCT 实体。,,,,,,,,True
E3,E3::EXISTING_REPAIRED::BSPM-9522C6C0A4046A7C-E3,BSPM-9522C6C0A4046A7C-E3,19GY-17,10.1016/j.precamres.2020.105898,10.1016/j.precamres.2020.105898,10.1016/j.precamres.2020.105898,26.11205556,112.5813333,,,China,Cathaysia-Hainan-Taiwan continental margin,E3b_Cathaysia_coast_affinity_reference,AFFINITY_REFERENCE_CHALLENGE_ONLY,SEDIMENTARY_DETRITAL,SEDIMENTARY_DETRITAL,SEDIMENTARY_DETRITAL,Tianzidi Fm,Tianzidi Fm,,沉积岩；具体沉积相未系统提取，不能据空值推断,80,80,80,0,f626de158bd8b3bb08af55414fea533b42af447ba20e6ac5f4ec138d22cdf6f8,93bbb0d969ac34e1aa5574cab87446e5992584bed73b69235b0ccbd971e8ab3b,False,False,False,EXTERNAL_REFERENCE,转 external reference,Cathaysia/Hainan 亲缘参照，不等于 Palawan–PCT 实体。,,,,,,,,True
E3,E3::EXISTING_REPAIRED::BSPM-D62CA3BEA55D2BAA-E3,BSPM-D62CA3BEA55D2BAA-E3,19GY-11,10.1016/j.precamres.2020.105898,10.1016/j.precamres.2020.105898,10.1016/j.precamres.2020.105898,26.11055556,112.5830556,,,China,Cathaysia-Hainan-Taiwan continental margin,E3b_Cathaysia_coast_affinity_reference,AFFINITY_REFERENCE_CHALLENGE_ONLY,SEDIMENTARY_DETRITAL,SEDIMENTARY_DETRITAL,SEDIMENTARY_DETRITAL,Tianzidi Fm,Tianzidi Fm,,沉积岩；具体沉积相未系统提取，不能据空值推断,42,42,42,0,efaeebc95276d11fd5b56630c69ad0718891912357c97b76bcf53b09a877d0b2,5736d14dcf26c442fbcb43bc01bd4b2ca93db4251572e3328e71cc3285c6aef8,False,False,False,EXTERNAL_REFERENCE,转 external reference,Cathaysia/Hainan 亲缘参照，不等于 Palawan–PCT 实体。,,,,,,,,True
E3,E3::EXISTING_REPAIRED::BSPM-5E6CF161302CBCC3-E3,BSPM-5E6CF161302CBCC3-E3,19GY-42,10.1016/j.precamres.2020.105898,10.1016/j.precamres.2020.105898,10.1016/j.precamres.2020.105898,26.10663889,112.5828611,,,China,Cathaysia-Hainan-Taiwan continental margin,E3b_Cathaysia_coast_affinity_reference,AFFINITY_REFERENCE_CHALLENGE_ONLY,SEDIMENTARY_DETRITAL,SEDIMENTARY_DETRITAL,SEDIMENTARY_DETRITAL,Sizhoushan Fm,Sizhoushan Fm,,沉积岩；具体沉积相未系统提取，不能据空值推断,80,80,80,0,255647e2e1da4650121775a0185496429a84544399c423dab06b8d925f86b0e7,1545b1d4823812e94903a9b25b5a7a1aa1cd55d8af398f2cf5ed6659f3c80223,False,False,False,EXTERNAL_REFERENCE,转 external reference,Cathaysia/Hainan 亲缘参照，不等于 Palawan–PCT 实体。,,,,,,,,True
E3,E3::EXISTING_REPAIRED::BSPM-2D525AA446A968CA-E3,BSPM-2D525AA446A968CA-E3,19GY-40,10.1016/j.precamres.2020.105898,10.1016/j.precamres.2020.105898,10.1016/j.precamres.2020.105898,26.10363889,112.5813333,,,China,Cathaysia-Hainan-Taiwan continental margin,E3b_Cathaysia_coast_affinity_reference,AFFINITY_REFERENCE_CHALLENGE_ONLY,SEDIMENTARY_DETRITAL,SEDIMENTARY_DETRITAL,SEDIMENTARY_DETRITAL,Dajiangbian Fm,Dajiangbian Fm,,沉积岩；具体沉积相未系统提取，不能据空值推断,80,80,80,0,55c6a5a45d12157d8c7721035c430e094ec860a6416a307ec9ca530986ed469c,d3fed80fb89063f7b0c5825c86c574519b698963dd604f60c36ebb6055da4c12,False,False,False,EXTERNAL_REFERENCE,转 external reference,Cathaysia/Hainan 亲缘参照，不等于 Palawan–PCT 实体。,,,,,,,,True
E3,E3::EXISTING_REPAIRED::BSPM-826FDB156F63D0D5-E3,BSPM-826FDB156F63D0D5-E3,J198-1,10.1017/s0016756810000725,10.1017/s0016756810000725,10.1017/s0016756810000725,25.33875,114.311806,,,China,Cathaysia-Hainan-Taiwan continental margin,E3b_Cathaysia_coast_affinity_reference,AFFINITY_REFERENCE_CHALLENGE_ONLY,SEDIMENTARY_DETRITAL,SEDIMENTARY_DETRITAL,SEDIMENTARY_DETRITAL,,,,沉积岩；具体沉积相未系统提取，不能据空值推断,107,107,107,0,49378bd708e2d6e9399a6dc51dfcdeb31c6a7a419f98a11345fe6cb6ce5a8f52,ce86b86b702eff9842c4b626e8d49d08085265037333a1b7e2d9124d0a3f0961,False,False,False,EXTERNAL_REFERENCE,转 external reference,Cathaysia/Hainan 亲缘参照，不等于 Palawan–PCT 实体。,,,,,,,,True
E3,E3::EXISTING_REPAIRED::BSPM-72A0742980AA5CFD-E3,BSPM-72A0742980AA5CFD-E3,FJ0107,10.1016/j.gr.2006.10.016,10.1016/j.gr.2006.10.016,10.1016/j.gr.2006.10.016,26.73936,116.66111,,,China,Cathaysia-Hainan-Taiwan continental margin,E3b_Cathaysia_coast_affinity_reference,AFFINITY_REFERENCE_CHALLENGE_ONLY,IGNEOUS_OR_VOLCANIC_BEDROCK,IGNEOUS_OR_VOLCANIC_BEDROCK,IGNEOUS_OR_VOLCANIC_BEDROCK,Tianjingping,Tianjingping,,不适用或未解析,32,32,32,0,ec3a8c304dd9e0b2907c8a33f04162c3ce60107e5597157e0cf7e573d5c93705,2b4fc648892d8ba70342e4cf6cd1b17069a3f0ec9dee29b39609a1bba692c538,False,False,False,EXTERNAL_REFERENCE,转 external reference,Cathaysia/Hainan 亲缘参照，不等于 Palawan–PCT 实体。,,,,,,,,True
E3,E3::EXISTING_REPAIRED::BSPM-5F29EED0E00BEB47-E3,BSPM-5F29EED0E00BEB47-E3,FJ0108,10.1016/j.gr.2006.10.016,10.1016/j.gr.2006.10.016,10.1016/j.gr.2006.10.016,26.73936,116.66111,,,China,Cathaysia-Hainan-Taiwan continental margin,E3b_Cathaysia_coast_affinity_reference,AFFINITY_REFERENCE_CHALLENGE_ONLY,IGNEOUS_OR_VOLCANIC_BEDROCK,IGNEOUS_OR_VOLCANIC_BEDROCK,IGNEOUS_OR_VOLCANIC_BEDROCK,Tianjingping,Tianjingping,,不适用或未解析,13,13,13,0,5818298c9eb519ff6548451a5a53497b9b9704dc87ac8abb825af63dc54e4810,bf252d625fd8f12cd548f74ac0348b3ea0bcbc1ecd9fa96238ee021720e3e58d,False,False,False,EXTERNAL_REFERENCE,转 external reference,Cathaysia/Hainan 亲缘参照，不等于 Palawan–PCT 实体。,,,,,,,,True
E3,E3::EXISTING_REPAIRED::BSPM-7E2456D4E377366F-E3,BSPM-7E2456D4E377366F-E3,FJ0110,10.1016/j.gr.2006.10.016,10.1016/j.gr.2006.10.016,10.1016/j.gr.2006.10.016,27.58598,117.98013,,,China,Cathaysia-Hainan-Taiwan continental margin,E3b_Cathaysia_coast_affinity_reference,AFFINITY_REFERENCE_CHALLENGE_ONLY,IGNEOUS_OR_VOLCANIC_BEDROCK,IGNEOUS_OR_VOLCANIC_BEDROCK,IGNEOUS_OR_VOLCANIC_BEDROCK,Dajinshan,Dajinshan,,不适用或未解析,32,32,32,0,19ab66b54dfcf707a252ee3b20272ef9cf74008db96ecbaf6ca9fb52ea369d1d,88d5a2890d62d595e334d5c8a9db9ac9deb20e8c20b27293fbdf804e493890e2,False,False,False,EXTERNAL_REFERENCE,转 external reference,Cathaysia/Hainan 亲缘参照，不等于 Palawan–PCT 实体。,,,,,,,,True
E3,E3::EXISTING_REPAIRED::BSPM-4EE3DF37C40B139C-E3,BSPM-4EE3DF37C40B139C-E3,FJ0115,10.1016/j.gr.2006.10.016,10.1016/j.gr.2006.10.016,10.1016/j.gr.2006.10.016,27.33174,118.12042,,,China,Cathaysia-Hainan-Taiwan continental margin,E3b_Cathaysia_coast_affinity_reference,AFFINITY_REFERENCE_CHALLENGE_ONLY,IGNEOUS_OR_VOLCANIC_BEDROCK,IGNEOUS_OR_VOLCANIC_BEDROCK,IGNEOUS_OR_VOLCANIC_BEDROCK,Nanshan,Nanshan,,不适用或未解析,25,25,25,0,1d66a15de99f52331fcc4fc9b7044bbc1d295b74a394ada131f0bb193af9779f,c7e12e2eb2525e5dcca49f66f847fdd1f34adc76b86cb5d99d6f897aa1e3af12,False,False,False,EXTERNAL_REFERENCE,转 external reference,Cathaysia/Hainan 亲缘参照，不等于 Palawan–PCT 实体。,,,,,,,,True
E3,E3::EXISTING_REPAIRED::BSPM-3CDFB9945B6E142E-E3,BSPM-3CDFB9945B6E142E-E3,FJ0102,10.1016/j.gr.2006.10.016,10.1016/j.gr.2006.10.016,10.1016/j.gr.2006.10.016,26.75136,117.18883,,,China,Cathaysia-Hainan-Taiwan continental margin,E3b_Cathaysia_coast_affinity_reference,AFFINITY_REFERENCE_CHALLENGE_ONLY,IGNEOUS_OR_VOLCANIC_BEDROCK,IGNEOUS_OR_VOLCANIC_BEDROCK,IGNEOUS_OR_VOLCANIC_BEDROCK,Xiafeng,Xiafeng,,不适用或未解析,16,16,16,0,3e4ac46033d189dc4f0e6b63560ca69b67f09aabd275bf5baf2b42bde2070758,744e7f030f8c9bd10564d09c6cfafca43e2200a212fe91787e15741b62300659,False,False,False,EXTERNAL_REFERENCE,转 external reference,Cathaysia/Hainan 亲缘参照，不等于 Palawan–PCT 实体。,,,,,,,,True
E3,E3::EXISTING_REPAIRED::BSPM-E1B693FC418FAC8C-E3,BSPM-E1B693FC418FAC8C-E3,FJ0117,10.1016/j.gr.2006.10.016,10.1016/j.gr.2006.10.016,10.1016/j.gr.2006.10.016,26.63094,118.51717,,,China,Cathaysia-Hainan-Taiwan continental margin,E3b_Cathaysia_coast_affinity_reference,AFFINITY_REFERENCE_CHALLENGE_ONLY,IGNEOUS_OR_VOLCANIC_BEDROCK,IGNEOUS_OR_VOLCANIC_BEDROCK,IGNEOUS_OR_VOLCANIC_BEDROCK,Daling,Daling,,不适用或未解析,15,15,15,0,01b747c343858479544150d6bc04fbc22e4fb409efd0c4cb0f7a1309ff31bacb,eea259e34cc56cf580e7fc73bdc41e967288ed95a4344691dd2b77d3ee1054fb,False,False,False,EXTERNAL_REFERENCE,转 external reference,Cathaysia/Hainan 亲缘参照，不等于 Palawan–PCT 实体。,,,,,,,,True
E3,E3::EXISTING_REPAIRED::BSPM-E42D9151D250EDED-E3,BSPM-E42D9151D250EDED-E3,FJ0119,10.1016/j.gr.2006.10.016,10.1016/j.gr.2006.10.016,10.1016/j.gr.2006.10.016,26.63094,118.51717,,,China,Cathaysia-Hainan-Taiwan continental margin,E3b_Cathaysia_coast_affinity_reference,AFFINITY_REFERENCE_CHALLENGE_ONLY,IGNEOUS_OR_VOLCANIC_BEDROCK,IGNEOUS_OR_VOLCANIC_BEDROCK,IGNEOUS_OR_VOLCANIC_BEDROCK,Dikou,Dikou,,不适用或未解析,27,27,27,0,5ff83cd34d362b1f8b47f027212fa393155c06c30f782160d6b0131c265ba6ce,b9d125dd949a7c1a30ef88fa66e3d66ad31aec81a87e215f0fb50e013dec3f82,False,False,False,EXTERNAL_REFERENCE,转 external reference,Cathaysia/Hainan 亲缘参照，不等于 Palawan–PCT 实体。,,,,,,,,True
E3,E3::EXISTING_REPAIRED::BSPM-1BD5D80E5093E434-E3,BSPM-1BD5D80E5093E434-E3,FJ0109,10.1016/j.gr.2006.10.016,10.1016/j.gr.2006.10.016,10.1016/j.gr.2006.10.016,27.29737,117.50187,,,China,Cathaysia-Hainan-Taiwan continental margin,E3b_Cathaysia_coast_affinity_reference,AFFINITY_REFERENCE_CHALLENGE_ONLY,IGNEOUS_OR_VOLCANIC_BEDROCK,IGNEOUS_OR_VOLCANIC_BEDROCK,IGNEOUS_OR_VOLCANIC_BEDROCK,Jiaoxi,Jiaoxi,,不适用或未解析,17,17,17,0,ae491a04077cb59de6be697de46cdb2394d58f54f600acc8f3fb99c7e518115e,48a1b8ca39d0e67db812a1bfdce93cb08f2564de2d275bdc09856952c53c51c3,False,False,False,EXTERNAL_REFERENCE,转 external reference,Cathaysia/Hainan 亲缘参照，不等于 Palawan–PCT 实体。,,,,,,,,True
E3,E3::EXISTING_REPAIRED::BSPM-AFC7189627420AB0-E3,BSPM-AFC7189627420AB0-E3,G0104-1,10.1016/j.jseaes.2009.08.002,10.1016/j.jseaes.2009.08.002,10.1016/j.jseaes.2009.08.002,22.29083,111.215,,,China,Cathaysia-Hainan-Taiwan continental margin,E3b_Cathaysia_coast_affinity_reference,AFFINITY_REFERENCE_CHALLENGE_ONLY,SEDIMENTARY_DETRITAL,SEDIMENTARY_DETRITAL,SEDIMENTARY_DETRITAL,,,,沉积岩；具体沉积相未系统提取，不能据空值推断,52,52,52,0,3b7b4e93c091018b993e89ebbb1672ad09c7ed7b4ba613d5896e6ff52d33fc47,4e208163aeee9c58bdf25ea1c81987017cc5046f857b386c26a77c92efd984d8,False,False,False,EXTERNAL_REFERENCE,转 external reference,Cathaysia/Hainan 亲缘参照，不等于 Palawan–PCT 实体。,,,,,,,,True
E3,E3::EXISTING_REPAIRED::BSPM-2E4B685A9D952E97-E3,BSPM-2E4B685A9D952E97-E3,G0103-1,10.1016/j.jseaes.2009.08.002,10.1016/j.jseaes.2009.08.002,10.1016/j.jseaes.2009.08.002,22.29083,111.215,,,China,Cathaysia-Hainan-Taiwan continental margin,E3b_Cathaysia_coast_affinity_reference,AFFINITY_REFERENCE_CHALLENGE_ONLY,SEDIMENTARY_DETRITAL,SEDIMENTARY_DETRITAL,SEDIMENTARY_DETRITAL,,,,沉积岩；具体沉积相未系统提取，不能据空值推断,19,19,19,0,48a7d16e2b10ba1d723acbfcbf2f2ec8868172924f7469f63e3c8dd9bce68028,bb110d5e9a5c30c0373c12ff201c2c3c8b79c38cde7ab2d799f1b16ebdfc6811,False,False,False,EXTERNAL_REFERENCE,转 external reference,Cathaysia/Hainan 亲缘参照，不等于 Palawan–PCT 实体。,,,,,,,,True
E3,E3::EXISTING_REPAIRED::BSPM-0B43E9668A926D66-E3,BSPM-0B43E9668A926D66-E3,G0105-1,10.1016/j.jseaes.2009.08.002,10.1016/j.jseaes.2009.08.002,10.1016/j.jseaes.2009.08.002,21.91795,110.98996,,,China,Cathaysia-Hainan-Taiwan continental margin,E3b_Cathaysia_coast_affinity_reference,AFFINITY_REFERENCE_CHALLENGE_ONLY,SEDIMENTARY_DETRITAL,SEDIMENTARY_DETRITAL,SEDIMENTARY_DETRITAL,Gaozhou Complex,Gaozhou Complex,,沉积岩；具体沉积相未系统提取，不能据空值推断,26,26,26,0,22a964f6ae316c6b5f2c5901d8728cba232d3144c02ded4826a1ec85e9e4001d,00d4f86e0f0720f7ac26997b3552cbcac3d96d9d26e994578300152a2b524477,False,False,False,EXTERNAL_REFERENCE,转 external reference,Cathaysia/Hainan 亲缘参照，不等于 Palawan–PCT 实体。,,,,,,,,True
E3,E3::EXISTING_REPAIRED::BSPM-CF2A049C44DE7D8B-E3,BSPM-CF2A049C44DE7D8B-E3,L114,10.1016/j.jseaes.2009.08.002,10.1016/j.jseaes.2009.08.002,10.1016/j.jseaes.2009.08.002,21.95626,110.91518,,,China,Cathaysia-Hainan-Taiwan continental margin,E3b_Cathaysia_coast_affinity_reference,AFFINITY_REFERENCE_CHALLENGE_ONLY,SEDIMENTARY_DETRITAL,SEDIMENTARY_DETRITAL,SEDIMENTARY_DETRITAL,Gaozhou Complex,Gaozhou Complex,,沉积岩；具体沉积相未系统提取，不能据空值推断,12,12,12,0,f40e2bbee313d7bb5274e8acec2325f113d1af0b0227ae61fd6c78c0df99ee4a,57ded9e3f27f7b6274bc8920b89c46d9935027367bc811b7e735168be5192273,False,False,False,EXTERNAL_REFERENCE,转 external reference,Cathaysia/Hainan 亲缘参照，不等于 Palawan–PCT 实体。,,,,,,,,True
E3,E3::EXISTING_REPAIRED::BSPM-93262B8436687C61-E3,BSPM-93262B8436687C61-E3,NX-3-2_YuJinhai2008,10.1016/j.precamres.2008.03.002,10.1016/j.precamres.2008.03.002,10.1016/j.precamres.2008.03.002,25.236389,114.188056,,,China,Cathaysia-Hainan-Taiwan continental margin,E3b_Cathaysia_coast_affinity_reference,AFFINITY_REFERENCE_CHALLENGE_ONLY,SEDIMENTARY_DETRITAL,SEDIMENTARY_DETRITAL,SEDIMENTARY_DETRITAL,,,,沉积岩；具体沉积相未系统提取，不能据空值推断,59,59,59,0,4b919d07dfaf81488bcd026b6c76128ca9b72c66ccfef628b87f8bd7862dce17,93b728df28ac14de92473685a53c011acdec2fe3712150d0623b6e7bc84bcd0e,False,False,False,EXTERNAL_REFERENCE,转 external reference,Cathaysia/Hainan 亲缘参照，不等于 Palawan–PCT 实体。,,,,,,,,True
E3,E3::EXISTING_REPAIRED::BSPM-DD64C27DDF09954D-E3,BSPM-DD64C27DDF09954D-E3,ZC-6_YuJinhai2008,10.1016/j.precamres.2008.03.002,10.1016/j.precamres.2008.03.002,10.1016/j.precamres.2008.03.002,23.358889,113.856944,,,China,Cathaysia-Hainan-Taiwan continental margin,E3b_Cathaysia_coast_affinity_reference,DUPLICATE_VERSION_REFERENCE,SEDIMENTARY_DETRITAL,SEDIMENTARY_DETRITAL,SEDIMENTARY_DETRITAL,,,,沉积岩；具体沉积相未系统提取，不能据空值推断,34,34,34,0,c8f6e28c1a6803604e23dfac534447aab3974331e4fe02ddb94dee18d456395a,e813b23eddf67170b936a36ec7b539d6c19cb823926cacc9456edd79a45dc32e,False,False,False,EXTERNAL_REFERENCE,转 external reference,Cathaysia/Hainan 亲缘参照，不等于 Palawan–PCT 实体。,,,,,,,,True
E3,E3::EXISTING_REPAIRED::BSPM-74E98E4346A97FA9-E3,BSPM-74E98E4346A97FA9-E3,ZC-8,10.1016/j.precamres.2008.03.002,10.1016/j.precamres.2008.03.002,10.1016/j.precamres.2008.03.002,23.273333,113.806389,,,China,Cathaysia-Hainan-Taiwan continental margin,E3b_Cathaysia_coast_affinity_reference,AFFINITY_REFERENCE_CHALLENGE_ONLY,SEDIMENTARY_DETRITAL,SEDIMENTARY_DETRITAL,SEDIMENTARY_DETRITAL,,,,沉积岩；具体沉积相未系统提取，不能据空值推断,100,100,100,0,4df7fcf118959255bd61d80d8e72e19f6a7d51ee06e15f4b536b9dae8d7e1299,e41304a583728d8d517bc4b95e423cc20040a769dbeb4071617b6be6a0e6f997,False,False,False,EXTERNAL_REFERENCE,转 external reference,Cathaysia/Hainan 亲缘参照，不等于 Palawan–PCT 实体。,,,,,,,,True
E3,E3::EXISTING_REPAIRED::BSPM-AE3D9F82BBD30EEE-E3,BSPM-AE3D9F82BBD30EEE-E3,TX-1,10.1016/j.precamres.2010.05.016,10.1016/j.precamres.2010.05.016,10.1016/j.precamres.2010.05.016,25.388611,116.128333,,,China,Cathaysia-Hainan-Taiwan continental margin,E3b_Cathaysia_coast_affinity_reference,AFFINITY_REFERENCE_CHALLENGE_ONLY,SEDIMENTARY_DETRITAL,SEDIMENTARY_DETRITAL,SEDIMENTARY_DETRITAL,Taoxi,Taoxi,,沉积岩；具体沉积相未系统提取，不能据空值推断,48,48,48,0,fa901ed40d5e479c2a8a97c43516054f6184d83b4c37e8ec99bb5ca9994853a0,2e44ad10c7ff6e649414055b68d3b6af8e25a59a27787780d18d5061c786ab8c,False,False,False,EXTERNAL_REFERENCE,转 external reference,Cathaysia/Hainan 亲缘参照，不等于 Palawan–PCT 实体。,,,,,,,,True
E3,E3::EXISTING_REPAIRED::BSPM-05031F2044735251-E3,BSPM-05031F2044735251-E3,ZX-7-1,10.1016/j.precamres.2010.05.016,10.1016/j.precamres.2010.05.016,10.1016/j.precamres.2010.05.016,25.283611,116.028889,,,China,Cathaysia-Hainan-Taiwan continental margin,E3b_Cathaysia_coast_affinity_reference,AFFINITY_REFERENCE_CHALLENGE_ONLY,SEDIMENTARY_DETRITAL,SEDIMENTARY_DETRITAL,SEDIMENTARY_DETRITAL,Taoxi,Taoxi,,沉积岩；具体沉积相未系统提取，不能据空值推断,32,32,32,0,b35126b131a80c0918fd5b6f6e22fba14288cbaf68b34553d2c5ed32df5cf245,97b789b4936feec6d9e83a070cbbe4806296a7f7e52a898111248c74713d9418,False,False,False,EXTERNAL_REFERENCE,转 external reference,Cathaysia/Hainan 亲缘参照，不等于 Palawan–PCT 实体。,,,,,,,,True
E3,E3::EXISTING_REPAIRED::BSPM-A42870943CCC8DBC-E3,BSPM-A42870943CCC8DBC-E3,MX-5,10.1016/j.precamres.2010.05.016,10.1016/j.precamres.2010.05.016,10.1016/j.precamres.2010.05.016,24.076111,115.87,,,China,Cathaysia-Hainan-Taiwan continental margin,E3b_Cathaysia_coast_affinity_reference,AFFINITY_REFERENCE_CHALLENGE_ONLY,SEDIMENTARY_DETRITAL,SEDIMENTARY_DETRITAL,SEDIMENTARY_DETRITAL,Louziba,Louziba,,沉积岩；具体沉积相未系统提取，不能据空值推断,45,45,45,0,c889a56a8d85ef6f009cafc79cefd4138df547c1c5c6318df81d82ea41fc7479,c9ee637b1d2239d0db7621949a0e18b6db334855b4dd6c9e9ea9573747d19937,False,False,False,EXTERNAL_REFERENCE,转 external reference,Cathaysia/Hainan 亲缘参照，不等于 Palawan–PCT 实体。,,,,,,,,True
E3,E3::EXISTING_REPAIRED::BSPM-76A92CECE275ACAF-E3,BSPM-76A92CECE275ACAF-E3,XW-12_YuJinhai2010,10.1016/j.precamres.2010.05.016,10.1016/j.precamres.2010.05.016,10.1016/j.precamres.2010.05.016,25.0375,115.262222,,,China,Cathaysia-Hainan-Taiwan continental margin,E3b_Cathaysia_coast_affinity_reference,DUPLICATE_VERSION_REFERENCE,SEDIMENTARY_DETRITAL,SEDIMENTARY_DETRITAL,SEDIMENTARY_DETRITAL,Xunwu,Xunwu,,沉积岩；具体沉积相未系统提取，不能据空值推断,31,31,31,0,98609f1a72418241429db83ede188c6cac5c27fe9ea22b83cc9e4fae637b04e4,c369beac0a3483ef4b597e45ee82ad08a1da7d0c0cab94cd3276d1a3dae7628d,False,False,False,EXTERNAL_REFERENCE,转 external reference,Cathaysia/Hainan 亲缘参照，不等于 Palawan–PCT 实体。,,,,,,,,True
E3,E3::EXISTING_REPAIRED::BSPM-E2871A826D3A1381-E3,BSPM-E2871A826D3A1381-E3,XN-2,10.1016/j.precamres.2010.05.016,10.1016/j.precamres.2010.05.016,10.1016/j.precamres.2010.05.016,24.078889,115.474167,,,China,Cathaysia-Hainan-Taiwan continental margin,E3b_Cathaysia_coast_affinity_reference,AFFINITY_REFERENCE_CHALLENGE_ONLY,SEDIMENTARY_DETRITAL,SEDIMENTARY_DETRITAL,SEDIMENTARY_DETRITAL,Louziba,Louziba,,沉积岩；具体沉积相未系统提取，不能据空值推断,43,43,43,0,1a41114a552deaa4a83316ba7b36858af5a56d59fc98897beac33cd37f55956a,77d5f7eb7ec7081f618133ee2d1c7e2e66b3f33ecc0bd322373d44189267bd51,False,False,False,EXTERNAL_REFERENCE,转 external reference,Cathaysia/Hainan 亲缘参照，不等于 Palawan–PCT 实体。,,,,,,,,True
E3,E3::EXISTING_REPAIRED::BSPM-B3DEAEE609981921-E3,BSPM-B3DEAEE609981921-E3,YK-27,10.1016/j.precamres.2010.05.016,10.1016/j.precamres.2010.05.016,10.1016/j.precamres.2010.05.016,22.731111,111.238333,,,China,Cathaysia-Hainan-Taiwan continental margin,E3b_Cathaysia_coast_affinity_reference,AFFINITY_REFERENCE_CHALLENGE_ONLY,SEDIMENTARY_DETRITAL,SEDIMENTARY_DETRITAL,SEDIMENTARY_DETRITAL,Luola,Luola,,沉积岩；具体沉积相未系统提取，不能据空值推断,51,51,51,0,1942f7cda7518fb6e8b620775286421b6027be1ccfb39918ba7904d28d509c28,b5365ce31c276349dba6b7ba68993ec5d079e4b59027171666134735d36a68d8,False,False,False,EXTERNAL_REFERENCE,转 external reference,Cathaysia/Hainan 亲缘参照，不等于 Palawan–PCT 实体。,,,,,,,,True
E3,E3::EXISTING_REPAIRED::BSPM-C93DCAA08037A393-E3,BSPM-C93DCAA08037A393-E3,09WY-1-1A,10.1130/g39806.1,10.1130/g39806.1,10.1130/g39806.1,27.4055,117.826667,,,China,Cathaysia-Hainan-Taiwan continental margin,E3b_Cathaysia_coast_affinity_reference,AFFINITY_REFERENCE_CHALLENGE_ONLY,SEDIMENTARY_DETRITAL,SEDIMENTARY_DETRITAL,SEDIMENTARY_DETRITAL,Dajinshan,Dajinshan,,沉积岩；具体沉积相未系统提取，不能据空值推断,10,10,10,0,891764ae159e102dfc0c1314ac6ada19896e4a02d5e086ecee4b2ba09ed68ffc,e15586ff59cc8c79d66ab2912ac00465be857cea27a60a5c7098c84da295aa98,False,False,False,EXTERNAL_REFERENCE,转 external reference,Cathaysia/Hainan 亲缘参照，不等于 Palawan–PCT 实体。,,,,,,,,True
E3,E3::EXISTING_REPAIRED::BSPM-A8CD24142D6F12B9-E3,BSPM-A8CD24142D6F12B9-E3,09WY-1-2B,10.1130/g39806.1,10.1130/g39806.1,10.1130/g39806.1,27.4056,117.826668,,,China,Cathaysia-Hainan-Taiwan continental margin,E3b_Cathaysia_coast_affinity_reference,AFFINITY_REFERENCE_CHALLENGE_ONLY,SEDIMENTARY_DETRITAL,SEDIMENTARY_DETRITAL,SEDIMENTARY_DETRITAL,Dajinshan,Dajinshan,,沉积岩；具体沉积相未系统提取，不能据空值推断,10,10,10,0,d1a2b69a5ef0d37803d52fa9a679b37fd4cb00d2dca030ebf3ebf3dc65c3b50c,2937859bca6f7ace9acb15fac24089beea5643f779d080e7cd1321f65333a120,False,False,False,EXTERNAL_REFERENCE,转 external reference,Cathaysia/Hainan 亲缘参照，不等于 Palawan–PCT 实体。,,,,,,,,True
E3,E3::EXISTING_REPAIRED::BSPM-F2E017D7F7CBD065-E3,BSPM-F2E017D7F7CBD065-E3,09WY-3-2,10.1130/g39806.1,10.1130/g39806.1,10.1130/g39806.1,27.450833,117.7555,,,China,Cathaysia-Hainan-Taiwan continental margin,E3b_Cathaysia_coast_affinity_reference,AFFINITY_REFERENCE_CHALLENGE_ONLY,SEDIMENTARY_DETRITAL,SEDIMENTARY_DETRITAL,SEDIMENTARY_DETRITAL,Nanshan,Nanshan,,沉积岩；具体沉积相未系统提取，不能据空值推断,8,8,8,0,fe77b4dbd27068256d3bfad04c3d738e6d30a9a3c35b99591e9503b37314cdda,047c8c2af023cee72b75a1fc8e14126d2007ced283b3fb3b0bfa2b2a423a6c75,False,False,False,EXTERNAL_REFERENCE,转 external reference,Cathaysia/Hainan 亲缘参照，不等于 Palawan–PCT 实体。,,,,,,,,True
E3,E3::EXISTING_REPAIRED::BSPM-618EFC674D3AF2A2-E3,BSPM-618EFC674D3AF2A2-E3,16ZT-12,10.1016/j.precamres.2018.07.003,10.1016/j.precamres.2018.07.003,10.1016/j.precamres.2018.07.003,25.328889,114.708889,,,China,Cathaysia-Hainan-Taiwan continental margin,E3b_Cathaysia_coast_affinity_reference,AFFINITY_REFERENCE_CHALLENGE_ONLY,SEDIMENTARY_DETRITAL,SEDIMENTARY_DETRITAL,SEDIMENTARY_DETRITAL,Xiafang,Xiafang,,沉积岩；具体沉积相未系统提取，不能据空值推断,87,87,87,0,6a55bbe085ebfcfb75202d916c48c98d2ff432523531f8e0f449f805c68adf3d,a6fc2edfee81804e1848696bc30035ab4d6a820383580c0085978f2a9e1d13c7,False,False,False,EXTERNAL_REFERENCE,转 external reference,Cathaysia/Hainan 亲缘参照，不等于 Palawan–PCT 实体。,,,,,,,,True
E3,E3::EXISTING_REPAIRED::BSPM-DA471F7A36EB2A10-E3,BSPM-DA471F7A36EB2A10-E3,15CT-89,10.1016/j.precamres.2018.07.003,10.1016/j.precamres.2018.07.003,10.1016/j.precamres.2018.07.003,25.684444,116.071389,,,China,Cathaysia-Hainan-Taiwan continental margin,E3b_Cathaysia_coast_affinity_reference,AFFINITY_REFERENCE_CHALLENGE_ONLY,SEDIMENTARY_DETRITAL,SEDIMENTARY_DETRITAL,SEDIMENTARY_DETRITAL,Louziba,Louziba,,沉积岩；具体沉积相未系统提取，不能据空值推断,86,86,86,0,5a8dc4d9a5ca11d7b0643ab854d8206643c9b89f7c3966834089a091ef4bbff3,796cf2442b357916a95d7f4dda60001a92b42d72a38c3e37f72d86d60d64c9a6,False,False,False,EXTERNAL_REFERENCE,转 external reference,Cathaysia/Hainan 亲缘参照，不等于 Palawan–PCT 实体。,,,,,,,,True
E3,E3::EXISTING_REPAIRED::BSPM-844F8456FB931E4D-E3,BSPM-844F8456FB931E4D-E3,15CT-84,10.1016/j.precamres.2018.07.003,10.1016/j.precamres.2018.07.003,10.1016/j.precamres.2018.07.003,25.688333,116.0725,,,China,Cathaysia-Hainan-Taiwan continental margin,E3b_Cathaysia_coast_affinity_reference,AFFINITY_REFERENCE_CHALLENGE_ONLY,SEDIMENTARY_DETRITAL,SEDIMENTARY_DETRITAL,SEDIMENTARY_DETRITAL,Louziba,Louziba,,沉积岩；具体沉积相未系统提取，不能据空值推断,71,71,71,0,37b31f6687493fe004576d261c170d99d8be887ac165d1a579d53ff569ee2451,ba00a77f32a04178db972edcafb125e210d6b52b5178428799b1f50c461d368e,False,False,False,EXTERNAL_REFERENCE,转 external reference,Cathaysia/Hainan 亲缘参照，不等于 Palawan–PCT 实体。,,,,,,,,True
E3,E3::EXISTING_REPAIRED::BSPM-88D52B54A9F961EA-E3,BSPM-88D52B54A9F961EA-E3,16NX-13,10.1016/j.precamres.2018.07.003,10.1016/j.precamres.2018.07.003,10.1016/j.precamres.2018.07.003,25.339167,114.299444,,,China,Cathaysia-Hainan-Taiwan continental margin,E3b_Cathaysia_coast_affinity_reference,AFFINITY_REFERENCE_CHALLENGE_ONLY,SEDIMENTARY_DETRITAL,SEDIMENTARY_DETRITAL,SEDIMENTARY_DETRITAL,Laohutang,Laohutang,,沉积岩；具体沉积相未系统提取，不能据空值推断,86,86,86,0,366825987a6c2f48954f15152cb56d66d821c08236b089eda937875aa38e9afc,75ea4bb7687c1162c865d3c752e32818e127f34ba1e413f53e39370251ec37ac,False,False,False,EXTERNAL_REFERENCE,转 external reference,Cathaysia/Hainan 亲缘参照，不等于 Palawan–PCT 实体。,,,,,,,,True
E3,E3::EXISTING_REPAIRED::BSPM-254C8635C94F3B37-E3,BSPM-254C8635C94F3B37-E3,15CT-76,10.1016/j.precamres.2018.07.003,10.1016/j.precamres.2018.07.003,10.1016/j.precamres.2018.07.003,25.691389,116.073611,,,China,Cathaysia-Hainan-Taiwan continental margin,E3b_Cathaysia_coast_affinity_reference,AFFINITY_REFERENCE_CHALLENGE_ONLY,SEDIMENTARY_DETRITAL,SEDIMENTARY_DETRITAL,SEDIMENTARY_DETRITAL,Nanyan,Nanyan,,沉积岩；具体沉积相未系统提取，不能据空值推断,71,71,71,0,95e81423417c9e87667b848619d59ea2fe7298292b75d550dfeca9b6ee5f0564,ef0c361a4c46ca1fa931542a6f0e2d654e734383dff3e6e50a7644ce6166dab3,False,False,False,EXTERNAL_REFERENCE,转 external reference,Cathaysia/Hainan 亲缘参照，不等于 Palawan–PCT 实体。,,,,,,,,True
E3,E3::EXISTING_REPAIRED::BSPM-8904363BD286B51F-E3,BSPM-8904363BD286B51F-E3,15CT-66,10.1016/j.precamres.2018.07.003,10.1016/j.precamres.2018.07.003,10.1016/j.precamres.2018.07.003,25.760556,116.238333,,,China,Cathaysia-Hainan-Taiwan continental margin,E3b_Cathaysia_coast_affinity_reference,AFFINITY_REFERENCE_CHALLENGE_ONLY,SEDIMENTARY_DETRITAL,SEDIMENTARY_DETRITAL,SEDIMENTARY_DETRITAL,Huanglian,Huanglian,,沉积岩；具体沉积相未系统提取，不能据空值推断,70,70,70,0,0df9ced7a20b4e73d73e96e30cceb450e6df37540ae6e044f9fd9e3b067b5dce,160bf60a4b179c0d6239704809535d313549158fc7daf7ac0bf2666460c2cea6,False,False,False,EXTERNAL_REFERENCE,转 external reference,Cathaysia/Hainan 亲缘参照，不等于 Palawan–PCT 实体。,,,,,,,,True
E3,E3::EXISTING_REPAIRED::BSPM-544E18906CAC8760-E3,BSPM-544E18906CAC8760-E3,15CT-60,10.1016/j.precamres.2018.07.003,10.1016/j.precamres.2018.07.003,10.1016/j.precamres.2018.07.003,25.761111,116.238889,,,China,Cathaysia-Hainan-Taiwan continental margin,E3b_Cathaysia_coast_affinity_reference,AFFINITY_REFERENCE_CHALLENGE_ONLY,SEDIMENTARY_DETRITAL,SEDIMENTARY_DETRITAL,SEDIMENTARY_DETRITAL,Huanglian,Huanglian,,沉积岩；具体沉积相未系统提取，不能据空值推断,97,97,97,0,6dd5e6b213a37a62d85ada6f7b850a1cc54d4085e388bc431e77802fad9ed39a,b1909ca9f48125d37dab6f1b4e4e0ca4c66822926094b9dab1aa337cb70b8112,False,False,False,EXTERNAL_REFERENCE,转 external reference,Cathaysia/Hainan 亲缘参照，不等于 Palawan–PCT 实体。,,,,,,,,True
E3,E3::EXISTING_REPAIRED::BSPM-C55C4A59680546B4-E3,BSPM-C55C4A59680546B4-E3,PM02-4,10.1016/j.precamres.2018.07.003,10.1016/j.precamres.2018.07.003,10.1016/j.precamres.2018.07.003,25.999722,116.394167,,,China,Cathaysia-Hainan-Taiwan continental margin,E3b_Cathaysia_coast_affinity_reference,AFFINITY_REFERENCE_CHALLENGE_ONLY,SEDIMENTARY_DETRITAL,SEDIMENTARY_DETRITAL,SEDIMENTARY_DETRITAL,Xixi,Xixi,,沉积岩；具体沉积相未系统提取，不能据空值推断,71,71,71,0,81b75b2e232c59bea46167ebfd95c072ec227f35fa791315c1cbf98e3269de74,58cdd38c7e7ab53765518a255153dd8b8aaf74cff95594dc589cb826db5d39df,False,False,False,EXTERNAL_REFERENCE,转 external reference,Cathaysia/Hainan 亲缘参照，不等于 Palawan–PCT 实体。,,,,,,,,True
E3,E3::EXISTING_REPAIRED::BSPM-D8F439228EB26A51-E3,BSPM-D8F439228EB26A51-E3,PM02-17,10.1016/j.precamres.2018.07.003,10.1016/j.precamres.2018.07.003,10.1016/j.precamres.2018.07.003,26.005,119.399167,,,China,Cathaysia-Hainan-Taiwan continental margin,E3b_Cathaysia_coast_affinity_reference,AFFINITY_REFERENCE_CHALLENGE_ONLY,SEDIMENTARY_DETRITAL,SEDIMENTARY_DETRITAL,SEDIMENTARY_DETRITAL,Xixi,Xixi,,沉积岩；具体沉积相未系统提取，不能据空值推断,71,71,71,0,98a374c4635725d323ed90d1848a532e2c583fe99e4e25520ffcc7ec32387840,c3fcbba28c2c1c7c1e740058436f844026c55d16cc2d448720087a8726c236a3,False,False,False,EXTERNAL_REFERENCE,转 external reference,Cathaysia/Hainan 亲缘参照，不等于 Palawan–PCT 实体。,,,,,,,,True
E3,E3::EXISTING_REPAIRED::BSPM-4C17BBA26A3E20B8-E3,BSPM-4C17BBA26A3E20B8-E3,15NFJ-1_YangZhaoyao2019,10.1016/j.precamres.2018.10.004,10.1016/j.precamres.2018.10.004,10.1016/j.precamres.2018.10.004,27.30822,118.65079,,,China,Cathaysia-Hainan-Taiwan continental margin,E3b_Cathaysia_coast_affinity_reference,AFFINITY_REFERENCE_CHALLENGE_ONLY,SEDIMENTARY_DETRITAL,SEDIMENTARY_DETRITAL,SEDIMENTARY_DETRITAL,,,,沉积岩；具体沉积相未系统提取，不能据空值推断,103,103,103,0,94cd532780d7c63124662ba7fe72e685207db445dbfc26a91bf92d07f320b9ab,891865520382dc122e30f48aa54d3204f52fdb950d950faf926ee4af52622c39,False,False,False,EXTERNAL_REFERENCE,转 external reference,Cathaysia/Hainan 亲缘参照，不等于 Palawan–PCT 实体。,,,,,,,,True
E3,E3::EXISTING_REPAIRED::BSPM-4F7FDE9F909A5B3D-E3,BSPM-4F7FDE9F909A5B3D-E3,15NFJ-2_YangZhaoyao2019,10.1016/j.precamres.2018.10.004,10.1016/j.precamres.2018.10.004,10.1016/j.precamres.2018.10.004,27.30822,118.65079,,,China,Cathaysia-Hainan-Taiwan continental margin,E3b_Cathaysia_coast_affinity_reference,AFFINITY_REFERENCE_CHALLENGE_ONLY,SEDIMENTARY_DETRITAL,SEDIMENTARY_DETRITAL,SEDIMENTARY_DETRITAL,,,,沉积岩；具体沉积相未系统提取，不能据空值推断,101,101,101,0,1bd32a1f13a0588e6e66ec34835eb351636ea584f5f545820f96abe2157845ea,be6266d97966fd59046e0780d5e64f0b2d032128b72bb1c1458d7d81eb7200e9,False,False,False,EXTERNAL_REFERENCE,转 external reference,Cathaysia/Hainan 亲缘参照，不等于 Palawan–PCT 实体。,,,,,,,,True
E3,E3::EXISTING_REPAIRED::BSPM-FDA840ECA413CAD2-E3,BSPM-FDA840ECA413CAD2-E3,15NFJ-41_YangZhaoyao2019,10.1016/j.precamres.2018.10.004,10.1016/j.precamres.2018.10.004,10.1016/j.precamres.2018.10.004,26.79508,118.49049,,,China,Cathaysia-Hainan-Taiwan continental margin,E3b_Cathaysia_coast_affinity_reference,AFFINITY_REFERENCE_CHALLENGE_ONLY,SEDIMENTARY_DETRITAL,SEDIMENTARY_DETRITAL,SEDIMENTARY_DETRITAL,,,,沉积岩；具体沉积相未系统提取，不能据空值推断,50,50,50,0,8a321959ec617a1386ad0986f0ed5237dffa403d3b185fb8ccaf168b75658bab,191ec92e3993625b200cb3eab47e8384704cff44af07c3a771a0e2e7fb1a794f,False,False,False,EXTERNAL_REFERENCE,转 external reference,Cathaysia/Hainan 亲缘参照，不等于 Palawan–PCT 实体。,,,,,,,,True
E3,E3::EXISTING_REPAIRED::BSPM-7AE164FC7CA4B02C-E3,BSPM-7AE164FC7CA4B02C-E3,15NFJ-46-2_YangZhaoyao2019,10.1016/j.precamres.2018.10.004,10.1016/j.precamres.2018.10.004,10.1016/j.precamres.2018.10.004,26.79508,118.49049,,,China,Cathaysia-Hainan-Taiwan continental margin,E3b_Cathaysia_coast_affinity_reference,AFFINITY_REFERENCE_CHALLENGE_ONLY,SEDIMENTARY_DETRITAL,SEDIMENTARY_DETRITAL,SEDIMENTARY_DETRITAL,Dikou,Dikou,,沉积岩；具体沉积相未系统提取，不能据空值推断,84,84,84,0,6bb40a282e76f9ab6e03c2fa77b5db77c06507dc751a69a84732866bcb785922,72d4c55fa2b46fea67756750e52d17a7393857942b1687438a511b39fdc139b3,False,False,False,EXTERNAL_REFERENCE,转 external reference,Cathaysia/Hainan 亲缘参照，不等于 Palawan–PCT 实体。,,,,,,,,True
E3,E3::EXISTING_REPAIRED::BSPM-59FF9983CBE4AEA2-E3,BSPM-59FF9983CBE4AEA2-E3,15NFJ-57_YangZhaoyao2019,10.1016/j.precamres.2018.10.004,10.1016/j.precamres.2018.10.004,10.1016/j.precamres.2018.10.004,25.758694,116.240389,,,China,Cathaysia-Hainan-Taiwan continental margin,E3b_Cathaysia_coast_affinity_reference,AFFINITY_REFERENCE_CHALLENGE_ONLY,SEDIMENTARY_DETRITAL,SEDIMENTARY_DETRITAL,SEDIMENTARY_DETRITAL,,,,沉积岩；具体沉积相未系统提取，不能据空值推断,89,89,89,0,b50c32ed5f7ac4eaa5fa389a3482f28625e7d7931ac5b40a4ca295c3fff14bf5,df24cd619aae59e80919d70f1800d810ae32916bee8902f70c5dd5808262016e,False,False,False,EXTERNAL_REFERENCE,转 external reference,Cathaysia/Hainan 亲缘参照，不等于 Palawan–PCT 实体。,,,,,,,,True
E3,E3::EXISTING_REPAIRED::BSPM-0EFE4A3942477474-E3,BSPM-0EFE4A3942477474-E3,15NFJ-65_YangZhaoyao2019,10.1016/j.precamres.2018.10.004,10.1016/j.precamres.2018.10.004,10.1016/j.precamres.2018.10.004,25.695583,116.138167,,,China,Cathaysia-Hainan-Taiwan continental margin,E3b_Cathaysia_coast_affinity_reference,AFFINITY_REFERENCE_CHALLENGE_ONLY,SEDIMENTARY_DETRITAL,SEDIMENTARY_DETRITAL,SEDIMENTARY_DETRITAL,,,,沉积岩；具体沉积相未系统提取，不能据空值推断,51,51,51,0,2dca6830488a14fb5397221852f2504ac6570e3e277b38b0ae29eae913176e3b,bb4269889cdb032f8bde71684c4deb41472268cc8fa02ad0ccfac7c58c8325f8,False,False,False,EXTERNAL_REFERENCE,转 external reference,Cathaysia/Hainan 亲缘参照，不等于 Palawan–PCT 实体。,,,,,,,,True
E3,E3::EXISTING_REPAIRED::BSPM-A034DC662755E0A0-E3,BSPM-A034DC662755E0A0-E3,15NFJ-83_YangZhaoyao2019,10.1016/j.precamres.2018.10.004,10.1016/j.precamres.2018.10.004,10.1016/j.precamres.2018.10.004,25.685167,116.127583,,,China,Cathaysia-Hainan-Taiwan continental margin,E3b_Cathaysia_coast_affinity_reference,AFFINITY_REFERENCE_CHALLENGE_ONLY,SEDIMENTARY_DETRITAL,SEDIMENTARY_DETRITAL,SEDIMENTARY_DETRITAL,,,,沉积岩；具体沉积相未系统提取，不能据空值推断,51,51,51,0,9a882d04b63f0fa54feafbf421fdb2474bc95b1fee788f80a485686295bf6f1a,42d5e2ce801834beba5590954ad68609f030f8beed87d729d2d0b43aa23390ac,False,False,False,EXTERNAL_REFERENCE,转 external reference,Cathaysia/Hainan 亲缘参照，不等于 Palawan–PCT 实体。,,,,,,,,True
E3,E3::EXISTING_REPAIRED::BSPM-1E694DD13EA53700-E3,BSPM-1E694DD13EA53700-E3,15NFJ-84_YangZhaoyao2019,10.1016/j.precamres.2018.10.004,10.1016/j.precamres.2018.10.004,10.1016/j.precamres.2018.10.004,26.8598,117.93457,,,China,Cathaysia-Hainan-Taiwan continental margin,E3b_Cathaysia_coast_affinity_reference,AFFINITY_REFERENCE_CHALLENGE_ONLY,SEDIMENTARY_DETRITAL,SEDIMENTARY_DETRITAL,SEDIMENTARY_DETRITAL,,,,沉积岩；具体沉积相未系统提取，不能据空值推断,51,51,51,0,58645ff17aceede30c6a2cd7a26bcb994cd351aeb116914863deb79a280cc5b8,7e8e5488104cd3c111005debba2423b304538afa68489de98a04f4a9b684b05c,False,False,False,EXTERNAL_REFERENCE,转 external reference,Cathaysia/Hainan 亲缘参照，不等于 Palawan–PCT 实体。,,,,,,,,True
E3,E3::EXISTING_REPAIRED::BSPM-97C1B009426CB7AC-E3,BSPM-97C1B009426CB7AC-E3,FJW1428,10.1016/j.precamres.2017.03.002,10.1016/j.precamres.2017.03.002,10.1016/j.precamres.2017.03.002,25.856778,116.303083,,,China,Cathaysia-Hainan-Taiwan continental margin,E3b_Cathaysia_coast_affinity_reference,AFFINITY_REFERENCE_CHALLENGE_ONLY,SEDIMENTARY_DETRITAL,SEDIMENTARY_DETRITAL,SEDIMENTARY_DETRITAL,Lintian,Lintian,,沉积岩；具体沉积相未系统提取，不能据空值推断,60,60,60,0,7f850ca67373e0589da2e554ad7a214ebace6340a61274a26e12381f3eca671b,f8c787f7b1d7b19d137ece5a434452e7e9e4e0bf262013e58ec27b6835e9fce1,False,False,False,EXTERNAL_REFERENCE,转 external reference,Cathaysia/Hainan 亲缘参照，不等于 Palawan–PCT 实体。,,,,,,,,True
E3,E3::EXISTING_REPAIRED::BSPM-29BDF3356FFF5A81-E3,BSPM-29BDF3356FFF5A81-E3,FJW1430,10.1016/j.precamres.2017.03.002,10.1016/j.precamres.2017.03.002,10.1016/j.precamres.2017.03.002,25.775917,116.282861,,,China,Cathaysia-Hainan-Taiwan continental margin,E3b_Cathaysia_coast_affinity_reference,AFFINITY_REFERENCE_CHALLENGE_ONLY,SEDIMENTARY_DETRITAL,SEDIMENTARY_DETRITAL,SEDIMENTARY_DETRITAL,Huanglian,Huanglian,,沉积岩；具体沉积相未系统提取，不能据空值推断,80,80,80,0,ecf2a004fab5768313e688a544cd916dad862fcc7dd8b215f383979375fde09b,5b8ee4e2abcda4de190fe46fa3586ca41b9593c9a3d5c1714599796222bd414b,False,False,False,EXTERNAL_REFERENCE,转 external reference,Cathaysia/Hainan 亲缘参照，不等于 Palawan–PCT 实体。,,,,,,,,True
E3,E3::EXISTING_REPAIRED::BSPM-BB5F529E4ECF11DB-E3,BSPM-BB5F529E4ECF11DB-E3,FJW1453,10.1016/j.precamres.2017.03.002,10.1016/j.precamres.2017.03.002,10.1016/j.precamres.2017.03.002,25.758694,116.240389,,,China,Cathaysia-Hainan-Taiwan continental margin,E3b_Cathaysia_coast_affinity_reference,AFFINITY_REFERENCE_CHALLENGE_ONLY,SEDIMENTARY_DETRITAL,SEDIMENTARY_DETRITAL,SEDIMENTARY_DETRITAL,Nanyan,Nanyan,,沉积岩；具体沉积相未系统提取，不能据空值推断,79,79,79,0,631ae8f2a428a24bc9a7f93ab240ae76b46556fd579e2a6081f31611811ce4c9,cc71f1b55c4c8826a8ce61bc9f00f45c5d9e91820cea99d52151ebfb786b0a31,False,False,False,EXTERNAL_REFERENCE,转 external reference,Cathaysia/Hainan 亲缘参照，不等于 Palawan–PCT 实体。,,,,,,,,True
E3,E3::EXISTING_REPAIRED::BSPM-3580C919451FFAE5-E3,BSPM-3580C919451FFAE5-E3,FJW1445,10.1016/j.precamres.2017.03.002,10.1016/j.precamres.2017.03.002,10.1016/j.precamres.2017.03.002,25.695583,116.138167,,,China,Cathaysia-Hainan-Taiwan continental margin,E3b_Cathaysia_coast_affinity_reference,AFFINITY_REFERENCE_CHALLENGE_ONLY,SEDIMENTARY_DETRITAL,SEDIMENTARY_DETRITAL,SEDIMENTARY_DETRITAL,Laikeng,Laikeng,,沉积岩；具体沉积相未系统提取，不能据空值推断,70,70,70,0,4b3451c40e59e06d1e54f2d5c2ce8b6fed379fcbafeba98693a2234b610188f9,23ca8542739ae4779a5db85f29d2cd273c5772fab9466a014664bc0d01fcf6f9,False,False,False,EXTERNAL_REFERENCE,转 external reference,Cathaysia/Hainan 亲缘参照，不等于 Palawan–PCT 实体。,,,,,,,,True
E3,E3::EXISTING_REPAIRED::BSPM-34C3E2EA68391A6F-E3,BSPM-34C3E2EA68391A6F-E3,FJW1441,10.1016/j.precamres.2017.03.002,10.1016/j.precamres.2017.03.002,10.1016/j.precamres.2017.03.002,25.685167,116.127583,,,China,Cathaysia-Hainan-Taiwan continental margin,E3b_Cathaysia_coast_affinity_reference,AFFINITY_REFERENCE_CHALLENGE_ONLY,SEDIMENTARY_DETRITAL,SEDIMENTARY_DETRITAL,SEDIMENTARY_DETRITAL,Jiangshekeng,Jiangshekeng,,沉积岩；具体沉积相未系统提取，不能据空值推断,80,80,80,0,93d10298bdae716380358aa9f1c8a81664362ef9fa9c14d16e71665ac973f6ec,8e303c2efbe84aac2d124d42ab726795a8d144286c6627ef935fe16b17a6c443,False,False,False,EXTERNAL_REFERENCE,转 external reference,Cathaysia/Hainan 亲缘参照，不等于 Palawan–PCT 实体。,,,,,,,,True
E3,E3::EXISTING_REPAIRED::BSPM-281EEF3338111635-E3,BSPM-281EEF3338111635-E3,Wy-24,local:82cd7f7e2261,,local:82cd7f7e2261,26.666667,117.183333,,,China,Cathaysia-Hainan-Taiwan continental margin,E3b_Cathaysia_coast_affinity_reference,AFFINITY_REFERENCE_CHALLENGE_ONLY,SEDIMENTARY_DETRITAL,SEDIMENTARY_DETRITAL,SEDIMENTARY_DETRITAL,Huangtan Fm,Huangtan Fm,,沉积岩；具体沉积相未系统提取，不能据空值推断,20,20,20,0,2551ed78ee178298a025d2eee41fa08809845aea3ecd317ecd3584b5f656f165,b93ef24dbe7023a768270826d1448730f27fc1d0e59453589d06d32dbe6ff6ce,False,False,False,EXTERNAL_REFERENCE,转 external reference,Cathaysia/Hainan 亲缘参照，不等于 Palawan–PCT 实体。,,,,,,,,True
E3,E3::EXISTING_REPAIRED::BSPM-109CE8C2119C69DE-E3,BSPM-109CE8C2119C69DE-E3,Wy-34,local:82cd7f7e2261,,local:82cd7f7e2261,26.8,117.616667,,,China,Cathaysia-Hainan-Taiwan continental margin,E3b_Cathaysia_coast_affinity_reference,AFFINITY_REFERENCE_CHALLENGE_ONLY,SEDIMENTARY_DETRITAL,SEDIMENTARY_DETRITAL,SEDIMENTARY_DETRITAL,Dutan Fm,Dutan Fm,,沉积岩；具体沉积相未系统提取，不能据空值推断,18,18,18,0,ea389d7b403f17f48641292c285c611e48502e76a39a38d102ee15723c804381,ce2ef585f14f92a17c1c97fe08a3a51bae7389c3182e371309fd6a38a2ac234d,False,False,False,EXTERNAL_REFERENCE,转 external reference,Cathaysia/Hainan 亲缘参照，不等于 Palawan–PCT 实体。,,,,,,,,True
E3,E3::EXISTING_REPAIRED::BSPM-692A13A7E5DEAF37-E3,BSPM-692A13A7E5DEAF37-E3,Wy-51,local:82cd7f7e2261,,local:82cd7f7e2261,27.083333,118.4,,,China,Cathaysia-Hainan-Taiwan continental margin,E3b_Cathaysia_coast_affinity_reference,AFFINITY_REFERENCE_CHALLENGE_ONLY,SEDIMENTARY_DETRITAL,SEDIMENTARY_DETRITAL,SEDIMENTARY_DETRITAL,Dongyan Fm,Dongyan Fm,,沉积岩；具体沉积相未系统提取，不能据空值推断,20,20,20,0,89f66a41b934e400d0921dc5ef41e32064d0bc714ee1c98664e45375a79b956a,2fcff85b71df47675c05f001f18547b920332b1e7733bc934935c89fa461f759,False,False,False,EXTERNAL_REFERENCE,转 external reference,Cathaysia/Hainan 亲缘参照，不等于 Palawan–PCT 实体。,,,,,,,,True
E3,E3::EXISTING_REPAIRED::BSPM-BD9E23AE243B92B3-E3,BSPM-BD9E23AE243B92B3-E3,Wy-61,local:82cd7f7e2261,,local:82cd7f7e2261,27.166667,118.633333,,,China,Cathaysia-Hainan-Taiwan continental margin,E3b_Cathaysia_coast_affinity_reference,AFFINITY_REFERENCE_CHALLENGE_ONLY,SEDIMENTARY_DETRITAL,SEDIMENTARY_DETRITAL,SEDIMENTARY_DETRITAL,Dajinshan Fm,Dajinshan Fm,,沉积岩；具体沉积相未系统提取，不能据空值推断,20,20,20,0,135b88f1828436be586a244727125390fd10a430d5d28aa1b13538d154cae9fb,5551cc845c6c42383a345c6529c4d48d45fbed7fce96968a1f9c6f2e3d020c87,False,False,False,EXTERNAL_REFERENCE,转 external reference,Cathaysia/Hainan 亲缘参照，不等于 Palawan–PCT 实体。,,,,,,,,True
E3,E3::EXISTING_REPAIRED::BSPM-CF2E9E1926E28F97-E3,BSPM-CF2E9E1926E28F97-E3,1523,10.1016/j.precamres.2017.01.032,10.1016/j.precamres.2017.01.032,10.1016/j.precamres.2017.01.032,27.283333,116.9,,,China,Cathaysia-Hainan-Taiwan continental margin,E3b_Cathaysia_coast_affinity_reference,AFFINITY_REFERENCE_CHALLENGE_ONLY,METAMORPHIC_BASEMENT_OR_METASEDIMENT,METAMORPHIC_BASEMENT_OR_METASEDIMENT,METAMORPHIC_BASEMENT_OR_METASEDIMENT,,,,不适用或未解析,61,61,61,0,09494250c14ff1d0e78e51a0829761013a3e00c11378af33dbdf076fcf431941,922e1123385bb802654ba419575e4d310be276df6b349c56c3275cc1354539a1,False,False,False,EXTERNAL_REFERENCE,转 external reference,Cathaysia/Hainan 亲缘参照，不等于 Palawan–PCT 实体。,,,,,,,,True
E3,E3::EXISTING_REPAIRED::BSPM-5FA9A3A8643C63D0-E3,BSPM-5FA9A3A8643C63D0-E3,1523-1,10.1016/j.precamres.2017.01.032,10.1016/j.precamres.2017.01.032,10.1016/j.precamres.2017.01.032,27.283333,116.9,,,China,Cathaysia-Hainan-Taiwan continental margin,E3b_Cathaysia_coast_affinity_reference,AFFINITY_REFERENCE_CHALLENGE_ONLY,METAMORPHIC_BASEMENT_OR_METASEDIMENT,METAMORPHIC_BASEMENT_OR_METASEDIMENT,METAMORPHIC_BASEMENT_OR_METASEDIMENT,,,,不适用或未解析,61,61,61,0,165f36aeb1ef2a09caed384f9b25c19a595b388696c790fa65bbd6af4d260cc8,dda492669057442557aae64a0e352dcf4d61bb926159f4795968864e6812ca21,False,False,False,EXTERNAL_REFERENCE,转 external reference,Cathaysia/Hainan 亲缘参照，不等于 Palawan–PCT 实体。,,,,,,,,True
E3,E3::EXISTING_REPAIRED::BSPM-593EFE9B51B91CB4-E3,BSPM-593EFE9B51B91CB4-E3,1523-2,10.1016/j.precamres.2017.01.032,10.1016/j.precamres.2017.01.032,10.1016/j.precamres.2017.01.032,27.283333,116.9,,,China,Cathaysia-Hainan-Taiwan continental margin,E3b_Cathaysia_coast_affinity_reference,AFFINITY_REFERENCE_CHALLENGE_ONLY,METAMORPHIC_BASEMENT_OR_METASEDIMENT,METAMORPHIC_BASEMENT_OR_METASEDIMENT,METAMORPHIC_BASEMENT_OR_METASEDIMENT,,,,不适用或未解析,57,57,57,0,b0de1aff9a88aa9c66194002e87555173ae46cf529b12ac49e8e5d74016114aa,3b7fea9594f2b962e67fb4550416674aa8f5dd8151a8b0aec5cf7736f5c5c452,False,False,False,EXTERNAL_REFERENCE,转 external reference,Cathaysia/Hainan 亲缘参照，不等于 Palawan–PCT 实体。,,,,,,,,True
E3,E3::EXISTING_REPAIRED::BSPM-D6B5060B70659162-E3,BSPM-D6B5060B70659162-E3,1517,10.1016/j.precamres.2017.01.032,10.1016/j.precamres.2017.01.032,10.1016/j.precamres.2017.01.032,26.933333,116.683333,,,China,Cathaysia-Hainan-Taiwan continental margin,E3b_Cathaysia_coast_affinity_reference,AFFINITY_REFERENCE_CHALLENGE_ONLY,METAMORPHIC_BASEMENT_OR_METASEDIMENT,METAMORPHIC_BASEMENT_OR_METASEDIMENT,METAMORPHIC_BASEMENT_OR_METASEDIMENT,,,,不适用或未解析,41,41,41,0,2ceb49a6f0f864ff9e3fbf988954fe723df0a457ef03a07eaf25082b7ca9fc35,d0f8533ca760ce8070c87bc2cf508f74c5125023820807e0157eb0ca39309da4,False,False,False,EXTERNAL_REFERENCE,转 external reference,Cathaysia/Hainan 亲缘参照，不等于 Palawan–PCT 实体。,,,,,,,,True
E3,E3::EXISTING_REPAIRED::BSPM-A160FD3391A9A51A-E3,BSPM-A160FD3391A9A51A-E3,1519,10.1016/j.precamres.2017.01.032,10.1016/j.precamres.2017.01.032,10.1016/j.precamres.2017.01.032,26.933333,116.7,,,China,Cathaysia-Hainan-Taiwan continental margin,E3b_Cathaysia_coast_affinity_reference,AFFINITY_REFERENCE_CHALLENGE_ONLY,METAMORPHIC_BASEMENT_OR_METASEDIMENT,METAMORPHIC_BASEMENT_OR_METASEDIMENT,METAMORPHIC_BASEMENT_OR_METASEDIMENT,,,,不适用或未解析,47,47,47,0,fee904fe167a5705f56a7f7293ec2c88cc752e4abf0e693e6db10319dbe7a5c1,633e8f94a9d5132afcdf720c97e1739e0163efc91430ebd41346cf79b182298e,False,False,False,EXTERNAL_REFERENCE,转 external reference,Cathaysia/Hainan 亲缘参照，不等于 Palawan–PCT 实体。,,,,,,,,True
E3,E3::EXISTING_REPAIRED::BSPM-E84FFB52BDEF1F70-E3,BSPM-E84FFB52BDEF1F70-E3,1521,10.1016/j.precamres.2017.01.032,10.1016/j.precamres.2017.01.032,10.1016/j.precamres.2017.01.032,26.866667,116.7,,,China,Cathaysia-Hainan-Taiwan continental margin,E3b_Cathaysia_coast_affinity_reference,AFFINITY_REFERENCE_CHALLENGE_ONLY,METAMORPHIC_BASEMENT_OR_METASEDIMENT,METAMORPHIC_BASEMENT_OR_METASEDIMENT,METAMORPHIC_BASEMENT_OR_METASEDIMENT,,,,不适用或未解析,41,41,41,0,98ebec18325738696df88b27b47d7f0a46942c75951e832beba6168bd38bac33,668a7ac43db5effa80a1e1f40c94c21f59d5f5f91c8f3ebb12628ac9c5652c0f,False,False,False,EXTERNAL_REFERENCE,转 external reference,Cathaysia/Hainan 亲缘参照，不等于 Palawan–PCT 实体。,,,,,,,,True
E3,E3::EXISTING_REPAIRED::BSPM-CD4B064A9036DB03-E3,BSPM-CD4B064A9036DB03-E3,25FJ06,10.1016/j.precamres.2018.01.010,10.1016/j.precamres.2018.01.010,10.1016/j.precamres.2018.01.010,27.342417,118.777806,,,China,Cathaysia-Hainan-Taiwan continental margin,E3b_Cathaysia_coast_affinity_reference,AFFINITY_REFERENCE_CHALLENGE_ONLY,SEDIMENTARY_DETRITAL,SEDIMENTARY_DETRITAL,SEDIMENTARY_DETRITAL,,,,沉积岩；具体沉积相未系统提取，不能据空值推断,21,21,21,0,865c51d8be95b5aa2df1993caedb73e881fd51989129a1d9b3303e3ead2ac110,4aca209d91ca0dfb2901b01fcef52e0848e6aa6b47bc4504cf9daf3aaaed7d00,False,False,False,EXTERNAL_REFERENCE,转 external reference,Cathaysia/Hainan 亲缘参照，不等于 Palawan–PCT 实体。,,,,,,,,True
E3,E3::EXISTING_REPAIRED::BSPM-F3E5952B6CCF064F-E3,BSPM-F3E5952B6CCF064F-E3,25FJ17,10.1016/j.precamres.2018.01.010,10.1016/j.precamres.2018.01.010,10.1016/j.precamres.2018.01.010,26.870306,116.707583,,,China,Cathaysia-Hainan-Taiwan continental margin,E3b_Cathaysia_coast_affinity_reference,AFFINITY_REFERENCE_CHALLENGE_ONLY,SEDIMENTARY_DETRITAL,SEDIMENTARY_DETRITAL,SEDIMENTARY_DETRITAL,Tianjingping,Tianjingping,,沉积岩；具体沉积相未系统提取，不能据空值推断,48,48,48,0,4e26839d3710f8f257fd2c45a38e3ac972beab79fc7110cc486dc98f9ea013eb,604eb2e7e6f472792fe22bf9532df8056f923aa17bad22a5e858417dbb55f836,False,False,False,EXTERNAL_REFERENCE,转 external reference,Cathaysia/Hainan 亲缘参照，不等于 Palawan–PCT 实体。,,,,,,,,True
E3,E3::EXISTING_REPAIRED::BSPM-60D0F10874C056B2-E3,BSPM-60D0F10874C056B2-E3,ZC-7,10.1360/csb2008-53-14-1680,10.1360/csb2008-53-14-1680,10.1360/csb2008-53-14-1680,23.26092,113.8109,,,China,Cathaysia-Hainan-Taiwan continental margin,E3b_Cathaysia_coast_affinity_reference,AFFINITY_REFERENCE_CHALLENGE_ONLY,METAMORPHIC_BASEMENT_OR_METASEDIMENT,METAMORPHIC_BASEMENT_OR_METASEDIMENT,METAMORPHIC_BASEMENT_OR_METASEDIMENT,,,,不适用或未解析,32,32,32,0,3771246a1b022c6c62698d5766e8624997e34750626d6ec1d6562a163f680b73,6f8ddfbf4d415843a4f16f42431f17768e18f68467f1f5e39d632c260fe90e47,False,False,False,EXTERNAL_REFERENCE,转 external reference,Cathaysia/Hainan 亲缘参照，不等于 Palawan–PCT 实体。,,,,,,,,True
E3,E3::EXISTING_REPAIRED::BSPM-EB1D0370882D53D5-E3,BSPM-EB1D0370882D53D5-E3,1017- 1,10.3969/j.issn.1007-3701.2012.04.002,10.3969/j.issn.1007-3701.2012.04.002,10.3969/j.issn.1007-3701.2012.04.002,22.3887,110.93558,,,China,Cathaysia-Hainan-Taiwan continental margin,E3b_Cathaysia_coast_affinity_reference,AFFINITY_REFERENCE_CHALLENGE_ONLY,METAMORPHIC_BASEMENT_OR_METASEDIMENT,METAMORPHIC_BASEMENT_OR_METASEDIMENT,METAMORPHIC_BASEMENT_OR_METASEDIMENT,,,,不适用或未解析,34,34,34,0,9e3d3c18ad14d7a6e64ee81c6aec5d38d2199d0f2f26c6a6145bb0bf69a479aa,fc793c1abc4020b1e6ca81a557e83498ff3c36e62172c5cc41f15fdcda0f9da2,False,False,False,EXTERNAL_REFERENCE,转 external reference,Cathaysia/Hainan 亲缘参照，不等于 Palawan–PCT 实体。,,,,,,,,True
E3,E3::EXISTING_REPAIRED::BSPM-61374B62F2E51FB2-E3,BSPM-61374B62F2E51FB2-E3,jjl-11,local:7f635b1ee6a2,,local:7f635b1ee6a2,25.69126,112.25714,,,China,Cathaysia-Hainan-Taiwan continental margin,E3b_Cathaysia_coast_affinity_reference,AFFINITY_REFERENCE_CHALLENGE_ONLY,SEDIMENTARY_DETRITAL,SEDIMENTARY_DETRITAL,SEDIMENTARY_DETRITAL,,,,沉积岩；具体沉积相未系统提取，不能据空值推断,53,53,53,0,1c6af28fb5d9aff998cfa515d296a8564d5039b75304dee1e9fe4133a0d0c841,e25c74974e49be7eeecd4f9314ea32f61cc76d31f05763c19373fb6158c61eb8,False,False,False,EXTERNAL_REFERENCE,转 external reference,Cathaysia/Hainan 亲缘参照，不等于 Palawan–PCT 实体。,,,,,,,,True
E3,E3::EXISTING_REPAIRED::BSPM-953AA27D1949A206-E3,BSPM-953AA27D1949A206-E3,mes-26-4,local:7f635b1ee6a2,,local:7f635b1ee6a2,25.95197,110.34207,,,China,Cathaysia-Hainan-Taiwan continental margin,E3b_Cathaysia_coast_affinity_reference,AFFINITY_REFERENCE_CHALLENGE_ONLY,SEDIMENTARY_DETRITAL,SEDIMENTARY_DETRITAL,SEDIMENTARY_DETRITAL,,,,沉积岩；具体沉积相未系统提取，不能据空值推断,50,50,50,0,4b2abd51ada64c27564d3f8aba14b8d5823c2f1d444655c43f2e7524b2560e34,30fc6aa3335dd23aa52830f5ac8c092a585e0d54c8c59a34db157b94d1a37f59,False,False,False,EXTERNAL_REFERENCE,转 external reference,Cathaysia/Hainan 亲缘参照，不等于 Palawan–PCT 实体。,,,,,,,,True
E3,E3::EXISTING_REPAIRED::BSPM-171FB73555E842E2-E3,BSPM-171FB73555E842E2-E3,MJK,10.5194/essd-18-3671-2026,10.5194/essd-18-3671-2026,10.5194/essd-18-3671-2026,26.06282,119.58978,,,Fuzhou,Cathaysia-Hainan-Taiwan continental margin,E3b_Cathaysia_coast_affinity_reference,AFFINITY_REFERENCE_CHALLENGE_ONLY,SEDIMENTARY_DETRITAL,SEDIMENTARY_DETRITAL,SEDIMENTARY_DETRITAL,,,,沉积岩；具体沉积相未系统提取，不能据空值推断,85,85,85,0,2e5098047c0ef0e81196a6555bef6657040bcfdadc3b969e05cce82d07700aed,226e8479b0243241a77efc9c2544f698c36d2ec04c8ff9170e318b7b4a7edbdf,False,False,False,EXTERNAL_REFERENCE,转 external reference,Cathaysia/Hainan 亲缘参照，不等于 Palawan–PCT 实体。,,,,,,,,True
E3,E3::EXISTING_REPAIRED::BSPM-BED1A293BD5A7738-E3,BSPM-BED1A293BD5A7738-E3,KM,10.5194/essd-18-3671-2026,10.5194/essd-18-3671-2026,10.5194/essd-18-3671-2026,24.43435,118.38115,,,Chinmen Island,Cathaysia-Hainan-Taiwan continental margin,E3b_Cathaysia_coast_affinity_reference,AFFINITY_REFERENCE_CHALLENGE_ONLY,SEDIMENTARY_DETRITAL,SEDIMENTARY_DETRITAL,SEDIMENTARY_DETRITAL,,,,沉积岩；具体沉积相未系统提取，不能据空值推断,44,44,44,0,f537eb15186c713dbb0b0587d14e6fa37843ff163244f21b3fb2026d978e4253,657880e70d03c3f52fc30dc9f93d7014bbe5e479f05b8ffb235df175c3b2f5f6,False,False,False,EXTERNAL_REFERENCE,转 external reference,Cathaysia/Hainan 亲缘参照，不等于 Palawan–PCT 实体。,,,,,,,,True
E3,E3::EXISTING_REPAIRED::BSPM-CA6A9BB9E2D91A6F-E3,BSPM-CA6A9BB9E2D91A6F-E3,S5512-7-E,10.5194/essd-18-3671-2026,10.5194/essd-18-3671-2026,10.5194/essd-18-3671-2026,22.79639,113.62639,,,Weiyuan,Cathaysia-Hainan-Taiwan continental margin,E3b_Cathaysia_coast_affinity_reference,AFFINITY_REFERENCE_CHALLENGE_ONLY,MODERN_RIVER_OR_SAND,MODERN_RIVER_OR_SAND,MODERN_RIVER_OR_SAND,,,Modern/Holocene,现代河流/河砂（来源材料字段）；具体流域待原文复核,67,67,67,0,ab55967b4d8d982b9ec14fe155cfb2766ca7c84d84c1e97db1ae778d86a2d6a1,5492f7c0be217ead17ad43015987d47908140269a6519cc18f8035b54fc5aa53,False,False,False,EXTERNAL_REFERENCE,转 external reference,Cathaysia/Hainan 亲缘参照，不等于 Palawan–PCT 实体。,,,,,,,,True
E3,E3::EXISTING_REPAIRED::BSPM-24AD25DFA131432D-E3,BSPM-24AD25DFA131432D-E3,S5513-8-D,10.5194/essd-18-3671-2026,10.5194/essd-18-3671-2026,10.5194/essd-18-3671-2026,23.10194,113.86639,,,Xuwu,Cathaysia-Hainan-Taiwan continental margin,E3b_Cathaysia_coast_affinity_reference,AFFINITY_REFERENCE_CHALLENGE_ONLY,MODERN_RIVER_OR_SAND,MODERN_RIVER_OR_SAND,MODERN_RIVER_OR_SAND,,,Modern/Holocene,现代河流/河砂（来源材料字段）；具体流域待原文复核,78,78,78,0,bb320b6cde872afd2975205094a732e9b782aff4bc4c45c7468b6d6186ce5254,0e645514eb12fa1ae77929ea6c1584788bedb8eeca8529bf1076111879bfcfaf,False,False,False,EXTERNAL_REFERENCE,转 external reference,Cathaysia/Hainan 亲缘参照，不等于 Palawan–PCT 实体。,,,,,,,,True
E3,E3::EXISTING_REPAIRED::BSPM-49028AAF97E522AE-E3,BSPM-49028AAF97E522AE-E3,D38-5,10.5194/essd-18-3671-2026,10.5194/essd-18-3671-2026,10.5194/essd-18-3671-2026,25.69466,114.28252,,,Chongyi,Cathaysia-Hainan-Taiwan continental margin,E3b_Cathaysia_coast_affinity_reference,AFFINITY_REFERENCE_CHALLENGE_ONLY,SEDIMENTARY_DETRITAL,SEDIMENTARY_DETRITAL,SEDIMENTARY_DETRITAL,,,,沉积岩；具体沉积相未系统提取，不能据空值推断,83,83,83,0,f90f6b9fa3886a2ed48556c53c4fd97e94fd4d7250fc3abf97810e347c80db54,6c1afd59907ca7776082ba2ff92d9fa91425cb0a019d93157bcfbaa9b9a58894,False,False,False,EXTERNAL_REFERENCE,转 external reference,Cathaysia/Hainan 亲缘参照，不等于 Palawan–PCT 实体。,,,,,,,,True
E3,E3::EXISTING_REPAIRED::BSPM-9FA11EE25D1641CB-E3,BSPM-9FA11EE25D1641CB-E3,D50-2,10.5194/essd-18-3671-2026,10.5194/essd-18-3671-2026,10.5194/essd-18-3671-2026,25.65089,114.19301,,,Tianpai,Cathaysia-Hainan-Taiwan continental margin,E3b_Cathaysia_coast_affinity_reference,AFFINITY_REFERENCE_CHALLENGE_ONLY,SEDIMENTARY_DETRITAL,SEDIMENTARY_DETRITAL,SEDIMENTARY_DETRITAL,,,,沉积岩；具体沉积相未系统提取，不能据空值推断,83,83,83,0,5fde7aa1cd620850d060ed2839cf7c7b04c16abc94b85ca34ad4b0227013e6e8,70362f380375609fcbd5e42bffc9b380cca59f3e7d1afdbe135b05166afae126,False,False,False,EXTERNAL_REFERENCE,转 external reference,Cathaysia/Hainan 亲缘参照，不等于 Palawan–PCT 实体。,,,,,,,,True
E3,E3::EXISTING_REPAIRED::BSPM-92CFB9E8D6DD2F9C-E3,BSPM-92CFB9E8D6DD2F9C-E3,TX-7,10.5194/essd-18-3671-2026,10.5194/essd-18-3671-2026,10.5194/essd-18-3671-2026,22.80719,114.10569,,,Yuanling,Cathaysia-Hainan-Taiwan continental margin,E3b_Cathaysia_coast_affinity_reference,AFFINITY_REFERENCE_CHALLENGE_ONLY,SEDIMENTARY_DETRITAL,SEDIMENTARY_DETRITAL,SEDIMENTARY_DETRITAL,,,,沉积岩；具体沉积相未系统提取，不能据空值推断,68,68,68,0,720c0e79c7e9d7b45359ae1d37882786482737b393ef48829bc38c5b1556dc98,bb442131078dfdf5b1a2adb9de88afb87f889a722aa467fc7c569697697bc737,False,False,False,EXTERNAL_REFERENCE,转 external reference,Cathaysia/Hainan 亲缘参照，不等于 Palawan–PCT 实体。,,,,,,,,True
E3,E3::EXISTING_REPAIRED::BSPM-94DBF83712A77751-E3,BSPM-94DBF83712A77751-E3,TX-12,10.5194/essd-18-3671-2026,10.5194/essd-18-3671-2026,10.5194/essd-18-3671-2026,22.80719,114.10569,,,Yuanling,Cathaysia-Hainan-Taiwan continental margin,E3b_Cathaysia_coast_affinity_reference,AFFINITY_REFERENCE_CHALLENGE_ONLY,SEDIMENTARY_DETRITAL,SEDIMENTARY_DETRITAL,SEDIMENTARY_DETRITAL,,,,沉积岩；具体沉积相未系统提取，不能据空值推断,71,71,71,0,15c34d606df8a7de389fe1fd3a55db89df88b1062118bbc84a765fbd162f388d,f6aee92ebc4ac13eff6ecb1594c0231c7dff609cdd69c94893ba987d80b52a19,False,False,False,EXTERNAL_REFERENCE,转 external reference,Cathaysia/Hainan 亲缘参照，不等于 Palawan–PCT 实体。,,,,,,,,True
E3,E3::EXISTING_REPAIRED::BSPM-C052E3720912635A-E3,BSPM-C052E3720912635A-E3,KT-15,10.5194/essd-18-3671-2026,10.5194/essd-18-3671-2026,10.5194/essd-18-3671-2026,23.09386,115.98283,,,Kuitanzhen,Cathaysia-Hainan-Taiwan continental margin,E3b_Cathaysia_coast_affinity_reference,DUPLICATE_VERSION_REFERENCE,SEDIMENTARY_DETRITAL,SEDIMENTARY_DETRITAL,SEDIMENTARY_DETRITAL,,,,沉积岩；具体沉积相未系统提取，不能据空值推断,72,72,72,0,f9cb5cecab76b3ab447cd6afe634eefb84fb8af4060acbbf509e08c09a2333d6,3f7fa6120f6b78789c3621eff04c779a74e5f0fc0b0ab5516bcfd15087173882,False,False,False,EXTERNAL_REFERENCE,转 external reference,Cathaysia/Hainan 亲缘参照，不等于 Palawan–PCT 实体。,,,,,,,,True
E3,E3::EXISTING_REPAIRED::BSPM-9CD40BC4296417AE-E3,BSPM-9CD40BC4296417AE-E3,15LXQ-2,10.5194/essd-18-3671-2026,10.5194/essd-18-3671-2026,10.5194/essd-18-3671-2026,25.29692,113.22364,,,NW of Lechang,Cathaysia-Hainan-Taiwan continental margin,E3b_Cathaysia_coast_affinity_reference,AFFINITY_REFERENCE_CHALLENGE_ONLY,SEDIMENTARY_DETRITAL,SEDIMENTARY_DETRITAL,SEDIMENTARY_DETRITAL,,,,沉积岩；具体沉积相未系统提取，不能据空值推断,119,119,119,0,d47abaadecfe3a823fe1ffbda07918ca4194a8bbc8857ddeb647e34a685947f5,d1241b9396bb208aa4df2f9779ad338a87b2deeb7ff4e11ba6e35aae36451e6d,False,False,False,EXTERNAL_REFERENCE,转 external reference,Cathaysia/Hainan 亲缘参照，不等于 Palawan–PCT 实体。,,,,,,,,True
E3,E3::EXISTING_REPAIRED::BSPM-08CED97AA81C01D5-E3,BSPM-08CED97AA81C01D5-E3,HU37,10.1029/2010tc002750,10.1029/2010tc002750,10.1029/2010tc002750,25.54652,113.864,,,Reshui,Cathaysia-Hainan-Taiwan continental margin,E3b_Cathaysia_coast_affinity_reference,AFFINITY_REFERENCE_CHALLENGE_ONLY,SEDIMENTARY_DETRITAL,SEDIMENTARY_DETRITAL,SEDIMENTARY_DETRITAL,,,,沉积岩；具体沉积相未系统提取，不能据空值推断,84,84,84,0,61f9e2aa7c0722b1023e40a96b68b0acb071237d6e53e57b6362d09036d8c644,bb5595b5fbdc25da746a7bdc2d3d9662379f7b06df8e88c95779dc212284fd5a,False,False,False,EXTERNAL_REFERENCE,转 external reference,Cathaysia/Hainan 亲缘参照，不等于 Palawan–PCT 实体。,,,,,,,,True
E3,E3::EXISTING_REPAIRED::BSPM-E6366A4081563B24-E3,BSPM-E6366A4081563B24-E3,JL01,10.3319/tao.2014.02.18.01(tt,10.3319/tao.2014.02.18.01(tt,10.3319/tao.2014.02.18.01(tt,24.40755,117.9207,,,Xiamen,Cathaysia-Hainan-Taiwan continental margin,E3b_Cathaysia_coast_affinity_reference,AFFINITY_REFERENCE_CHALLENGE_ONLY,SEDIMENTARY_DETRITAL,SEDIMENTARY_DETRITAL,SEDIMENTARY_DETRITAL,,,,沉积岩；具体沉积相未系统提取，不能据空值推断,80,80,80,0,b54f386bc736eb278aba7b2535213c3c2d22ec1e72219e2fcd061ac4817d8d8b,9b7f48010c6eb53bcdc66d317e383a2b37c7466a0091238e529bec9867605c93,False,False,False,EXTERNAL_REFERENCE,转 external reference,Cathaysia/Hainan 亲缘参照，不等于 Palawan–PCT 实体。,,,,,,,,True
E3,E3::EXISTING_REPAIRED::BSPM-2F60970C7F942253-E3,BSPM-2F60970C7F942253-E3,MJ01,10.3319/tao.2014.02.18.01(tt,10.3319/tao.2014.02.18.01(tt,10.3319/tao.2014.02.18.01(tt,25.99581,119.4825,,,Fuzhou,Cathaysia-Hainan-Taiwan continental margin,E3b_Cathaysia_coast_affinity_reference,AFFINITY_REFERENCE_CHALLENGE_ONLY,SEDIMENTARY_DETRITAL,SEDIMENTARY_DETRITAL,SEDIMENTARY_DETRITAL,,,,沉积岩；具体沉积相未系统提取，不能据空值推断,146,146,146,0,1f3fd108b9f8a89a100b23d6b671079208ad7b33e19794b0af3517101f971385,3103ca51a3718f262d47077b58f75e393ec7bcc4fa3e11b3245dae31c22e3d98,False,False,False,EXTERNAL_REFERENCE,转 external reference,Cathaysia/Hainan 亲缘参照，不等于 Palawan–PCT 实体。,,,,,,,,True
E3,E3::EXISTING_REPAIRED::BSPM-46C84AFD8E60F701-E3,BSPM-46C84AFD8E60F701-E3,1,cnki:sun:xjdi.0.2019-02-025,cnki:sun:xjdi.0.2019-02-025,cnki:sun:xjdi.0.2019-02-025,26.333911,115.32341,,,Wugongshan Yushan area in southern Jiangxi,Cathaysia-Hainan-Taiwan continental margin,E3b_Cathaysia_coast_affinity_reference,AFFINITY_REFERENCE_CHALLENGE_ONLY,METAMORPHIC_BASEMENT_OR_METASEDIMENT,METAMORPHIC_BASEMENT_OR_METASEDIMENT,METAMORPHIC_BASEMENT_OR_METASEDIMENT,Gaotan Fm,Gaotan Fm,,不适用或未解析,53,53,53,0,751ad170d24a46e61127596566b03c11a5610354d9b1adf001c6198d19a351c5,049a7d269712260e69474b945e4ec47aea08742888069db75b57df2891cc5e7a,False,False,False,EXTERNAL_REFERENCE,转 external reference,Cathaysia/Hainan 亲缘参照，不等于 Palawan–PCT 实体。,,,,,,,,True
E3,E3::EXISTING_REPAIRED::BSPM-AE91283E9AB687B2-E3,BSPM-AE91283E9AB687B2-E3,08MTK07,10.1016/j.tecto.2020.228400,10.1016/j.tecto.2020.228400,10.1016/j.tecto.2020.228400,25.08302778,117.1034444,,,"Longyan,fujian",Cathaysia-Hainan-Taiwan continental margin,E3b_Cathaysia_coast_affinity_reference,AFFINITY_REFERENCE_CHALLENGE_ONLY,SEDIMENTARY_DETRITAL,SEDIMENTARY_DETRITAL,SEDIMENTARY_DETRITAL,Luokeng Formation,Luokeng Formation,,沉积岩；具体沉积相未系统提取，不能据空值推断,79,79,79,0,f5fb95e9d9c229a4c88d0d2d1ff19908deaae2ff3ed69d4b0a31e5c05a5b9159,a75c1d776e92d706ce192a7ef6b480a146970679f3bff1725e2b65637cf5d088,False,False,False,EXTERNAL_REFERENCE,转 external reference,Cathaysia/Hainan 亲缘参照，不等于 Palawan–PCT 实体。,,,,,,,,True
E3,E3::EXISTING_REPAIRED::BSPM-6EBB80CBB32278FA-E3,BSPM-6EBB80CBB32278FA-E3,08MTK05,10.1016/j.tecto.2020.228400,10.1016/j.tecto.2020.228400,10.1016/j.tecto.2020.228400,25.08236111,117.1026389,,,"Longyan,fujian",Cathaysia-Hainan-Taiwan continental margin,E3b_Cathaysia_coast_affinity_reference,AFFINITY_REFERENCE_CHALLENGE_ONLY,SEDIMENTARY_DETRITAL,SEDIMENTARY_DETRITAL,SEDIMENTARY_DETRITAL,Cuipingshan Formation,Cuipingshan Formation,,沉积岩；具体沉积相未系统提取，不能据空值推断,82,82,82,0,668ad7b6e9929805c3e4935fe41604dc577982fd9a7b19d8b9b59b197334dd04,75b93bc1d26cda7f2743704c50fd500ab4a6a1326eb57caef44adb827a019358,False,False,False,EXTERNAL_REFERENCE,转 external reference,Cathaysia/Hainan 亲缘参照，不等于 Palawan–PCT 实体。,,,,,,,,True
E3,E3::EXISTING_REPAIRED::BSPM-A2F798DED267F94D-E3,BSPM-A2F798DED267F94D-E3,08MTK04,10.1016/j.tecto.2020.228400,10.1016/j.tecto.2020.228400,10.1016/j.tecto.2020.228400,25.08175,117.0930556,,,"Longyan,fujian",Cathaysia-Hainan-Taiwan continental margin,E3b_Cathaysia_coast_affinity_reference,AFFINITY_REFERENCE_CHALLENGE_ONLY,SEDIMENTARY_DETRITAL,SEDIMENTARY_DETRITAL,SEDIMENTARY_DETRITAL,Tongziyan Formation,Tongziyan Formation,,沉积岩；具体沉积相未系统提取，不能据空值推断,68,68,68,0,f5c31bbdc5ecffccc7e524c7c8afa866d8edf19fa752e654d7f209c518471d8d,5316eef7bbdb76a7f9df008b70633ea489ee696831000d1bb5ae29663cd8b043,False,False,False,EXTERNAL_REFERENCE,转 external reference,Cathaysia/Hainan 亲缘参照，不等于 Palawan–PCT 实体。,,,,,,,,True
E3,E3::EXISTING_REPAIRED::BSPM-5EA5E82BE600C27B-E3,BSPM-5EA5E82BE600C27B-E3,10LB06,10.1016/j.tecto.2020.228400,10.1016/j.tecto.2020.228400,10.1016/j.tecto.2020.228400,25.20375,117.0530833,,,"Longyan,fujian",Cathaysia-Hainan-Taiwan continental margin,E3b_Cathaysia_coast_affinity_reference,AFFINITY_REFERENCE_CHALLENGE_ONLY,SEDIMENTARY_DETRITAL,SEDIMENTARY_DETRITAL,SEDIMENTARY_DETRITAL,Lindi Formation,Lindi Formation,,沉积岩；具体沉积相未系统提取，不能据空值推断,73,73,73,0,a9e78044d65365f8f9096a14e69c48117f1478faa94c94c5ccedc7b81663c38f,024fd98130d1745c2b7ff7c6e3a36a601a9a2e692fe89673970316cb6f828bbf,False,False,False,EXTERNAL_REFERENCE,转 external reference,Cathaysia/Hainan 亲缘参照，不等于 Palawan–PCT 实体。,,,,,,,,True
E3,E3::EXISTING_REPAIRED::BSPM-F20EB73CAFE19D92-E3,BSPM-F20EB73CAFE19D92-E3,10TZK24,10.1016/j.tecto.2020.228400,10.1016/j.tecto.2020.228400,10.1016/j.tecto.2020.228400,25.19052778,117.0646111,,,"Longyan,fujian",Cathaysia-Hainan-Taiwan continental margin,E3b_Cathaysia_coast_affinity_reference,AFFINITY_REFERENCE_CHALLENGE_ONLY,SEDIMENTARY_DETRITAL,SEDIMENTARY_DETRITAL,SEDIMENTARY_DETRITAL,Lindi Formation,Lindi Formation,,沉积岩；具体沉积相未系统提取，不能据空值推断,61,61,61,0,48dd814743966490ba7c73fa25d3a965ca8bca4b6ee40077f2824de8e8a41c15,608b6a81c46d7eb9f7a1fe2dd052e5316a3a4c040215bd77f36864e8b499b600,False,False,False,EXTERNAL_REFERENCE,转 external reference,Cathaysia/Hainan 亲缘参照，不等于 Palawan–PCT 实体。,,,,,,,,True
E3,E3::EXISTING_REPAIRED::BSPM-952A0A2D7A0CD5F5-E3,BSPM-952A0A2D7A0CD5F5-E3,08TZK05,10.1016/j.tecto.2020.228400,10.1016/j.tecto.2020.228400,10.1016/j.tecto.2020.228400,25.08236111,117.1026389,,,"Longyan,fujian",Cathaysia-Hainan-Taiwan continental margin,E3b_Cathaysia_coast_affinity_reference,AFFINITY_REFERENCE_CHALLENGE_ONLY,SEDIMENTARY_DETRITAL,SEDIMENTARY_DETRITAL,SEDIMENTARY_DETRITAL,Tianwadong Formation,Tianwadong Formation,,沉积岩；具体沉积相未系统提取，不能据空值推断,66,66,66,0,2b44747d3364fd2db4b467aa322799ffbda876cdd753b28af8fb49301fd96afd,5bb715b6728f078640dd928e208c0dd5a8265401b9bedafc3024985ffe204a14,False,False,False,EXTERNAL_REFERENCE,转 external reference,Cathaysia/Hainan 亲缘参照，不等于 Palawan–PCT 实体。,,,,,,,,True
E3,E3::EXISTING_REPAIRED::BSPM-B40CC2A2FF09E9E9-E3,BSPM-B40CC2A2FF09E9E9-E3,08TZK01,10.1016/j.tecto.2020.228400,10.1016/j.tecto.2020.228400,10.1016/j.tecto.2020.228400,25.07644444,117.096,,,"Longyan,fujian",Cathaysia-Hainan-Taiwan continental margin,E3b_Cathaysia_coast_affinity_reference,AFFINITY_REFERENCE_CHALLENGE_ONLY,SEDIMENTARY_DETRITAL,SEDIMENTARY_DETRITAL,SEDIMENTARY_DETRITAL,Lintian Formation,Lintian Formation,,沉积岩；具体沉积相未系统提取，不能据空值推断,84,84,84,0,b5324df7fd3c9a9f1b28921c8956362447e21a33c492f40654776bf065f90023,c0672b7be3b0f03089221695b99c3a63192b36529e7c5b5f847a5fb33e390165,False,False,False,EXTERNAL_REFERENCE,转 external reference,Cathaysia/Hainan 亲缘参照，不等于 Palawan–PCT 实体。,,,,,,,,True
E3,E3::EXISTING_REPAIRED::BSPM-0229C95DCE061AA7-E3,BSPM-0229C95DCE061AA7-E3,TX-7,dx.doi.org/10.1139/cjes-2019-0050,dx.doi.org/10.1139/cjes-2019-0050,dx.doi.org/10.1139/cjes-2019-0050,22.09386111,115.9828333,,,Huilai,Cathaysia-Hainan-Taiwan continental margin,E3b_Cathaysia_coast_affinity_reference,AFFINITY_REFERENCE_CHALLENGE_ONLY,SEDIMENTARY_DETRITAL,SEDIMENTARY_DETRITAL,SEDIMENTARY_DETRITAL,Tangxia Formations,Tangxia Formations,,沉积岩；具体沉积相未系统提取，不能据空值推断,69,69,69,0,288dae1725acb5109537f8826bd884f9a39e406ef036d5ce8926bf60a08d4bcd,d9f1d2ac5ad03b6510aef18355c96a0dcd30574a4fb9e2bbde5834bf6df06b70,False,False,False,EXTERNAL_REFERENCE,转 external reference,Cathaysia/Hainan 亲缘参照，不等于 Palawan–PCT 实体。,,,,,,,,True
E3,E3::EXISTING_REPAIRED::BSPM-83971378FA8C6221-E3,BSPM-83971378FA8C6221-E3,TX-12,dx.doi.org/10.1139/cjes-2019-0050,dx.doi.org/10.1139/cjes-2019-0050,dx.doi.org/10.1139/cjes-2019-0050,22.09386111,115.9828333,,,Huilai,Cathaysia-Hainan-Taiwan continental margin,E3b_Cathaysia_coast_affinity_reference,AFFINITY_REFERENCE_CHALLENGE_ONLY,SEDIMENTARY_DETRITAL,SEDIMENTARY_DETRITAL,SEDIMENTARY_DETRITAL,Tangxia Formations,Tangxia Formations,,沉积岩；具体沉积相未系统提取，不能据空值推断,73,73,73,0,a93851917c4c576c840d12c28428701a0f11c005881957d8c1cda1c39d460917,c65731f7bd2dc921f90886488eb6af76a5ebcda7f1de14a1edf9251bd8b08316,False,False,False,EXTERNAL_REFERENCE,转 external reference,Cathaysia/Hainan 亲缘参照，不等于 Palawan–PCT 实体。,,,,,,,,True
E3,E3::EXISTING_REPAIRED::BSPM-EF033DD42D885EBA-E3,BSPM-EF033DD42D885EBA-E3,KT-15,dx.doi.org/10.1139/cjes-2019-0050,dx.doi.org/10.1139/cjes-2019-0050,dx.doi.org/10.1139/cjes-2019-0050,22.80719444,114.1056944,,,Dongguan,Cathaysia-Hainan-Taiwan continental margin,E3b_Cathaysia_coast_affinity_reference,AFFINITY_REFERENCE_CHALLENGE_ONLY,SEDIMENTARY_DETRITAL,SEDIMENTARY_DETRITAL,SEDIMENTARY_DETRITAL,Qiaoyuan Formations,Qiaoyuan Formations,,沉积岩；具体沉积相未系统提取，不能据空值推断,72,72,72,0,f9cb5cecab76b3ab447cd6afe634eefb84fb8af4060acbbf509e08c09a2333d6,3f7fa6120f6b78789c3621eff04c779a74e5f0fc0b0ab5516bcfd15087173882,False,False,False,EXTERNAL_REFERENCE,转 external reference,Cathaysia/Hainan 亲缘参照，不等于 Palawan–PCT 实体。,,,,,,,,True
E3,E3::EXISTING_REPAIRED::BSPM-476DC000AA52702C-E3,BSPM-476DC000AA52702C-E3,ZGP-N1,https://kns.cnki.net/kcms/detail/detail.aspx?dbcode=cjfd&dbname=cjfd2014&filename=zqyd201406003&uniplatform=nzkpt&v=mti0mpeccj9qimpyoynssjsoxadaprmju1ptf4naeih6abywrmtdh-qe3tdljanf,https://kns.cnki.net/kcms/detail/detail.aspx?dbcode=cjfd&dbname=cjfd2014&filename=zqyd201406003&uniplatform=nzkpt&v=mti0mpeccj9qimpyoynssjsoxadaprmju1ptf4naeih6abywrmtdh-qe3tdljanf,https://kns.cnki.net/kcms/detail/detail.aspx?dbcode=cjfd&dbname=cjfd2014&filename=zqyd201406003&uniplatform=nzkpt&v=mti0mpeccj9qimpyoynssjsoxadaprmju1ptf4naeih6abywrmtdh-qe3tdljanf,26.5,120.3,,,Zhangguanchang,Cathaysia-Hainan-Taiwan continental margin,E3b_Cathaysia_coast_affinity_reference,AFFINITY_REFERENCE_CHALLENGE_ONLY,SEDIMENTARY_DETRITAL,SEDIMENTARY_DETRITAL,SEDIMENTARY_DETRITAL,Ledashu Formation,Ledashu Formation,,沉积岩；具体沉积相未系统提取，不能据空值推断,74,74,74,0,32da41c87c09cee7a70316b1229d53cba8a3eb43e12fcf1e633424ffb36d55ed,b8ecc6bb5b29bb00040a12092aef1fbae6a0eb0daf59e9e58fb196137496aeaf,False,False,False,EXTERNAL_REFERENCE,转 external reference,Cathaysia/Hainan 亲缘参照，不等于 Palawan–PCT 实体。,,,,,,,,True
E3,E3::EXISTING_REPAIRED::BSPM-0909AAB3ECA7F8F1-E3,BSPM-0909AAB3ECA7F8F1-E3,YAB-03,doi：10.27493/d.cnki.gzdzy.2020.001477,doi：10.27493/d.cnki.gzdzy.2020.001477,doi：10.27493/d.cnki.gzdzy.2020.001477,24.3425,116.81,,,"Baihou,Dabu",Cathaysia-Hainan-Taiwan continental margin,E3b_Cathaysia_coast_affinity_reference,AFFINITY_REFERENCE_CHALLENGE_ONLY,SEDIMENTARY_DETRITAL,SEDIMENTARY_DETRITAL,SEDIMENTARY_DETRITAL,,,,沉积岩；具体沉积相未系统提取，不能据空值推断,108,108,108,0,8ac6269d537fafd9002c0dfdf5e57bf86beeaa1ad3b518089e5a5c7240b55017,266f33ffff16a69b1434ff4892920eee6f0bd5a262871922121acd76eae81c1f,False,False,False,EXTERNAL_REFERENCE,转 external reference,Cathaysia/Hainan 亲缘参照，不等于 Palawan–PCT 实体。,,,,,,,,True
E3,E3::EXISTING_REPAIRED::BSPM-81C2251C67C73D28-E3,BSPM-81C2251C67C73D28-E3,YAB-04,doi：10.27493/d.cnki.gzdzy.2020.001477,doi：10.27493/d.cnki.gzdzy.2020.001477,doi：10.27493/d.cnki.gzdzy.2020.001477,24.42777778,116.04,,,"Baihou,Dabu",Cathaysia-Hainan-Taiwan continental margin,E3b_Cathaysia_coast_affinity_reference,AFFINITY_REFERENCE_CHALLENGE_ONLY,SEDIMENTARY_DETRITAL,SEDIMENTARY_DETRITAL,SEDIMENTARY_DETRITAL,,,,沉积岩；具体沉积相未系统提取，不能据空值推断,112,112,112,0,de86ba6b83ab2df6d9b23dc5433318d596c4fc4e256380019de7984387dc7c51,b3f42b75eba0f4517e678e8fc539054248ad0e7f8a44e98501095d781e5355b1,False,False,False,EXTERNAL_REFERENCE,转 external reference,Cathaysia/Hainan 亲缘参照，不等于 Palawan–PCT 实体。,,,,,,,,True
E3,E3::EXISTING_REPAIRED::BSPM-4B6F0D4BE7EC1B8B-E3,BSPM-4B6F0D4BE7EC1B8B-E3,YAB-03,10.1016/j.jseaes.2019.104024,10.1016/j.jseaes.2019.104024,10.1016/j.jseaes.2019.104024,24.3425,116.8094,,,Dabu County of Guangdong Province,Cathaysia-Hainan-Taiwan continental margin,E3b_Cathaysia_coast_affinity_reference,AFFINITY_REFERENCE_CHALLENGE_ONLY,SEDIMENTARY_DETRITAL,SEDIMENTARY_DETRITAL,SEDIMENTARY_DETRITAL,Lishan Formation,Lishan Formation,,沉积岩；具体沉积相未系统提取，不能据空值推断,109,109,109,0,48ef46751e51a7f3f044a590176e387610d561c2e31a24092903c3076589d507,6491fffcd5d229438f19502137818096e2f5d81fb5242bb840026cab607d2e59,False,False,False,EXTERNAL_REFERENCE,转 external reference,Cathaysia/Hainan 亲缘参照，不等于 Palawan–PCT 实体。,,,,,,,,True
E3,E3::EXISTING_REPAIRED::BSPM-C6F3552976DC2C8C-E3,BSPM-C6F3552976DC2C8C-E3,YAB-04,10.1016/j.jseaes.2019.104024,10.1016/j.jseaes.2019.104024,10.1016/j.jseaes.2019.104024,24.3425,116.8094,,,Dabu County of Guangdong Province,Cathaysia-Hainan-Taiwan continental margin,E3b_Cathaysia_coast_affinity_reference,AFFINITY_REFERENCE_CHALLENGE_ONLY,SEDIMENTARY_DETRITAL,SEDIMENTARY_DETRITAL,SEDIMENTARY_DETRITAL,Lishan Formation,Lishan Formation,,沉积岩；具体沉积相未系统提取，不能据空值推断,112,112,112,0,229e8c5307cd839ad73dc51cb4ea4fdc3ae757a6f582a46cd8677c0b52a5c38d,5454f202d5ad3d0e74890d74e3ec223fa5afc20deba19da1374105bdb98e226e,False,False,False,EXTERNAL_REFERENCE,转 external reference,Cathaysia/Hainan 亲缘参照，不等于 Palawan–PCT 实体。,,,,,,,,True
E3,E3::EXISTING_REPAIRED::BSPM-182D4F46ABD5E0D2-E3,BSPM-182D4F46ABD5E0D2-E3,F15-1,10.5194/essd-18-3671-2026,10.5194/essd-18-3671-2026,10.5194/essd-18-3671-2026,24.9736,116.9107,,,Fuling,Cathaysia-Hainan-Taiwan continental margin,E3b_Cathaysia_coast_affinity_reference,AFFINITY_REFERENCE_CHALLENGE_ONLY,SEDIMENTARY_DETRITAL,SEDIMENTARY_DETRITAL,SEDIMENTARY_DETRITAL,Wenbinshan Formation,Wenbinshan Formation,,沉积岩；具体沉积相未系统提取，不能据空值推断,30,30,30,0,da1f4eda1523a95df53c86d3b45eb7674b50de600409eeda46e0218052def18a,5b17e0530286ea90a80ce9a087cf68701675ca8af9b4bb3912b4362e0775ead1,False,False,False,EXTERNAL_REFERENCE,转 external reference,Cathaysia/Hainan 亲缘参照，不等于 Palawan–PCT 实体。,,,,,,,,True
E3,E3::EXISTING_REPAIRED::BSPM-744E0BB876EE9BFB-E3,BSPM-744E0BB876EE9BFB-E3,F15-2,10.5194/essd-18-3671-2026,10.5194/essd-18-3671-2026,10.5194/essd-18-3671-2026,24.9736,116.9107,,,Fuling,Cathaysia-Hainan-Taiwan continental margin,E3b_Cathaysia_coast_affinity_reference,AFFINITY_REFERENCE_CHALLENGE_ONLY,SEDIMENTARY_DETRITAL,SEDIMENTARY_DETRITAL,SEDIMENTARY_DETRITAL,Wenbinshan Formation,Wenbinshan Formation,,沉积岩；具体沉积相未系统提取，不能据空值推断,26,26,26,0,6200790742bb0ccf9140c6ea1b443b66b57cd0aa7c05799ad60ef67402186448,a7fe9a1a41e6ca5b7b2703e3378b8fd9429beba803a21536a3b4cbe10af4efdf,False,False,False,EXTERNAL_REFERENCE,转 external reference,Cathaysia/Hainan 亲缘参照，不等于 Palawan–PCT 实体。,,,,,,,,True
E3,E3::EXISTING_REPAIRED::BSPM-A7B82DC321EBD581-E3,BSPM-A7B82DC321EBD581-E3,F16-1,10.5194/essd-18-3671-2026,10.5194/essd-18-3671-2026,10.5194/essd-18-3671-2026,24.9736,116.9107,,,Fuling,Cathaysia-Hainan-Taiwan continental margin,E3b_Cathaysia_coast_affinity_reference,AFFINITY_REFERENCE_CHALLENGE_ONLY,SEDIMENTARY_DETRITAL,SEDIMENTARY_DETRITAL,SEDIMENTARY_DETRITAL,Wenbinshan Formation,Wenbinshan Formation,,沉积岩；具体沉积相未系统提取，不能据空值推断,29,29,29,0,a4d88ade718311baf1c7a989c9e76531f1e0a2ace343f297564e4b7cbaed727f,6c0a2861a644399c3f676a601b76ac2565d8f73e21a7c84d070b8d289306fb27,False,False,False,EXTERNAL_REFERENCE,转 external reference,Cathaysia/Hainan 亲缘参照，不等于 Palawan–PCT 实体。,,,,,,,,True
E3,E3::EXISTING_REPAIRED::BSPM-11E15262632EA81D-E3,BSPM-11E15262632EA81D-E3,F16-2,10.5194/essd-18-3671-2026,10.5194/essd-18-3671-2026,10.5194/essd-18-3671-2026,24.9736,116.9107,,,Fuling,Cathaysia-Hainan-Taiwan continental margin,E3b_Cathaysia_coast_affinity_reference,AFFINITY_REFERENCE_CHALLENGE_ONLY,SEDIMENTARY_DETRITAL,SEDIMENTARY_DETRITAL,SEDIMENTARY_DETRITAL,Wenbinshan Formation,Wenbinshan Formation,,沉积岩；具体沉积相未系统提取，不能据空值推断,46,46,46,0,f0aad53c7909c5e24bbc68b6b36d3af2fc2b6a9a6c141c9de54a5943d2377f54,c2c5fb73fa81dc3a1e58414f753591f77f179cbcba3c6bb5f0864c24da08988f,False,False,False,EXTERNAL_REFERENCE,转 external reference,Cathaysia/Hainan 亲缘参照，不等于 Palawan–PCT 实体。,,,,,,,,True
E3,E3::EXISTING_REPAIRED::BSPM-43460582C9397119-E3,BSPM-43460582C9397119-E3,NX-3-2,https://www.researchgate.net/publication/226071192,https://www.researchgate.net/publication/226071192,https://www.researchgate.net/publication/226071192,23.48249,116.00629,,,Tanxi,Cathaysia-Hainan-Taiwan continental margin,E3b_Cathaysia_coast_affinity_reference,AFFINITY_REFERENCE_CHALLENGE_ONLY,SEDIMENTARY_DETRITAL,SEDIMENTARY_DETRITAL,SEDIMENTARY_DETRITAL,,,,沉积岩；具体沉积相未系统提取，不能据空值推断,55,55,55,0,efc552d18df797ed75461898556f60b543e91259e8fa4e6368847f5fe5db812b,3b74cd79d94816e0d5a7de90224b566061a8b5fff1a830b332e44806066def9d,False,False,False,EXTERNAL_REFERENCE,转 external reference,Cathaysia/Hainan 亲缘参照，不等于 Palawan–PCT 实体。,,,,,,,,True
E3,E3::EXISTING_REPAIRED::BSPM-4A8B610DEA6617E2-E3,BSPM-4A8B610DEA6617E2-E3,NX-3-2,10.1016/j.precamres.2008.03.002,10.1016/j.precamres.2008.03.002,10.1016/j.precamres.2008.03.002,25.236389,114.188056,,,Nanxiong,Cathaysia-Hainan-Taiwan continental margin,E3b_Cathaysia_coast_affinity_reference,AFFINITY_REFERENCE_CHALLENGE_ONLY,SEDIMENTARY_DETRITAL,SEDIMENTARY_DETRITAL,SEDIMENTARY_DETRITAL,,,,沉积岩；具体沉积相未系统提取，不能据空值推断,57,57,57,0,0ac3e11522573728913949ddeff2333a796dc7d9f694cbb150c2286e7fad4097,8bee88391d60acfbcfc27f663629152b7941f723759b2d6cd1d22e1dc0298160,False,False,False,EXTERNAL_REFERENCE,转 external reference,Cathaysia/Hainan 亲缘参照，不等于 Palawan–PCT 实体。,,,,,,,,True
E3,E3::EXISTING_REPAIRED::BSPM-F1FF95A8A3ABEE6C-E3,BSPM-F1FF95A8A3ABEE6C-E3,ZC-6,10.1016/j.precamres.2008.03.002,10.1016/j.precamres.2008.03.002,10.1016/j.precamres.2008.03.002,23.358889,113.856944,,,Zengcheng,Cathaysia-Hainan-Taiwan continental margin,E3b_Cathaysia_coast_affinity_reference,AFFINITY_REFERENCE_CHALLENGE_ONLY,SEDIMENTARY_DETRITAL,SEDIMENTARY_DETRITAL,SEDIMENTARY_DETRITAL,,,,沉积岩；具体沉积相未系统提取，不能据空值推断,34,34,34,0,c8f6e28c1a6803604e23dfac534447aab3974331e4fe02ddb94dee18d456395a,e813b23eddf67170b936a36ec7b539d6c19cb823926cacc9456edd79a45dc32e,False,False,False,EXTERNAL_REFERENCE,转 external reference,Cathaysia/Hainan 亲缘参照，不等于 Palawan–PCT 实体。,,,,,,,,True
E3,E3::EXISTING_REPAIRED::BSPM-919A79B6E22D664A-E3,BSPM-919A79B6E22D664A-E3,XW-12,doi.org/10.1016/j.precamres.2010.05.016,doi.org/10.1016/j.precamres.2010.05.016,doi.org/10.1016/j.precamres.2010.05.016,25.0375,115.262222,,,Xunwu,Cathaysia-Hainan-Taiwan continental margin,E3b_Cathaysia_coast_affinity_reference,AFFINITY_REFERENCE_CHALLENGE_ONLY,SEDIMENTARY_DETRITAL,SEDIMENTARY_DETRITAL,SEDIMENTARY_DETRITAL,Xunwu,Xunwu,,沉积岩；具体沉积相未系统提取，不能据空值推断,31,31,31,0,98609f1a72418241429db83ede188c6cac5c27fe9ea22b83cc9e4fae637b04e4,c369beac0a3483ef4b597e45ee82ad08a1da7d0c0cab94cd3276d1a3dae7628d,False,False,False,EXTERNAL_REFERENCE,转 external reference,Cathaysia/Hainan 亲缘参照，不等于 Palawan–PCT 实体。,,,,,,,,True
E3,E3::EXISTING_REPAIRED::BSPM-7F6BC9CA753D87C2-E3,BSPM-7F6BC9CA753D87C2-E3,15NFJ-46-2,10.1016/j.precamres.2018.10.004,10.1016/j.precamres.2018.10.004,10.1016/j.precamres.2018.10.004,26.79508,118.49049,,,Fujian,Cathaysia-Hainan-Taiwan continental margin,E3b_Cathaysia_coast_affinity_reference,AFFINITY_REFERENCE_CHALLENGE_ONLY,SEDIMENTARY_DETRITAL,SEDIMENTARY_DETRITAL,SEDIMENTARY_DETRITAL,Dikou,Dikou,,沉积岩；具体沉积相未系统提取，不能据空值推断,2,2,2,0,0fef748b45c7b257df9e3b683eee4a91d4c4499e784e7c54fd9173d8c17b2b8f,960553481d853d179dfe59a3db0bfe6fbaeebe1eece6da5b10c295267fb6c707,False,False,False,EXTERNAL_REFERENCE,转 external reference,Cathaysia/Hainan 亲缘参照，不等于 Palawan–PCT 实体。,,,,,,,,True
E3,E3::EXISTING_REPAIRED::BSPM-D8030E5AEE932A21-E3,BSPM-D8030E5AEE932A21-E3,15NFJ-57,10.1016/j.precamres.2018.10.004,10.1016/j.precamres.2018.10.004,10.1016/j.precamres.2018.10.004,25.758694,116.240389,,,Fujian,Cathaysia-Hainan-Taiwan continental margin,E3b_Cathaysia_coast_affinity_reference,AFFINITY_REFERENCE_CHALLENGE_ONLY,SEDIMENTARY_DETRITAL,SEDIMENTARY_DETRITAL,SEDIMENTARY_DETRITAL,,,,沉积岩；具体沉积相未系统提取，不能据空值推断,86,86,86,0,8ebca5764bba248ed20624dce0f9eecb000256b71d690ebd869c78f9333ab174,d101ef4b2541c8147ac288a03118ddd424ee21c546bb1e21d71be1a06aa773cf,False,False,False,EXTERNAL_REFERENCE,转 external reference,Cathaysia/Hainan 亲缘参照，不等于 Palawan–PCT 实体。,,,,,,,,True
E3,E3::EXISTING_REPAIRED::BSPM-3B8A6DF7B99710D9-E3,BSPM-3B8A6DF7B99710D9-E3,15NFJ-65,10.1016/j.precamres.2018.10.004,10.1016/j.precamres.2018.10.004,10.1016/j.precamres.2018.10.004,25.695583,116.138167,,,Fujian,Cathaysia-Hainan-Taiwan continental margin,E3b_Cathaysia_coast_affinity_reference,AFFINITY_REFERENCE_CHALLENGE_ONLY,SEDIMENTARY_DETRITAL,SEDIMENTARY_DETRITAL,SEDIMENTARY_DETRITAL,,,,沉积岩；具体沉积相未系统提取，不能据空值推断,40,40,40,0,2a58e2df16fce4d78ffeaa527bfca3c362a417d802760930d0d8d9ac9147bc57,afa2d1c28c742bca733bb9f4bbce0dbaa14e5a984bceb13034ba987270952f30,False,False,False,EXTERNAL_REFERENCE,转 external reference,Cathaysia/Hainan 亲缘参照，不等于 Palawan–PCT 实体。,,,,,,,,True
E3,E3::EXISTING_REPAIRED::BSPM-07126A6D49E26367-E3,BSPM-07126A6D49E26367-E3,15NFJ-83,10.1016/j.precamres.2018.10.004,10.1016/j.precamres.2018.10.004,10.1016/j.precamres.2018.10.004,25.685167,116.127583,,,Fujian,Cathaysia-Hainan-Taiwan continental margin,E3b_Cathaysia_coast_affinity_reference,AFFINITY_REFERENCE_CHALLENGE_ONLY,SEDIMENTARY_DETRITAL,SEDIMENTARY_DETRITAL,SEDIMENTARY_DETRITAL,,,,沉积岩；具体沉积相未系统提取，不能据空值推断,47,47,47,0,2bd6985e7819f60340e85f0bef8eeb5e4caea8dc8d98c6531bb64714caedb6bf,774b1a97099121ff23f568c416da0669b16efc3b8dc74d54098d6f01f9372e25,False,False,False,EXTERNAL_REFERENCE,转 external reference,Cathaysia/Hainan 亲缘参照，不等于 Palawan–PCT 实体。,,,,,,,,True
E3,E3::EXISTING_REPAIRED::BSPM-5E4A3D592AD7319A-E3,BSPM-5E4A3D592AD7319A-E3,ZC-6,https://www.sciengine.com/csb/doi/10.1360/csb2008-53-14-1680,https://www.sciengine.com/csb/doi/10.1360/csb2008-53-14-1680,https://www.sciengine.com/csb/doi/10.1360/csb2008-53-14-1680,23.26092,113.8109,,,Zengcheng,Cathaysia-Hainan-Taiwan continental margin,E3b_Cathaysia_coast_affinity_reference,AFFINITY_REFERENCE_CHALLENGE_ONLY,METAMORPHIC_BASEMENT_OR_METASEDIMENT,METAMORPHIC_BASEMENT_OR_METASEDIMENT,METAMORPHIC_BASEMENT_OR_METASEDIMENT,,,,不适用或未解析,32,32,32,0,95906313f0b49ebd98459520c1119bc07fac8bdfa2e51683c186798e98e3ee87,0d7e9f2fcb497511199488af0c9a053db1db842ee669e62f8b4eb8054d827708,False,False,False,EXTERNAL_REFERENCE,转 external reference,Cathaysia/Hainan 亲缘参照，不等于 Palawan–PCT 实体。,,,,,,,,True
E3,E3::EXISTING_REPAIRED::BSPM-0FB42C11841F99AF-E3,BSPM-0FB42C11841F99AF-E3,XW-12,https://www.sciengine.com/csb/doi/10.1360/csb2008-53-14-1680,https://www.sciengine.com/csb/doi/10.1360/csb2008-53-14-1680,https://www.sciengine.com/csb/doi/10.1360/csb2008-53-14-1680,25.13701,115.39379,,,Zengcheng,Cathaysia-Hainan-Taiwan continental margin,E3b_Cathaysia_coast_affinity_reference,DUPLICATE_VERSION_REFERENCE,METAMORPHIC_BASEMENT_OR_METASEDIMENT,METAMORPHIC_BASEMENT_OR_METASEDIMENT,METAMORPHIC_BASEMENT_OR_METASEDIMENT,,,,不适用或未解析,31,31,31,0,98609f1a72418241429db83ede188c6cac5c27fe9ea22b83cc9e4fae637b04e4,c369beac0a3483ef4b597e45ee82ad08a1da7d0c0cab94cd3276d1a3dae7628d,False,False,False,EXTERNAL_REFERENCE,转 external reference,Cathaysia/Hainan 亲缘参照，不等于 Palawan–PCT 实体。,,,,,,,,True
E3,E3::EXISTING_REPAIRED::BSPM-3A156DD053A322DF-E3,BSPM-3A156DD053A322DF-E3,L21-1,10.1002/2015gc006113,10.1002/2015gc006113,10.1002/2015gc006113,19.8963,115.186,,,E3b_Cathaysia_coast_affinity_reference,Cathaysia-Hainan-Taiwan continental margin,E3b_Cathaysia_coast_affinity_reference,AFFINITY_REFERENCE_CHALLENGE_ONLY,SEDIMENTARY_DETRITAL,SEDIMENTARY_DETRITAL,SEDIMENTARY_DETRITAL,,,,沉积岩；具体沉积相未系统提取，不能据空值推断,142,142,142,0,ae683a7710fd6f0aaa793416dbc27a5576035459d8c74b1d0d4a3bd98d72542b,c6b513d3e10f7735bce600329869ba0ef1a8672f9dc0ffa35ef422581aa1ff0c,False,False,False,EXTERNAL_REFERENCE,转 external reference,Cathaysia/Hainan 亲缘参照，不等于 Palawan–PCT 实体。,,,,,,,,True
E3,E3::EXISTING_REPAIRED::BSPM-A96F7AF6B4ABD4EB-E3,BSPM-A96F7AF6B4ABD4EB-E3,L21-2,10.1002/2015gc006113,10.1002/2015gc006113,10.1002/2015gc006113,19.8963,115.186,,,E3b_Cathaysia_coast_affinity_reference,Cathaysia-Hainan-Taiwan continental margin,E3b_Cathaysia_coast_affinity_reference,AFFINITY_REFERENCE_CHALLENGE_ONLY,SEDIMENTARY_DETRITAL,SEDIMENTARY_DETRITAL,SEDIMENTARY_DETRITAL,,,,沉积岩；具体沉积相未系统提取，不能据空值推断,14,14,14,0,2c214426c3382e81a68c0f8dc0ff1827f726379055a17cb687b3e9a28705697c,76b23c825108935815f823a04f0badf1fdad3481a4e1a5e09aab7f56b4d2b22e,False,False,False,EXTERNAL_REFERENCE,转 external reference,Cathaysia/Hainan 亲缘参照，不等于 Palawan–PCT 实体。,,,,,,,,True
E3,E3::EXISTING_REPAIRED::BSPM-8724D72258783E00-E3,BSPM-8724D72258783E00-E3,L21-3,10.1002/2015gc006113,10.1002/2015gc006113,10.1002/2015gc006113,19.8963,115.186,,,E3b_Cathaysia_coast_affinity_reference,Cathaysia-Hainan-Taiwan continental margin,E3b_Cathaysia_coast_affinity_reference,AFFINITY_REFERENCE_CHALLENGE_ONLY,SEDIMENTARY_DETRITAL,SEDIMENTARY_DETRITAL,SEDIMENTARY_DETRITAL,,,,沉积岩；具体沉积相未系统提取，不能据空值推断,2,2,2,0,73e363743961f19d8d21f31184090d1944af90dd6c48af3267eabb7450c09d7a,6243fbb30d56c884b12059796a8ec02595dfea3c16d8de5fad35c3d0d903f15b,False,False,False,EXTERNAL_REFERENCE,转 external reference,Cathaysia/Hainan 亲缘参照，不等于 Palawan–PCT 实体。,,,,,,,,True
E3,E3::EXISTING_REPAIRED::BSPM-09B1A665116455BD-E3,BSPM-09B1A665116455BD-E3,L21-4,10.1002/2015gc006113,10.1002/2015gc006113,10.1002/2015gc006113,19.8963,115.186,,,E3b_Cathaysia_coast_affinity_reference,Cathaysia-Hainan-Taiwan continental margin,E3b_Cathaysia_coast_affinity_reference,AFFINITY_REFERENCE_CHALLENGE_ONLY,SEDIMENTARY_DETRITAL,SEDIMENTARY_DETRITAL,SEDIMENTARY_DETRITAL,,,,沉积岩；具体沉积相未系统提取，不能据空值推断,17,17,17,0,d0a44eef3bffeaae3446285a2c20af1b1d2d4174abe6eaa39d844c2136eccab4,14a0612eb989ab08f338463cece33a675933fa7063584acbd2242d3984373884,False,False,False,EXTERNAL_REFERENCE,转 external reference,Cathaysia/Hainan 亲缘参照，不等于 Palawan–PCT 实体。,,,,,,,,True
E3,E3::EXISTING_REPAIRED::BSPM-49CDF4DE8D394AD5-E3,BSPM-49CDF4DE8D394AD5-E3,L21-5,10.1002/2015gc006113,10.1002/2015gc006113,10.1002/2015gc006113,19.8963,115.186,,,E3b_Cathaysia_coast_affinity_reference,Cathaysia-Hainan-Taiwan continental margin,E3b_Cathaysia_coast_affinity_reference,AFFINITY_REFERENCE_CHALLENGE_ONLY,SEDIMENTARY_DETRITAL,SEDIMENTARY_DETRITAL,SEDIMENTARY_DETRITAL,,,,沉积岩；具体沉积相未系统提取，不能据空值推断,11,11,11,0,a4c27c08901fa1e21eb842a692c4be87032aaadf7e2788fe70881cf29fa0a715,f11bba90ae5f3d3eb84549ce0f4dc04e056dd251b3e14af9fa9cef9c8249a038,False,False,False,EXTERNAL_REFERENCE,转 external reference,Cathaysia/Hainan 亲缘参照，不等于 Palawan–PCT 实体。,,,,,,,,True
E3,E3::EXISTING_REPAIRED::BSPM-F6C78494E07E12BB-E3,BSPM-F6C78494E07E12BB-E3,C345,10.1016/j.jseaes.2016.04.012,10.1016/j.jseaes.2016.04.012,10.1016/j.jseaes.2016.04.012,20.359,114.4009,,,E3b_Cathaysia_coast_affinity_reference,Cathaysia-Hainan-Taiwan continental margin,E3b_Cathaysia_coast_affinity_reference,AFFINITY_REFERENCE_CHALLENGE_ONLY,MODERN_RIVER_OR_SAND,MODERN_RIVER_OR_SAND,MODERN_RIVER_OR_SAND,,,Modern/Holocene,现代河流/河砂（来源材料字段）；具体流域待原文复核,92,92,92,0,30a2957b22975219749f58589b872eed29dffe6fcd6896368ac0b1276d8fd72c,0f6d9f3f6eeaa48177c953809b71f2532c89f9e0fbee0e611d1a95c2f73c74f1,False,False,False,EXTERNAL_REFERENCE,转 external reference,Cathaysia/Hainan 亲缘参照，不等于 Palawan–PCT 实体。,,,,,,,,True
E3,E3::EXISTING_REPAIRED::BSPM-124EA80C31EC2048-E3,BSPM-124EA80C31EC2048-E3,1,10.1016/j.jseaes.2016.11.019,10.1016/j.jseaes.2016.11.019,10.1016/j.jseaes.2016.11.019,22.5689,114.6983,,,E3b_Cathaysia_coast_affinity_reference,Cathaysia-Hainan-Taiwan continental margin,E3b_Cathaysia_coast_affinity_reference,AFFINITY_REFERENCE_CHALLENGE_ONLY,SEDIMENTARY_DETRITAL,SEDIMENTARY_DETRITAL,SEDIMENTARY_DETRITAL,,,,沉积岩；具体沉积相未系统提取，不能据空值推断,50,50,50,0,08456c13f0907bf0c81ed6168df422680ffe990d755777bba0de4b6a49005f65,718ba6cd106a8001b081d6ea4ee5c67f838a2c63a786780822e69ee7ac3964a1,False,False,False,EXTERNAL_REFERENCE,转 external reference,Cathaysia/Hainan 亲缘参照，不等于 Palawan–PCT 实体。,,,,,,,,True
E3,E3::EXISTING_REPAIRED::BSPM-F2F63A86B9C3297F-E3,BSPM-F2F63A86B9C3297F-E3,2,10.1016/j.jseaes.2016.11.019,10.1016/j.jseaes.2016.11.019,10.1016/j.jseaes.2016.11.019,21.7293,113.8546,,,E3b_Cathaysia_coast_affinity_reference,Cathaysia-Hainan-Taiwan continental margin,E3b_Cathaysia_coast_affinity_reference,AFFINITY_REFERENCE_CHALLENGE_ONLY,SEDIMENTARY_DETRITAL,SEDIMENTARY_DETRITAL,SEDIMENTARY_DETRITAL,,,,沉积岩；具体沉积相未系统提取，不能据空值推断,7,7,7,0,05de2888ab92510b5162f40ea3a86d0a76d5d66437cf50ba929c20f0885b8c91,49b9f7fadda4a1095e675de46673ed96656e0147200339749f26e98d12563b35,False,False,False,EXTERNAL_REFERENCE,转 external reference,Cathaysia/Hainan 亲缘参照，不等于 Palawan–PCT 实体。,,,,,,,,True
E3,E3::EXISTING_REPAIRED::BSPM-33EB9239A81156E6-E3,BSPM-33EB9239A81156E6-E3,3,10.1016/j.jseaes.2016.11.019,10.1016/j.jseaes.2016.11.019,10.1016/j.jseaes.2016.11.019,21.8452,113.5464,,,E3b_Cathaysia_coast_affinity_reference,Cathaysia-Hainan-Taiwan continental margin,E3b_Cathaysia_coast_affinity_reference,AFFINITY_REFERENCE_CHALLENGE_ONLY,SEDIMENTARY_DETRITAL,SEDIMENTARY_DETRITAL,SEDIMENTARY_DETRITAL,,,,沉积岩；具体沉积相未系统提取，不能据空值推断,60,60,60,0,dba601b00516a7804920732d36892f9cd0b593aad7c30ae7220e44372a46f722,6caa94faefe69d549acaaa5051642183521578125192db7f32b86b4d57d81caf,False,False,False,EXTERNAL_REFERENCE,转 external reference,Cathaysia/Hainan 亲缘参照，不等于 Palawan–PCT 实体。,,,,,,,,True
E3,E3::EXISTING_REPAIRED::BSPM-756E19DEBE29C4C1-E3,BSPM-756E19DEBE29C4C1-E3,4,10.1016/j.jseaes.2016.11.019,10.1016/j.jseaes.2016.11.019,10.1016/j.jseaes.2016.11.019,21.5378,113.5747,,,E3b_Cathaysia_coast_affinity_reference,Cathaysia-Hainan-Taiwan continental margin,E3b_Cathaysia_coast_affinity_reference,AFFINITY_REFERENCE_CHALLENGE_ONLY,SEDIMENTARY_DETRITAL,SEDIMENTARY_DETRITAL,SEDIMENTARY_DETRITAL,,,,沉积岩；具体沉积相未系统提取，不能据空值推断,30,30,30,0,e02343385dc3b727b81262cb944f181bc567dbcefe605d076f7afe949222621c,9f3e606d99fdeaf456b2764ff3e2e738c3d858bd4047cb4925571d21a9d44b91,False,False,False,EXTERNAL_REFERENCE,转 external reference,Cathaysia/Hainan 亲缘参照，不等于 Palawan–PCT 实体。,,,,,,,,True
E3,E3::EXISTING_REPAIRED::BSPM-AD072C9B50BFD272-E3,BSPM-AD072C9B50BFD272-E3,5,10.1016/j.jseaes.2016.11.019,10.1016/j.jseaes.2016.11.019,10.1016/j.jseaes.2016.11.019,21.5378,113.5747,,,E3b_Cathaysia_coast_affinity_reference,Cathaysia-Hainan-Taiwan continental margin,E3b_Cathaysia_coast_affinity_reference,AFFINITY_REFERENCE_CHALLENGE_ONLY,SEDIMENTARY_DETRITAL,SEDIMENTARY_DETRITAL,SEDIMENTARY_DETRITAL,,,,沉积岩；具体沉积相未系统提取，不能据空值推断,10,10,10,0,1f2f8e582f7875f1d9a7565e4938bce6d1cae214fc6b3656788981cf16685460,cf60894c7b309c48ce5150db21f38b2cd0402427502bbac6baaaa558ef410aa4,False,False,False,EXTERNAL_REFERENCE,转 external reference,Cathaysia/Hainan 亲缘参照，不等于 Palawan–PCT 实体。,,,,,,,,True
E3,E3::EXISTING_REPAIRED::BSPM-4DA5953E73C79EDB-E3,BSPM-4DA5953E73C79EDB-E3,LF13-1,10.1016/j.jseaes.2020.104494,10.1016/j.jseaes.2020.104494,10.1016/j.jseaes.2020.104494,21.3043,115.8794,,,E3b_Cathaysia_coast_affinity_reference,Cathaysia-Hainan-Taiwan continental margin,E3b_Cathaysia_coast_affinity_reference,AFFINITY_REFERENCE_CHALLENGE_ONLY,MODERN_RIVER_OR_SAND,MODERN_RIVER_OR_SAND,MODERN_RIVER_OR_SAND,Zhuhai Formation,Zhuhai Formation,Modern/Holocene,现代河流/河砂（来源材料字段）；具体流域待原文复核,21,21,21,0,013b3e25b0d327ffcdb870a7174e37b15bed5d347afff1c99280ecbcb9cf268c,dbd2ad82f1505619510797e2b3fac15019034ad75cb1edf48620d9dc67438e8e,False,False,False,EXTERNAL_REFERENCE,转 external reference,Cathaysia/Hainan 亲缘参照，不等于 Palawan–PCT 实体。,,,,,,,,True
E3,E3::EXISTING_REPAIRED::BSPM-8E6C33E5193C9990-E3,BSPM-8E6C33E5193C9990-E3,PY33-1,10.1016/j.jseaes.2020.104494,10.1016/j.jseaes.2020.104494,10.1016/j.jseaes.2020.104494,20.0229,114.3064,,,E3b_Cathaysia_coast_affinity_reference,Cathaysia-Hainan-Taiwan continental margin,E3b_Cathaysia_coast_affinity_reference,AFFINITY_REFERENCE_CHALLENGE_ONLY,MODERN_RIVER_OR_SAND,MODERN_RIVER_OR_SAND,MODERN_RIVER_OR_SAND,Zhuhai Formation,Zhuhai Formation,Modern/Holocene,现代河流/河砂（来源材料字段）；具体流域待原文复核,21,21,21,0,96fee6f36abc86b31ba1f0dbc75ed60e53f0066614326c234c8d64764c31e062,33c9c1fe4e61609cce0683c90359231874e04de4415fca660b874b87436ab0cb,False,False,False,EXTERNAL_REFERENCE,转 external reference,Cathaysia/Hainan 亲缘参照，不等于 Palawan–PCT 实体。,,,,,,,,True
E3,E3::EXISTING_REPAIRED::BSPM-303DE61C3AFADADC-E3,BSPM-303DE61C3AFADADC-E3,PY5-1,10.1016/j.jseaes.2020.104494,10.1016/j.jseaes.2020.104494,10.1016/j.jseaes.2020.104494,20.7515,114.6927,,,E3b_Cathaysia_coast_affinity_reference,Cathaysia-Hainan-Taiwan continental margin,E3b_Cathaysia_coast_affinity_reference,AFFINITY_REFERENCE_CHALLENGE_ONLY,MODERN_RIVER_OR_SAND,MODERN_RIVER_OR_SAND,MODERN_RIVER_OR_SAND,Zhuhai Formation,Zhuhai Formation,Modern/Holocene,现代河流/河砂（来源材料字段）；具体流域待原文复核,35,35,35,0,511fc6bbb7c4ce004b47d3537a4b42f14dcab8af41392d51322e0e2e9a3ec40e,76fb647b197205459f04b124bcd0cdd8a047b52cf7be2b658ee1a35acffd1672,False,False,False,EXTERNAL_REFERENCE,转 external reference,Cathaysia/Hainan 亲缘参照，不等于 Palawan–PCT 实体。,,,,,,,,True
E3,E3::EXISTING_REPAIRED::BSPM-898DEAC2D7F84443-E3,BSPM-898DEAC2D7F84443-E3,LF13-2,10.1016/j.jseaes.2020.104494,10.1016/j.jseaes.2020.104494,10.1016/j.jseaes.2020.104494,21.3043,115.8794,,,E3b_Cathaysia_coast_affinity_reference,Cathaysia-Hainan-Taiwan continental margin,E3b_Cathaysia_coast_affinity_reference,AFFINITY_REFERENCE_CHALLENGE_ONLY,MODERN_RIVER_OR_SAND,MODERN_RIVER_OR_SAND,MODERN_RIVER_OR_SAND,Enping Formation,Enping Formation,Modern/Holocene,现代河流/河砂（来源材料字段）；具体流域待原文复核,20,20,20,0,b23ad58b7c85216d489343f249d15fef3c61691dc7cc986d41ac81b64f2a99ed,989148cee2882dc115a1d35ba0b6517d23a1b2fec5e0ab53459409c88971da83,False,False,False,EXTERNAL_REFERENCE,转 external reference,Cathaysia/Hainan 亲缘参照，不等于 Palawan–PCT 实体。,,,,,,,,True
E3,E3::EXISTING_REPAIRED::BSPM-754B13F023030351-E3,BSPM-754B13F023030351-E3,PY33-2,10.1016/j.jseaes.2020.104494,10.1016/j.jseaes.2020.104494,10.1016/j.jseaes.2020.104494,20.0229,114.3064,,,E3b_Cathaysia_coast_affinity_reference,Cathaysia-Hainan-Taiwan continental margin,E3b_Cathaysia_coast_affinity_reference,AFFINITY_REFERENCE_CHALLENGE_ONLY,MODERN_RIVER_OR_SAND,MODERN_RIVER_OR_SAND,MODERN_RIVER_OR_SAND,Enping Formation,Enping Formation,Modern/Holocene,现代河流/河砂（来源材料字段）；具体流域待原文复核,20,20,20,0,b21ae5c3c504fae9fd9f754b90d6a5d57583eb5904e21506c48c1a60936d6004,451a31b7fc70696e44377baab9152354dce934b5d72ff728d35e70a737747172,False,False,False,EXTERNAL_REFERENCE,转 external reference,Cathaysia/Hainan 亲缘参照，不等于 Palawan–PCT 实体。,,,,,,,,True
E3,E3::EXISTING_REPAIRED::BSPM-4B64B541047B314D-E3,BSPM-4B64B541047B314D-E3,PY5-2,10.1016/j.jseaes.2020.104494,10.1016/j.jseaes.2020.104494,10.1016/j.jseaes.2020.104494,20.7515,114.6927,,,E3b_Cathaysia_coast_affinity_reference,Cathaysia-Hainan-Taiwan continental margin,E3b_Cathaysia_coast_affinity_reference,AFFINITY_REFERENCE_CHALLENGE_ONLY,MODERN_RIVER_OR_SAND,MODERN_RIVER_OR_SAND,MODERN_RIVER_OR_SAND,Wenchang Formation,Wenchang Formation,Modern/Holocene,现代河流/河砂（来源材料字段）；具体流域待原文复核,15,15,15,0,d0bfb3915aa8a34ab1b9e85c38ba523ae97c2577fc8859c5c64a6ef1a2cdd64a,5319521efd86581d2ff9e53886d0934da60b0c7775a0c5816aa952e1fce149f1,False,False,False,EXTERNAL_REFERENCE,转 external reference,Cathaysia/Hainan 亲缘参照，不等于 Palawan–PCT 实体。,,,,,,,,True
E3,E3::EXISTING_REPAIRED::BSPM-90682842FD21D641-E3,BSPM-90682842FD21D641-E3,Well-E,10.1016/j.jseaes.2021.104702,10.1016/j.jseaes.2021.104702,10.1016/j.jseaes.2021.104702,20.1994,113.4693,,,E3b_Cathaysia_coast_affinity_reference,Cathaysia-Hainan-Taiwan continental margin,E3b_Cathaysia_coast_affinity_reference,AFFINITY_REFERENCE_CHALLENGE_ONLY,MODERN_RIVER_OR_SAND,MODERN_RIVER_OR_SAND,MODERN_RIVER_OR_SAND,,,Modern/Holocene,现代河流/河砂（来源材料字段）；具体流域待原文复核,70,70,70,0,d0b0d28206211461247fd61649bf1222a08e3735142433c9acbb5cda799f538b,c015b6932dcfde521a102fb819e14fba32b2cfc63e070c0e722dbd9c19ce3b72,False,False,False,EXTERNAL_REFERENCE,转 external reference,Cathaysia/Hainan 亲缘参照，不等于 Palawan–PCT 实体。,,,,,,,,True
E3,E3::EXISTING_REPAIRED::BSPM-2674B7EFCA8AFA55-E3,BSPM-2674B7EFCA8AFA55-E3,Well-F,10.1016/j.jseaes.2021.104702,10.1016/j.jseaes.2021.104702,10.1016/j.jseaes.2021.104702,21.0999,114.8951,,,E3b_Cathaysia_coast_affinity_reference,Cathaysia-Hainan-Taiwan continental margin,E3b_Cathaysia_coast_affinity_reference,AFFINITY_REFERENCE_CHALLENGE_ONLY,MODERN_RIVER_OR_SAND,MODERN_RIVER_OR_SAND,MODERN_RIVER_OR_SAND,,,Modern/Holocene,现代河流/河砂（来源材料字段）；具体流域待原文复核,85,85,85,0,f4bf1bf7ba47c68e59ac02f2b00df08cab6dfc6791e1a124a9c99dabc4a88847,55a8199a30db9104efe67d7008ec09baf43ad0a3cc919347dcf8b8f98891e652,False,False,False,EXTERNAL_REFERENCE,转 external reference,Cathaysia/Hainan 亲缘参照，不等于 Palawan–PCT 实体。,,,,,,,,True
E3,E3::EXISTING_REPAIRED::BSPM-5DF44B59CC98D747-E3,BSPM-5DF44B59CC98D747-E3,HZ1,10.1016/j.margeo.2017.08.002,10.1016/j.margeo.2017.08.002,10.1016/j.margeo.2017.08.002,21.6928,114.1649,,,E3b_Cathaysia_coast_affinity_reference,Cathaysia-Hainan-Taiwan continental margin,E3b_Cathaysia_coast_affinity_reference,AFFINITY_REFERENCE_CHALLENGE_ONLY,SEDIMENTARY_DETRITAL,SEDIMENTARY_DETRITAL,SEDIMENTARY_DETRITAL,,,,沉积岩；具体沉积相未系统提取，不能据空值推断,53,53,53,0,26cdac4832edc425615bacbda6ca46efefacda3b15999455cf0207ad02311e9d,a1294a1bd3753c9cab428343d64985905daa97196c039866ee7db3516cca8300,False,False,False,EXTERNAL_REFERENCE,转 external reference,Cathaysia/Hainan 亲缘参照，不等于 Palawan–PCT 实体。,,,,,,,,True
E3,E3::EXISTING_REPAIRED::BSPM-2425489E4D3EAD40-E3,BSPM-2425489E4D3EAD40-E3,BY702,10.1029/2017gc007356,10.1029/2017gc007356,10.1029/2017gc007356,19.8853,113.8504,,,E3b_Cathaysia_coast_affinity_reference,Cathaysia-Hainan-Taiwan continental margin,E3b_Cathaysia_coast_affinity_reference,AFFINITY_REFERENCE_CHALLENGE_ONLY,SEDIMENTARY_DETRITAL,SEDIMENTARY_DETRITAL,SEDIMENTARY_DETRITAL,,,,沉积岩；具体沉积相未系统提取，不能据空值推断,80,80,80,0,5ed445625fec243b7aac783478b621a314afd4f016e0deb20e56af93654cb9cb,adb1dfe75cb7845ec66b08cf7e108e8a978f1275e552ee9ea2afe074990164a9,False,False,False,EXTERNAL_REFERENCE,转 external reference,Cathaysia/Hainan 亲缘参照，不等于 Palawan–PCT 实体。,,,,,,,,True
E3,E3::EXISTING_REPAIRED::BSPM-1B5917E07C76D6E5-E3,BSPM-1B5917E07C76D6E5-E3,BY706,10.1029/2017gc007356,10.1029/2017gc007356,10.1029/2017gc007356,19.8853,113.8504,,,E3b_Cathaysia_coast_affinity_reference,Cathaysia-Hainan-Taiwan continental margin,E3b_Cathaysia_coast_affinity_reference,AFFINITY_REFERENCE_CHALLENGE_ONLY,SEDIMENTARY_DETRITAL,SEDIMENTARY_DETRITAL,SEDIMENTARY_DETRITAL,,,,沉积岩；具体沉积相未系统提取，不能据空值推断,55,55,55,0,40dad79f624e536d6adf30747e6fef611c342ba0b645dc03aaa4b2749728b023,1b9d7b74844f8875303edd7856a2f647abd725ed10fc14cc33159de66a941425,False,False,False,EXTERNAL_REFERENCE,转 external reference,Cathaysia/Hainan 亲缘参照，不等于 Palawan–PCT 实体。,,,,,,,,True
E3,E3::EXISTING_REPAIRED::BSPM-078B3BC1D063CEFE-E3,BSPM-078B3BC1D063CEFE-E3,BY719,10.1029/2017gc007356,10.1029/2017gc007356,10.1029/2017gc007356,19.8853,113.8504,,,E3b_Cathaysia_coast_affinity_reference,Cathaysia-Hainan-Taiwan continental margin,E3b_Cathaysia_coast_affinity_reference,AFFINITY_REFERENCE_CHALLENGE_ONLY,SEDIMENTARY_DETRITAL,SEDIMENTARY_DETRITAL,SEDIMENTARY_DETRITAL,,,,沉积岩；具体沉积相未系统提取，不能据空值推断,85,85,85,0,30df558c446f6123589a10f2eb87ad126b4db977bd79f9f191caef37df480eac,d41eeeec78a3cc382ee838214cd97414e412189f81bd6a4eb4083f5e7bb8a019,False,False,False,EXTERNAL_REFERENCE,转 external reference,Cathaysia/Hainan 亲缘参照，不等于 Palawan–PCT 实体。,,,,,,,,True
E3,E3::EXISTING_REPAIRED::BSPM-C8D0F2CA421EE5CA-E3,BSPM-C8D0F2CA421EE5CA-E3,BY728,10.1029/2017gc007356,10.1029/2017gc007356,10.1029/2017gc007356,19.8853,113.8504,,,E3b_Cathaysia_coast_affinity_reference,Cathaysia-Hainan-Taiwan continental margin,E3b_Cathaysia_coast_affinity_reference,AFFINITY_REFERENCE_CHALLENGE_ONLY,SEDIMENTARY_DETRITAL,SEDIMENTARY_DETRITAL,SEDIMENTARY_DETRITAL,,,,沉积岩；具体沉积相未系统提取，不能据空值推断,112,112,112,0,ef85dab6924670136bbab7931d67f927de020bdc39779ba3116efb2cb966f025,1fb268f5668fbe3e378fcb7e34878a3f1e148eb272ddabf8d294a2fa96c7d21a,False,False,False,EXTERNAL_REFERENCE,转 external reference,Cathaysia/Hainan 亲缘参照，不等于 Palawan–PCT 实体。,,,,,,,,True
E3,E3::EXISTING_REPAIRED::BSPM-CC6F4650F9FCFF02-E3,BSPM-CC6F4650F9FCFF02-E3,BY733,10.1029/2017gc007356,10.1029/2017gc007356,10.1029/2017gc007356,19.8853,113.8504,,,E3b_Cathaysia_coast_affinity_reference,Cathaysia-Hainan-Taiwan continental margin,E3b_Cathaysia_coast_affinity_reference,AFFINITY_REFERENCE_CHALLENGE_ONLY,SEDIMENTARY_DETRITAL,SEDIMENTARY_DETRITAL,SEDIMENTARY_DETRITAL,,,,沉积岩；具体沉积相未系统提取，不能据空值推断,114,114,114,0,dba7c607a64265c85daa5c94f86446aeb6198c251f2682605a3ae9debe9007fa,490bb012bfc8961f097933b880d479a6d3cf0a1f8654ab778a308b3002502186,False,False,False,EXTERNAL_REFERENCE,转 external reference,Cathaysia/Hainan 亲缘参照，不等于 Palawan–PCT 实体。,,,,,,,,True
E3,E3::EXISTING_REPAIRED::BSPM-69D40FAC92A35F8A-E3,BSPM-69D40FAC92A35F8A-E3,BY735,10.1029/2017gc007356,10.1029/2017gc007356,10.1029/2017gc007356,19.8853,113.8504,,,E3b_Cathaysia_coast_affinity_reference,Cathaysia-Hainan-Taiwan continental margin,E3b_Cathaysia_coast_affinity_reference,AFFINITY_REFERENCE_CHALLENGE_ONLY,SEDIMENTARY_DETRITAL,SEDIMENTARY_DETRITAL,SEDIMENTARY_DETRITAL,,,,沉积岩；具体沉积相未系统提取，不能据空值推断,70,70,70,0,46df825c2e5a3ae47a1f46af1cc0af07104f42020c52a8f5057df7cbb26f273b,a394542c6066ea710bacc8b47671f4c7b29d63f883bfd00113cd970ecd7e1087,False,False,False,EXTERNAL_REFERENCE,转 external reference,Cathaysia/Hainan 亲缘参照，不等于 Palawan–PCT 实体。,,,,,,,,True
E3,E3::EXISTING_REPAIRED::BSPM-1D72B01412CD650A-E3,BSPM-1D72B01412CD650A-E3,BY746,10.1029/2017gc007356,10.1029/2017gc007356,10.1029/2017gc007356,19.8853,113.8504,,,E3b_Cathaysia_coast_affinity_reference,Cathaysia-Hainan-Taiwan continental margin,E3b_Cathaysia_coast_affinity_reference,AFFINITY_REFERENCE_CHALLENGE_ONLY,SEDIMENTARY_DETRITAL,SEDIMENTARY_DETRITAL,SEDIMENTARY_DETRITAL,,,,沉积岩；具体沉积相未系统提取，不能据空值推断,63,63,63,0,273b6122aa0ad5794d8f28740d1e7b696728fb48eb32c3571b52f41d76170e22,d59561acfe3d662d6d3a52c7d69b0c7c8613a2e3b7d010523e9a3d7fd8b58e75,False,False,False,EXTERNAL_REFERENCE,转 external reference,Cathaysia/Hainan 亲缘参照，不等于 Palawan–PCT 实体。,,,,,,,,True
E3,E3::EXISTING_REPAIRED::BSPM-C2F22F4E0E5AE1C7-E3,BSPM-C2F22F4E0E5AE1C7-E3,Roxas-1,10.5194/essd-18-3671-2026,10.5194/essd-18-3671-2026,10.5194/essd-18-3671-2026,10.32181,119.33633,,,Barangay - Roxas,Palawan-Mindoro continental fragments,E3a_Palawan_Mindoro_core,MAIN_TRAIN_CANDIDATE,SEDIMENTARY_DETRITAL,SEDIMENTARY_DETRITAL,SEDIMENTARY_DETRITAL,,,,沉积岩；具体沉积相未系统提取，不能据空值推断,81,81,81,0,7d257b473bea419f865d69abbc0c3d98e0bdde4dfb09795cb323bd6508902e7f,0c30b6e9eeb758a6f578117e5811738ae2c5a2a787302a548123298dab754357,True,False,False,HOLD_VERIFY,存疑待核实,OneDZ 条目尚未追溯到可靠原始论文；所附 Roxas DOI 指向无关的 Jilantai Basin 文献。,,PRIMARY_STUDY_UNVERIFIED,,,,YES,https://www.sciencedirect.com/science/article/abs/pii/S1367912017303565,True
E3,E3::EXISTING_REPAIRED::BSPM-03F340B84C1F4BD2-E3,BSPM-03F340B84C1F4BD2-E3,RX-2,10.5194/essd-18-3671-2026,10.5194/essd-18-3671-2026,10.5194/essd-18-3671-2026,10.35819,119.3574,,,New Barbacan,Palawan-Mindoro continental fragments,E3a_Palawan_Mindoro_core,MAIN_TRAIN_CANDIDATE,SEDIMENTARY_DETRITAL,SEDIMENTARY_DETRITAL,SEDIMENTARY_DETRITAL,,,,沉积岩；具体沉积相未系统提取，不能据空值推断,82,82,82,0,f88401a5b668d9a3898b71994e375b39a9771d3a79bf51d83b7ab2864688cb9b,ccefd4471a9831fcfeab42c1b1372406ec6ac46993d426d3f235772a0caaff05,True,False,False,HOLD_VERIFY,存疑待核实,OneDZ 条目尚未追溯到可靠原始论文；所附 Roxas DOI 指向无关的 Jilantai Basin 文献。,,PRIMARY_STUDY_UNVERIFIED,,,,YES,https://www.sciencedirect.com/science/article/abs/pii/S1367912017303565,True
E3,E3::EXISTING_REPAIRED::BSPM-C0069C8289BE773F-E3,BSPM-C0069C8289BE773F-E3,RX-7,10.5194/essd-18-3671-2026,10.5194/essd-18-3671-2026,10.5194/essd-18-3671-2026,10.39555,119.52597,,,SE of San Vicente,Palawan-Mindoro continental fragments,E3a_Palawan_Mindoro_core,MAIN_TRAIN_CANDIDATE,SEDIMENTARY_DETRITAL,SEDIMENTARY_DETRITAL,SEDIMENTARY_DETRITAL,,,,沉积岩；具体沉积相未系统提取，不能据空值推断,59,59,59,0,327f805772070843f7450466f779c62fc02fed8ac518a34c0b77949fdcdf3d85,cf6c3ec5b09bdc8edf93e673bc807d6bd55feb63123fd873882e100133f55171,True,False,False,HOLD_VERIFY,存疑待核实,OneDZ 条目尚未追溯到可靠原始论文；所附 Roxas DOI 指向无关的 Jilantai Basin 文献。,,PRIMARY_STUDY_UNVERIFIED,,,,YES,https://www.sciencedirect.com/science/article/abs/pii/S1367912017303565,True
E3,E3::EXISTING_REPAIRED::BSPM-02423548055CA035-E3,BSPM-02423548055CA035-E3,P024,10.5194/essd-18-3671-2026,10.5194/essd-18-3671-2026,10.5194/essd-18-3671-2026,9.18922,118.05708,,,Quezon,Palawan-Mindoro continental fragments,E3a_Palawan_Mindoro_core,MAIN_TRAIN_CANDIDATE,SEDIMENTARY_DETRITAL,SEDIMENTARY_DETRITAL,SEDIMENTARY_DETRITAL,,,,沉积岩；具体沉积相未系统提取，不能据空值推断,89,89,89,0,ed9fd749c0bc131171ad78a542eb269441be3f81291009701c5389fd3ba0c7ee,640df7a024cc3d5b8c3b875571c738e1dd9c59982e49cb4aeb28ff1ba8aa6903,True,False,False,CHALLENGE_ONLY,转 challenge_only,OneDZ 为同一样品原文子集/再汇编，不能作为独立物理样品或 study。,,ONEDZ_ORIGINAL_OVERLAP_CONFIRMED,,,,,https://essd.copernicus.org/articles/18/3671/2026/,True
E3,E3::EXISTING_REPAIRED::BSPM-6DEDFEF917E07BAD-E3,BSPM-6DEDFEF917E07BAD-E3,P025,10.5194/essd-18-3671-2026,10.5194/essd-18-3671-2026,10.5194/essd-18-3671-2026,9.18922,118.05708,,,Quezon,Palawan-Mindoro continental fragments,E3a_Palawan_Mindoro_core,MAIN_TRAIN_CANDIDATE,SEDIMENTARY_DETRITAL,SEDIMENTARY_DETRITAL,SEDIMENTARY_DETRITAL,,,,沉积岩；具体沉积相未系统提取，不能据空值推断,86,86,86,0,47b4e7b48bc820351a8946e39f43631b82e25ba7bdf28cb2447dfde95e219e13,6e3c17a9bc21e783eda35cc9d9988ae401a435d27985d6cb7e9a5ed4af713bf1,True,False,False,CHALLENGE_ONLY,转 challenge_only,OneDZ 为同一样品原文子集/再汇编，不能作为独立物理样品或 study。,,ONEDZ_ORIGINAL_OVERLAP_CONFIRMED,,,,,https://essd.copernicus.org/articles/18/3671/2026/,True
E3,E3::EXISTING_REPAIRED::BSPM-3300C019CBCE7769-E3,BSPM-3300C019CBCE7769-E3,P003,10.5194/essd-18-3671-2026,10.5194/essd-18-3671-2026,10.5194/essd-18-3671-2026,11.33618,119.45354,,,Bucana,Palawan-Mindoro continental fragments,E3a_Palawan_Mindoro_core,MAIN_TRAIN_CANDIDATE,SEDIMENTARY_DETRITAL,SEDIMENTARY_DETRITAL,SEDIMENTARY_DETRITAL,,,,沉积岩；具体沉积相未系统提取，不能据空值推断,57,57,57,0,752d4e28491d2c7bba19e3c70e9fc754fb03e1f430b0255fc6e3e5f2e9805b18,57ddbcfefb74efc63c699c67343a4fbac1e60d66033dfe981ac4afec5f3140c0,True,False,False,CHALLENGE_ONLY,转 challenge_only,OneDZ 为同一样品原文子集/再汇编，不能作为独立物理样品或 study。,,ONEDZ_ORIGINAL_OVERLAP_CONFIRMED,,,,,https://essd.copernicus.org/articles/18/3671/2026/,True
E3,E3::EXISTING_REPAIRED::BSPM-165451CBA3C07470-E3,BSPM-165451CBA3C07470-E3,P005,10.5194/essd-18-3671-2026,10.5194/essd-18-3671-2026,10.5194/essd-18-3671-2026,11.33618,119.45354,,,Bucana,Palawan-Mindoro continental fragments,E3a_Palawan_Mindoro_core,MAIN_TRAIN_CANDIDATE,SEDIMENTARY_DETRITAL,SEDIMENTARY_DETRITAL,SEDIMENTARY_DETRITAL,,,,沉积岩；具体沉积相未系统提取，不能据空值推断,65,65,65,0,4a49b2d8fd3ee9d17bd36854247279e1cf95c7b7364f425f6585aa1d68c25232,999328fe4b32fd15a4c6bb073975e648d33d6ec7a5952d15655a94eee34b9e56,True,False,False,CHALLENGE_ONLY,转 challenge_only,OneDZ 为同一样品原文子集/再汇编，不能作为独立物理样品或 study。,,ONEDZ_ORIGINAL_OVERLAP_CONFIRMED,,,,,https://essd.copernicus.org/articles/18/3671/2026/,True
E3,E3::EXISTING_REPAIRED::BSPM-DB3C92CAA99CF2F6-E3,BSPM-DB3C92CAA99CF2F6-E3,P006,10.5194/essd-18-3671-2026,10.5194/essd-18-3671-2026,10.5194/essd-18-3671-2026,11.29408,119.56218,,,Santa Monica Point,Palawan-Mindoro continental fragments,E3a_Palawan_Mindoro_core,MAIN_TRAIN_CANDIDATE,SEDIMENTARY_DETRITAL,SEDIMENTARY_DETRITAL,SEDIMENTARY_DETRITAL,,,,沉积岩；具体沉积相未系统提取，不能据空值推断,97,97,97,0,d4a7a89c6c423f80f4bc6d8393a8b41a05735baa6289f733edf0f0faa6012db7,0a2aa7fd0090cce45d303d058b99641775d3010fb72477f5175f9924e5f3792c,True,False,False,CHALLENGE_ONLY,转 challenge_only,OneDZ 为同一样品原文子集/再汇编，不能作为独立物理样品或 study。,,ONEDZ_ORIGINAL_OVERLAP_CONFIRMED,,,,,https://essd.copernicus.org/articles/18/3671/2026/,True
E3,E3::EXISTING_REPAIRED::BSPM-C34B68634CCF77A5-E3,BSPM-C34B68634CCF77A5-E3,P007,10.5194/essd-18-3671-2026,10.5194/essd-18-3671-2026,10.5194/essd-18-3671-2026,11.14967,119.39768,,,Marimegmeg Beach,Palawan-Mindoro continental fragments,E3a_Palawan_Mindoro_core,MAIN_TRAIN_CANDIDATE,MODERN_RIVER_OR_SAND,MODERN_RIVER_OR_SAND,MODERN_RIVER_OR_SAND,,,Modern/Holocene,现代河流/河砂（来源材料字段）；具体流域待原文复核,77,77,77,0,0edbf040b2c57086df08f2e463beba1ec1479edf77434323777fddce346a9f2e,8109d8b253976afb44ded27aacb9d1406f190c2a73df3c7a0aae4f0e7383ea22,True,False,False,CHALLENGE_ONLY,转 challenge_only,OneDZ 为同一样品原文子集/再汇编，不能作为独立物理样品或 study。,,ONEDZ_ORIGINAL_OVERLAP_CONFIRMED,,,,,https://essd.copernicus.org/articles/18/3671/2026/,True
E3,E3::EXISTING_REPAIRED::BSPM-8CB95B519924C176-E3,BSPM-8CB95B519924C176-E3,PL01,10.1016/j.jseaes.2012.03.005,10.1016/j.jseaes.2012.03.005,10.1016/j.jseaes.2012.03.005,10.00636,119.0165,,,Puerto Princesa,Palawan-Mindoro continental fragments,E3a_Palawan_Mindoro_core,MAIN_TRAIN_CANDIDATE,METAMORPHIC_BASEMENT_OR_METASEDIMENT,METAMORPHIC_BASEMENT_OR_METASEDIMENT,METAMORPHIC_BASEMENT_OR_METASEDIMENT,,,,不适用或未解析,46,46,46,0,1b1a4aeb357900462d6e2646da7f46921e24c439b18464c26fbd217ef574fc95,2db6944682966650e140973e75a17726efdefcfac0124578a2fc3ab61d0b7e57,True,False,False,EXTERNAL_REFERENCE,转 external reference,PCT 基岩/变质岩，主训练坚持仅碎屑材料；作为敏感性参照。,,,,,,,,True
E3,E3::EXISTING_REPAIRED::BSPM-CAD1A70D0985D084-E3,BSPM-CAD1A70D0985D084-E3,PL02,10.1016/j.jseaes.2012.03.005,10.1016/j.jseaes.2012.03.005,10.1016/j.jseaes.2012.03.005,10.16169,119.2207,Philippines,,Caramay,Palawan-Mindoro continental fragments,E3a_Palawan_Mindoro_core,MAIN_TRAIN_CANDIDATE,METAMORPHIC_BASEMENT_OR_METASEDIMENT,METAMORPHIC_BASEMENT_OR_METASEDIMENT,METAMORPHIC_BASEMENT_OR_METASEDIMENT,,,,不适用或未解析,40,40,40,0,368df1ca7eedc255516768bc421134df3269bc21ed7074a48931168a6a6e2bbf,176b177048aeec05975d60b3e487e70a06ae3e3aee7a500d96567760b0c12c30,True,False,False,EXTERNAL_REFERENCE,转 external reference,PCT 基岩/变质岩，主训练坚持仅碎屑材料；作为敏感性参照。,,,,,,,,True
E3,E3::EXISTING_REPAIRED::BSPM-D221F38BBD3CA9B2-E3,BSPM-D221F38BBD3CA9B2-E3,PL05,10.1016/j.jseaes.2012.03.005,10.1016/j.jseaes.2012.03.005,10.1016/j.jseaes.2012.03.005,10.06962,118.8116,,,Puerto Princesa,Palawan-Mindoro continental fragments,E3a_Palawan_Mindoro_core,MAIN_TRAIN_CANDIDATE,METAMORPHIC_BASEMENT_OR_METASEDIMENT,METAMORPHIC_BASEMENT_OR_METASEDIMENT,METAMORPHIC_BASEMENT_OR_METASEDIMENT,,,,不适用或未解析,56,56,56,0,497b4b4ff7abd243d3e823944a633c51155c51fcf37b575e3697932bafc52f84,1c94af343b46dc99627d557ee33fcca3ed899f16bdfe8a56b9a0e48757a72f58,True,False,False,EXTERNAL_REFERENCE,转 external reference,PCT 基岩/变质岩，主训练坚持仅碎屑材料；作为敏感性参照。,,,,,,,,True
E3,E3::EXISTING_REPAIRED::BSPM-7F508B3DF277FD78-E3,BSPM-7F508B3DF277FD78-E3,PL10,10.1016/j.jseaes.2012.03.005,10.1016/j.jseaes.2012.03.005,10.1016/j.jseaes.2012.03.005,10.19743,118.9013,,,Sabang,Palawan-Mindoro continental fragments,E3a_Palawan_Mindoro_core,MAIN_TRAIN_CANDIDATE,METAMORPHIC_BASEMENT_OR_METASEDIMENT,METAMORPHIC_BASEMENT_OR_METASEDIMENT,METAMORPHIC_BASEMENT_OR_METASEDIMENT,,,,不适用或未解析,74,74,74,0,901877e608609ec187784942f5acdf03ee804a4cc814c881d1ad6570d4b6515b,05ea4369dc903d389e97f007d51453535f738509169a9ca915f2bde5391656a4,True,False,False,EXTERNAL_REFERENCE,转 external reference,PCT 基岩/变质岩，主训练坚持仅碎屑材料；作为敏感性参照。,,,,,,,,True
E3,E3::EXISTING_REPAIRED::BSPM-6A51FB97FFBAA3D2-E3,BSPM-6A51FB97FFBAA3D2-E3,Z03-3,10.5194/essd-18-3671-2026,10.5194/essd-18-3671-2026,10.5194/essd-18-3671-2026,13.2381,120.6605,,,Mamburao,Palawan-Mindoro continental fragments,E3a_Palawan_Mindoro_core,MAIN_TRAIN_CANDIDATE,SEDIMENTARY_DETRITAL,SEDIMENTARY_DETRITAL,SEDIMENTARY_DETRITAL,,,,沉积岩；具体沉积相未系统提取，不能据空值推断,29,29,29,0,cc98a845547392d4a3916bcdb9661b00d920e0ea41e7aa9aefddb3819400de1a,d17d9dabba675fec99f00e1860c7048d535885696cdd100038643143b35a23f2,True,False,False,HOLD_VERIFY,存疑待核实,OneDZ 条目尚未追溯到可靠原始论文；所附 Roxas DOI 指向无关的 Jilantai Basin 文献。,,PRIMARY_STUDY_UNVERIFIED,,,,YES,https://www.sciencedirect.com/science/article/abs/pii/S1367912017303565,True
E3,E3::EXISTING_REPAIRED::BSPM-0D4527FF76635747-E3,BSPM-0D4527FF76635747-E3,MIN36B,10.1111/iar.12160,10.1111/iar.12160,10.1111/iar.12160,13.09703,121.14582,Philippines,,Victoria,Palawan-Mindoro continental fragments,E3a_Palawan_Mindoro_core,MAIN_TRAIN_CANDIDATE,METAMORPHIC_BASEMENT_OR_METASEDIMENT,METAMORPHIC_BASEMENT_OR_METASEDIMENT,METAMORPHIC_BASEMENT_OR_METASEDIMENT,,,,不适用或未解析,37,37,37,0,29da0146bdfb232452d59c59c60439f6f8b82bf92366a909bde12c880b6acec5,df0e5ace83b730ae2dc5cfc2d8e12777ead6ec2ff4e1c3dd07827268dc03f248,True,False,False,EXTERNAL_REFERENCE,转 external reference,PCT 基岩/变质岩，主训练坚持仅碎屑材料；作为敏感性参照。,,,,,,,,True
E3,E3::EXISTING_REPAIRED::BSPM-01CBD3A9A56044CC-E3,BSPM-01CBD3A9A56044CC-E3,MIN37A,10.1111/iar.12160,10.1111/iar.12160,10.1111/iar.12160,13.09636,121.14433,Philippines,,Victoria,Cathaysia-Hainan-Taiwan continental margin,E3a_Palawan_Mindoro_core,MAIN_TRAIN_CANDIDATE,METAMORPHIC_BASEMENT_OR_METASEDIMENT,METAMORPHIC_BASEMENT_OR_METASEDIMENT,METAMORPHIC_BASEMENT_OR_METASEDIMENT,,,,不适用或未解析,79,79,79,0,aa9afa1aef98c7807b445d4302635a5bad3ecd5453c370c07c55eaf2b4f276d3,181cf9658a593a1253342694c96b48e7924030956eae3cd1278dde1c102f6920,True,False,False,EXTERNAL_REFERENCE,转 external reference,PCT 基岩/变质岩，主训练坚持仅碎屑材料；作为敏感性参照。,,,,,,,,True
E3,E3::EXISTING_REPAIRED::BSPM-B30B46B40E8DD0EA-E3,BSPM-B30B46B40E8DD0EA-E3,MIN37B,10.1111/iar.12160,10.1111/iar.12160,10.1111/iar.12160,13.09636,121.14433,Philippines,,Victoria,Palawan-Mindoro continental fragments,E3a_Palawan_Mindoro_core,MAIN_TRAIN_CANDIDATE,METAMORPHIC_BASEMENT_OR_METASEDIMENT,METAMORPHIC_BASEMENT_OR_METASEDIMENT,METAMORPHIC_BASEMENT_OR_METASEDIMENT,,,,不适用或未解析,69,69,69,0,beba4b0e8f4aa5de71764d3b893ff0ada4739ebd8fec00a34c2677ea0b454a24,bad4c5937c708a7da28360d51ea88218feabc4e7396fd56858be649a31834bfe,True,False,False,EXTERNAL_REFERENCE,转 external reference,PCT 基岩/变质岩，主训练坚持仅碎屑材料；作为敏感性参照。,,,,,,,,True
E3,E3::EXISTING_REPAIRED::BSPM-CF0FD9EB3A641054-E3,BSPM-CF0FD9EB3A641054-E3,MIN14B,10.1111/iar.12160,10.1111/iar.12160,10.1111/iar.12160,13.47028,120.31403,Philippines,,Calavite Peninsula,Palawan-Mindoro continental fragments,E3a_Palawan_Mindoro_core,MAIN_TRAIN_CANDIDATE,METAMORPHIC_BASEMENT_OR_METASEDIMENT,METAMORPHIC_BASEMENT_OR_METASEDIMENT,METAMORPHIC_BASEMENT_OR_METASEDIMENT,,,,不适用或未解析,106,106,106,0,14452628ed053d1709e00a0dfde1f36440d5a31ac0d0d8ac29537d375e7160da,f93ad6b47593c5cde0a6060ef0b1c0db26014770fee7a04e118b337720b4b52b,True,False,False,EXTERNAL_REFERENCE,转 external reference,PCT 基岩/变质岩，主训练坚持仅碎屑材料；作为敏感性参照。,,,,,,,,True
E3,E3::EXISTING_REPAIRED::BSPM-9D1C96372CC41F1F-E3,BSPM-9D1C96372CC41F1F-E3,MIN35A,10.1111/iar.12160,10.1111/iar.12160,10.1111/iar.12160,13.09639,121.15079,Philippines,,Ibalo River,Palawan-Mindoro continental fragments,E3a_Palawan_Mindoro_core,MAIN_TRAIN_CANDIDATE,MODERN_RIVER_OR_SAND,MODERN_RIVER_OR_SAND,MODERN_RIVER_OR_SAND,,,Modern/Holocene,现代河流/河砂（来源材料字段）；具体流域待原文复核,90,90,90,0,7a7283c9d81c3a32f80addebe03bde7970fc27123d34b92fc35f366740aa9c68,128b8503461effd39726eb6ae6365f9b33de399c4951bfd5e5d537579c8f8832,True,False,False,HOLD_VERIFY,存疑待核实,MIN35A/MIN35-A/MN35A 跨文献别名或物理样品同一性未核实；不能计作3个独立样品。,,POSSIBLE_CROSS_STUDY_ALIAS,,,,YES,,True
E3,E3::EXISTING_REPAIRED::BSPM-FCD3CCD3E71300D8-E3,BSPM-FCD3CCD3E71300D8-E3,MIN14A,10.1111/iar.12160,10.1111/iar.12160,10.1111/iar.12160,13.46815,120.31446,Philippines,,Binuangan River,Palawan-Mindoro continental fragments,E3a_Palawan_Mindoro_core,MAIN_TRAIN_CANDIDATE,MODERN_RIVER_OR_SAND,MODERN_RIVER_OR_SAND,MODERN_RIVER_OR_SAND,,,Modern/Holocene,现代河流/河砂（来源材料字段）；具体流域待原文复核,22,22,22,0,91d7645f5d40a9afb1702dd53f0e8ee7e8217aa6ee18976cf0b6a10adae12ee9,79ac8063b9a63bc7292ad45b10ecfdfadce1fce160b2b5c2cbb8ae1b66d0f820,True,True,True,KEEP_MAIN,保留进入主训练,Palawan–PCT 本体的沉积碎屑或现代河砂；内部混合不等于标签错误。,,,,,,,,True
E3,E3::EXISTING_REPAIRED::BSPM-83C223653033E152-E3,BSPM-83C223653033E152-E3,ERCD-04,10.1111/iar.12160,10.1111/iar.12160,10.1111/iar.12160,12.571,122.127,Philippines,,San Agustin,Cathaysia-Hainan-Taiwan continental margin,E3c_Panay_challenge,CHALLENGE_ONLY,METAMORPHIC_BASEMENT_OR_METASEDIMENT,METAMORPHIC_BASEMENT_OR_METASEDIMENT,METAMORPHIC_BASEMENT_OR_METASEDIMENT,,,,不适用或未解析,116,116,116,0,295cfe9771217070365bbc0c55fd6bfdcc5a6b2eadca89fdcb9295e49d026c1b,a5bd4d35c5ae45d43426044afc8a6bb796a96a4e2119146b3f73a8d059ed56f0,False,False,False,CHALLENGE_ONLY,转 challenge_only,原库已标挑战/敏感性，不是严格 Palawan–PCT 主训练。,,,,,,,,True
E3,E3::EXISTING_REPAIRED::BSPM-5D0366A902DC0E3A-E3,BSPM-5D0366A902DC0E3A-E3,RZ-01 (Middle Eocene–earliset Oligocene),10.1029/2021tc006753,10.1029/2021tc006753,10.1029/2021tc006753,,,,,E3a_Palawan_Mindoro_core,Palawan-Mindoro continental fragments,E3a_Palawan_Mindoro_core,DUPLICATE_VERSION_REFERENCE,OTHER_OR_UNSPECIFIED,OTHER_OR_UNSPECIFIED,sandstone; Panas-Pandian Formation,,,,不适用或未解析,77,77,77,0,eb2ea0cef0e9b7f81962a90be257ad9960062fab82f62a181b6d7b139a9ad836,db854d6050f98649d6fe41890ffe67c779e9b3d4ebcdf6a544c746669ff1b264,False,False,False,EXTERNAL_REFERENCE,转 external reference,非当前 E3a 主训练候选；保留原参照/重复版本角色。,,,COORDINATES_MISSING; USE_SOURCE_LOCALITY_ONLY,,,,,True
E3,E3::EXISTING_REPAIRED::BSPM-C91359EA27A05057-E3,BSPM-C91359EA27A05057-E3,RZ-12b (Middle Eocene),10.1029/2021tc006753,10.1029/2021tc006753,10.1029/2021tc006753,,,,,E3a_Palawan_Mindoro_core,Palawan-Mindoro continental fragments,E3a_Palawan_Mindoro_core,DUPLICATE_VERSION_REFERENCE,OTHER_OR_UNSPECIFIED,OTHER_OR_UNSPECIFIED,sandstone; Panas-Pandian Formation,,,,不适用或未解析,85,85,85,0,1b66603a37b0b8a09e99f167c2a2912f9bbdab2ad66094127824b41f8d1e387a,04ed661cc1b08eed5858eecae0d184e41b93e560877fd18f5afdfaf43a2d69f0,False,False,False,EXTERNAL_REFERENCE,转 external reference,非当前 E3a 主训练候选；保留原参照/重复版本角色。,,,COORDINATES_MISSING; USE_SOURCE_LOCALITY_ONLY,,,,,True
E3,E3::EXISTING_REPAIRED::BSPM-FCE0B02A9C077EC8-E3,BSPM-FCE0B02A9C077EC8-E3,"AB-02f (Middle Eocene-earliest Oligocene) (Yan et al., 2018)",10.1029/2021tc006753,10.1029/2021tc006753,10.1029/2021tc006753,,,,,E3a_Palawan_Mindoro_core,Palawan-Mindoro continental fragments,E3a_Palawan_Mindoro_core,DUPLICATE_VERSION_REFERENCE,OTHER_OR_UNSPECIFIED,OTHER_OR_UNSPECIFIED,turbiditic sandstone; Panas Formation,,,,不适用或未解析,70,70,70,0,bd5edb64888f48c292759dc284d4510bb3bd8cc358f8a778aec5ae6bfa0165a7,23a455907bfd09179be630585fa6d35ac7df4e47a1f3a67cbadb39cfef2dbb67,False,False,False,EXTERNAL_REFERENCE,转 external reference,非当前 E3a 主训练候选；保留原参照/重复版本角色。,,,COORDINATES_MISSING; USE_SOURCE_LOCALITY_ONLY,,,,,True
E3,E3::EXISTING_REPAIRED::BSPM-8BA2B640123C951C-E3,BSPM-8BA2B640123C951C-E3,MIN-21A,10.3390/geosciences16010017,10.3390/geosciences16010017,10.3390/geosciences16010017,,,,,E3a_Palawan_Mindoro_core,Palawan-Mindoro continental fragments,E3a_Palawan_Mindoro_core,MAIN_TRAIN_CANDIDATE,OTHER_OR_UNSPECIFIED,MODERN_RIVER_OR_SAND,modern river sediment,,,Modern/Holocene,现代河流/河砂（来源材料字段）；具体流域待原文复核,48,48,48,0,c641b70020307971d3b10286545e58cb4b42ef53f804a3f6bc39ae23b9655a6b,28fbc10359112900f3f5ef7af47ea35ac05808e46bddff0bf9187c0a7fd8fa65,True,True,True,KEEP_MAIN,保留进入主训练,Palawan–PCT 本体的沉积碎屑或现代河砂；内部混合不等于标签错误。,,,COORDINATES_MISSING; USE_SOURCE_LOCALITY_ONLY,CURRENT_OTHER_TAG; RIVER_SEDIMENT_IN_GRAIN_SOURCE,,,,True
E3,E3::EXISTING_REPAIRED::BSPM-A70956C87A2E4851-E3,BSPM-A70956C87A2E4851-E3,MIN-06,10.3390/geosciences16010017,10.3390/geosciences16010017,10.3390/geosciences16010017,,,,,E3a_Palawan_Mindoro_core,Palawan-Mindoro continental fragments,E3a_Palawan_Mindoro_core,MAIN_TRAIN_CANDIDATE,OTHER_OR_UNSPECIFIED,MODERN_RIVER_OR_SAND,modern river sediment,,,Modern/Holocene,现代河流/河砂（来源材料字段）；具体流域待原文复核,89,89,89,0,e533396ded6dfee85593f5894b9ef84759abd81126a36f7d5d6ab919272ffa1b,e4f2d16dfaa57f58ad3df57ac91940935923927a992b69a586fd75e7acec34b4,True,True,True,KEEP_MAIN,保留进入主训练,Palawan–PCT 本体的沉积碎屑或现代河砂；内部混合不等于标签错误。,,,COORDINATES_MISSING; USE_SOURCE_LOCALITY_ONLY,CURRENT_OTHER_TAG; RIVER_SEDIMENT_IN_GRAIN_SOURCE,,,,True
E3,E3::EXISTING_REPAIRED::BSPM-E90070124D4956E0-E3,BSPM-E90070124D4956E0-E3,MIN-09,10.3390/geosciences16010017,10.3390/geosciences16010017,10.3390/geosciences16010017,,,,,E3a_Palawan_Mindoro_core,Palawan-Mindoro continental fragments,E3a_Palawan_Mindoro_core,MAIN_TRAIN_CANDIDATE,OTHER_OR_UNSPECIFIED,MODERN_RIVER_OR_SAND,modern river sediment,,,Modern/Holocene,现代河流/河砂（来源材料字段）；具体流域待原文复核,82,82,82,0,8ac3fab52763a7997b8edac735d16f1a4619e8c086c2ccb685a3906d670d5f9f,b7628adb3e11632a18bde798ae43a0c806f166cf1b5ac87f589ffaf735ff1a89,True,True,True,KEEP_MAIN,保留进入主训练,Palawan–PCT 本体的沉积碎屑或现代河砂；内部混合不等于标签错误。,,,COORDINATES_MISSING; USE_SOURCE_LOCALITY_ONLY,CURRENT_OTHER_TAG; RIVER_SEDIMENT_IN_GRAIN_SOURCE,,,,True
E3,E3::EXISTING_REPAIRED::BSPM-961C870E861DF6B6-E3,BSPM-961C870E861DF6B6-E3,MIN-1D,10.3390/geosciences16010017,10.3390/geosciences16010017,10.3390/geosciences16010017,,,,,E3a_Palawan_Mindoro_core,Palawan-Mindoro continental fragments,E3a_Palawan_Mindoro_core,MAIN_TRAIN_CANDIDATE,OTHER_OR_UNSPECIFIED,OTHER_OR_UNSPECIFIED,sandstone; Lasala Formation,,,,不适用或未解析,59,59,59,0,473916c622b900467c8ce82369544a6daebec4bbb46adca73886cbf4c28098c8,e38036c07165296b2508661cb2ae882e3e2b22e6124739ec2b0adfb213747dac,True,False,False,CHALLENGE_ONLY,转 challenge_only,原文明确将露头描述为含超镁铁岩的疑似混杂岩，Lasala/Abra-de-Ilog 地层归属未定。,,,COORDINATES_MISSING; USE_SOURCE_LOCALITY_ONLY,,,,https://www.mdpi.com/2076-3263/16/1/17,True
E3,E3::EXISTING_REPAIRED::BSPM-59CA221D3EBE3474-E3,BSPM-59CA221D3EBE3474-E3,P024,10.1130/b35707.1,10.1130/b35707.1,10.1130/b35707.1,,,,,E3a_Palawan_Mindoro_core,Palawan-Mindoro continental fragments,E3a_Palawan_Mindoro_core,MAIN_TRAIN_CANDIDATE,OTHER_OR_UNSPECIFIED,SEDIMENTARY_DETRITAL,detrital sediment; Isugod Formation,,,,沉积岩；具体沉积相未系统提取，不能据空值推断,137,137,137,0,07bab425d6c5763b37a4a142e36ac220ff259b8652a3ec392bd926fa1c9fe3c3,b068ddaef25848364d6edf31198d2be24ff1e690b94cc9ed2ed2d7365f33e720,True,True,True,KEEP_MAIN,保留进入主训练,Palawan–PCT 本体的沉积碎屑或现代河砂；内部混合不等于标签错误。,,,COORDINATES_MISSING; USE_SOURCE_LOCALITY_ONLY,CURRENT_OTHER_TAG; SEDIMENTARY_IN_GRAIN_SOURCE,,,,True
E3,E3::EXISTING_REPAIRED::BSPM-45E4187BE443A5CB-E3,BSPM-45E4187BE443A5CB-E3,P025,10.1130/b35707.1,10.1130/b35707.1,10.1130/b35707.1,,,,,E3a_Palawan_Mindoro_core,Palawan-Mindoro continental fragments,E3a_Palawan_Mindoro_core,MAIN_TRAIN_CANDIDATE,OTHER_OR_UNSPECIFIED,SEDIMENTARY_DETRITAL,detrital sediment; Isugod Formation,,,,沉积岩；具体沉积相未系统提取，不能据空值推断,119,119,119,0,636aabc5f6b56de9684c9ab4aa41f85761d1243a74c6aeff9da82d22142dc776,e5d61e4a345aff050bf8d1e0a0fcfa45dd6973712a66c02336a3a22a0146f997,True,True,True,KEEP_MAIN,保留进入主训练,Palawan–PCT 本体的沉积碎屑或现代河砂；内部混合不等于标签错误。,,,COORDINATES_MISSING; USE_SOURCE_LOCALITY_ONLY,CURRENT_OTHER_TAG; SEDIMENTARY_IN_GRAIN_SOURCE,,,,True
E3,E3::EXISTING_REPAIRED::BSPM-3DFF48565DC898E9-E3,BSPM-3DFF48565DC898E9-E3,DF01,10.1029/2025gc012837,10.1029/2025gc012837,10.1029/2025gc012837,,,,,Hainan Island,Cathaysia-Hainan-Taiwan continental margin,E3b_Hainan_affinity_reference,REFERENCE_ONLY,SEDIMENTARY_DETRITAL,SEDIMENTARY_DETRITAL,SEDIMENTARY_DETRITAL,E'cha Formation,E'cha Formation,,沉积岩；具体沉积相未系统提取，不能据空值推断,90,90,90,0,d0168aaed86032f1658404174476ba25b7f7634ee3ef1668d93f26e645fd4275,f8dcf6140a273913700ae2b1555508240874e5b24febdc7ffe0f6f7916140791,False,False,False,EXTERNAL_REFERENCE,转 external reference,Cathaysia/Hainan 亲缘参照，不等于 Palawan–PCT 实体。,,,COORDINATES_MISSING; USE_SOURCE_LOCALITY_ONLY,,,,,True
E3,E3::EXISTING_REPAIRED::BSPM-754465D4DC32591B-E3,BSPM-754465D4DC32591B-E3,DF02,10.1029/2025gc012837,10.1029/2025gc012837,10.1029/2025gc012837,,,,,Hainan Island,Cathaysia-Hainan-Taiwan continental margin,E3b_Hainan_affinity_reference,REFERENCE_ONLY,SEDIMENTARY_DETRITAL,SEDIMENTARY_DETRITAL,SEDIMENTARY_DETRITAL,E'cha Formation,E'cha Formation,,沉积岩；具体沉积相未系统提取，不能据空值推断,84,84,84,0,df5ec87f493a7fcd4225fad643685aa19cf18cd9351e745a4dc3bbf47e9bf57e,566260d768f29747b6196ed5d943c6424f648632e729aceb07317bc98e207685,False,False,False,EXTERNAL_REFERENCE,转 external reference,Cathaysia/Hainan 亲缘参照，不等于 Palawan–PCT 实体。,,,COORDINATES_MISSING; USE_SOURCE_LOCALITY_ONLY,,,,,True
E3,E3::EXISTING_REPAIRED::BSPM-E01E268B522450AD-E3,BSPM-E01E268B522450AD-E3,DF07,10.1029/2025gc012837,10.1029/2025gc012837,10.1029/2025gc012837,,,,,Hainan Island,Cathaysia-Hainan-Taiwan continental margin,E3b_Hainan_affinity_reference,REFERENCE_ONLY,SEDIMENTARY_DETRITAL,SEDIMENTARY_DETRITAL,SEDIMENTARY_DETRITAL,Nanhao Formation,Nanhao Formation,,沉积岩；具体沉积相未系统提取，不能据空值推断,71,71,71,0,1b281d1ab0deeabb29ea15b3ec3144acab0056cb9b31bbc5c4219b0eebe3f49e,b4bd02ff06147c330abaa563e965d7dcd61d7cd5d170ccbe6e9962bc68c96cbf,False,False,False,EXTERNAL_REFERENCE,转 external reference,Cathaysia/Hainan 亲缘参照，不等于 Palawan–PCT 实体。,,,COORDINATES_MISSING; USE_SOURCE_LOCALITY_ONLY,,,,,True
E3,E3::EXISTING_REPAIRED::BSPM-064C9D66F428B130-E3,BSPM-064C9D66F428B130-E3,BS12,10.1029/2025gc012837,10.1029/2025gc012837,10.1029/2025gc012837,,,,,Hainan Island,Cathaysia-Hainan-Taiwan continental margin,E3b_Hainan_affinity_reference,REFERENCE_ONLY,SEDIMENTARY_DETRITAL,SEDIMENTARY_DETRITAL,SEDIMENTARY_DETRITAL,Lumuwan Formation,Lumuwan Formation,,沉积岩；具体沉积相未系统提取，不能据空值推断,90,90,90,0,78b045fb054a24e3e1af8e17ea3d9fc915e2ec46beba90d370f02e8aaa54b3ed,4287c57816529a473d4dc6b71df80d5641ce7ed29626855ec0432e30c444d30b,False,False,False,EXTERNAL_REFERENCE,转 external reference,Cathaysia/Hainan 亲缘参照，不等于 Palawan–PCT 实体。,,,COORDINATES_MISSING; USE_SOURCE_LOCALITY_ONLY,,,,,True
E3,E3::EXISTING_REPAIRED::BSPM-532D1FF9563AFB1B-E3,BSPM-532D1FF9563AFB1B-E3,BS13,10.1029/2025gc012837,10.1029/2025gc012837,10.1029/2025gc012837,,,,,Hainan Island,Cathaysia-Hainan-Taiwan continental margin,E3b_Hainan_affinity_reference,REFERENCE_ONLY,SEDIMENTARY_DETRITAL,SEDIMENTARY_DETRITAL,SEDIMENTARY_DETRITAL,Lumuwan Formation,Lumuwan Formation,,沉积岩；具体沉积相未系统提取，不能据空值推断,76,76,76,0,9df6131238b1034dcb5d96d935e1a5b827adccdd60e038ff67193a3254f24913,ce1e68edcf80d06f3aa321d9830733519e14ebbaeb3e062eccc930b21b58ac6d,False,False,False,EXTERNAL_REFERENCE,转 external reference,Cathaysia/Hainan 亲缘参照，不等于 Palawan–PCT 实体。,,,COORDINATES_MISSING; USE_SOURCE_LOCALITY_ONLY,,,,,True
E3,E3::EXISTING_REPAIRED::BSPM-8872A3C6C377375B-E3,BSPM-8872A3C6C377375B-E3,XM03,10.1029/2025gc012837,10.1029/2025gc012837,10.1029/2025gc012837,,,,,Hainan Island,Cathaysia-Hainan-Taiwan continental margin,E3b_Hainan_affinity_reference,REFERENCE_ONLY,SEDIMENTARY_DETRITAL,SEDIMENTARY_DETRITAL,SEDIMENTARY_DETRITAL,Early Permian metasandstone,Early Permian metasandstone,,沉积岩；具体沉积相未系统提取，不能据空值推断,82,82,82,0,21bbe2a2c2d224145678e47ca61347b70aa782d4267addb565fe1d407a8fd660,1fbf76905ff9acf829543afcdb8eea3809ed6fec15517d4ef6a84cbdf2095f84,False,False,False,EXTERNAL_REFERENCE,转 external reference,Cathaysia/Hainan 亲缘参照，不等于 Palawan–PCT 实体。,,,COORDINATES_MISSING; USE_SOURCE_LOCALITY_ONLY,,,,,True
E3,E3::EXISTING_REPAIRED::BSPM-2F2E08A9FD0A7B10-E3,BSPM-2F2E08A9FD0A7B10-E3,XM07,10.1029/2025gc012837,10.1029/2025gc012837,10.1029/2025gc012837,,,,,Hainan Island,Cathaysia-Hainan-Taiwan continental margin,E3b_Hainan_affinity_reference,REFERENCE_ONLY,SEDIMENTARY_DETRITAL,SEDIMENTARY_DETRITAL,SEDIMENTARY_DETRITAL,Early Permian metasandstone,Early Permian metasandstone,,沉积岩；具体沉积相未系统提取，不能据空值推断,98,98,98,0,1eb87299829dd038f91093e371110cfd43317cf105c7f50384fa483f68af8da2,80138792e2bad19fca69dad99a7f38ef4660ccac6604ac0e136f1ce6a822083f,False,False,False,EXTERNAL_REFERENCE,转 external reference,Cathaysia/Hainan 亲缘参照，不等于 Palawan–PCT 实体。,,,COORDINATES_MISSING; USE_SOURCE_LOCALITY_ONLY,,,,,True
E3,E3::EXISTING_REPAIRED::BSPM-DCEC8AB9B9C0E1DB-E3,BSPM-DCEC8AB9B9C0E1DB-E3,RZ-01,10.1029/2021tc006753,10.1029/2021tc006753,10.1029/2021tc006753,9.05,117.95,,,E3a_Palawan_Mindoro_core,Palawan-Mindoro continental fragments,E3a_Palawan_Mindoro_core,MAIN_TRAIN_CANDIDATE,OTHER_OR_UNSPECIFIED,SEDIMENTARY_DETRITAL,sandstone; Panas-Pandian Formation,,,,沉积岩；具体沉积相未系统提取，不能据空值推断,77,77,77,0,eb2ea0cef0e9b7f81962a90be257ad9960062fab82f62a181b6d7b139a9ad836,db854d6050f98649d6fe41890ffe67c779e9b3d4ebcdf6a544c746669ff1b264,True,True,True,KEEP_MAIN,保留进入主训练,Palawan–PCT 本体的沉积碎屑或现代河砂；内部混合不等于标签错误。,,,,CURRENT_OTHER_TAG; SEDIMENTARY_IN_GRAIN_SOURCE,,,,True
E3,E3::EXISTING_REPAIRED::BSPM-3EA434152B4DF18F-E3,BSPM-3EA434152B4DF18F-E3,RZ-12b,10.1029/2021tc006753,10.1029/2021tc006753,10.1029/2021tc006753,9.1,118.3,,,E3a_Palawan_Mindoro_core,Palawan-Mindoro continental fragments,E3a_Palawan_Mindoro_core,MAIN_TRAIN_CANDIDATE,OTHER_OR_UNSPECIFIED,SEDIMENTARY_DETRITAL,sandstone; Panas-Pandian Formation,,,,沉积岩；具体沉积相未系统提取，不能据空值推断,85,85,85,0,1b66603a37b0b8a09e99f167c2a2912f9bbdab2ad66094127824b41f8d1e387a,04ed661cc1b08eed5858eecae0d184e41b93e560877fd18f5afdfaf43a2d69f0,True,True,True,KEEP_MAIN,保留进入主训练,Palawan–PCT 本体的沉积碎屑或现代河砂；内部混合不等于标签错误。,,,,CURRENT_OTHER_TAG; SEDIMENTARY_IN_GRAIN_SOURCE,,,,True
E3,E3::EXISTING_REPAIRED::BSPM-25ADDA0F6EE4F881-E3,BSPM-25ADDA0F6EE4F881-E3,P024,10.1130/b35845.1,10.1130/b35845.1,10.1130/b35845.1,9.18922,118.05708,Philippines,,Quezon,Cathaysia-Hainan-Taiwan continental margin,,REVIEW_REQUIRED,SEDIMENTARY_DETRITAL,SEDIMENTARY_DETRITAL,SEDIMENTARY_DETRITAL,,,,沉积岩；具体沉积相未系统提取，不能据空值推断,1,0,0,0,,,False,False,False,HOLD_VERIFY,存疑待核实,原库已标需核实，缺乏足够原始记录证据。,,,,,,YES,,True
E3,E3::EXISTING_REPAIRED::BSPM-75E1DF7B4D745EE3-E3,BSPM-75E1DF7B4D745EE3-E3,P025,10.1130/b35845.1,10.1130/b35845.1,10.1130/b35845.1,9.18922,118.05708,Philippines,,Quezon,Cathaysia-Hainan-Taiwan continental margin,,REVIEW_REQUIRED,SEDIMENTARY_DETRITAL,SEDIMENTARY_DETRITAL,SEDIMENTARY_DETRITAL,,,,沉积岩；具体沉积相未系统提取，不能据空值推断,1,0,0,0,,,False,False,False,HOLD_VERIFY,存疑待核实,原库已标需核实，缺乏足够原始记录证据。,,,,,,YES,,True
E3,E3::EXISTING_REPAIRED::BSPM-3E8F54A499378BD0-E3,BSPM-3E8F54A499378BD0-E3,P003,10.1130/b35845.1,10.1130/b35845.1,10.1130/b35845.1,11.33618,119.45354,Philippines,,Bucana,Cathaysia-Hainan-Taiwan continental margin,,REVIEW_REQUIRED,SEDIMENTARY_DETRITAL,SEDIMENTARY_DETRITAL,SEDIMENTARY_DETRITAL,,,,沉积岩；具体沉积相未系统提取，不能据空值推断,1,0,0,0,,,False,False,False,HOLD_VERIFY,存疑待核实,原库已标需核实，缺乏足够原始记录证据。,,,,,,YES,,True
E3,E3::EXISTING_REPAIRED::BSPM-AEBEFA0F3D70276F-E3,BSPM-AEBEFA0F3D70276F-E3,P005,10.1130/b35845.1,10.1130/b35845.1,10.1130/b35845.1,11.33618,119.45354,Philippines,,Bucana,Cathaysia-Hainan-Taiwan continental margin,,REVIEW_REQUIRED,SEDIMENTARY_DETRITAL,SEDIMENTARY_DETRITAL,SEDIMENTARY_DETRITAL,,,,沉积岩；具体沉积相未系统提取，不能据空值推断,1,0,0,0,,,False,False,False,HOLD_VERIFY,存疑待核实,原库已标需核实，缺乏足够原始记录证据。,,,,,,YES,,True
E3,E3::EXISTING_REPAIRED::BSPM-64FD269FDD6FF17F-E3,BSPM-64FD269FDD6FF17F-E3,P006,10.1130/b35845.1,10.1130/b35845.1,10.1130/b35845.1,11.29408,119.56218,Philippines,,Santa Monica Point,Cathaysia-Hainan-Taiwan continental margin,,REVIEW_REQUIRED,SEDIMENTARY_DETRITAL,SEDIMENTARY_DETRITAL,SEDIMENTARY_DETRITAL,,,,沉积岩；具体沉积相未系统提取，不能据空值推断,1,0,0,0,,,False,False,False,HOLD_VERIFY,存疑待核实,原库已标需核实，缺乏足够原始记录证据。,,,,,,YES,,True
E3,E3::EXISTING_REPAIRED::BSPM-3014B59193D532C3-E3,BSPM-3014B59193D532C3-E3,P007,10.1130/b35845.1,10.1130/b35845.1,10.1130/b35845.1,11.14967,119.39768,Philippines,,Marimegmeg Beach,Cathaysia-Hainan-Taiwan continental margin,,REVIEW_REQUIRED,MODERN_RIVER_OR_SAND,MODERN_RIVER_OR_SAND,MODERN_RIVER_OR_SAND,,,Modern/Holocene,现代河流/河砂（来源材料字段）；具体流域待原文复核,1,0,0,0,,,False,False,False,HOLD_VERIFY,存疑待核实,原库已标需核实，缺乏足够原始记录证据。,,,,,,YES,,True
E3,E3::EXISTING_REPAIRED::BSPM-1B99DE7903AA572C-E3,BSPM-1B99DE7903AA572C-E3,,10.1130/b35845.1,10.1130/b35845.1,10.1130/b35845.1,11.33618,119.45354,,,Bucana,Cathaysia-Hainan-Taiwan continental margin,,REVIEW_REQUIRED,SEDIMENTARY_DETRITAL,SEDIMENTARY_DETRITAL,SEDIMENTARY_DETRITAL,,,,沉积岩；具体沉积相未系统提取，不能据空值推断,96,96,96,0,7477939a760eceec2ba17a88c8d9b55c864911ae1b6e80924e709258dd4353af,b5b7be21e31903e013b06e1cb48a8fdbe7f6ce22bae69733f2744c66904124b3,False,False,False,HOLD_VERIFY,存疑待核实,原库已标需核实，缺乏足够原始记录证据。,,,,,,YES,,True
E3,E3::EXISTING_REPAIRED::BSPM-C77239F3A34CF351-E3,BSPM-C77239F3A34CF351-E3,,10.1130/b35845.1,10.1130/b35845.1,10.1130/b35845.1,9.18922,118.05708,,,Quezon,Cathaysia-Hainan-Taiwan continental margin,,REVIEW_REQUIRED,SEDIMENTARY_DETRITAL,SEDIMENTARY_DETRITAL,SEDIMENTARY_DETRITAL,,,,沉积岩；具体沉积相未系统提取，不能据空值推断,132,132,132,0,e82cd2c6408825883ce35eed63b27996bb2e6a912971805a7a1096c5ab49027c,64a66a835ef11ce8f8ea6dcb0e909c647ae691aa16c991b3b1cc967c56251ff3,False,False,False,HOLD_VERIFY,存疑待核实,原库已标需核实，缺乏足够原始记录证据。,,,,,,YES,,True
E3,E3::EXISTING_REPAIRED::BSPM-636A4CC03569459D-E3,BSPM-636A4CC03569459D-E3,,10.1130/b35845.1,10.1130/b35845.1,10.1130/b35845.1,11.14967,119.39768,,,Marimegmeg Beach,Cathaysia-Hainan-Taiwan continental margin,,REVIEW_REQUIRED,MODERN_RIVER_OR_SAND,MODERN_RIVER_OR_SAND,MODERN_RIVER_OR_SAND,,,Modern/Holocene,现代河流/河砂（来源材料字段）；具体流域待原文复核,72,72,72,0,7fec8be943109b440233a9984cf6f547a7f414c1cbe3c8f632067aad2638d1ab,0abda1849a2074ba02c4ea1a133b64a86fa00601547374e955a0072022065ecd,False,False,False,HOLD_VERIFY,存疑待核实,原库已标需核实，缺乏足够原始记录证据。,,,,,,YES,,True
E3,E3::EXISTING_REPAIRED::BSPM-664F29F5F22A7834-E3,BSPM-664F29F5F22A7834-E3,,10.1130/b35845.1,10.1130/b35845.1,10.1130/b35845.1,11.29408,119.56218,,,Santa Monica Point,Cathaysia-Hainan-Taiwan continental margin,,REVIEW_REQUIRED,SEDIMENTARY_DETRITAL,SEDIMENTARY_DETRITAL,SEDIMENTARY_DETRITAL,,,,沉积岩；具体沉积相未系统提取，不能据空值推断,86,86,86,0,c158d0d53966e5b39541973378818b3e9b256742bbac07b3d621510c5bcbd16e,f7455c4122a98f2976aed292c1db9d06f2235f2ac550967c3b892c3180ea1a77,False,False,False,HOLD_VERIFY,存疑待核实,原库已标需核实，缺乏足够原始记录证据。,,,,,,YES,,True
E3,E3::EXISTING_REPAIRED::BSPM-0B51C18B334A418D-E3,BSPM-0B51C18B334A418D-E3,Z03-3,10.1080/08120099.2018.1452066,10.1080/08120099.2018.1452066,10.1080/08120099.2018.1452066,13.2381,120.6605,Philippines,,Mamburao,Cathaysia-Hainan-Taiwan continental margin,,REVIEW_REQUIRED,SEDIMENTARY_DETRITAL,SEDIMENTARY_DETRITAL,SEDIMENTARY_DETRITAL,,,,沉积岩；具体沉积相未系统提取，不能据空值推断,1,0,0,0,,,False,False,False,HOLD_VERIFY,存疑待核实,原库已标需核实，缺乏足够原始记录证据。,,,,,,YES,,True
E3,E3::EXISTING_REPAIRED::BSPM-B406B78682D3AF5B-E3,BSPM-B406B78682D3AF5B-E3,,10.1080/08120099.2018.1452066,10.1080/08120099.2018.1452066,10.1080/08120099.2018.1452066,13.2381,120.6605,,,Mamburao,Cathaysia-Hainan-Taiwan continental margin,,REVIEW_REQUIRED,SEDIMENTARY_DETRITAL,SEDIMENTARY_DETRITAL,SEDIMENTARY_DETRITAL,,,,沉积岩；具体沉积相未系统提取，不能据空值推断,24,24,24,0,e38ca2a55e5568722a441d7c896d8bd06337653d5c7ceeebebc6292343e63907,0c4e32a831736e772ed4064e24cc9c692b96d74dbedc379e5485dd2ae39e5061,False,False,False,HOLD_VERIFY,存疑待核实,原库已标需核实，缺乏足够原始记录证据。,,,,,,YES,,True
E3,E3::EXISTING_REPAIRED::BSPM-8C64D476DE51D644-E3,BSPM-8C64D476DE51D644-E3,RX-7,10.1016/j.jseaes.2017.07.012,10.1016/j.jseaes.2017.07.012,10.1016/j.jseaes.2017.07.012,10.39555,119.52597,Philippines,,SE of San Vicente,Cathaysia-Hainan-Taiwan continental margin,,REVIEW_REQUIRED,SEDIMENTARY_DETRITAL,SEDIMENTARY_DETRITAL,SEDIMENTARY_DETRITAL,,,,沉积岩；具体沉积相未系统提取，不能据空值推断,1,0,0,0,,,False,False,False,HOLD_VERIFY,存疑待核实,原库已标需核实，缺乏足够原始记录证据。,,,,,,YES,,True
E3,E3::EXISTING_REPAIRED::BSPM-EE5C8745B08FEFEA-E3,BSPM-EE5C8745B08FEFEA-E3,Roxas-1,10.1016/j.jseaes.2017.07.012,10.1016/j.jseaes.2017.07.012,10.1016/j.jseaes.2017.07.012,10.32181,119.33633,Philippines,,Barangay - Roxas,Cathaysia-Hainan-Taiwan continental margin,,REVIEW_REQUIRED,SEDIMENTARY_DETRITAL,SEDIMENTARY_DETRITAL,SEDIMENTARY_DETRITAL,,,,沉积岩；具体沉积相未系统提取，不能据空值推断,1,0,0,0,,,False,False,False,HOLD_VERIFY,存疑待核实,原库已标需核实，缺乏足够原始记录证据。,,,,,,YES,,True
E3,E3::EXISTING_REPAIRED::BSPM-3A96C44C1DE690F0-E3,BSPM-3A96C44C1DE690F0-E3,RX-2,10.1016/j.jseaes.2017.07.012,10.1016/j.jseaes.2017.07.012,10.1016/j.jseaes.2017.07.012,10.35819,119.3574,Philippines,,New Barbacan,Cathaysia-Hainan-Taiwan continental margin,,REVIEW_REQUIRED,SEDIMENTARY_DETRITAL,SEDIMENTARY_DETRITAL,SEDIMENTARY_DETRITAL,,,,沉积岩；具体沉积相未系统提取，不能据空值推断,1,0,0,0,,,False,False,False,HOLD_VERIFY,存疑待核实,原库已标需核实，缺乏足够原始记录证据。,,,,,,YES,,True
E3,E3::EXISTING_REPAIRED::BSPM-51C7520E2B6C7963-E3,BSPM-51C7520E2B6C7963-E3,XOM-MDB-32,10.1130/g35513.1,10.1130/g35513.1,10.1130/g35513.1,32.28836,-90.17631,Contiguous USA,,Mississippi,Cathaysia-Hainan-Taiwan continental margin,E3_CATHAYSIA_HAINAN_TAIWAN_MARGIN,MAIN_TRAIN_CANDIDATE,MODERN_RIVER_OR_SAND,MODERN_RIVER_OR_SAND,MODERN_RIVER_OR_SAND,,,,现代河流/河砂（来源材料字段）；具体流域待原文复核,98,98,98,0,fb1faa065d67d5341b17b7de124efff0225219de0fdb6e49fef02463a623858a,a068b6123b5a1effb1cfb97dec92a784b9ecc84e9cd991835d81709aaba4ae3c,True,False,False,EXTERNAL_REFERENCE,转 external reference,华夏陆缘/海南/台湾不是 Palawan–PCT 本体，退出严格 E3 主训练。,,,,,,,,True
E3,E3::EXISTING_REPAIRED::BSPM-8FE9072AC6453A89-E3,BSPM-8FE9072AC6453A89-E3,,local:449439c71516,,local:449439c71516,22.436,119.538,,,C16 Drillcore at 3358m,Palawan-Mindoro continental fragments,E3_PALAWAN_MINDORO_CONTINENTAL_FRAGMENTS,REFERENCE_ONLY,SEDIMENTARY_DETRITAL,SEDIMENTARY_DETRITAL,SEDIMENTARY_DETRITAL,,,,沉积岩；具体沉积相未系统提取，不能据空值推断,117,117,117,0,bb1eb77dcc2f75fb8c96a81d78371d1061dcc18b0579f53f13ec2788e028024b,f54d3fc230f66a9154393bbe2ed7341269f3cca89859fefcd71c851a11499d0c,False,False,False,EXTERNAL_REFERENCE,转 external reference,非当前 E3a 主训练候选；保留原参照/重复版本角色。,,,,,,,,True
E3,E3::EXISTING_REPAIRED::BSPM-FAD3AA78E228C630-E3,BSPM-FAD3AA78E228C630-E3,,local:449439c71516,,local:449439c71516,21.423,116.74,,,L35 Drillcore at 2500m,Palawan-Mindoro continental fragments,E3_PALAWAN_MINDORO_CONTINENTAL_FRAGMENTS,REFERENCE_ONLY,METAMORPHIC_BASEMENT_OR_METASEDIMENT,METAMORPHIC_BASEMENT_OR_METASEDIMENT,SEDIMENTARY_DETRITAL,,,,不适用或未解析,166,166,166,0,e5be5f7159066296352bb95a33ef5fafdb877097d7a10ad7d32f372c91806895,6c668485e40bc73240b01efec7e92a0a196205d609df679330129d90aa85f28d,False,False,False,EXTERNAL_REFERENCE,转 external reference,非当前 E3a 主训练候选；保留原参照/重复版本角色。,,,,,,,,True
E3,E3::EXISTING_REPAIRED::BSPM-485444F6FE11DF33-E3,BSPM-485444F6FE11DF33-E3,HC,local:3e7778b5bbb8,,local:3e7778b5bbb8,24.34497,120.56055,Taiwan,,Qingshui,Cathaysia-Hainan-Taiwan continental margin,E3_CATHAYSIA_HAINAN_TAIWAN_MARGIN,MAIN_TRAIN_CANDIDATE,MODERN_RIVER_OR_SAND,MODERN_RIVER_OR_SAND,MODERN_RIVER_OR_SAND,,,,现代河流/河砂（来源材料字段）；具体流域待原文复核,94,94,94,0,5dcdbe5c78c21dd114ac00e40df1b2111ddbd63455e9fb41aca4646e2a575db2,e6164a6956abd2845c0f3069beafe3df257e4fe4152573ecd041325d20b68c4e,True,False,False,EXTERNAL_REFERENCE,转 external reference,华夏陆缘/海南/台湾不是 Palawan–PCT 本体，退出严格 E3 主训练。,,,,,,,,True
E3,E3::EXISTING_REPAIRED::BSPM-09709294F8BD7274-E3,BSPM-09709294F8BD7274-E3,YA,local:3e7778b5bbb8,,local:3e7778b5bbb8,22.91865,120.17445,Taiwan,,Tainan City,Cathaysia-Hainan-Taiwan continental margin,E3_CATHAYSIA_HAINAN_TAIWAN_MARGIN,MAIN_TRAIN_CANDIDATE,MODERN_RIVER_OR_SAND,MODERN_RIVER_OR_SAND,MODERN_RIVER_OR_SAND,,,,现代河流/河砂（来源材料字段）；具体流域待原文复核,95,95,95,0,6338cb4e93fe0748d0217a79e4469ffd455e4331d4c5c05687110c15abfa0c72,f08a41062038b882dbb5795657c0cf910711bb1c8faeefbaddd785fdb3338cb6,True,False,False,EXTERNAL_REFERENCE,转 external reference,华夏陆缘/海南/台湾不是 Palawan–PCT 本体，退出严格 E3 主训练。,,,,,,,,True
E3,E3::EXISTING_REPAIRED::BSPM-291450BA5ADCE59F-E3,BSPM-291450BA5ADCE59F-E3,18MM2-1,10.1130/b35791.1,10.1130/b35791.1,10.1130/b35791.1,27.20386,118.22472,China-Eastern,,Huangcheng,Cathaysia-Hainan-Taiwan continental margin,E3_CATHAYSIA_HAINAN_TAIWAN_MARGIN,MAIN_TRAIN_CANDIDATE,SEDIMENTARY_DETRITAL,SEDIMENTARY_DETRITAL,OTHER_OR_UNSPECIFIED,,,Cambrian,沉积岩；具体沉积相未系统提取，不能据空值推断,151,151,151,0,34f5743fa12d13ad4c6c9bc7c7de5ebb8233c0364e3a8180c54c86dcdca8d21c,88056058662116336b7237cf157b83fb2a5471a3da9cbacb2f7a0729d5f4b866,True,False,False,EXTERNAL_REFERENCE,转 external reference,华夏陆缘/海南/台湾不是 Palawan–PCT 本体，退出严格 E3 主训练。,,,,,,,,True
E3,E3::EXISTING_REPAIRED::BSPM-E70E43E880A35467-E3,BSPM-E70E43E880A35467-E3,18MM6-1,10.1130/b35791.1,10.1130/b35791.1,10.1130/b35791.1,27.09505,118.40778,China-Eastern,,Tongchangcun,Cathaysia-Hainan-Taiwan continental margin,E3_CATHAYSIA_HAINAN_TAIWAN_MARGIN,MAIN_TRAIN_CANDIDATE,SEDIMENTARY_DETRITAL,SEDIMENTARY_DETRITAL,OTHER_OR_UNSPECIFIED,,,Cambrian,沉积岩；具体沉积相未系统提取，不能据空值推断,183,183,183,0,1089bc938274b6fc7e7eae64bf9045052d48a614a288289948a5b8fc45e46a3e,e7fe9f3f7f368fc5182aba2eaa2a7bc9c11f0d729d8b9bfa0dbb947fa33fcb28,True,False,False,EXTERNAL_REFERENCE,转 external reference,华夏陆缘/海南/台湾不是 Palawan–PCT 本体，退出严格 E3 主训练。,,,,,,,,True
E3,E3::EXISTING_REPAIRED::BSPM-1A66DA74D95A5CC5-E3,BSPM-1A66DA74D95A5CC5-E3,T7-13,10.3319/tao.2017.10.19.01,10.3319/tao.2017.10.19.01,10.3319/tao.2017.10.19.01,24.64013,121.45076,China,,Northern Cross-Island Highway,Cathaysia-Hainan-Taiwan continental margin,E3_CATHAYSIA_HAINAN_TAIWAN_MARGIN,MAIN_TRAIN_CANDIDATE,SEDIMENTARY_DETRITAL,SEDIMENTARY_DETRITAL,SEDIMENTARY_DETRITAL,Hsitsun Formation,Hsitsun Formation,Paleogene Eocene Upper Eocene,沉积岩；具体沉积相未系统提取，不能据空值推断,25,25,25,0,f8eac1c2828dbbf1fe5dff5cb19222f9e8d127e72b369c02e7562c82cea0c252,4c549e825d140def8fb7b8373af0089cfbcec7e709d0a3507ff1c745317b76b7,True,False,False,EXTERNAL_REFERENCE,转 external reference,华夏陆缘/海南/台湾不是 Palawan–PCT 本体，退出严格 E3 主训练。,,,,,,,,True
E3,E3::EXISTING_REPAIRED::BSPM-872693C0C206F290-E3,BSPM-872693C0C206F290-E3,HT4,10.3319/tao.2017.10.19.01,10.3319/tao.2017.10.19.01,10.3319/tao.2017.10.19.01,24.65403,121.45493,China,,Northern Cross-Island Highway,Cathaysia-Hainan-Taiwan continental margin,E3_CATHAYSIA_HAINAN_TAIWAN_MARGIN,MAIN_TRAIN_CANDIDATE,SEDIMENTARY_DETRITAL,SEDIMENTARY_DETRITAL,SEDIMENTARY_DETRITAL,Hsitsun Formation,Hsitsun Formation,Paleogene Eocene Upper Eocene,沉积岩；具体沉积相未系统提取，不能据空值推断,15,15,15,0,7f9ec9a890cc6e4ec43cfab7fd298aa1aa9075c6f364e9c30a96d3f68bf3db65,ab4d18a6ef60be9728b9c2577ab87ffc52d09f089fef6400f78d632c7048058d,True,False,False,EXTERNAL_REFERENCE,转 external reference,华夏陆缘/海南/台湾不是 Palawan–PCT 本体，退出严格 E3 主训练。,,,,,,,,True
E3,E3::EXISTING_REPAIRED::BSPM-C0335E6F20E94555-E3,BSPM-C0335E6F20E94555-E3,HT2,10.3319/tao.2017.10.19.01,10.3319/tao.2017.10.19.01,10.3319/tao.2017.10.19.01,24.64343,121.44867,China,,Northern Cross-Island Highway,Cathaysia-Hainan-Taiwan continental margin,E3_CATHAYSIA_HAINAN_TAIWAN_MARGIN,MAIN_TRAIN_CANDIDATE,SEDIMENTARY_DETRITAL,SEDIMENTARY_DETRITAL,SEDIMENTARY_DETRITAL,Hsitsun Formation,Hsitsun Formation,Paleogene Eocene Upper Eocene,沉积岩；具体沉积相未系统提取，不能据空值推断,1,1,1,0,e0681b05cff3c767ebe8403a430d9aeda7201c143d6f242c74797eecd487f090,126c75a8ca9db45cca194cd259ec0c23cf0378ac658370142b63c0d87268608d,True,False,False,EXTERNAL_REFERENCE,转 external reference,华夏陆缘/海南/台湾不是 Palawan–PCT 本体，退出严格 E3 主训练。,,,,,,,,True
E3,E3::EXISTING_REPAIRED::BSPM-9446510A63342CC4-E3,BSPM-9446510A63342CC4-E3,SS3,10.3319/tao.2017.10.19.01,10.3319/tao.2017.10.19.01,10.3319/tao.2017.10.19.01,24.64684,121.44429,China,,Northern Cross-Island Highway,Cathaysia-Hainan-Taiwan continental margin,E3_CATHAYSIA_HAINAN_TAIWAN_MARGIN,MAIN_TRAIN_CANDIDATE,SEDIMENTARY_DETRITAL,SEDIMENTARY_DETRITAL,SEDIMENTARY_DETRITAL,Szeleng Sandstone,Szeleng Sandstone,Paleogene Eocene Upper Eocene,沉积岩；具体沉积相未系统提取，不能据空值推断,2,2,2,0,51b6d244d28775fdaabad007145e00e13fb27e27039df86b68af6615244cf2fa,fa3c92d3568ec7b0552a36cfa659552d8f546ab3beb274c6487f813daec90804,True,False,False,EXTERNAL_REFERENCE,转 external reference,华夏陆缘/海南/台湾不是 Palawan–PCT 本体，退出严格 E3 主训练。,,,,,,,,True
E3,E3::EXISTING_REPAIRED::BSPM-74C415C0911FF153-E3,BSPM-74C415C0911FF153-E3,LY1,10.1016/j.earscirev.2016.10.015,10.1016/j.earscirev.2016.10.015,10.1016/j.earscirev.2016.10.015,24.50235,121.42992,Taiwan,,Datong,Cathaysia-Hainan-Taiwan continental margin,E3_CATHAYSIA_HAINAN_TAIWAN_MARGIN,MAIN_TRAIN_CANDIDATE,MODERN_RIVER_OR_SAND,MODERN_RIVER_OR_SAND,MODERN_RIVER_OR_SAND,,,,现代河流/河砂（来源材料字段）；具体流域待原文复核,93,93,93,0,5f1fbcadd1f8995e013468a4934b8d188d5b53436c1ed5d7ad23c3be84656c77,c540e03c29fecc4ca36d46f00794371b9e31c2e29d1d4bf46fc0b0567a30f434,True,False,False,EXTERNAL_REFERENCE,转 external reference,华夏陆缘/海南/台湾不是 Palawan–PCT 本体，退出严格 E3 主训练。,,,,,,,,True
E3,E3::EXISTING_REPAIRED::BSPM-95A7CBD575454013-E3,BSPM-95A7CBD575454013-E3,LY2,10.1016/j.earscirev.2016.10.015,10.1016/j.earscirev.2016.10.015,10.1016/j.earscirev.2016.10.015,24.65498,121.58385,Taiwan,,Sanxing,Cathaysia-Hainan-Taiwan continental margin,E3_CATHAYSIA_HAINAN_TAIWAN_MARGIN,MAIN_TRAIN_CANDIDATE,MODERN_RIVER_OR_SAND,MODERN_RIVER_OR_SAND,MODERN_RIVER_OR_SAND,,,,现代河流/河砂（来源材料字段）；具体流域待原文复核,102,102,102,0,b06d2fa6be7de3e472d0dfd2f2f3afa2249bee926122f94f166cec814ed44b76,b33fea1e5efd8f29183e86c766e7936389816d6368099a5c97de8ebc4b1a4d6b,True,False,False,EXTERNAL_REFERENCE,转 external reference,华夏陆缘/海南/台湾不是 Palawan–PCT 本体，退出严格 E3 主训练。,,,,,,,,True
E3,E3::EXISTING_REPAIRED::BSPM-74A81625F16C53BE-E3,BSPM-74A81625F16C53BE-E3,LY3,10.1016/j.earscirev.2016.10.015,10.1016/j.earscirev.2016.10.015,10.1016/j.earscirev.2016.10.015,24.71478,121.75946,Taiwan,,Yilan,Cathaysia-Hainan-Taiwan continental margin,E3_CATHAYSIA_HAINAN_TAIWAN_MARGIN,MAIN_TRAIN_CANDIDATE,MODERN_RIVER_OR_SAND,MODERN_RIVER_OR_SAND,MODERN_RIVER_OR_SAND,,,,现代河流/河砂（来源材料字段）；具体流域待原文复核,95,95,95,0,1789515bdade6660fb4662ed3ab6c41f9ac0893909d76ff161ab7139dfd6d309,0d6cc9b74700363183ed56add5c3ce11648195d23f1863060d35e217ea8f4504,True,False,False,EXTERNAL_REFERENCE,转 external reference,华夏陆缘/海南/台湾不是 Palawan–PCT 本体，退出严格 E3 主训练。,,,,,,,,True
E3,E3::EXISTING_REPAIRED::BSPM-53CF7391A30DCBE4-E3,BSPM-53CF7391A30DCBE4-E3,ZS1,10.1016/j.earscirev.2016.10.015,10.1016/j.earscirev.2016.10.015,10.1016/j.earscirev.2016.10.015,23.78565,120.86942,Taiwan,,Shuili,Cathaysia-Hainan-Taiwan continental margin,E3_CATHAYSIA_HAINAN_TAIWAN_MARGIN,MAIN_TRAIN_CANDIDATE,MODERN_RIVER_OR_SAND,MODERN_RIVER_OR_SAND,MODERN_RIVER_OR_SAND,,,,现代河流/河砂（来源材料字段）；具体流域待原文复核,119,119,119,0,d30c2539e8878e197cb224b06589b1fba020b1427f4e3242b2ac3308fed19b32,8aed0ddcca21fd6190e078b2a83f97488ade5e0141136fa8a66d2fb62830492e,True,False,False,EXTERNAL_REFERENCE,转 external reference,华夏陆缘/海南/台湾不是 Palawan–PCT 本体，退出严格 E3 主训练。,,,,,,,,True
E3,E3::EXISTING_REPAIRED::BSPM-51A12B7886A79D85-E3,BSPM-51A12B7886A79D85-E3,ZS2,10.1016/j.earscirev.2016.10.015,10.1016/j.earscirev.2016.10.015,10.1016/j.earscirev.2016.10.015,23.78497,120.64004,Taiwan,,Ershui,Cathaysia-Hainan-Taiwan continental margin,E3_CATHAYSIA_HAINAN_TAIWAN_MARGIN,MAIN_TRAIN_CANDIDATE,MODERN_RIVER_OR_SAND,MODERN_RIVER_OR_SAND,MODERN_RIVER_OR_SAND,,,,现代河流/河砂（来源材料字段）；具体流域待原文复核,120,120,120,0,635d1719f2f868c0a69e2b4122e81a48448a4a980ca1a1fd2565468dfa8a4e24,f12878718f8910537ac7fa5554438b30a407dd5a54078d3adb8a03f03c091c1e,True,False,False,EXTERNAL_REFERENCE,转 external reference,华夏陆缘/海南/台湾不是 Palawan–PCT 本体，退出严格 E3 主训练。,,,,,,,,True
E3,E3::EXISTING_REPAIRED::BSPM-D10AC5559A5A4523-E3,BSPM-D10AC5559A5A4523-E3,ZS3,10.1016/j.earscirev.2016.10.015,10.1016/j.earscirev.2016.10.015,10.1016/j.earscirev.2016.10.015,23.80677,120.50395,Taiwan,,Xizhou,Cathaysia-Hainan-Taiwan continental margin,E3_CATHAYSIA_HAINAN_TAIWAN_MARGIN,MAIN_TRAIN_CANDIDATE,MODERN_RIVER_OR_SAND,MODERN_RIVER_OR_SAND,MODERN_RIVER_OR_SAND,,,,现代河流/河砂（来源材料字段）；具体流域待原文复核,118,118,118,0,a8fb173d27afc0a84c997a5dc69627fd09173f7c028b20314bcdbd55368924ac,f60fbd071a8206234873dac2a733ccc15767f2cc6493c3263476fa04b363b29c,True,False,False,EXTERNAL_REFERENCE,转 external reference,华夏陆缘/海南/台湾不是 Palawan–PCT 本体，退出严格 E3 主训练。,,,,,,,,True
E3,E3::EXISTING_REPAIRED::BSPM-045D81524864D8BA-E3,BSPM-045D81524864D8BA-E3,ZS4,10.1016/j.earscirev.2016.10.015,10.1016/j.earscirev.2016.10.015,10.1016/j.earscirev.2016.10.015,23.82653,120.30391,Taiwan,,Dacheng,Cathaysia-Hainan-Taiwan continental margin,E3_CATHAYSIA_HAINAN_TAIWAN_MARGIN,MAIN_TRAIN_CANDIDATE,MODERN_RIVER_OR_SAND,MODERN_RIVER_OR_SAND,MODERN_RIVER_OR_SAND,,,,现代河流/河砂（来源材料字段）；具体流域待原文复核,100,100,100,0,70dbcd16d6209cc001cb903d4b7f310542925c576bde2746bf925b3e59a0d40f,3e44afe1cbf977fd15218eb2c1099015f4364dab881d8d10f33514be55626819,True,False,False,EXTERNAL_REFERENCE,转 external reference,华夏陆缘/海南/台湾不是 Palawan–PCT 本体，退出严格 E3 主训练。,,,,,,,,True
E3,E3::EXISTING_REPAIRED::BSPM-B136F5D3537A3EE2-E3,BSPM-B136F5D3537A3EE2-E3,Well-C,10.1016/j.jseaes.2021.104702,10.1016/j.jseaes.2021.104702,10.1016/j.jseaes.2021.104702,19.5642,111.8044,China,,E3_CATHAYSIA_HAINAN_TAIWAN_MARGIN,Cathaysia-Hainan-Taiwan continental margin,E3_CATHAYSIA_HAINAN_TAIWAN_MARGIN,MAIN_TRAIN_CANDIDATE,MODERN_RIVER_OR_SAND,MODERN_RIVER_OR_SAND,MODERN_RIVER_OR_SAND,,,Paleogene,现代河流/河砂（来源材料字段）；具体流域待原文复核,198,198,198,0,e0fcda593add4006da738e3405a2d5fa53283135bfef6baad8814f8c880fe73f,62b9034e641cd550951468a511b3c0a6ee269cc8069d3b3587e44adbc6547cf8,True,False,False,EXTERNAL_REFERENCE,转 external reference,华夏陆缘/海南/台湾不是 Palawan–PCT 本体，退出严格 E3 主训练。,,,,,,,,True
E3,E3::EXISTING_REPAIRED::BSPM-8B70A7536EDC4C35-E3,BSPM-8B70A7536EDC4C35-E3,Well-B,10.1016/j.jseaes.2021.104702,10.1016/j.jseaes.2021.104702,10.1016/j.jseaes.2021.104702,19.0401,111.7124,China,,E3_CATHAYSIA_HAINAN_TAIWAN_MARGIN,Cathaysia-Hainan-Taiwan continental margin,E3_CATHAYSIA_HAINAN_TAIWAN_MARGIN,MAIN_TRAIN_CANDIDATE,MODERN_RIVER_OR_SAND,MODERN_RIVER_OR_SAND,MODERN_RIVER_OR_SAND,,,Paleogene,现代河流/河砂（来源材料字段）；具体流域待原文复核,145,145,145,0,c626cb619203be7fc68aca934cbccf1808dc86468b8807d35f0d93df29a25fc6,431f512bbf753b650ea28f0eb5bea644770c2b030af97de614c29c476b6c31fb,True,False,False,EXTERNAL_REFERENCE,转 external reference,华夏陆缘/海南/台湾不是 Palawan–PCT 本体，退出严格 E3 主训练。,,,,,,,,True
E3,E3::EXISTING_REPAIRED::BSPM-B715760D5993C103-E3,BSPM-B715760D5993C103-E3,S05-4,local:3987b91ff917,,local:3987b91ff917,26.45,121.82,Eastern Asian shelf,,135 km north of Taiwan at 89m depth,Cathaysia-Hainan-Taiwan continental margin,E3_CATHAYSIA_HAINAN_TAIWAN_MARGIN,MAIN_TRAIN_CANDIDATE,MODERN_RIVER_OR_SAND,MODERN_RIVER_OR_SAND,MODERN_RIVER_OR_SAND,,,,现代河流/河砂（来源材料字段）；具体流域待原文复核,103,103,103,0,0f3641d32236e82c24c3c453e9586b67e83d940de88a17b3edeb9c7c23428e61,dcb942b2422007c3df3a2abdb5da8a20d31c1f66fec83f9b2d75d553071a1f29,True,False,False,EXTERNAL_REFERENCE,转 external reference,华夏陆缘/海南/台湾不是 Palawan–PCT 本体，退出严格 E3 主训练。,,,,,,,,True
E3,E3::EXISTING_REPAIRED::BSPM-8A0DAA6870FEB27F-E3,BSPM-8A0DAA6870FEB27F-E3,S06-4,local:3987b91ff917,,local:3987b91ff917,25.80333,121.06,Eastern Asian shelf,,75 km NNW of Taiwan at 82m depth,Cathaysia-Hainan-Taiwan continental margin,E3_CATHAYSIA_HAINAN_TAIWAN_MARGIN,MAIN_TRAIN_CANDIDATE,MODERN_RIVER_OR_SAND,MODERN_RIVER_OR_SAND,MODERN_RIVER_OR_SAND,,,,现代河流/河砂（来源材料字段）；具体流域待原文复核,99,99,99,0,4ed154e910ff7d7390e5d11994cae338df59434e46af25a6e85ca6cd439b4a57,417f8db4bac5ce61126188440e96b50df9add351a4d355ff11aa264ceb97dc59,True,False,False,EXTERNAL_REFERENCE,转 external reference,华夏陆缘/海南/台湾不是 Palawan–PCT 本体，退出严格 E3 主训练。,,,,,,,,True
E3,E3::EXISTING_REPAIRED::BSPM-0FA7B54A5BBAD02C-E3,BSPM-0FA7B54A5BBAD02C-E3,S1485,local:3987b91ff917,,local:3987b91ff917,26.79139,122.16667,Eastern Asian shelf,,180 km NNE of Taiwan at 90m depth,Cathaysia-Hainan-Taiwan continental margin,E3_CATHAYSIA_HAINAN_TAIWAN_MARGIN,MAIN_TRAIN_CANDIDATE,MODERN_RIVER_OR_SAND,MODERN_RIVER_OR_SAND,MODERN_RIVER_OR_SAND,,,,现代河流/河砂（来源材料字段）；具体流域待原文复核,215,215,215,0,797c314188d028788d656ac93317db6a2ebe5aacf7d55c47c450f5ac3bf88a57,7428066b1d242d8a8a41a9c657474a18f297017b95ff5d1829e4b4ec49b77de2,True,False,False,EXTERNAL_REFERENCE,转 external reference,华夏陆缘/海南/台湾不是 Palawan–PCT 本体，退出严格 E3 主训练。,,,,,,,,True
E3,E3::EXISTING_REPAIRED::BSPM-35CB23A4266F61DC-E3,BSPM-35CB23A4266F61DC-E3,S2582,local:3987b91ff917,,local:3987b91ff917,23.94083,120.04944,Eastern Asian shelf,,Offshore Changhua at 33m depth,Cathaysia-Hainan-Taiwan continental margin,E3_CATHAYSIA_HAINAN_TAIWAN_MARGIN,MAIN_TRAIN_CANDIDATE,MODERN_RIVER_OR_SAND,MODERN_RIVER_OR_SAND,MODERN_RIVER_OR_SAND,,,,现代河流/河砂（来源材料字段）；具体流域待原文复核,244,244,244,0,a7ee2e8143f8f6ab33945dd7cdecf292599540a491bf88cb514d7ea98c84102a,bf5d04068c5dab573d35b2c5683d691ee79d77f6c2bb0b5fb7968f1362aca285,True,False,False,EXTERNAL_REFERENCE,转 external reference,华夏陆缘/海南/台湾不是 Palawan–PCT 本体，退出严格 E3 主训练。,,,,,,,,True
E3,E3::EXISTING_REPAIRED::BSPM-0886CD1E7E97C265-E3,BSPM-0886CD1E7E97C265-E3,,local:3987b91ff917,,local:3987b91ff917,26.45,121.82,,,135 km north of Taiwan at 89m depth,Cathaysia-Hainan-Taiwan continental margin,E3_CATHAYSIA_HAINAN_TAIWAN_MARGIN,MAIN_TRAIN_CANDIDATE,SEDIMENTARY_DETRITAL,SEDIMENTARY_DETRITAL,SEDIMENTARY_DETRITAL,,,,沉积岩；具体沉积相未系统提取，不能据空值推断,123,123,123,0,89f97844d02f59fe6c317524b08c2e49fe6d26f3499271f10990e6d04069c7ba,bda012ab0bca8ef52fc3373f61c4edbbb75bcacf4d9979452248759f524b8a0a,True,False,False,EXTERNAL_REFERENCE,转 external reference,华夏陆缘/海南/台湾不是 Palawan–PCT 本体，退出严格 E3 主训练。,,,,,,,,True
E3,E3::EXISTING_REPAIRED::BSPM-5E38A37DC1BF305A-E3,BSPM-5E38A37DC1BF305A-E3,,local:3987b91ff917,,local:3987b91ff917,25.80333,121.06,,,75 km NNW of Taiwan at 82m depth,Cathaysia-Hainan-Taiwan continental margin,E3_CATHAYSIA_HAINAN_TAIWAN_MARGIN,MAIN_TRAIN_CANDIDATE,SEDIMENTARY_DETRITAL,SEDIMENTARY_DETRITAL,SEDIMENTARY_DETRITAL,,,,沉积岩；具体沉积相未系统提取，不能据空值推断,131,131,131,0,cd3346ba323296163f22a582cf2241e63c97fe11240dd23723674cb22ab3b3ed,01772e67c6bc7b98b1b9f8edb444653f1a1d23a188d0471357a70466c9e7b80d,True,False,False,EXTERNAL_REFERENCE,转 external reference,华夏陆缘/海南/台湾不是 Palawan–PCT 本体，退出严格 E3 主训练。,,,,,,,,True
E3,E3::EXISTING_REPAIRED::BSPM-E7710E1F7365F204-E3,BSPM-E7710E1F7365F204-E3,,local:3987b91ff917,,local:3987b91ff917,26.79139,122.16667,,,180 km NNE of Taiwan at 90m depth,Cathaysia-Hainan-Taiwan continental margin,E3_CATHAYSIA_HAINAN_TAIWAN_MARGIN,MAIN_TRAIN_CANDIDATE,METAMORPHIC_BASEMENT_OR_METASEDIMENT,METAMORPHIC_BASEMENT_OR_METASEDIMENT,SEDIMENTARY_DETRITAL,,,,不适用或未解析,265,265,265,0,1d8a4b437f1d152aa3269ec59f63d861cb02ed1e3c90e5e42cec733c33a6ccd3,36c1496b3f260057b749315b2ea1ff06dfb5cf0a0d60344965ceb67654acedde,True,False,False,EXTERNAL_REFERENCE,转 external reference,华夏陆缘/海南/台湾不是 Palawan–PCT 本体，退出严格 E3 主训练。,,,,,,,,True
E3,E3::EXISTING_REPAIRED::BSPM-37D393890C83934E-E3,BSPM-37D393890C83934E-E3,,local:3987b91ff917,,local:3987b91ff917,22.41028,119.065,,,Taiwan Banks at 124m depth,Cathaysia-Hainan-Taiwan continental margin,E3_CATHAYSIA_HAINAN_TAIWAN_MARGIN,MAIN_TRAIN_CANDIDATE,SEDIMENTARY_DETRITAL,SEDIMENTARY_DETRITAL,SEDIMENTARY_DETRITAL,,,,沉积岩；具体沉积相未系统提取，不能据空值推断,140,140,140,0,66f6f7e79c00df22319b6e56c922b4869e923ba984835bd4dccc38e3a0bed885,dadf17e27b0fa2ba24745a9da5c030863e18122d70d2afcb06567ae5c707a420,True,False,False,EXTERNAL_REFERENCE,转 external reference,华夏陆缘/海南/台湾不是 Palawan–PCT 本体，退出严格 E3 主训练。,,,,,,,,True
E3,E3::EXISTING_REPAIRED::BSPM-4C114B9F038038C9-E3,BSPM-4C114B9F038038C9-E3,12HN-87,10.1016/j.lithos.2015.10.006,10.1016/j.lithos.2015.10.006,10.1016/j.lithos.2015.10.006,19.3973,109.6035,China,,Baisha,Cathaysia-Hainan-Taiwan continental margin,E3_CATHAYSIA_HAINAN_TAIWAN_MARGIN,MAIN_TRAIN_CANDIDATE,SEDIMENTARY_DETRITAL,SEDIMENTARY_DETRITAL,SEDIMENTARY_DETRITAL,Lumuwan Formation,Lumuwan Formation,Cretaceous,沉积岩；具体沉积相未系统提取，不能据空值推断,211,211,211,0,f628e3fc9c5cdd544f2ae71cc31f121467072e86c133dfdc5bb9149d3caf71ee,30ae924f29055bd351640607d62ab95e476683753d56599fba352c611f575aeb,True,False,False,EXTERNAL_REFERENCE,转 external reference,华夏陆缘/海南/台湾不是 Palawan–PCT 本体，退出严格 E3 主训练。,,,,,,,,True
E3,E3::EXISTING_REPAIRED::BSPM-B2DE3A184D134FAB-E3,BSPM-B2DE3A184D134FAB-E3,NH103,10.1016/j.lithos.2015.10.006,10.1016/j.lithos.2015.10.006,10.1016/j.lithos.2015.10.006,19.1089,109.5116,China,,Baisha,Cathaysia-Hainan-Taiwan continental margin,E3_CATHAYSIA_HAINAN_TAIWAN_MARGIN,MAIN_TRAIN_CANDIDATE,SEDIMENTARY_DETRITAL,SEDIMENTARY_DETRITAL,SEDIMENTARY_DETRITAL,Lumuwan Formation,Lumuwan Formation,Cretaceous,沉积岩；具体沉积相未系统提取，不能据空值推断,232,232,232,0,fa63636b820666d99289b727719f380b346aa9f214497b371de86525aef2a542,a1e59dfa096090a64f0b4f1f4c09d61de4c0906284ffb0634f83d26d118717c0,True,False,False,EXTERNAL_REFERENCE,转 external reference,华夏陆缘/海南/台湾不是 Palawan–PCT 本体，退出严格 E3 主训练。,,,,,,,,True
E3,E3::EXISTING_REPAIRED::BSPM-E940C89A63D397BC-E3,BSPM-E940C89A63D397BC-E3,LL1,10.1111/j.1365-3121.2010.00970.x,10.1111/j.1365-3121.2010.00970.x,10.1111/j.1365-3121.2010.00970.x,22.1448,120.7099,Taiwan,,Lilongshan,Cathaysia-Hainan-Taiwan continental margin,E3_CATHAYSIA_HAINAN_TAIWAN_MARGIN,MAIN_TRAIN_CANDIDATE,SEDIMENTARY_DETRITAL,SEDIMENTARY_DETRITAL,SEDIMENTARY_DETRITAL,,,,沉积岩；具体沉积相未系统提取，不能据空值推断,21,21,21,0,4c1d668269e29fd7e4da2397df04e68961fc3f0d2d9e5279982c3a5b36936d2d,b292bcb56fcae3830c772742c321cd235f11a592a179a812bb51e9a5a557a2d4,True,False,False,EXTERNAL_REFERENCE,转 external reference,华夏陆缘/海南/台湾不是 Palawan–PCT 本体，退出严格 E3 主训练。,,,,,,,,True
E3,E3::EXISTING_REPAIRED::BSPM-DA48B1B0BD97064C-E3,BSPM-DA48B1B0BD97064C-E3,LL2,10.1111/j.1365-3121.2010.00970.x,10.1111/j.1365-3121.2010.00970.x,10.1111/j.1365-3121.2010.00970.x,22.1447,120.7089,Taiwan,,Lilongshan,Cathaysia-Hainan-Taiwan continental margin,E3_CATHAYSIA_HAINAN_TAIWAN_MARGIN,MAIN_TRAIN_CANDIDATE,SEDIMENTARY_DETRITAL,SEDIMENTARY_DETRITAL,SEDIMENTARY_DETRITAL,,,,沉积岩；具体沉积相未系统提取，不能据空值推断,28,28,28,0,904b964c257760fd874a1556d51a0594ce241f39112e41248b491c0363a5a3d0,5606e667afa019a485cdc983611464fc49ef513ceeba121d97023901561f4f9a,True,False,False,EXTERNAL_REFERENCE,转 external reference,华夏陆缘/海南/台湾不是 Palawan–PCT 本体，退出严格 E3 主训练。,,,,,,,,True
E3,E3::EXISTING_REPAIRED::BSPM-0D900FBF84B7EF4C-E3,BSPM-0D900FBF84B7EF4C-E3,LS1,10.1111/j.1365-3121.2010.00970.x,10.1111/j.1365-3121.2010.00970.x,10.1111/j.1365-3121.2010.00970.x,22.0849,120.8906,Taiwan,,Loshui,Cathaysia-Hainan-Taiwan continental margin,E3_CATHAYSIA_HAINAN_TAIWAN_MARGIN,MAIN_TRAIN_CANDIDATE,SEDIMENTARY_DETRITAL,SEDIMENTARY_DETRITAL,SEDIMENTARY_DETRITAL,,,,沉积岩；具体沉积相未系统提取，不能据空值推断,25,25,25,0,f4f7f03f85b7c002758280219a3e918ccd5cda8e9b2d1e44ef5a0723c5dfa612,ed83ccc927f9a933e376aaff3e1d117834c1a900d29060ca932761ffbc715fe5,True,False,False,EXTERNAL_REFERENCE,转 external reference,华夏陆缘/海南/台湾不是 Palawan–PCT 本体，退出严格 E3 主训练。,,,,,,,,True
E3,E3::EXISTING_REPAIRED::BSPM-91A31D3D7ED6A527-E3,BSPM-91A31D3D7ED6A527-E3,LS3,10.1111/j.1365-3121.2010.00970.x,10.1111/j.1365-3121.2010.00970.x,10.1111/j.1365-3121.2010.00970.x,21.9952,120.865,Taiwan,,Loshui,Cathaysia-Hainan-Taiwan continental margin,E3_CATHAYSIA_HAINAN_TAIWAN_MARGIN,MAIN_TRAIN_CANDIDATE,SEDIMENTARY_DETRITAL,SEDIMENTARY_DETRITAL,SEDIMENTARY_DETRITAL,,,,沉积岩；具体沉积相未系统提取，不能据空值推断,32,32,32,0,5215f112c655ad2c7dd319b1c206c6e0e9f4432fccfd64ed793371fda6084d90,a0b1ebba3118dedc2dd1dc99f77e4e685a234319b4754ac5f633533a59477706,True,False,False,EXTERNAL_REFERENCE,转 external reference,华夏陆缘/海南/台湾不是 Palawan–PCT 本体，退出严格 E3 主训练。,,,,,,,,True
E3,E3::EXISTING_REPAIRED::BSPM-2BE3CDFB05C48BBB-E3,BSPM-2BE3CDFB05C48BBB-E3,XINBEI-10,10.1016/j.gr.2015.07.008,10.1016/j.gr.2015.07.008,10.1016/j.gr.2015.07.008,25.1051,121.9226,China,,Xinbei,Cathaysia-Hainan-Taiwan continental margin,E3_CATHAYSIA_HAINAN_TAIWAN_MARGIN,MAIN_TRAIN_CANDIDATE,SEDIMENTARY_DETRITAL,SEDIMENTARY_DETRITAL,SEDIMENTARY_DETRITAL,,,Paleogene Oligocene,沉积岩；具体沉积相未系统提取，不能据空值推断,110,110,110,0,8718f88c922058c816e479ccd131734891b94089e16a4cdaff813f8a06f6a628,80ef10aea5331e8b4c1e653b349aa428e54c4a1e4085927f3dded76f9037354f,True,False,False,EXTERNAL_REFERENCE,转 external reference,华夏陆缘/海南/台湾不是 Palawan–PCT 本体，退出严格 E3 主训练。,,,,,,,,True
E3,E3::EXISTING_REPAIRED::BSPM-5DC95BD841F16B09-E3,BSPM-5DC95BD841F16B09-E3,XC11-1,10.1016/j.gr.2015.07.008,10.1016/j.gr.2015.07.008,10.1016/j.gr.2015.07.008,24.5928,121.4428,China,,Hsuehshan Range,Cathaysia-Hainan-Taiwan continental margin,E3_CATHAYSIA_HAINAN_TAIWAN_MARGIN,MAIN_TRAIN_CANDIDATE,SEDIMENTARY_DETRITAL,SEDIMENTARY_DETRITAL,SEDIMENTARY_DETRITAL,,,Paleogene,沉积岩；具体沉积相未系统提取，不能据空值推断,110,110,110,0,c1bca6846791a9fe8e1a882ff1d104583202cd5390f6f84dc340d386e9a3a6fd,41d08fce8f2aebd0c37cfe48d5e1028851bb0ba42071b00c4238ba6c0414be50,True,False,False,EXTERNAL_REFERENCE,转 external reference,华夏陆缘/海南/台湾不是 Palawan–PCT 本体，退出严格 E3 主训练。,,,,,,,,True
E3,E3::EXISTING_REPAIRED::BSPM-52FED42496B95C97-E3,BSPM-52FED42496B95C97-E3,NT-11,10.1016/j.gr.2015.07.008,10.1016/j.gr.2015.07.008,10.1016/j.gr.2015.07.008,24.0533,120.8708,China,,Nantou,Cathaysia-Hainan-Taiwan continental margin,E3_CATHAYSIA_HAINAN_TAIWAN_MARGIN,MAIN_TRAIN_CANDIDATE,SEDIMENTARY_DETRITAL,SEDIMENTARY_DETRITAL,SEDIMENTARY_DETRITAL,Kuanyingshan Formation,Kuanyingshan Formation,Neogene Miocene Upper Miocene,沉积岩；具体沉积相未系统提取，不能据空值推断,107,107,107,0,de946291ddd458983974aca5626a18dd28d9029940f421872255f1c763dd8fac,38fb39a74e7c4d18899a94ded2ee48c68ef76c1f5448925ed05973d6bd73bd1f,True,False,False,EXTERNAL_REFERENCE,转 external reference,华夏陆缘/海南/台湾不是 Palawan–PCT 本体，退出严格 E3 主训练。,,,,,,,,True
E3,E3::EXISTING_REPAIRED::BSPM-4ABA398971277A62-E3,BSPM-4ABA398971277A62-E3,NT-12,10.1016/j.gr.2015.07.008,10.1016/j.gr.2015.07.008,10.1016/j.gr.2015.07.008,24.0539,120.8744,China,,Nantou,Cathaysia-Hainan-Taiwan continental margin,E3_CATHAYSIA_HAINAN_TAIWAN_MARGIN,MAIN_TRAIN_CANDIDATE,SEDIMENTARY_DETRITAL,SEDIMENTARY_DETRITAL,SEDIMENTARY_DETRITAL,Shihti Formation,Shihti Formation,Neogene Miocene Lower Miocene,沉积岩；具体沉积相未系统提取，不能据空值推断,109,109,109,0,8675a75065bf348b91a7372d8c2a54885ee96b70b0d8d5ee4f7b01f897620b46,57f2dd2282e802c4599795bcb241cfad087bcd8f8e39d4d8e2d988ca3c8bd96d,True,False,False,EXTERNAL_REFERENCE,转 external reference,华夏陆缘/海南/台湾不是 Palawan–PCT 本体，退出严格 E3 主训练。,,,,,,,,True
E3,E3::EXISTING_REPAIRED::BSPM-DB06BBDDE84420FA-E3,BSPM-DB06BBDDE84420FA-E3,NT-19,10.1016/j.gr.2015.07.008,10.1016/j.gr.2015.07.008,10.1016/j.gr.2015.07.008,24.0539,120.8765,China,,Nantou,Cathaysia-Hainan-Taiwan continental margin,E3_CATHAYSIA_HAINAN_TAIWAN_MARGIN,MAIN_TRAIN_CANDIDATE,SEDIMENTARY_DETRITAL,SEDIMENTARY_DETRITAL,SEDIMENTARY_DETRITAL,Tailiao Formation,Tailiao Formation,Neogene Miocene Lower Miocene,沉积岩；具体沉积相未系统提取，不能据空值推断,110,110,110,0,4b7908881e345539c23a182616e1818951277599d703bddd91c5b02a1b107609,798215e99f506dfd5485ef80ddade2c699755043f640722c85996ba266d151a7,True,False,False,EXTERNAL_REFERENCE,转 external reference,华夏陆缘/海南/台湾不是 Palawan–PCT 本体，退出严格 E3 主训练。,,,,,,,,True
E3,E3::EXISTING_REPAIRED::BSPM-ED2CDB047C543231-E3,BSPM-ED2CDB047C543231-E3,NT-16,10.1016/j.gr.2015.07.008,10.1016/j.gr.2015.07.008,10.1016/j.gr.2015.07.008,24.0549,120.8795,China,,Nantou,Cathaysia-Hainan-Taiwan continental margin,E3_CATHAYSIA_HAINAN_TAIWAN_MARGIN,MAIN_TRAIN_CANDIDATE,SEDIMENTARY_DETRITAL,SEDIMENTARY_DETRITAL,SEDIMENTARY_DETRITAL,Mushan Formation,Mushan Formation,Neogene Miocene Lower Miocene,沉积岩；具体沉积相未系统提取，不能据空值推断,110,110,110,0,d48cc0f5bb15bc229e921f580e8fd431e612d62415e93e4692d9948ec6db7890,3754bbe0fcfa9ad6522b8f33dbc2dc7dc1381c301b3d6ae4a810cfc71cf2b8f6,True,False,False,EXTERNAL_REFERENCE,转 external reference,华夏陆缘/海南/台湾不是 Palawan–PCT 本体，退出严格 E3 主训练。,,,,,,,,True
E3,E3::EXISTING_REPAIRED::BSPM-23E9CB8E44BE5578-E3,BSPM-23E9CB8E44BE5578-E3,PL-10,10.1016/j.gr.2015.07.008,10.1016/j.gr.2015.07.008,10.1016/j.gr.2015.07.008,24.1521,120.7424,China,,Pinglin,Cathaysia-Hainan-Taiwan continental margin,E3_CATHAYSIA_HAINAN_TAIWAN_MARGIN,MAIN_TRAIN_CANDIDATE,SEDIMENTARY_DETRITAL,SEDIMENTARY_DETRITAL,SEDIMENTARY_DETRITAL,Mushan Formation,Mushan Formation,Neogene Miocene Lower Miocene,沉积岩；具体沉积相未系统提取，不能据空值推断,110,110,110,0,1fb9538284d0d1d9662be8541535d1d07b34823b214f3915358a8fb89147210e,d1e02cec46cee73549a6e957ad77cbf7856421112cd7642512677555e0f184ce,True,False,False,EXTERNAL_REFERENCE,转 external reference,华夏陆缘/海南/台湾不是 Palawan–PCT 本体，退出严格 E3 主训练。,,,,,,,,True
E3,E3::EXISTING_REPAIRED::BSPM-78528843CC8DC959-E3,BSPM-78528843CC8DC959-E3,PL-6,10.1016/j.gr.2015.07.008,10.1016/j.gr.2015.07.008,10.1016/j.gr.2015.07.008,24.1521,120.7409,China,,Pinglin,Cathaysia-Hainan-Taiwan continental margin,E3_CATHAYSIA_HAINAN_TAIWAN_MARGIN,MAIN_TRAIN_CANDIDATE,SEDIMENTARY_DETRITAL,SEDIMENTARY_DETRITAL,SEDIMENTARY_DETRITAL,Shuichangliu Formation,Shuichangliu Formation,Paleogene Oligocene Upper Oligocene,沉积岩；具体沉积相未系统提取，不能据空值推断,109,109,109,0,6d7fcd8491a36bd263b9fde8d81481c054b6a0a598a1edfd232bf43bbd220929,8b15291a25cc4f5ab878babdbe3286accfcd4913e2f8e7d15a27c3295a0a0a0a,True,False,False,EXTERNAL_REFERENCE,转 external reference,华夏陆缘/海南/台湾不是 Palawan–PCT 本体，退出严格 E3 主训练。,,,,,,,,True
E3,E3::EXISTING_REPAIRED::BSPM-E64D225AC6D17ECD-E3,BSPM-E64D225AC6D17ECD-E3,PL-11,10.1016/j.gr.2015.07.008,10.1016/j.gr.2015.07.008,10.1016/j.gr.2015.07.008,24.1425,120.7375,China,,Pinglin,Cathaysia-Hainan-Taiwan continental margin,E3_CATHAYSIA_HAINAN_TAIWAN_MARGIN,MAIN_TRAIN_CANDIDATE,SEDIMENTARY_DETRITAL,SEDIMENTARY_DETRITAL,SEDIMENTARY_DETRITAL,Chungliao Formation,Chungliao Formation,Paleogene Oligocene Upper Oligocene,沉积岩；具体沉积相未系统提取，不能据空值推断,110,110,110,0,280d9bc162b7f9070807e526da29603de01c164c0c46de47007040e181b30f6e,5e525915ddb0bb6284f42e4e6c35ea0dbbc5ddf82da59ec5dc7fe1e75f978ef0,True,False,False,EXTERNAL_REFERENCE,转 external reference,华夏陆缘/海南/台湾不是 Palawan–PCT 本体，退出严格 E3 主训练。,,,,,,,,True
E3,E3::EXISTING_REPAIRED::BSPM-CE9B9B76E31AB55D-E3,BSPM-CE9B9B76E31AB55D-E3,SZ-738,10.1016/j.gr.2015.07.008,10.1016/j.gr.2015.07.008,10.1016/j.gr.2015.07.008,24.0469,120.8882,China,,Nantou,Cathaysia-Hainan-Taiwan continental margin,E3_CATHAYSIA_HAINAN_TAIWAN_MARGIN,MAIN_TRAIN_CANDIDATE,SEDIMENTARY_DETRITAL,SEDIMENTARY_DETRITAL,SEDIMENTARY_DETRITAL,Paileng Formation,Paileng Formation,Paleogene Eocene,沉积岩；具体沉积相未系统提取，不能据空值推断,110,110,110,0,92b84a40fb54b1c90651c3d2060230b65faae7dcd402b21f2b4ab9a9202f8ff1,49964962b6253d17bc71800ae1ab824465390fc574f8e822c63694161387f1f8,True,False,False,EXTERNAL_REFERENCE,转 external reference,华夏陆缘/海南/台湾不是 Palawan–PCT 本体，退出严格 E3 主训练。,,,,,,,,True
E3,E3::EXISTING_REPAIRED::BSPM-915758752190E11A-E3,BSPM-915758752190E11A-E3,XINBEI-13,10.1016/j.gr.2015.07.008,10.1016/j.gr.2015.07.008,10.1016/j.gr.2015.07.008,25.1197,121.9241,China,,Xinbei,Cathaysia-Hainan-Taiwan continental margin,E3_CATHAYSIA_HAINAN_TAIWAN_MARGIN,MAIN_TRAIN_CANDIDATE,SEDIMENTARY_DETRITAL,SEDIMENTARY_DETRITAL,SEDIMENTARY_DETRITAL,,,Neogene Miocene Upper Miocene,沉积岩；具体沉积相未系统提取，不能据空值推断,110,110,110,0,59f959afb3e39e5cd9270e718252e649fc0554177e7c2e2a76f5473f3519b17b,df87acde0b7fbbca6ad4b249383b12852b26036b797107e8960554c1a187c82f,True,False,False,EXTERNAL_REFERENCE,转 external reference,华夏陆缘/海南/台湾不是 Palawan–PCT 本体，退出严格 E3 主训练。,,,,,,,,True
E3,E3::EXISTING_REPAIRED::BSPM-8EC35389407ACC9D-E3,BSPM-8EC35389407ACC9D-E3,XINBEI-14,10.1016/j.gr.2015.07.008,10.1016/j.gr.2015.07.008,10.1016/j.gr.2015.07.008,25.1261,121.8953,China,,Xinbei,Cathaysia-Hainan-Taiwan continental margin,E3_CATHAYSIA_HAINAN_TAIWAN_MARGIN,MAIN_TRAIN_CANDIDATE,SEDIMENTARY_DETRITAL,SEDIMENTARY_DETRITAL,SEDIMENTARY_DETRITAL,,,Neogene Miocene Middle Miocene,沉积岩；具体沉积相未系统提取，不能据空值推断,90,90,90,0,e1addc7d0d5fd429d97287a6e9b082e5b1cde90b233d5d5b2feb86e02854fb47,a3b995031a8cf61906e9594da044b7cba64fd5f20e4d1eefd86616b2de3237d4,True,False,False,EXTERNAL_REFERENCE,转 external reference,华夏陆缘/海南/台湾不是 Palawan–PCT 本体，退出严格 E3 主训练。,,,,,,,,True
E3,E3::EXISTING_REPAIRED::BSPM-7DFD94B15F2BC2BC-E3,BSPM-7DFD94B15F2BC2BC-E3,XINBEI-21,10.1016/j.gr.2015.07.008,10.1016/j.gr.2015.07.008,10.1016/j.gr.2015.07.008,25.1543,121.7952,China,,Xinbei,Cathaysia-Hainan-Taiwan continental margin,E3_CATHAYSIA_HAINAN_TAIWAN_MARGIN,MAIN_TRAIN_CANDIDATE,SEDIMENTARY_DETRITAL,SEDIMENTARY_DETRITAL,SEDIMENTARY_DETRITAL,,,Neogene Miocene Middle Miocene,沉积岩；具体沉积相未系统提取，不能据空值推断,110,110,110,0,2ac8ab0d2d006557bb9e7371394714d44e5eddfc0b8c7298f58c7bbcd2c3ddb8,917f147c8716b39c2e933e8b1ac5f833bd54807946d76d0ba7e29e0ea437a300,True,False,False,EXTERNAL_REFERENCE,转 external reference,华夏陆缘/海南/台湾不是 Palawan–PCT 本体，退出严格 E3 主训练。,,,,,,,,True
E3,E3::EXISTING_REPAIRED::BSPM-85AE62A6F18AC6B4-E3,BSPM-85AE62A6F18AC6B4-E3,XINBEI-25,10.1016/j.gr.2015.07.008,10.1016/j.gr.2015.07.008,10.1016/j.gr.2015.07.008,25.1762,121.7067,China,,Xinbei,Cathaysia-Hainan-Taiwan continental margin,E3_CATHAYSIA_HAINAN_TAIWAN_MARGIN,MAIN_TRAIN_CANDIDATE,SEDIMENTARY_DETRITAL,SEDIMENTARY_DETRITAL,SEDIMENTARY_DETRITAL,,,Neogene Miocene Lower Miocene,沉积岩；具体沉积相未系统提取，不能据空值推断,110,110,110,0,fb4b8ae0b4eb7f39d564f30ff7741a71698fb3da279ac5e876bacd5ee6f1e2da,09e5ba2910f5ce75bae41a966bcabdce9f275616e4bef724b9474245c8ab3d63,True,False,False,EXTERNAL_REFERENCE,转 external reference,华夏陆缘/海南/台湾不是 Palawan–PCT 本体，退出严格 E3 主训练。,,,,,,,,True
E3,E3::EXISTING_REPAIRED::BSPM-4367DD724947B86B-E3,BSPM-4367DD724947B86B-E3,XINBEI-22,10.1016/j.gr.2015.07.008,10.1016/j.gr.2015.07.008,10.1016/j.gr.2015.07.008,25.1762,121.7067,China,,Xinbei,Cathaysia-Hainan-Taiwan continental margin,E3_CATHAYSIA_HAINAN_TAIWAN_MARGIN,MAIN_TRAIN_CANDIDATE,SEDIMENTARY_DETRITAL,SEDIMENTARY_DETRITAL,SEDIMENTARY_DETRITAL,,,Paleogene Oligocene,沉积岩；具体沉积相未系统提取，不能据空值推断,110,110,110,0,ef37b0933f3478f97b2ae84d7e65172c84e6a9b649a12789b1151b880c65f4d8,801003269544dff279fd832554b5ba92b2f5203cf38cbdc660a2fc7d09ee2405,True,False,False,EXTERNAL_REFERENCE,转 external reference,华夏陆缘/海南/台湾不是 Palawan–PCT 本体，退出严格 E3 主训练。,,,,,,,,True
E3,E3::EXISTING_REPAIRED::BSPM-AE1F432566CADBE6-E3,BSPM-AE1F432566CADBE6-E3,XINBEI-12,10.1016/j.gr.2015.07.008,10.1016/j.gr.2015.07.008,10.1016/j.gr.2015.07.008,25.0821,121.9182,China,,Xinbei,Cathaysia-Hainan-Taiwan continental margin,E3_CATHAYSIA_HAINAN_TAIWAN_MARGIN,MAIN_TRAIN_CANDIDATE,SEDIMENTARY_DETRITAL,SEDIMENTARY_DETRITAL,SEDIMENTARY_DETRITAL,,,Paleogene Oligocene,沉积岩；具体沉积相未系统提取，不能据空值推断,110,110,110,0,01438a8dd2368e796e7beea551ce0a5ad648e354b4a39c5963fd38f33d7bb1cd,17d8133ca284d939b3a25d368a08ffc1f9ef4dd98a045210fa9e3407de26d461,True,False,False,EXTERNAL_REFERENCE,转 external reference,华夏陆缘/海南/台湾不是 Palawan–PCT 本体，退出严格 E3 主训练。,,,,,,,,True
E3,E3::EXISTING_REPAIRED::BSPM-DAEEA11D88C729FB-E3,BSPM-DAEEA11D88C729FB-E3,XINBEI-11,10.1016/j.gr.2015.07.008,10.1016/j.gr.2015.07.008,10.1016/j.gr.2015.07.008,25.0956,121.9204,China,,Xinbei,Cathaysia-Hainan-Taiwan continental margin,E3_CATHAYSIA_HAINAN_TAIWAN_MARGIN,MAIN_TRAIN_CANDIDATE,SEDIMENTARY_DETRITAL,SEDIMENTARY_DETRITAL,SEDIMENTARY_DETRITAL,,,Paleogene Oligocene,沉积岩；具体沉积相未系统提取，不能据空值推断,110,110,110,0,6f70a34f7f0e48ab9cfc33789d7215ed7805477e85d917343d3a722e969b1b4e,191695a89bd87cf3af0c2b1d58b29890c0aa27098c51ebe42cf81db7ddc0c206,True,False,False,EXTERNAL_REFERENCE,转 external reference,华夏陆缘/海南/台湾不是 Palawan–PCT 本体，退出严格 E3 主训练。,,,,,,,,True
E3,E3::EXISTING_REPAIRED::BSPM-66ADA573A93556DF-E3,BSPM-66ADA573A93556DF-E3,JS01,10.1017/s0016756812000969,10.1017/s0016756812000969,10.1017/s0016756812000969,31.78361,119.30981,China,,Maoshanzhen,Cathaysia-Hainan-Taiwan continental margin,E3_CATHAYSIA_HAINAN_TAIWAN_MARGIN,MAIN_TRAIN_CANDIDATE,SEDIMENTARY_DETRITAL,SEDIMENTARY_DETRITAL,SEDIMENTARY_DETRITAL,,,Silurian,沉积岩；具体沉积相未系统提取，不能据空值推断,108,108,108,0,b8647e583e0c9be11823420fb989aefa379f2d2eb38871261436aa40926ff222,4c29b1cb4a8ff0fab05c08889b92ebe5612ed40580b33343ac9a382f30390666,True,False,False,EXTERNAL_REFERENCE,转 external reference,华夏陆缘/海南/台湾不是 Palawan–PCT 本体，退出严格 E3 主训练。,,,,,,,,True
E3,E3::EXISTING_REPAIRED::BSPM-181ACA35E6C48DA2-E3,BSPM-181ACA35E6C48DA2-E3,15TW01,local:5d27998f7363,,local:5d27998f7363,35.69157,101.091,China-Eastern,,SE of Hainan,Cathaysia-Hainan-Taiwan continental margin,E3_CATHAYSIA_HAINAN_TAIWAN_MARGIN,MAIN_TRAIN_CANDIDATE,METAMORPHIC_BASEMENT_OR_METASEDIMENT,METAMORPHIC_BASEMENT_OR_METASEDIMENT,METAMORPHIC_BASEMENT_OR_METASEDIMENT,,,,不适用或未解析,35,35,35,0,c69e5f5931896118a33112e4fb345fc417ae58ded41bef83b53f76fb24513537,7aef6c2945acfad89fd7f3f750ee59f10519b9413aba960c933e175bc031cd96,True,False,False,EXTERNAL_REFERENCE,转 external reference,华夏陆缘/海南/台湾不是 Palawan–PCT 本体，退出严格 E3 主训练。,,,,,,,,True
E3,E3::EXISTING_REPAIRED::BSPM-4299581CFCB63124-E3,BSPM-4299581CFCB63124-E3,18MM8-1,10.1130/b35791.1,10.1130/b35791.1,10.1130/b35791.1,27.16679,118.66722,China,,E3_CATHAYSIA_HAINAN_TAIWAN_MARGIN,Cathaysia-Hainan-Taiwan continental margin,E3_CATHAYSIA_HAINAN_TAIWAN_MARGIN,MAIN_TRAIN_CANDIDATE,OTHER_OR_UNSPECIFIED,OTHER_OR_UNSPECIFIED,OTHER_OR_UNSPECIFIED,,,Cambrian,不适用或未解析,79,79,79,0,f068c527587d0f984c39192bf6a7203947fe1b5bdfbf8de2005e2d651d31cf99,7869c265b00feb43b8e8435db6e5d7e5d697673e4b47b5185a629a7a8f7ac7c8,True,False,False,EXTERNAL_REFERENCE,转 external reference,华夏陆缘/海南/台湾不是 Palawan–PCT 本体，退出严格 E3 主训练。,,,,,,,,True
E3,E3::EXISTING_REPAIRED::BSPM-0C2D943B7441DB06-E3,BSPM-0C2D943B7441DB06-E3,18LQ1-1,10.1130/b35791.1,10.1130/b35791.1,10.1130/b35791.1,27.90419,119.00156,China,,E3_CATHAYSIA_HAINAN_TAIWAN_MARGIN,Cathaysia-Hainan-Taiwan continental margin,E3_CATHAYSIA_HAINAN_TAIWAN_MARGIN,MAIN_TRAIN_CANDIDATE,OTHER_OR_UNSPECIFIED,OTHER_OR_UNSPECIFIED,OTHER_OR_UNSPECIFIED,,,Cambrian,不适用或未解析,85,85,85,0,4eb8094baf8357537450fddd21126d21632b18fcc44553196192f824a9ca4d90,521dcaa062f37ae0c080511008e0b63098b4e30824836539f5956bba2049a19c,True,False,False,EXTERNAL_REFERENCE,转 external reference,华夏陆缘/海南/台湾不是 Palawan–PCT 本体，退出严格 E3 主训练。,,,,,,,,True
E3,E3::EXISTING_REPAIRED::BSPM-22920F0987F1CEDF-E3,BSPM-22920F0987F1CEDF-E3,18LQ2-1,10.1130/b35791.1,10.1130/b35791.1,10.1130/b35791.1,27.90529,119.01444,China,,E3_CATHAYSIA_HAINAN_TAIWAN_MARGIN,Cathaysia-Hainan-Taiwan continental margin,E3_CATHAYSIA_HAINAN_TAIWAN_MARGIN,MAIN_TRAIN_CANDIDATE,OTHER_OR_UNSPECIFIED,OTHER_OR_UNSPECIFIED,OTHER_OR_UNSPECIFIED,,,Cambrian,不适用或未解析,84,84,84,0,22fc8a1b27f20edca8dc98b5d1f6096e03680aca032beef221354c7fb086ef65,7e6d4367b4fd1edb707a8d7a4956baf310eab8f306c07f87b79cdc8cae40c4d4,True,False,False,EXTERNAL_REFERENCE,转 external reference,华夏陆缘/海南/台湾不是 Palawan–PCT 本体，退出严格 E3 主训练。,,,,,,,,True
E3,E3::EXISTING_REPAIRED::BSPM-453A9FA54EB919D2-E3,BSPM-453A9FA54EB919D2-E3,18LQ4-1,10.1130/b35791.1,10.1130/b35791.1,10.1130/b35791.1,27.95478,119.03889,China,,E3_CATHAYSIA_HAINAN_TAIWAN_MARGIN,Cathaysia-Hainan-Taiwan continental margin,E3_CATHAYSIA_HAINAN_TAIWAN_MARGIN,MAIN_TRAIN_CANDIDATE,OTHER_OR_UNSPECIFIED,OTHER_OR_UNSPECIFIED,OTHER_OR_UNSPECIFIED,,,Cambrian,不适用或未解析,78,78,78,0,f926124029fd84854f8f5dd625a16d27a23e50c146ec7afbdbf48887dfab98b2,2a46939b7c0e4d76d92f3595a900c08520c288fd3b6e515c1ed99666ad6d8665,True,False,False,EXTERNAL_REFERENCE,转 external reference,华夏陆缘/海南/台湾不是 Palawan–PCT 本体，退出严格 E3 主训练。,,,,,,,,True
E3,E3::EXISTING_REPAIRED::BSPM-6D438214356945FF-E3,BSPM-6D438214356945FF-E3,802-1,10.1007/s12583-017-0723-y,10.1007/s12583-017-0723-y,10.1007/s12583-017-0723-y,23.7543,110.6528,China,,"Mashi Town, Jianghua County, Hunan Province",Cathaysia-Hainan-Taiwan continental margin,E3_CATHAYSIA_HAINAN_TAIWAN_MARGIN,MAIN_TRAIN_CANDIDATE,SEDIMENTARY_DETRITAL,SEDIMENTARY_DETRITAL,SEDIMENTARY_DETRITAL,,,Cambrian,沉积岩；具体沉积相未系统提取，不能据空值推断,106,106,106,0,261929c5f7ccb8c6fc18aac8d70a027e6d5257dd1f870efbe64f9d701776382a,bf24626b9a364a5f578331ebf49b70b6502cc5b57a19366a5c49dd932ab074fa,True,False,False,EXTERNAL_REFERENCE,转 external reference,华夏陆缘/海南/台湾不是 Palawan–PCT 本体，退出严格 E3 主训练。,,,,,,,,True
E3,E3::EXISTING_REPAIRED::BSPM-C5687AFC6EEDA81D-E3,BSPM-C5687AFC6EEDA81D-E3,802-6,10.1007/s12583-017-0723-y,10.1007/s12583-017-0723-y,10.1007/s12583-017-0723-y,24.1033,110.5915,China,,"Dongrong Town, Teng County, Guangxi Province.",Cathaysia-Hainan-Taiwan continental margin,E3_CATHAYSIA_HAINAN_TAIWAN_MARGIN,MAIN_TRAIN_CANDIDATE,SEDIMENTARY_DETRITAL,SEDIMENTARY_DETRITAL,SEDIMENTARY_DETRITAL,,,Cambrian,沉积岩；具体沉积相未系统提取，不能据空值推断,113,113,113,0,84255dd8e4aa0f647f50bc394a0637b3dab6460f010444b05657a92fbdd40cda,bf0b1f101b042f2c7b33aa60350115d61b9c266029a149901a8fa2b1b4034b54,True,False,False,EXTERNAL_REFERENCE,转 external reference,华夏陆缘/海南/台湾不是 Palawan–PCT 本体，退出严格 E3 主训练。,,,,,,,,True
E3,E3::EXISTING_REPAIRED::BSPM-7B87F0D8053D0DA1-E3,BSPM-7B87F0D8053D0DA1-E3,L21-6,10.1002/2015gc006113,10.1002/2015gc006113,10.1002/2015gc006113,19.8963,115.186,China,,E3_CATHAYSIA_HAINAN_TAIWAN_MARGIN,Cathaysia-Hainan-Taiwan continental margin,E3_CATHAYSIA_HAINAN_TAIWAN_MARGIN,MAIN_TRAIN_CANDIDATE,SEDIMENTARY_DETRITAL,SEDIMENTARY_DETRITAL,SEDIMENTARY_DETRITAL,,,Paleogene Eocene,沉积岩；具体沉积相未系统提取，不能据空值推断,114,114,114,0,e3548a43e5d4d3a6e8bd7e211b082ddbbebbbe491bfa9fbd48ec3c36860b9663,51d309665fdd494856eaf27c6c0e5e49eb900916d46b88de3a0b0db6100709e0,True,False,False,EXTERNAL_REFERENCE,转 external reference,华夏陆缘/海南/台湾不是 Palawan–PCT 本体，退出严格 E3 主训练。,,,,,,,,True
E3,E3::EXISTING_REPAIRED::BSPM-2720677C427BA0A9-E3,BSPM-2720677C427BA0A9-E3,L13-1a,10.1002/2015gc006113,10.1002/2015gc006113,10.1002/2015gc006113,19.5233,114.7951,China,,E3_CATHAYSIA_HAINAN_TAIWAN_MARGIN,Cathaysia-Hainan-Taiwan continental margin,E3_CATHAYSIA_HAINAN_TAIWAN_MARGIN,MAIN_TRAIN_CANDIDATE,SEDIMENTARY_DETRITAL,SEDIMENTARY_DETRITAL,SEDIMENTARY_DETRITAL,,,Paleogene Oligocene Upper Oligocene,沉积岩；具体沉积相未系统提取，不能据空值推断,97,97,97,0,d33bc19d008e160131328dfd5f3f0cf4dea268d914908357c96951cd632d127d,d9cf4caf84c8c252a44805e0a45774bc3900f56b3b340d5844253e514cbf6181,True,False,False,EXTERNAL_REFERENCE,转 external reference,华夏陆缘/海南/台湾不是 Palawan–PCT 本体，退出严格 E3 主训练。,,,,,,,,True
E3,E3::EXISTING_REPAIRED::BSPM-774E07002DACA62C-E3,BSPM-774E07002DACA62C-E3,L13-2,10.1002/2015gc006113,10.1002/2015gc006113,10.1002/2015gc006113,19.5233,114.7951,China,,E3_CATHAYSIA_HAINAN_TAIWAN_MARGIN,Cathaysia-Hainan-Taiwan continental margin,E3_CATHAYSIA_HAINAN_TAIWAN_MARGIN,MAIN_TRAIN_CANDIDATE,SEDIMENTARY_DETRITAL,SEDIMENTARY_DETRITAL,SEDIMENTARY_DETRITAL,,,Paleogene Oligocene Lower Oligocene,沉积岩；具体沉积相未系统提取，不能据空值推断,113,113,113,0,feae95bcbad7d70d85e3ef9b7e2f7e38c38642b9d7203961d32ec03c1a63fa95,a81dcf2aa50ede6c148a1f27a875017fe379e535cc83a6d3370f37aae88c0a77,True,False,False,EXTERNAL_REFERENCE,转 external reference,华夏陆缘/海南/台湾不是 Palawan–PCT 本体，退出严格 E3 主训练。,,,,,,,,True
E3,E3::EXISTING_REPAIRED::BSPM-318DFB7AD0715509-E3,BSPM-318DFB7AD0715509-E3,L13-3,10.1002/2015gc006113,10.1002/2015gc006113,10.1002/2015gc006113,19.5233,114.7951,China,,E3_CATHAYSIA_HAINAN_TAIWAN_MARGIN,Cathaysia-Hainan-Taiwan continental margin,E3_CATHAYSIA_HAINAN_TAIWAN_MARGIN,MAIN_TRAIN_CANDIDATE,SEDIMENTARY_DETRITAL,SEDIMENTARY_DETRITAL,SEDIMENTARY_DETRITAL,,,Paleogene Oligocene Lower Oligocene,沉积岩；具体沉积相未系统提取，不能据空值推断,93,93,93,0,dfc20e2bda2dd214bede1cb8ee2c4cc0fbbb2c7152718d48897326a64e7d3dbb,1f9972adfb1715dabc1717285436e849f06017b20129f97cb19fdc163d723759,True,False,False,EXTERNAL_REFERENCE,转 external reference,华夏陆缘/海南/台湾不是 Palawan–PCT 本体，退出严格 E3 主训练。,,,,,,,,True
E3,E3::EXISTING_REPAIRED::BSPM-4530EA5633EC9F4F-E3,BSPM-4530EA5633EC9F4F-E3,L18-1,10.1002/2015gc006113,10.1002/2015gc006113,10.1002/2015gc006113,20.3584,115.8575,China,,E3_CATHAYSIA_HAINAN_TAIWAN_MARGIN,Cathaysia-Hainan-Taiwan continental margin,E3_CATHAYSIA_HAINAN_TAIWAN_MARGIN,MAIN_TRAIN_CANDIDATE,SEDIMENTARY_DETRITAL,SEDIMENTARY_DETRITAL,SEDIMENTARY_DETRITAL,,,Paleogene Oligocene Upper Oligocene,沉积岩；具体沉积相未系统提取，不能据空值推断,126,126,126,0,1014034a51b18a0ac22ce03aaa5b994998f2b7875319b97190b16560fb099bf7,faa566f28e7d73ab1b85769ef150fe6e1e318b79905ee688a5b5c1a1409399a3,True,False,False,EXTERNAL_REFERENCE,转 external reference,华夏陆缘/海南/台湾不是 Palawan–PCT 本体，退出严格 E3 主训练。,,,,,,,,True
E3,E3::EXISTING_REPAIRED::BSPM-516106F14F668D1B-E3,BSPM-516106F14F668D1B-E3,L18-2,10.1002/2015gc006113,10.1002/2015gc006113,10.1002/2015gc006113,20.3584,115.8575,China,,E3_CATHAYSIA_HAINAN_TAIWAN_MARGIN,Cathaysia-Hainan-Taiwan continental margin,E3_CATHAYSIA_HAINAN_TAIWAN_MARGIN,MAIN_TRAIN_CANDIDATE,SEDIMENTARY_DETRITAL,SEDIMENTARY_DETRITAL,SEDIMENTARY_DETRITAL,,,Paleogene Oligocene Lower Oligocene,沉积岩；具体沉积相未系统提取，不能据空值推断,103,103,103,0,7daae5c40cc05fe89b7756012e4951052b8ee305d0319dc28947d6eaea08b053,64584a19d1854ae14099f7ffa0ca8d65b75f0b0b95bf81f6e26111e8b9053424,True,False,False,EXTERNAL_REFERENCE,转 external reference,华夏陆缘/海南/台湾不是 Palawan–PCT 本体，退出严格 E3 主训练。,,,,,,,,True
E3,E3::EXISTING_REPAIRED::BSPM-18B57C90B3C07DDD-E3,BSPM-18B57C90B3C07DDD-E3,X28-1,10.1002/2015gc006113,10.1002/2015gc006113,10.1002/2015gc006113,21.1889,114.4363,China,,E3_CATHAYSIA_HAINAN_TAIWAN_MARGIN,Cathaysia-Hainan-Taiwan continental margin,E3_CATHAYSIA_HAINAN_TAIWAN_MARGIN,MAIN_TRAIN_CANDIDATE,SEDIMENTARY_DETRITAL,SEDIMENTARY_DETRITAL,SEDIMENTARY_DETRITAL,,,Paleogene Oligocene Upper Oligocene,沉积岩；具体沉积相未系统提取，不能据空值推断,101,101,101,0,eda019372ed58d6974433c4614d9e81a3f1c3a39d624a4f0e1453d7679e4629a,c5fd9a888641e4afe792b5e4ae32f92172de66f7eb022ee2fb21d78d6cd0edaf,True,False,False,EXTERNAL_REFERENCE,转 external reference,华夏陆缘/海南/台湾不是 Palawan–PCT 本体，退出严格 E3 主训练。,,,,,,,,True
E3,E3::EXISTING_REPAIRED::BSPM-8E602063E42DB73B-E3,BSPM-8E602063E42DB73B-E3,X28-2,10.1002/2015gc006113,10.1002/2015gc006113,10.1002/2015gc006113,21.1889,114.4363,China,,E3_CATHAYSIA_HAINAN_TAIWAN_MARGIN,Cathaysia-Hainan-Taiwan continental margin,E3_CATHAYSIA_HAINAN_TAIWAN_MARGIN,MAIN_TRAIN_CANDIDATE,SEDIMENTARY_DETRITAL,SEDIMENTARY_DETRITAL,SEDIMENTARY_DETRITAL,,,Paleogene Oligocene Lower Oligocene,沉积岩；具体沉积相未系统提取，不能据空值推断,102,102,102,0,68c4ff6c10042a0ce89063a3a453938bddd7fee104323b23d111acb920c71a9a,ba2d35270ecfa1c5c352cfc31d40a30199f0e63a722a58dfd0d0959018917f3d,True,False,False,EXTERNAL_REFERENCE,转 external reference,华夏陆缘/海南/台湾不是 Palawan–PCT 本体，退出严格 E3 主训练。,,,,,,,,True
E3,E3::EXISTING_REPAIRED::BSPM-1C4F40E6A799728B-E3,BSPM-1C4F40E6A799728B-E3,NXS-64,local:101b362472d2,,local:101b362472d2,39.37,106.86,China-Eastern,,south of Hainan,Cathaysia-Hainan-Taiwan continental margin,E3_CATHAYSIA_HAINAN_TAIWAN_MARGIN,MAIN_TRAIN_CANDIDATE,SEDIMENTARY_DETRITAL,SEDIMENTARY_DETRITAL,SEDIMENTARY_DETRITAL,,,,沉积岩；具体沉积相未系统提取，不能据空值推断,64,64,64,0,37cc2c84e8734f879ba7d16e217847f45d77dff6d54c167e1592338deb2e15af,36a0302ac7adc020188e9ed88cca197f27a7ff023fed6541027bc206d0f909d1,True,False,False,EXTERNAL_REFERENCE,转 external reference,华夏陆缘/海南/台湾不是 Palawan–PCT 本体，退出严格 E3 主训练。,,,,,,,,True
E3,E3::EXISTING_REPAIRED::BSPM-7FF03E6B36812AC4-E3,BSPM-7FF03E6B36812AC4-E3,NXHN-06,local:101b362472d2,,local:101b362472d2,39.36,106.89,China-Eastern,,south of Hainan,Cathaysia-Hainan-Taiwan continental margin,E3_CATHAYSIA_HAINAN_TAIWAN_MARGIN,MAIN_TRAIN_CANDIDATE,SEDIMENTARY_DETRITAL,SEDIMENTARY_DETRITAL,SEDIMENTARY_DETRITAL,,,,沉积岩；具体沉积相未系统提取，不能据空值推断,75,75,75,0,fa364aa4335839b6550f2b66301bf9c57ece8654bf05c48fd00a5678f9eab5b8,e55f0cbde17e0c445e859264879c0fb8041d2005d8a71539680f149bdb4546b8,True,False,False,EXTERNAL_REFERENCE,转 external reference,华夏陆缘/海南/台湾不是 Palawan–PCT 本体，退出严格 E3 主训练。,,,,,,,,True
E3,E3::EXISTING_REPAIRED::BSPM-9BA232F67132C8FD-E3,BSPM-9BA232F67132C8FD-E3,WG06,10.1016/j.jseaes.2020.104578,10.1016/j.jseaes.2020.104578,10.1016/j.jseaes.2020.104578,22.3,108.2,China,,Xiaodong,Cathaysia-Hainan-Taiwan continental margin,E3_CATHAYSIA_HAINAN_TAIWAN_MARGIN,MAIN_TRAIN_CANDIDATE,SEDIMENTARY_DETRITAL,SEDIMENTARY_DETRITAL,SEDIMENTARY_DETRITAL,,,Jurassic,沉积岩；具体沉积相未系统提取，不能据空值推断,58,58,58,0,23c35382b12609d7095f8418e84ee412716a6d58e2dd8b7ef4789c35be3d210e,8666ef6a8d68c152cc3014335ab54be6a39b17b0e05698dedbf29f66addab258,True,False,False,EXTERNAL_REFERENCE,转 external reference,华夏陆缘/海南/台湾不是 Palawan–PCT 本体，退出严格 E3 主训练。,,,,,,,,True
E3,E3::EXISTING_REPAIRED::BSPM-AD1AE34B12683A8B-E3,BSPM-AD1AE34B12683A8B-E3,WG07,10.1016/j.jseaes.2020.104578,10.1016/j.jseaes.2020.104578,10.1016/j.jseaes.2020.104578,21.8,109.5,China,,Dongxing,Cathaysia-Hainan-Taiwan continental margin,E3_CATHAYSIA_HAINAN_TAIWAN_MARGIN,MAIN_TRAIN_CANDIDATE,SEDIMENTARY_DETRITAL,SEDIMENTARY_DETRITAL,SEDIMENTARY_DETRITAL,,,,沉积岩；具体沉积相未系统提取，不能据空值推断,63,63,63,0,c1f99e4cc0778a56ff7f6ad0ff6b27a36313d97915afba097057aff3ce8b0a30,10f30b2fc87f6e9ed9668f55679a6a91646072755ce1ebdbbd480179f564fd34,True,False,False,EXTERNAL_REFERENCE,转 external reference,华夏陆缘/海南/台湾不是 Palawan–PCT 本体，退出严格 E3 主训练。,,,,,,,,True
E3,E3::EXISTING_REPAIRED::BSPM-A819A6D312FA9E41-E3,BSPM-A819A6D312FA9E41-E3,WG08,10.1016/j.jseaes.2020.104578,10.1016/j.jseaes.2020.104578,10.1016/j.jseaes.2020.104578,21.6,107.8,China,,Hepu,Cathaysia-Hainan-Taiwan continental margin,E3_CATHAYSIA_HAINAN_TAIWAN_MARGIN,MAIN_TRAIN_CANDIDATE,SEDIMENTARY_DETRITAL,SEDIMENTARY_DETRITAL,SEDIMENTARY_DETRITAL,,,,沉积岩；具体沉积相未系统提取，不能据空值推断,60,60,60,0,11ae8369d81e5779a1596b534fbe2a895fdd5e2bdbfb743263484f13dea4d41c,09f359ea6f130dffa84d1f93bc3ae9c6aef7f740188eb7df4bf29f9ce27c5fca,True,False,False,EXTERNAL_REFERENCE,转 external reference,华夏陆缘/海南/台湾不是 Palawan–PCT 本体，退出严格 E3 主训练。,,,,,,,,True
E3,E3::EXISTING_REPAIRED::BSPM-CB00FD31CC2D15E4-E3,BSPM-CB00FD31CC2D15E4-E3,WG09,10.1016/j.jseaes.2020.104578,10.1016/j.jseaes.2020.104578,10.1016/j.jseaes.2020.104578,22.5,109.5,China,,Lingshan,Cathaysia-Hainan-Taiwan continental margin,E3_CATHAYSIA_HAINAN_TAIWAN_MARGIN,MAIN_TRAIN_CANDIDATE,SEDIMENTARY_DETRITAL,SEDIMENTARY_DETRITAL,SEDIMENTARY_DETRITAL,,,,沉积岩；具体沉积相未系统提取，不能据空值推断,60,60,60,0,dd7d998adae1c52020c1f8045d329ef44af6c7348af757452b3917d6ddaf4ae9,7dd9acf4ae39b98af392096a0826b613c7e9a6a3260b431b7953edbe8e0262e7,True,False,False,EXTERNAL_REFERENCE,转 external reference,华夏陆缘/海南/台湾不是 Palawan–PCT 本体，退出严格 E3 主训练。,,,,,,,,True
E3,E3::EXISTING_REPAIRED::BSPM-FCFF7C52CB344122-E3,BSPM-FCFF7C52CB344122-E3,G1R1,10.1016/j.gr.2016.08.007,10.1016/j.gr.2016.08.007,10.1016/j.gr.2016.08.007,39.42573,106.88466,China,,Hainan,Cathaysia-Hainan-Taiwan continental margin,E3_CATHAYSIA_HAINAN_TAIWAN_MARGIN,MAIN_TRAIN_CANDIDATE,SEDIMENTARY_DETRITAL,SEDIMENTARY_DETRITAL,SEDIMENTARY_DETRITAL,,,,沉积岩；具体沉积相未系统提取，不能据空值推断,164,164,164,0,e777f9d672c47420b979eec8de9b2b07da76f976c35a1c5b808ccb4cc814fab6,14dba0410dd32c5029e2c12779f2a46a9d4eabf849d4edf7eabc66a37b4ffe02,True,False,False,EXTERNAL_REFERENCE,转 external reference,华夏陆缘/海南/台湾不是 Palawan–PCT 本体，退出严格 E3 主训练。,,,,,,,,True
E3,E3::EXISTING_REPAIRED::BSPM-8FCABA3E777C2487-E3,BSPM-8FCABA3E777C2487-E3,G7R1,10.1016/j.gr.2016.08.007,10.1016/j.gr.2016.08.007,10.1016/j.gr.2016.08.007,39.42755,106.88539,China,,Hainan,Cathaysia-Hainan-Taiwan continental margin,E3_CATHAYSIA_HAINAN_TAIWAN_MARGIN,MAIN_TRAIN_CANDIDATE,SEDIMENTARY_DETRITAL,SEDIMENTARY_DETRITAL,SEDIMENTARY_DETRITAL,,,,沉积岩；具体沉积相未系统提取，不能据空值推断,155,155,155,0,6c5ae7290283901af864bf0db8faf7a25f811f8b77cfdc388509d749cfe6cc02,4668893802c1058bf79e34a00904e49028add3167a1aceefc6a6a8f8501a4530,True,False,False,EXTERNAL_REFERENCE,转 external reference,华夏陆缘/海南/台湾不是 Palawan–PCT 本体，退出严格 E3 主训练。,,,,,,,,True
E3,E3::EXISTING_REPAIRED::BSPM-E59FA6912FE45AFC-E3,BSPM-E59FA6912FE45AFC-E3,G8R2,10.1016/j.gr.2016.08.007,10.1016/j.gr.2016.08.007,10.1016/j.gr.2016.08.007,39.42848,106.88484,China,,Hainan,Cathaysia-Hainan-Taiwan continental margin,E3_CATHAYSIA_HAINAN_TAIWAN_MARGIN,MAIN_TRAIN_CANDIDATE,SEDIMENTARY_DETRITAL,SEDIMENTARY_DETRITAL,SEDIMENTARY_DETRITAL,,,,沉积岩；具体沉积相未系统提取，不能据空值推断,169,169,169,0,beb890dfa8bea8efc9d08d7816cd15ab36d2c0d66958dccfa6aa9674fe1175fc,c275a4b7c835bd58797e96df1431741c216bc16a53429ca08352c9a4bb509e07,True,False,False,EXTERNAL_REFERENCE,转 external reference,华夏陆缘/海南/台湾不是 Palawan–PCT 本体，退出严格 E3 主训练。,,,,,,,,True
E3,E3::EXISTING_REPAIRED::BSPM-854048AD4F8985A8-E3,BSPM-854048AD4F8985A8-E3,L1R2,10.1016/j.gr.2016.08.007,10.1016/j.gr.2016.08.007,10.1016/j.gr.2016.08.007,39.38105,106.86659,China,,Hainan,Cathaysia-Hainan-Taiwan continental margin,E3_CATHAYSIA_HAINAN_TAIWAN_MARGIN,MAIN_TRAIN_CANDIDATE,SEDIMENTARY_DETRITAL,SEDIMENTARY_DETRITAL,SEDIMENTARY_DETRITAL,,,,沉积岩；具体沉积相未系统提取，不能据空值推断,119,119,119,0,f09b4cd21cc3f896c4771db2728bb2f9b88c88e4c9c0817d5af076f7f007f785,e3529fc53f4ac9546d2451b45d2a585c92cf204968ca90f057c9d8677c6dd632,True,False,False,EXTERNAL_REFERENCE,转 external reference,华夏陆缘/海南/台湾不是 Palawan–PCT 本体，退出严格 E3 主训练。,,,,,,,,True
E3,E3::EXISTING_REPAIRED::BSPM-A90C58C9A2000BB2-E3,BSPM-A90C58C9A2000BB2-E3,L2R2,10.1016/j.gr.2016.08.007,10.1016/j.gr.2016.08.007,10.1016/j.gr.2016.08.007,39.38095,106.87004,China,,Hainan,Cathaysia-Hainan-Taiwan continental margin,E3_CATHAYSIA_HAINAN_TAIWAN_MARGIN,MAIN_TRAIN_CANDIDATE,SEDIMENTARY_DETRITAL,SEDIMENTARY_DETRITAL,SEDIMENTARY_DETRITAL,,,,沉积岩；具体沉积相未系统提取，不能据空值推断,144,144,144,0,f57da6c4d6a3d2164bf3b2e9d6bd814e371b3904de677e42f4ca5b5576d705b2,f40434fdc5c556a460632b6441badbb2ea7f0c98aa02601febd8c7c1492661e9,True,False,False,EXTERNAL_REFERENCE,转 external reference,华夏陆缘/海南/台湾不是 Palawan–PCT 本体，退出严格 E3 主训练。,,,,,,,,True
E3,E3::EXISTING_REPAIRED::BSPM-E577DDD438FE7247-E3,BSPM-E577DDD438FE7247-E3,L4R1,10.1016/j.gr.2016.08.007,10.1016/j.gr.2016.08.007,10.1016/j.gr.2016.08.007,39.38057,106.87327,China,,Hainan,Cathaysia-Hainan-Taiwan continental margin,E3_CATHAYSIA_HAINAN_TAIWAN_MARGIN,MAIN_TRAIN_CANDIDATE,SEDIMENTARY_DETRITAL,SEDIMENTARY_DETRITAL,SEDIMENTARY_DETRITAL,,,,沉积岩；具体沉积相未系统提取，不能据空值推断,140,140,140,0,4793b6fd5d83b4349c7fa60792d6fb2c813f5ddff3d0ccb4bb6bba53dede155c,79bd835636aa9e85f02b3f532d6a52636f13ad2f525b72b0ba718d33fa51d5ea,True,False,False,EXTERNAL_REFERENCE,转 external reference,华夏陆缘/海南/台湾不是 Palawan–PCT 本体，退出严格 E3 主训练。,,,,,,,,True
E3,E3::EXISTING_REPAIRED::BSPM-EC9B19BED5092F95-E3,BSPM-EC9B19BED5092F95-E3,D50-2,10.1016/j.precamres.2020.106081,10.1016/j.precamres.2020.106081,10.1016/j.precamres.2020.106081,25.65089,114.19301,China-Eastern,,Tianpai,Cathaysia-Hainan-Taiwan continental margin,E3_CATHAYSIA_HAINAN_TAIWAN_MARGIN,MAIN_TRAIN_CANDIDATE,SEDIMENTARY_DETRITAL,SEDIMENTARY_DETRITAL,SEDIMENTARY_DETRITAL,,,,沉积岩；具体沉积相未系统提取，不能据空值推断,85,85,85,0,d2969692d8c4632ecbdaf43dbc63bbaf842b7ab47308629a48cfcf868a0d4923,918615f4e34fffc0bce89c89c7f34ae85ead3370fa9dbaabc24e8a16fd3507b6,True,False,False,EXTERNAL_REFERENCE,转 external reference,华夏陆缘/海南/台湾不是 Palawan–PCT 本体，退出严格 E3 主训练。,,,,,,,,True
E3,E3::EXISTING_REPAIRED::BSPM-9DC04EB9883925DE-E3,BSPM-9DC04EB9883925DE-E3,SY1,10.1007/s12665-013-2566-x,10.1007/s12665-013-2566-x,10.1007/s12665-013-2566-x,18.2313,109.6437,China,,E3_CATHAYSIA_HAINAN_TAIWAN_MARGIN,Cathaysia-Hainan-Taiwan continental margin,E3_CATHAYSIA_HAINAN_TAIWAN_MARGIN,MAIN_TRAIN_CANDIDATE,SEDIMENTARY_DETRITAL,SEDIMENTARY_DETRITAL,SEDIMENTARY_DETRITAL,,,Quaternary,沉积岩；具体沉积相未系统提取，不能据空值推断,99,99,99,0,07e03621e8aa5f1112a630d06355e20ee5858db591eb86cc49e3eaefa6f349b5,58fc7bfdd493497690805a19b6c47bf9165d66d4158d2c9d29a9875785f18960,True,False,False,EXTERNAL_REFERENCE,转 external reference,华夏陆缘/海南/台湾不是 Palawan–PCT 本体，退出严格 E3 主训练。,,,,,,,,True
E3,E3::EXISTING_REPAIRED::BSPM-72C4AA53729D2E00-E3,BSPM-72C4AA53729D2E00-E3,1,10.1007/s11434-012-5465-8,10.1007/s11434-012-5465-8,10.1007/s11434-012-5465-8,24.0648,107.7193,China,,"West Daming Mountain, Guangxia",Cathaysia-Hainan-Taiwan continental margin,E3_CATHAYSIA_HAINAN_TAIWAN_MARGIN,MAIN_TRAIN_CANDIDATE,SEDIMENTARY_DETRITAL,SEDIMENTARY_DETRITAL,SEDIMENTARY_DETRITAL,,,Cambrian,沉积岩；具体沉积相未系统提取，不能据空值推断,48,48,48,0,110a18b7926ce3198a6615004fe271b3aad69777a8d8440345287359de38615e,0eeb1245861221e1f6a0bcc21662ee6e1f9536ec50ad4f956e48a00f383ad875,True,False,False,EXTERNAL_REFERENCE,转 external reference,华夏陆缘/海南/台湾不是 Palawan–PCT 本体，退出严格 E3 主训练。,,,,,,,,True
E3,E3::EXISTING_REPAIRED::BSPM-BD312D68874A7E47-E3,BSPM-BD312D68874A7E47-E3,11QZ-7,10.1086/693036,10.1086/693036,10.1086/693036,21.7556,108.9136,China,,"Nali Town,Qinzhou City",Cathaysia-Hainan-Taiwan continental margin,E3_CATHAYSIA_HAINAN_TAIWAN_MARGIN,MAIN_TRAIN_CANDIDATE,SEDIMENTARY_DETRITAL,SEDIMENTARY_DETRITAL,SEDIMENTARY_DETRITAL,Liantan Formation,Liantan Formation,Devonian,沉积岩；具体沉积相未系统提取，不能据空值推断,81,81,81,0,cd71ff8a3c40219826cdfb2a97b37bc181c50610592d480168eff587deaf76a1,bcb5d521b7e002376fc9a3fc7b224ebb2135b7e080508f4b803195e68dfb73d9,True,False,False,EXTERNAL_REFERENCE,转 external reference,华夏陆缘/海南/台湾不是 Palawan–PCT 本体，退出严格 E3 主训练。,,,,,,,,True
E3,E3::EXISTING_REPAIRED::BSPM-F4B70B39FA3E8ED3-E3,BSPM-F4B70B39FA3E8ED3-E3,11QZ-6,10.1086/693036,10.1086/693036,10.1086/693036,21.7556,108.9136,China,,"Nali Town,Qinzhou City",Cathaysia-Hainan-Taiwan continental margin,E3_CATHAYSIA_HAINAN_TAIWAN_MARGIN,MAIN_TRAIN_CANDIDATE,SEDIMENTARY_DETRITAL,SEDIMENTARY_DETRITAL,SEDIMENTARY_DETRITAL,Liantan Formation,Liantan Formation,Silurian,沉积岩；具体沉积相未系统提取，不能据空值推断,60,60,60,0,f9f0e5781c9e8f0a3eea546cd646fca6f251b3b1d1b922d4b8487554dbe8c3c4,410ccaf86eaab4cb9a33c9140fcc2f46e9bb15960013a8c2c90db7367db42cd0,True,False,False,EXTERNAL_REFERENCE,转 external reference,华夏陆缘/海南/台湾不是 Palawan–PCT 本体，退出严格 E3 主训练。,,,,,,,,True
E3,E3::EXISTING_REPAIRED::BSPM-01FE010EFFE2928F-E3,BSPM-01FE010EFFE2928F-E3,11QZ-3,10.1086/693036,10.1086/693036,10.1086/693036,21.7556,108.9136,China,,"Nali Town,Qinzhou City",Cathaysia-Hainan-Taiwan continental margin,E3_CATHAYSIA_HAINAN_TAIWAN_MARGIN,MAIN_TRAIN_CANDIDATE,SEDIMENTARY_DETRITAL,SEDIMENTARY_DETRITAL,SEDIMENTARY_DETRITAL,Liantan Formation,Liantan Formation,Silurian,沉积岩；具体沉积相未系统提取，不能据空值推断,64,64,64,0,e3e926b5c9dfeb14ef6f896022e1e0d7ea5bc6c682feae7bdc48a14006fcaabc,62c7c49322d746e392243280bcb6ed6e1b2d227fa0bfab6d3ea2e133de012ca6,True,False,False,EXTERNAL_REFERENCE,转 external reference,华夏陆缘/海南/台湾不是 Palawan–PCT 本体，退出严格 E3 主训练。,,,,,,,,True
E3,E3::EXISTING_REPAIRED::BSPM-00B3D58C95717431-E3,BSPM-00B3D58C95717431-E3,11QZ-1,10.1086/693036,10.1086/693036,10.1086/693036,21.7556,108.9136,China,,"Nali Town,Qinzhou City",Cathaysia-Hainan-Taiwan continental margin,E3_CATHAYSIA_HAINAN_TAIWAN_MARGIN,MAIN_TRAIN_CANDIDATE,SEDIMENTARY_DETRITAL,SEDIMENTARY_DETRITAL,SEDIMENTARY_DETRITAL,Liantan Formation,Liantan Formation,Silurian,沉积岩；具体沉积相未系统提取，不能据空值推断,60,60,60,0,1c17b68a56b2418917ab2e9dc266bf806f6f619b6a520d7de913a233517f2b86,24d51e2b90c7edb7a7681b81bf4d252ad0f736163c417bc4afec6d2e36fd52d7,True,False,False,EXTERNAL_REFERENCE,转 external reference,华夏陆缘/海南/台湾不是 Palawan–PCT 本体，退出严格 E3 主训练。,,,,,,,,True
E3,E3::EXISTING_REPAIRED::BSPM-60980B5040950F18-E3,BSPM-60980B5040950F18-E3,15NFJ-1,10.1016/j.precamres.2018.10.004,10.1016/j.precamres.2018.10.004,10.1016/j.precamres.2018.10.004,27.30822,118.65079,China,,Fujian,Cathaysia-Hainan-Taiwan continental margin,E3_CATHAYSIA_HAINAN_TAIWAN_MARGIN,MAIN_TRAIN_CANDIDATE,METAMORPHIC_BASEMENT_OR_METASEDIMENT,METAMORPHIC_BASEMENT_OR_METASEDIMENT,METAMORPHIC_BASEMENT_OR_METASEDIMENT,,,Neoproterozoic,不适用或未解析,234,234,234,0,e3ad94bc24b25fdf31fa54da36c106ee7f89bf0e62439b8dc09bb643b7b28876,0d03f9f50b54166eee13382934b7393a8b4fb9d6ae539c004c89dbd08bb2662e,True,False,False,EXTERNAL_REFERENCE,转 external reference,华夏陆缘/海南/台湾不是 Palawan–PCT 本体，退出严格 E3 主训练。,,,,,,,,True
E3,E3::EXISTING_REPAIRED::BSPM-5A09570C6BBAEFA5-E3,BSPM-5A09570C6BBAEFA5-E3,15NFJ-2,10.1016/j.precamres.2018.10.004,10.1016/j.precamres.2018.10.004,10.1016/j.precamres.2018.10.004,27.30822,118.65079,China,,Fujian,Cathaysia-Hainan-Taiwan continental margin,E3_CATHAYSIA_HAINAN_TAIWAN_MARGIN,MAIN_TRAIN_CANDIDATE,METAMORPHIC_BASEMENT_OR_METASEDIMENT,METAMORPHIC_BASEMENT_OR_METASEDIMENT,METAMORPHIC_BASEMENT_OR_METASEDIMENT,,,Neoproterozoic,不适用或未解析,221,221,221,0,baccbbb07fde04739b39b349bd213aec5cfea2ab85b1ad1932bf4aebba565bf1,03cd9cf47a9c5c63de9a7542c9d7f3ca5e09d585811c20f23c97f41a55565ad1,True,False,False,EXTERNAL_REFERENCE,转 external reference,华夏陆缘/海南/台湾不是 Palawan–PCT 本体，退出严格 E3 主训练。,,,,,,,,True
E3,E3::EXISTING_REPAIRED::BSPM-457017CE4D78E4A8-E3,BSPM-457017CE4D78E4A8-E3,15NFJ-41,10.1016/j.precamres.2018.10.004,10.1016/j.precamres.2018.10.004,10.1016/j.precamres.2018.10.004,26.79508,118.49049,China,,Fujian,Cathaysia-Hainan-Taiwan continental margin,E3_CATHAYSIA_HAINAN_TAIWAN_MARGIN,MAIN_TRAIN_CANDIDATE,METAMORPHIC_BASEMENT_OR_METASEDIMENT,METAMORPHIC_BASEMENT_OR_METASEDIMENT,METAMORPHIC_BASEMENT_OR_METASEDIMENT,,,Neoproterozoic,不适用或未解析,101,101,101,0,2f3ed032328c9873e61f987a7a365a8ec7b7bf77b8b68ec144ddec84c16bda7c,6c0f8cf4930c01eced24a361dbc6e9c8a59819daea2499dcb12f7a7352fa97cd,True,False,False,EXTERNAL_REFERENCE,转 external reference,华夏陆缘/海南/台湾不是 Palawan–PCT 本体，退出严格 E3 主训练。,,,,,,,,True
E3,E3::EXISTING_REPAIRED::BSPM-52AA296D306FE25B-E3,BSPM-52AA296D306FE25B-E3,15NFJ-84,10.1016/j.precamres.2018.10.004,10.1016/j.precamres.2018.10.004,10.1016/j.precamres.2018.10.004,26.8598,117.93457,China,,Fujian,Cathaysia-Hainan-Taiwan continental margin,E3_CATHAYSIA_HAINAN_TAIWAN_MARGIN,MAIN_TRAIN_CANDIDATE,METAMORPHIC_BASEMENT_OR_METASEDIMENT,METAMORPHIC_BASEMENT_OR_METASEDIMENT,METAMORPHIC_BASEMENT_OR_METASEDIMENT,,,Neoproterozoic,不适用或未解析,114,114,114,0,14d7731ea4d4b851e64f7bc242206bb88b4eeda829075c0ebd2fd08e5c53db97,21317646da86b3ec5d85b58e058f774c17d40a1c6153282f884b3d3220769577,True,False,False,EXTERNAL_REFERENCE,转 external reference,华夏陆缘/海南/台湾不是 Palawan–PCT 本体，退出严格 E3 主训练。,,,,,,,,True
E3,E3::EXISTING_REPAIRED::BSPM-9D0B50A20580B95A-E3,BSPM-9D0B50A20580B95A-E3,T1,10.1080/00206810802636369,10.1080/00206810802636369,10.1080/00206810802636369,24.35039,121.65918,Taiwan,,Yilan,Cathaysia-Hainan-Taiwan continental margin,E3_CATHAYSIA_HAINAN_TAIWAN_MARGIN,MAIN_TRAIN_CANDIDATE,METAMORPHIC_BASEMENT_OR_METASEDIMENT,METAMORPHIC_BASEMENT_OR_METASEDIMENT,METAMORPHIC_BASEMENT_OR_METASEDIMENT,,,,不适用或未解析,3,3,3,0,6e1e18447324c1c2a63cad7a7e9dac1f061e657d77e2659c90b21250f91c28f4,6b105a467ac00a70efefc0a419ba815766cb6e80f3c4a32097c74195b52b9cee,True,False,False,EXTERNAL_REFERENCE,转 external reference,华夏陆缘/海南/台湾不是 Palawan–PCT 本体，退出严格 E3 主训练。,,,,,,,,True
E3,E3::EXISTING_REPAIRED::BSPM-56F19E1DAD5B9479-E3,BSPM-56F19E1DAD5B9479-E3,T2,10.1080/00206810802636369,10.1080/00206810802636369,10.1080/00206810802636369,24.36264,121.72818,Taiwan,,Yilan,Cathaysia-Hainan-Taiwan continental margin,E3_CATHAYSIA_HAINAN_TAIWAN_MARGIN,MAIN_TRAIN_CANDIDATE,METAMORPHIC_BASEMENT_OR_METASEDIMENT,METAMORPHIC_BASEMENT_OR_METASEDIMENT,METAMORPHIC_BASEMENT_OR_METASEDIMENT,,,,不适用或未解析,5,5,5,0,cd3f7f1c2ba262f54930645bbff7188a9cd80575dd8c9a425e265d417232cb12,f6473fb90df499ad6b1bc53f3900b7295fbc4757f54ca2b1731e243f628fe912,True,False,False,EXTERNAL_REFERENCE,转 external reference,华夏陆缘/海南/台湾不是 Palawan–PCT 本体，退出严格 E3 主训练。,,,,,,,,True
E3,E3::EXISTING_REPAIRED::BSPM-C7C68F07F285D74A-E3,BSPM-C7C68F07F285D74A-E3,PY33-Ⅰ,10.1016/j.petrol.2019.02.051,10.1016/j.petrol.2019.02.051,10.1016/j.petrol.2019.02.051,20.0946,114.5,China,,Northwestern Baiyun Sag (Panyu Uplift & north slope of Baiyun Sag),Cathaysia-Hainan-Taiwan continental margin,E3_CATHAYSIA_HAINAN_TAIWAN_MARGIN,MAIN_TRAIN_CANDIDATE,MODERN_RIVER_OR_SAND,MODERN_RIVER_OR_SAND,MODERN_RIVER_OR_SAND,Enping Formation,Enping Formation,Paleogene Oligocene Lower Oligocene,现代河流/河砂（来源材料字段）；具体流域待原文复核,119,119,119,0,064eca71dd1e9efac06bb1cef29f63dabf13301ecd6c41429742f442f898bb99,d28d2cea40cdeba2c25c1e36542fc2ebf312fff76562c38146eeba0c26dc0613,True,False,False,EXTERNAL_REFERENCE,转 external reference,华夏陆缘/海南/台湾不是 Palawan–PCT 本体，退出严格 E3 主训练。,,,,,,,,True
E3,E3::EXISTING_REPAIRED::BSPM-05BA8213428B25F3-E3,BSPM-05BA8213428B25F3-E3,PY27-Ⅱ,10.1016/j.petrol.2019.02.051,10.1016/j.petrol.2019.02.051,10.1016/j.petrol.2019.02.051,20.2486,114.5857,China,,Northwestern Baiyun Sag (Panyu Uplift & north slope of Baiyun Sag),Cathaysia-Hainan-Taiwan continental margin,E3_CATHAYSIA_HAINAN_TAIWAN_MARGIN,MAIN_TRAIN_CANDIDATE,MODERN_RIVER_OR_SAND,MODERN_RIVER_OR_SAND,MODERN_RIVER_OR_SAND,Enping Formation,Enping Formation,Paleogene Oligocene Lower Oligocene,现代河流/河砂（来源材料字段）；具体流域待原文复核,80,80,80,0,4bcf09cbf4dff0e8c3df83c48347441788f36337db7329cc3ee3d05017ff3214,b88a3d88da23acf7a807b95af0bf77966b76fc99d0ba3891941018f0d6cfad25,True,False,False,EXTERNAL_REFERENCE,转 external reference,华夏陆缘/海南/台湾不是 Palawan–PCT 本体，退出严格 E3 主训练。,,,,,,,,True
E3,E3::EXISTING_REPAIRED::BSPM-AE0CFCA44D7A387C-E3,BSPM-AE0CFCA44D7A387C-E3,L13-ⅢB,10.1016/j.petrol.2019.02.051,10.1016/j.petrol.2019.02.051,10.1016/j.petrol.2019.02.051,19.5405,115.2222,China,,Southeastern Baiyun Sag,Cathaysia-Hainan-Taiwan continental margin,E3_CATHAYSIA_HAINAN_TAIWAN_MARGIN,MAIN_TRAIN_CANDIDATE,MODERN_RIVER_OR_SAND,MODERN_RIVER_OR_SAND,MODERN_RIVER_OR_SAND,Enping Formation,Enping Formation,Paleogene Oligocene Lower Oligocene,现代河流/河砂（来源材料字段）；具体流域待原文复核,40,40,40,0,cbb86dd33b03c59f99ccfcefd0c8e5727e89e3913ecd6ca3011f2eda45ee9259,7a1ba3a44d3bbefa9e902a833abc99fa6812fa076477724275007a66f0cd9565,True,False,False,EXTERNAL_REFERENCE,转 external reference,华夏陆缘/海南/台湾不是 Palawan–PCT 本体，退出严格 E3 主训练。,,,,,,,,True
E3,E3::EXISTING_REPAIRED::BSPM-10CE85C50FA2F798-E3,BSPM-10CE85C50FA2F798-E3,B13,10.1016/j.petrol.2019.02.051,10.1016/j.petrol.2019.02.051,10.1016/j.petrol.2019.02.051,19.5946,114.3,China,,Southwestern Baiyun Sag (Yunkai Uplift),Cathaysia-Hainan-Taiwan continental margin,E3_CATHAYSIA_HAINAN_TAIWAN_MARGIN,MAIN_TRAIN_CANDIDATE,MODERN_RIVER_OR_SAND,MODERN_RIVER_OR_SAND,MODERN_RIVER_OR_SAND,Enping Formation,Enping Formation,Paleogene Oligocene Lower Oligocene,现代河流/河砂（来源材料字段）；具体流域待原文复核,40,40,40,0,864ca779b3e0d090789a5f86a9460d1045b7889c09d45f5cb28f44ab5db8dc94,96efea200f562e98746732a7d432abe8fcf3043e06c8b37e75667ea7605e710a,True,False,False,EXTERNAL_REFERENCE,转 external reference,华夏陆缘/海南/台湾不是 Palawan–PCT 本体，退出严格 E3 主训练。,,,,,,,,True
E3,E3::EXISTING_REPAIRED::BSPM-6DD6BC86965FB79F-E3,BSPM-6DD6BC86965FB79F-E3,B7,10.1016/j.petrol.2019.02.051,10.1016/j.petrol.2019.02.051,10.1016/j.petrol.2019.02.051,19.7432,114.2143,China,,Southwestern Baiyun Sag (Yunkai Uplift),Cathaysia-Hainan-Taiwan continental margin,E3_CATHAYSIA_HAINAN_TAIWAN_MARGIN,MAIN_TRAIN_CANDIDATE,MODERN_RIVER_OR_SAND,MODERN_RIVER_OR_SAND,MODERN_RIVER_OR_SAND,Enping Formation,Enping Formation,Paleogene Oligocene Lower Oligocene,现代河流/河砂（来源材料字段）；具体流域待原文复核,40,40,40,0,54181cdfb178d5e057bea31c96869e6690b8a2241b0c613e423ef220aa534af1,8766777a16dde240e7beb64f54e7dbb01c1c417bd38b1abfef3ca388e24e07b4,True,False,False,EXTERNAL_REFERENCE,转 external reference,华夏陆缘/海南/台湾不是 Palawan–PCT 本体，退出严格 E3 主训练。,,,,,,,,True
E3,E3::EXISTING_REPAIRED::BSPM-A792E10CE520A01A-E3,BSPM-A792E10CE520A01A-E3,ZKX4-24,10.1016/j.jseaes.2014.01.021,10.1016/j.jseaes.2014.01.021,10.1016/j.jseaes.2014.01.021,22.1456,120.7253,China,,Hengchun Peninsula,Cathaysia-Hainan-Taiwan continental margin,E3_CATHAYSIA_HAINAN_TAIWAN_MARGIN,MAIN_TRAIN_CANDIDATE,SEDIMENTARY_DETRITAL,SEDIMENTARY_DETRITAL,SEDIMENTARY_DETRITAL,Lilungshan Formation,Lilungshan Formation,Neogene Miocene,沉积岩；具体沉积相未系统提取，不能据空值推断,93,93,93,0,b7e2df789af1c862fbc4385a45b90179a95534294c3ce23c1996683c1eb0231c,3ba909d998eb2164947aec728e578a2050223c91a0715bbb6d3ff5b53a6ad7aa,True,False,False,EXTERNAL_REFERENCE,转 external reference,华夏陆缘/海南/台湾不是 Palawan–PCT 本体，退出严格 E3 主训练。,,,,,,,,True
E3,E3::EXISTING_REPAIRED::BSPM-FAF74C471CEFEACD-E3,BSPM-FAF74C471CEFEACD-E3,ZKX1-19,10.1016/j.jseaes.2014.01.021,10.1016/j.jseaes.2014.01.021,10.1016/j.jseaes.2014.01.021,22.1509,120.7234,China,,Hengchun Peninsula,Cathaysia-Hainan-Taiwan continental margin,E3_CATHAYSIA_HAINAN_TAIWAN_MARGIN,MAIN_TRAIN_CANDIDATE,SEDIMENTARY_DETRITAL,SEDIMENTARY_DETRITAL,SEDIMENTARY_DETRITAL,Lilungshan Formation,Lilungshan Formation,Neogene Miocene,沉积岩；具体沉积相未系统提取，不能据空值推断,77,77,77,0,6e015f9addcdfb4a1bf5507c1ca39ba426432e456f643cb84df09bb067cf5653,230e0701ae0b561c2b4e0903c8e2112a8ccb11f851ab1d67405f99ed4a6eeb85,True,False,False,EXTERNAL_REFERENCE,转 external reference,华夏陆缘/海南/台湾不是 Palawan–PCT 本体，退出严格 E3 主训练。,,,,,,,,True
E3,E3::EXISTING_REPAIRED::BSPM-76812AEFFF695297-E3,BSPM-76812AEFFF695297-E3,MT1,10.1016/j.jseaes.2014.01.021,10.1016/j.jseaes.2014.01.021,10.1016/j.jseaes.2014.01.021,22.0995,120.7518,China,,Hengchun Peninsula,Cathaysia-Hainan-Taiwan continental margin,E3_CATHAYSIA_HAINAN_TAIWAN_MARGIN,MAIN_TRAIN_CANDIDATE,SEDIMENTARY_DETRITAL,SEDIMENTARY_DETRITAL,SEDIMENTARY_DETRITAL,Mutan Formation,Mutan Formation,Neogene Miocene,沉积岩；具体沉积相未系统提取，不能据空值推断,53,53,53,0,038eb125efe54f993b8ad87a9a409f244d5698f79e9f55bc3abaed1e2ea76d6b,5fc42de40199c6e88078226c238fa45fc3fa68b98d92918868997a8a73cd4b30,True,False,False,EXTERNAL_REFERENCE,转 external reference,华夏陆缘/海南/台湾不是 Palawan–PCT 本体，退出严格 E3 主训练。,,,,,,,,True
E3,E3::EXISTING_REPAIRED::BSPM-608239609A718EAF-E3,BSPM-608239609A718EAF-E3,LS11,10.1016/j.jseaes.2014.01.021,10.1016/j.jseaes.2014.01.021,10.1016/j.jseaes.2014.01.021,21.9977,120.8662,China,,Hengchun Peninsula,Cathaysia-Hainan-Taiwan continental margin,E3_CATHAYSIA_HAINAN_TAIWAN_MARGIN,MAIN_TRAIN_CANDIDATE,SEDIMENTARY_DETRITAL,SEDIMENTARY_DETRITAL,SEDIMENTARY_DETRITAL,Loshui Formation,Loshui Formation,Neogene Miocene,沉积岩；具体沉积相未系统提取，不能据空值推断,82,82,82,0,0124b23cbb9a550f5063dae8987a9f60e7df97f88df40188d356167749e6341f,cea144bdce0c415414dea31f5f8a011452529588486b27dcb53c8d9a8b5f1f23,True,False,False,EXTERNAL_REFERENCE,转 external reference,华夏陆缘/海南/台湾不是 Palawan–PCT 本体，退出严格 E3 主训练。,,,,,,,,True
E3,E3::EXISTING_REPAIRED::BSPM-3BC350ECDBA2DDF8-E3,BSPM-3BC350ECDBA2DDF8-E3,LS13,10.1016/j.jseaes.2014.01.021,10.1016/j.jseaes.2014.01.021,10.1016/j.jseaes.2014.01.021,22.0084,120.8823,China,,Hengchun Peninsula,Cathaysia-Hainan-Taiwan continental margin,E3_CATHAYSIA_HAINAN_TAIWAN_MARGIN,MAIN_TRAIN_CANDIDATE,SEDIMENTARY_DETRITAL,SEDIMENTARY_DETRITAL,SEDIMENTARY_DETRITAL,Loshui Formation,Loshui Formation,Neogene Miocene,沉积岩；具体沉积相未系统提取，不能据空值推断,72,72,72,0,11e45e15dcf4df1b968b626b8f5c0528d3271b48e753dc4de297555ed8e865ce,c0843663646ea92129e3e1a4d4b26cadf811b4dfad26959ba171f001906d22a5,True,False,False,EXTERNAL_REFERENCE,转 external reference,华夏陆缘/海南/台湾不是 Palawan–PCT 本体，退出严格 E3 主训练。,,,,,,,,True
E3,E3::EXISTING_REPAIRED::BSPM-56C13D5E5082834C-E3,BSPM-56C13D5E5082834C-E3,LS14,10.1016/j.jseaes.2014.01.021,10.1016/j.jseaes.2014.01.021,10.1016/j.jseaes.2014.01.021,22.0169,120.8852,China,,Hengchun Peninsula,Cathaysia-Hainan-Taiwan continental margin,E3_CATHAYSIA_HAINAN_TAIWAN_MARGIN,MAIN_TRAIN_CANDIDATE,SEDIMENTARY_DETRITAL,SEDIMENTARY_DETRITAL,SEDIMENTARY_DETRITAL,Loshui Formation,Loshui Formation,Neogene Miocene,沉积岩；具体沉积相未系统提取，不能据空值推断,77,77,77,0,9c62c6017b6bd231ec54f5b406dba24cf00cac9c4cf919156debe0733033b784,50b438a59c88c2d12dc390f4078dd0c37942a1cb7d192a1575709246ff26dde0,True,False,False,EXTERNAL_REFERENCE,转 external reference,华夏陆缘/海南/台湾不是 Palawan–PCT 本体，退出严格 E3 主训练。,,,,,,,,True
E3,E3::EXISTING_REPAIRED::BSPM-472BE517DC4E9ECD-E3,BSPM-472BE517DC4E9ECD-E3,ZKX3-22,10.1016/j.jseaes.2014.01.021,10.1016/j.jseaes.2014.01.021,10.1016/j.jseaes.2014.01.021,22.1477,120.7196,China,,Hengchun Peninsula,Cathaysia-Hainan-Taiwan continental margin,E3_CATHAYSIA_HAINAN_TAIWAN_MARGIN,MAIN_TRAIN_CANDIDATE,SEDIMENTARY_DETRITAL,SEDIMENTARY_DETRITAL,SEDIMENTARY_DETRITAL,Lilungshan Formation,Lilungshan Formation,Neogene Miocene,沉积岩；具体沉积相未系统提取，不能据空值推断,88,88,88,0,d336823e505d752ba44b14c416cfa7377c534cb9cf598b28346b7b7c7bee4bd8,7d97847d4221812f7f20c7e7d4fcfff76d6b4f0e56963681f7ecf90cec722060,True,False,False,EXTERNAL_REFERENCE,转 external reference,华夏陆缘/海南/台湾不是 Palawan–PCT 本体，退出严格 E3 主训练。,,,,,,,,True
E3,E3::EXISTING_REPAIRED::BSPM-B0B50A6602D93193-E3,BSPM-B0B50A6602D93193-E3,16LSK-2z,10.3969/j.issn.2097-0013.2024.02.008,10.3969/j.issn.2097-0013.2024.02.008,10.3969/j.issn.2097-0013.2024.02.008,24.5092,114.3268,Guangdong,,"Lianping area, Shuikou Village",Cathaysia-Hainan-Taiwan continental margin,E3_CATHAYSIA_HAINAN_TAIWAN_MARGIN,MAIN_TRAIN_CANDIDATE,METAMORPHIC_BASEMENT_OR_METASEDIMENT,METAMORPHIC_BASEMENT_OR_METASEDIMENT,METAMORPHIC_BASEMENT_OR_METASEDIMENT,Daganshan Formation,Daganshan Formation,Nanhuan nan nan,不适用或未解析,9,9,9,0,be1dfe0f113f60e54cd9530ab2a70f792af3aee05abe2ade1dea7bfb2b7f6c98,6fbe5d80833cebe16d760f91b669a4a120eb8e41fdd600960330255e308af990,True,False,False,EXTERNAL_REFERENCE,转 external reference,华夏陆缘/海南/台湾不是 Palawan–PCT 本体，退出严格 E3 主训练。,,,,,,,,True
E3,E3::EXISTING_REPAIRED::BSPM-7E5F494707C932F5-E3,BSPM-7E5F494707C932F5-E3,16LLG-2z,10.3969/j.issn.2097-0013.2024.02.008,10.3969/j.issn.2097-0013.2024.02.008,10.3969/j.issn.2097-0013.2024.02.008,24.3183,114.2845,Guangdong,,LaoLong Mountain Forest Farm,Cathaysia-Hainan-Taiwan continental margin,E3_CATHAYSIA_HAINAN_TAIWAN_MARGIN,MAIN_TRAIN_CANDIDATE,METAMORPHIC_BASEMENT_OR_METASEDIMENT,METAMORPHIC_BASEMENT_OR_METASEDIMENT,METAMORPHIC_BASEMENT_OR_METASEDIMENT,Huodao Formation,Huodao Formation,Nanhuan nan nan,不适用或未解析,9,9,9,0,2371aa776e36a99f4c5340c2ba922b9553ee190db751f621831ddb96476480de,acd76ae3b3d70ca1a8677cdeb4cf842e953f984a0cd5ea7ef9d43b8b6b7c3a47,True,False,False,EXTERNAL_REFERENCE,转 external reference,华夏陆缘/海南/台湾不是 Palawan–PCT 本体，退出严格 E3 主训练。,,,,,,,,True
E3,E3::SCS::SHAO2017_P015,SCS::SHAO2017_P015,P015,SHAO2017,10.1016/j.epsl.2017.08.019,10.1016/j.epsl.2017.08.019,10.52992222222222,119.3178083333333,,,North Palawan,PCT,E3a_Palawan_Mindoro_core,MAIN_TRAIN_CANDIDATE,METAMORPHIC_BASEMENT_OR_METASEDIMENT,METAMORPHIC_BASEMENT_OR_METASEDIMENT,METAMORPHIC_BASEMENT_OR_METASEDIMENT,Guinlo Formation,Guinlo Formation,,不适用或未解析,116,116,116,0,6fc2d51cfa4c0054e3dcfeccef9668e1744750c1be868125ed32a82b92e60b69,28eb638462170f90de4bbc4ab22ad79f7a652a18e8889f1a6742d2eb40c4ccd7,True,False,False,EXTERNAL_REFERENCE,转 external reference,PCT 基岩/变质岩，主训练坚持仅碎屑材料；作为敏感性参照。,,,,,,,,True
E3,E3::SCS::SHAO2017_P017,SCS::SHAO2017_P017,P017,SHAO2017,10.1016/j.epsl.2017.08.019,10.1016/j.epsl.2017.08.019,10.32170277777778,119.3361111111111,,,North Palawan,PCT,E3a_Palawan_Mindoro_core,MAIN_TRAIN_CANDIDATE,SEDIMENTARY_DETRITAL,SEDIMENTARY_DETRITAL,SEDIMENTARY_DETRITAL,Guinlo Formation,Guinlo Formation,,沉积岩；具体沉积相未系统提取，不能据空值推断,117,117,117,0,2b5c1ab99afb566ecdb6a38d3771deb12fdd9563faab45d462c005a95bbfcd54,939a54408874e7b879f368ecaefe25ef0db59dceb8d9f2950a5f82a604914448,True,True,True,KEEP_MAIN,保留进入主训练,Palawan–PCT 本体的沉积碎屑或现代河砂；内部混合不等于标签错误。,,,,,,,,True
E3,E3::SCS::SHAO2017_P018,SCS::SHAO2017_P018,P018,SHAO2017,10.1016/j.epsl.2017.08.019,10.1016/j.epsl.2017.08.019,10.32170277777778,119.3361111111111,,,North Palawan,PCT,E3a_Palawan_Mindoro_core,MAIN_TRAIN_CANDIDATE,SEDIMENTARY_DETRITAL,SEDIMENTARY_DETRITAL,SEDIMENTARY_DETRITAL,Guinlo Formation,Guinlo Formation,,沉积岩；具体沉积相未系统提取，不能据空值推断,126,126,126,0,d21b0b4068508ffd18f1e7e4ed6e31b31d33f8df39ef64ab859a844d9d20aaba,ded587ae6c10db3d9da386b48cd739628be9d10689a990170b949caf5d0c3091,True,True,True,KEEP_MAIN,保留进入主训练,Palawan–PCT 本体的沉积碎屑或现代河砂；内部混合不等于标签错误。,,,,,,,,True
E3,E3::SCS::SHAO2017_P019,SCS::SHAO2017_P019,P019,SHAO2017,10.1016/j.epsl.2017.08.019,10.1016/j.epsl.2017.08.019,10.32170277777778,119.3361111111111,,,North Palawan,PCT,E3a_Palawan_Mindoro_core,MAIN_TRAIN_CANDIDATE,SEDIMENTARY_DETRITAL,SEDIMENTARY_DETRITAL,SEDIMENTARY_DETRITAL,Guinlo Formation,Guinlo Formation,,沉积岩；具体沉积相未系统提取，不能据空值推断,129,129,129,0,6d5b9581bdd413daed5f41bf9b8b53e95527a7d4fd733c454051bae553816b05,6a45abdc75132a52ffeaf158e58b19ae6cbbfb539d63e13423c12bae9e8d2cf4,True,True,True,KEEP_MAIN,保留进入主训练,Palawan–PCT 本体的沉积碎屑或现代河砂；内部混合不等于标签错误。,,,,,,,,True
E3,E3::SCS::SHAO2017_P022,SCS::SHAO2017_P022,P022,SHAO2017,10.1016/j.epsl.2017.08.019,10.1016/j.epsl.2017.08.019,10.83641666666667,119.3495777777778,,,North Palawan,PCT,E3a_Palawan_Mindoro_core,MAIN_TRAIN_CANDIDATE,SEDIMENTARY_DETRITAL,SEDIMENTARY_DETRITAL,SEDIMENTARY_DETRITAL,Guinlo Formation,Guinlo Formation,,沉积岩；具体沉积相未系统提取，不能据空值推断,133,133,133,0,27d6b5e53d40c83ff53001b8cbb56dbc52ace3a9f0f1382c8cc3855d4ab42d64,9751922223851286a0a2c470e5cdba8589af9848112a30296be8021e8a18c5cb,True,True,True,KEEP_MAIN,保留进入主训练,Palawan–PCT 本体的沉积碎屑或现代河砂；内部混合不等于标签错误。,,,,,,,,True
E3,E3::SCS::SHAO2017_P023,SCS::SHAO2017_P023,P023,SHAO2017,10.1016/j.epsl.2017.08.019,10.1016/j.epsl.2017.08.019,10.83641666666667,119.3495777777778,,,North Palawan,PCT,E3a_Palawan_Mindoro_core,MAIN_TRAIN_CANDIDATE,SEDIMENTARY_DETRITAL,SEDIMENTARY_DETRITAL,SEDIMENTARY_DETRITAL,Guinlo Formation,Guinlo Formation,,沉积岩；具体沉积相未系统提取，不能据空值推断,122,120,120,0,a25124ce159d5933cfb7cd82c31fc662fd82732c283a200852ca0f416eb43b5f,e3815ca9f992b9ad00876a3dd45f3e49f55219092f014b7684f0f2b5394409a4,True,True,True,KEEP_MAIN,保留进入主训练,Palawan–PCT 本体的沉积碎屑或现代河砂；内部混合不等于标签错误。,,,,,,,,True
E3,E3::SCS::SHAO2017_P010,SCS::SHAO2017_P010,P010,SHAO2017,10.1016/j.epsl.2017.08.019,10.1016/j.epsl.2017.08.019,10.09920833333333,119.2119388888889,,,North Palawan,PCT,E3a_Palawan_Mindoro_core,MAIN_TRAIN_CANDIDATE,METAMORPHIC_BASEMENT_OR_METASEDIMENT,METAMORPHIC_BASEMENT_OR_METASEDIMENT,METAMORPHIC_BASEMENT_OR_METASEDIMENT,Boayan Formation,Boayan Formation,,不适用或未解析,126,126,126,0,03d7f9e6a3d8f7d9d7c5ddb65fd05562263f4d1ff536236a23b1f495cdd1f8d9,4dde9078df051c275a8a2c4e2d8185cada21878bc6f99d13a80567ab7a3c4eac,True,False,False,EXTERNAL_REFERENCE,转 external reference,PCT 基岩/变质岩，主训练坚持仅碎屑材料；作为敏感性参照。,,,,,,,,True
E3,E3::SCS::SHAO2017_P011,SCS::SHAO2017_P011,P011,SHAO2017,10.1016/j.epsl.2017.08.019,10.1016/j.epsl.2017.08.019,10.19897222222222,118.9026138888889,,,North Palawan,PCT,E3a_Palawan_Mindoro_core,MAIN_TRAIN_CANDIDATE,SEDIMENTARY_DETRITAL,SEDIMENTARY_DETRITAL,SEDIMENTARY_DETRITAL,Boayan Formation,Boayan Formation,,沉积岩；具体沉积相未系统提取，不能据空值推断,131,131,131,0,5778b318e4150e169584173b48cc807e85be2409e319fdc315688dc92ccb91c0,150571d558915db7aaa2e84f76caee1950c94bf35fe4ebc4b2af689a2ead1ecd,True,True,True,KEEP_MAIN,保留进入主训练,Palawan–PCT 本体的沉积碎屑或现代河砂；内部混合不等于标签错误。,,,,,,,,True
E3,E3::SCS::SHAO2017_P026,SCS::SHAO2017_P026,P026,SHAO2017,10.1016/j.epsl.2017.08.019,10.1016/j.epsl.2017.08.019,8.707688888888889,117.3399555555556,,,South Palawan,PCT,E3d_South_Palawan_Sabah_sensitivity,SENSITIVITY_ONLY,SEDIMENTARY_DETRITAL,SEDIMENTARY_DETRITAL,SEDIMENTARY_DETRITAL,Panas Formation,Panas Formation,,沉积岩；具体沉积相未系统提取，不能据空值推断,105,100,100,0,4cabbd64e69075f5c44a4f856e4828f57341a3bcb294ae8b5404e78e3a766957,bc24e8d2d595ad19981691958d46e9ec3283db486efe26fd394fe9ee1d600b5f,False,False,False,CHALLENGE_ONLY,转 challenge_only,原库已标挑战/敏感性，不是严格 Palawan–PCT 主训练。,,,,,,,,True
E3,E3::SCS::SHAO2017_P027,SCS::SHAO2017_P027,P027,SHAO2017,10.1016/j.epsl.2017.08.019,10.1016/j.epsl.2017.08.019,8.707688888888889,117.3399555555556,,,South Palawan,PCT,E3d_South_Palawan_Sabah_sensitivity,SENSITIVITY_ONLY,SEDIMENTARY_DETRITAL,SEDIMENTARY_DETRITAL,SEDIMENTARY_DETRITAL,Panas Formation,Panas Formation,,沉积岩；具体沉积相未系统提取，不能据空值推断,84,84,84,0,824c5f4e068c0f40d7e5fa2bc7a302dd5db5c6ad2ca2172d4c15802126e9e0c2,996eabdfe39fc4b5b3478f9053c20cf030a6dd7e270a415a030d60618dce6c9c,False,False,False,CHALLENGE_ONLY,转 challenge_only,原库已标挑战/敏感性，不是严格 Palawan–PCT 主训练。,,,,,,,,True
E3,E3::SCS::SHAO2017_P028,SCS::SHAO2017_P028,P028,SHAO2017,10.1016/j.epsl.2017.08.019,10.1016/j.epsl.2017.08.019,8.739922222222221,117.3979722222222,,,South Palawan,PCT,E3d_South_Palawan_Sabah_sensitivity,SENSITIVITY_ONLY,SEDIMENTARY_DETRITAL,SEDIMENTARY_DETRITAL,SEDIMENTARY_DETRITAL,Panas Formation,Panas Formation,,沉积岩；具体沉积相未系统提取，不能据空值推断,77,76,76,0,571c2a9f1fcf7e05572d99b6a198dc9d501246778538cd4edb3e6449814c1fa2,3f95e2faaffa8c918adccc8d47f764ca75d7698ec09f7a6b11f170ffe8b8c545,False,False,False,CHALLENGE_ONLY,转 challenge_only,原库已标挑战/敏感性，不是严格 Palawan–PCT 主训练。,,,,,,,,True
E3,E3::SCS::SHAO2017_P029,SCS::SHAO2017_P029,P029,SHAO2017,10.1016/j.epsl.2017.08.019,10.1016/j.epsl.2017.08.019,8.739677777777777,117.3967638888889,,,South Palawan,PCT,E3d_South_Palawan_Sabah_sensitivity,SENSITIVITY_ONLY,SEDIMENTARY_DETRITAL,SEDIMENTARY_DETRITAL,SEDIMENTARY_DETRITAL,Panas Formation,Panas Formation,,沉积岩；具体沉积相未系统提取，不能据空值推断,105,104,104,0,1ef8a473b733c31842a68fd82d85b91c6c4b5adb5f75b2649e8a280f7309255a,19aac42c5f12aa3295027b102a7c4124ba4ae05040569e2457152dd6c7421f25,False,False,False,CHALLENGE_ONLY,转 challenge_only,原库已标挑战/敏感性，不是严格 Palawan–PCT 主训练。,,,,,,,,True
E3,E3::SCS::SHAO2017_P031,SCS::SHAO2017_P031,P031,SHAO2017,10.1016/j.epsl.2017.08.019,10.1016/j.epsl.2017.08.019,9.467402777777778,118.4662111111111,,,South Palawan,PCT,E3d_South_Palawan_Sabah_sensitivity,SENSITIVITY_ONLY,SEDIMENTARY_DETRITAL,SEDIMENTARY_DETRITAL,SEDIMENTARY_DETRITAL,Panas Formation,Panas Formation,,沉积岩；具体沉积相未系统提取，不能据空值推断,97,97,97,0,f36d88a4946bee36fa5a18f368b340bb7bf2f856aa29f62d1883bbdcd2d96753,53c046fa5eb4bab0caac886172270ed71ad3a1c06acd2c2129184e8ddfaf251b,False,False,False,CHALLENGE_ONLY,转 challenge_only,原库已标挑战/敏感性，不是严格 Palawan–PCT 主训练。,,,,,,,,True
E3,E3::SCS::SHAO2017_P032,SCS::SHAO2017_P032,P032,SHAO2017,10.1016/j.epsl.2017.08.019,10.1016/j.epsl.2017.08.019,9.0246,118.0608277777778,,,South Palawan,PCT,E3d_South_Palawan_Sabah_sensitivity,SENSITIVITY_ONLY,SEDIMENTARY_DETRITAL,SEDIMENTARY_DETRITAL,SEDIMENTARY_DETRITAL,Panas Formation,Panas Formation,,沉积岩；具体沉积相未系统提取，不能据空值推断,117,117,117,0,8f0c35b3b668f287ff6cb2a343fa232ba0b199ff932fd16535e16ebac2317227,00434de2b1b73bbe26ac193ae42640dbdd2db71b3b7f294e956c784f7d1ba14d,False,False,False,CHALLENGE_ONLY,转 challenge_only,原库已标挑战/敏感性，不是严格 Palawan–PCT 主训练。,,,,,,,,True
E3,E3::SCS::SHAO2017_S1-1,SCS::SHAO2017_S1-1,S1-1,SHAO2017,10.1016/j.epsl.2017.08.019,10.1016/j.epsl.2017.08.019,,,,,Tainan Basin,SCS_northern_margin,E3b_Cathaysia_coast_affinity_reference,AFFINITY_REFERENCE_CHALLENGE_ONLY,SEDIMENTARY_DETRITAL,SEDIMENTARY_DETRITAL,SEDIMENTARY_DETRITAL,,,,沉积岩；具体沉积相未系统提取，不能据空值推断,103,103,103,0,ebfd7565f95a15f956cce076fadec2190cc0df6fb9289e9ab8c185b9f4e6636c,609434442bd12bbb0d0434d37c988098b9af30e0150e6bd89a417bf5a3b29bed,False,False,False,EXTERNAL_REFERENCE,转 external reference,Cathaysia/Hainan 亲缘参照，不等于 Palawan–PCT 实体。,,,COORDINATES_MISSING; USE_SOURCE_LOCALITY_ONLY,,,,,True
E3,E3::SCS::SHAO2017_C9-1,SCS::SHAO2017_C9-1,C9-1,SHAO2017,10.1016/j.epsl.2017.08.019,10.1016/j.epsl.2017.08.019,,,,,Tainan Basin,SCS_northern_margin,E3b_Cathaysia_coast_affinity_reference,AFFINITY_REFERENCE_CHALLENGE_ONLY,SEDIMENTARY_DETRITAL,SEDIMENTARY_DETRITAL,SEDIMENTARY_DETRITAL,,,,沉积岩；具体沉积相未系统提取，不能据空值推断,91,91,91,0,2872a6edd7521ebb6668c653b8ac4583295f9869fa04574f6554d2efd5e79ff2,6006c2a61b63ae7106ddfe8432fababd53698c3ea4d72afb76dbeefa872a4226,False,False,False,EXTERNAL_REFERENCE,转 external reference,Cathaysia/Hainan 亲缘参照，不等于 Palawan–PCT 实体。,,,COORDINATES_MISSING; USE_SOURCE_LOCALITY_ONLY,,,,,True
E3,E3::SCS::SHAO2017_C10-1,SCS::SHAO2017_C10-1,C10-1,SHAO2017,10.1016/j.epsl.2017.08.019,10.1016/j.epsl.2017.08.019,,,,,Tainan Basin,SCS_northern_margin,E3b_Cathaysia_coast_affinity_reference,AFFINITY_REFERENCE_CHALLENGE_ONLY,SEDIMENTARY_DETRITAL,SEDIMENTARY_DETRITAL,SEDIMENTARY_DETRITAL,,,,沉积岩；具体沉积相未系统提取，不能据空值推断,90,90,90,0,341b36214692dee7fd8dcc09bb38c8a3e966f4ae9506fcef799e02614a2fece4,4206a424ab398c484cae4f57b774c264a9b100ac672005f2aabb0adcff850a68,False,False,False,EXTERNAL_REFERENCE,转 external reference,Cathaysia/Hainan 亲缘参照，不等于 Palawan–PCT 实体。,,,COORDINATES_MISSING; USE_SOURCE_LOCALITY_ONLY,,,,,True
E3,E3::SCS::SHAO2017_D2-1,SCS::SHAO2017_D2-1,D2-1,SHAO2017,10.1016/j.epsl.2017.08.019,10.1016/j.epsl.2017.08.019,,,,,Tainan Basin,SCS_northern_margin,E3b_Cathaysia_coast_affinity_reference,AFFINITY_REFERENCE_CHALLENGE_ONLY,SEDIMENTARY_DETRITAL,SEDIMENTARY_DETRITAL,SEDIMENTARY_DETRITAL,,,,沉积岩；具体沉积相未系统提取，不能据空值推断,79,79,79,0,4e6c103dedb9ffcd9892d710f1f4253b2d20b44478d5b4faa00519d459eacaa0,72d5ded2611dea554616851645b54523f786e0788be41bce81de719e0547a06c,False,False,False,EXTERNAL_REFERENCE,转 external reference,Cathaysia/Hainan 亲缘参照，不等于 Palawan–PCT 实体。,,,COORDINATES_MISSING; USE_SOURCE_LOCALITY_ONLY,,,,,True
E3,E3::SCS::SHAO2017_T1-1,SCS::SHAO2017_T1-1,T1-1,SHAO2017,10.1016/j.epsl.2017.08.019,10.1016/j.epsl.2017.08.019,,,,,Tainan Basin,SCS_northern_margin,E3b_Cathaysia_coast_affinity_reference,AFFINITY_REFERENCE_CHALLENGE_ONLY,SEDIMENTARY_DETRITAL,SEDIMENTARY_DETRITAL,SEDIMENTARY_DETRITAL,,,,沉积岩；具体沉积相未系统提取，不能据空值推断,118,118,118,0,e159f29f0e4e6fc4884ed8fce7e1ede018b4f903499906b1b5c06c23b20011d6,3caab041f0cbdb47be0261f68069c81bfc71b51507ebf9cc3bc03abbbd427dde,False,False,False,EXTERNAL_REFERENCE,转 external reference,Cathaysia/Hainan 亲缘参照，不等于 Palawan–PCT 实体。,,,COORDINATES_MISSING; USE_SOURCE_LOCALITY_ONLY,,,,,True
E3,E3::SCS::SCS_ALIAS_2000M,SCS::SCS_ALIAS_2000M,L35-2,SHAO2017,10.1016/j.epsl.2017.08.019,10.1016/j.epsl.2017.08.019,,,,,"Pearl River Mouth Basin || western Dongsha-Penghu Uplift, northern South China Sea",SCS_northern_margin,E3b_Cathaysia_coast_affinity_reference,AFFINITY_REFERENCE_CHALLENGE_ONLY,SEDIMENTARY_DETRITAL,SEDIMENTARY_DETRITAL,SEDIMENTARY_DETRITAL,subsurface Mesozoic clastic section,subsurface Mesozoic clastic section,,沉积岩；具体沉积相未系统提取，不能据空值推断,226,113,113,0,914f8cd98f82c137e62bffd99dc194903f776f5edb96424b198d384235281b3d,037118a7a4b58467b641dd9592838f94baa7966760253b13127aa7d7240a409c,False,False,False,EXTERNAL_REFERENCE,转 external reference,Cathaysia/Hainan 亲缘参照，不等于 Palawan–PCT 实体。,Grain table analysis_use_flag governs actual valid-age count; inspect discrepancy. ,,COORDINATES_MISSING; USE_SOURCE_LOCALITY_ONLY,,MANIFEST_GRAIN_VALID_COUNT_MISMATCH,,,True
E3,E3::SCS::SCS_ALIAS_1300M,SCS::SCS_ALIAS_1300M,L35-1,SHAO2017,10.1016/j.epsl.2017.08.019,10.1016/j.epsl.2017.08.019,,,,,"Pearl River Mouth Basin || western Dongsha-Penghu Uplift, northern South China Sea",SCS_northern_margin,E3b_Cathaysia_coast_affinity_reference,AFFINITY_REFERENCE_CHALLENGE_ONLY,SEDIMENTARY_DETRITAL,SEDIMENTARY_DETRITAL,SEDIMENTARY_DETRITAL,subsurface Mesozoic clastic section,subsurface Mesozoic clastic section,,沉积岩；具体沉积相未系统提取，不能据空值推断,338,159,159,0,9bc86cc608283039bfe287f8dafbc13a6f8b9b1fb3b30ad0f7a9a4f2be258a87,283fe4f26958ae7f05be066fc9ec88024675fe9c3547bd8e8edcf6d9dc2d7362,False,False,False,EXTERNAL_REFERENCE,转 external reference,Cathaysia/Hainan 亲缘参照，不等于 Palawan–PCT 实体。,Grain table analysis_use_flag governs actual valid-age count; inspect discrepancy. ,,COORDINATES_MISSING; USE_SOURCE_LOCALITY_ONLY,,MANIFEST_GRAIN_VALID_COUNT_MISMATCH,,,True
E3,E3::SCS::SHAO2017_B23-2,SCS::SHAO2017_B23-2,B23-2,SHAO2017,10.1016/j.epsl.2017.08.019,10.1016/j.epsl.2017.08.019,,,,,Qiongdongnan Basin,SCS_northern_margin,E3b_Cathaysia_coast_affinity_reference,AFFINITY_REFERENCE_CHALLENGE_ONLY,SEDIMENTARY_DETRITAL,SEDIMENTARY_DETRITAL,SEDIMENTARY_DETRITAL,,,,沉积岩；具体沉积相未系统提取，不能据空值推断,117,115,115,0,38589f80c1a6f0c598931de221e2849804a024ac001d17377b4b3b8198700b3e,088ccf0f7400ebbfdc9adc312307cad76f251b6883a0fbb8ed8f2836bde74b01,False,False,False,EXTERNAL_REFERENCE,转 external reference,Cathaysia/Hainan 亲缘参照，不等于 Palawan–PCT 实体。,,,COORDINATES_MISSING; USE_SOURCE_LOCALITY_ONLY,,,,,True
E3,E3::SCS::SHAO2017_B23-1,SCS::SHAO2017_B23-1,B23-1,SHAO2017,10.1016/j.epsl.2017.08.019,10.1016/j.epsl.2017.08.019,,,,,Qiongdongnan Basin,SCS_northern_margin,E3b_Cathaysia_coast_affinity_reference,AFFINITY_REFERENCE_CHALLENGE_ONLY,SEDIMENTARY_DETRITAL,SEDIMENTARY_DETRITAL,SEDIMENTARY_DETRITAL,,,,沉积岩；具体沉积相未系统提取，不能据空值推断,107,105,105,0,8d2b953127ade2d9ae1f01142753a5275a40f3a1272e53672fe8a7af65be0f0b,74c76cbfe87d5d401910966492169fe1bfc9179515775c3ba9bd945340b384e3,False,False,False,EXTERNAL_REFERENCE,转 external reference,Cathaysia/Hainan 亲缘参照，不等于 Palawan–PCT 实体。,,,COORDINATES_MISSING; USE_SOURCE_LOCALITY_ONLY,,,,,True
E3,E3::SCS::PCT_P003,SCS::PCT_P003,P003,CAO2020,10.1130/B35707.1,10.1130/b35707.1,11.33618055555556,119.4535361111111,,,North Palawan (PCT),PCT,E3a_Palawan_Mindoro_core,MAIN_TRAIN_CANDIDATE,SEDIMENTARY_DETRITAL,SEDIMENTARY_DETRITAL,SEDIMENTARY_DETRITAL,Bacuit Fm. (Malampaya Sound Group),Bacuit Fm. (Malampaya Sound Group),,沉积岩；具体沉积相未系统提取，不能据空值推断,98,98,98,0,bef2849b4c2a9c4d0b4873be2baa5ebf1742ef079c857246e459d0bf0d9a4e1a,b36bbbccc3bcf6f46f5f2bc5f0f151ac593a5ef3735adfb5c159d02abb59c53a,True,True,True,KEEP_MAIN,保留进入主训练,Palawan–PCT 本体的沉积碎屑或现代河砂；内部混合不等于标签错误。,,,,,,,,True
E3,E3::SCS::PCT_P005,SCS::PCT_P005,P005,CAO2020,10.1130/B35707.1,10.1130/b35707.1,11.33618055555556,119.4535361111111,,,North Palawan (PCT),PCT,E3a_Palawan_Mindoro_core,MAIN_TRAIN_CANDIDATE,SEDIMENTARY_DETRITAL,SEDIMENTARY_DETRITAL,SEDIMENTARY_DETRITAL,Bacuit Fm.,Bacuit Fm.,,沉积岩；具体沉积相未系统提取，不能据空值推断,95,95,95,0,1dc0f13b94675779f6e5e3b800efe0b8563737a648305c3b1460d502e23b3eac,2d264a4048b18eb156fb11d5dfe540cdc72f99a154bf38c9a941772452fedfa5,True,True,True,KEEP_MAIN,保留进入主训练,Palawan–PCT 本体的沉积碎屑或现代河砂；内部混合不等于标签错误。,,,,,,,,True
E3,E3::SCS::PCT_P006,SCS::PCT_P006,P006,CAO2020,10.1130/B35707.1,10.1130/b35707.1,11.29408055555556,119.5621805555556,,,North Palawan (PCT),PCT,E3a_Palawan_Mindoro_core,MAIN_TRAIN_CANDIDATE,SEDIMENTARY_DETRITAL,SEDIMENTARY_DETRITAL,SEDIMENTARY_DETRITAL,Bacuit Fm.,Bacuit Fm.,,沉积岩；具体沉积相未系统提取，不能据空值推断,122,122,122,0,68d12bbd291c0388dc614b126cd1ea112289024289bbc2b7ae47237069a1d74e,de692e5bc9be0ab403ed4650c3ae647e061a02701a213cc2fc5a17d605f70467,True,True,True,KEEP_MAIN,保留进入主训练,Palawan–PCT 本体的沉积碎屑或现代河砂；内部混合不等于标签错误。,,,,,,,,True
E3,E3::SCS::PCT_P007,SCS::PCT_P007,P007,CAO2020,10.1130/B35707.1,10.1130/b35707.1,11.14966944444444,119.3976833333333,,,North Palawan (PCT),PCT,E3a_Palawan_Mindoro_core,MAIN_TRAIN_CANDIDATE,SEDIMENTARY_DETRITAL,SEDIMENTARY_DETRITAL,SEDIMENTARY_DETRITAL,Bacuit Fm.,Bacuit Fm.,,沉积岩；具体沉积相未系统提取，不能据空值推断,117,117,117,0,74f878ba5382c107012129a7b18dacc29b8d7012e4133c12a98f3cf70ed1f7e3,699a1af301e6ca54129393da9d233a389a4fe02e17fe800559fcbe8692bf87d7,True,True,True,KEEP_MAIN,保留进入主训练,Palawan–PCT 本体的沉积碎屑或现代河砂；内部混合不等于标签错误。,,,,,,,,True
E3,E3::SCS::PCT_PN-5,SCS::PCT_PN-5,PN-5,WALIA2013,10.1016/j.tecto.2012.10.002,10.1016/j.tecto.2012.10.002,,,,,NW Panay - Buruanga Peninsula (PCT),PCT,E3_PALAWAN_MINDORO_CONTINENTAL_FRAGMENTS,REFERENCE_ONLY,SEDIMENTARY_DETRITAL,SEDIMENTARY_DETRITAL,SEDIMENTARY_DETRITAL,Saboncogon Fm.,Saboncogon Fm.,,沉积岩；具体沉积相未系统提取，不能据空值推断,70,70,70,22,045d998528c0f63436a6ac8aaa41b0b541b5b613ccaa0967b1695491d6404720,9459352371da8823dda1b21e59197930348606027fbbdcb7cd5a509d19ea19ea,False,False,False,EXTERNAL_REFERENCE,转 external reference,非当前 E3a 主训练候选；保留原参照/重复版本角色。,,,COORDINATES_MISSING; USE_SOURCE_LOCALITY_ONLY,,,,,True
E3,E3::SCS::CHEN2026_ZT22-03,SCS::CHEN2026_ZT22-03,ZT22-03,CHEN2026,10.1029/2025TC009218,10.1029/2025tc009218,24.88,113.68,,,"Danxia Basin, Cathaysia, Southeast China",Cathaysia,E3_CATHAYSIA_HAINAN_TAIWAN_MARGIN,MAIN_TRAIN_CANDIDATE,SEDIMENTARY_DETRITAL,SEDIMENTARY_DETRITAL,SEDIMENTARY_DETRITAL,"Changba Formation, Fourth Member","Changba Formation, Fourth Member",,沉积岩；具体沉积相未系统提取，不能据空值推断,116,94,94,25,615fcc82c384b2e46b7f6811715ddd51a11e19b4b08c11b0a9b392b66fe25d1e,ba1fc02203bae2e21848771dc7d64e9d04bb034e0bd4d859777a29dd325787cd,True,False,False,EXTERNAL_REFERENCE,转 external reference,华夏陆缘/海南/台湾不是 Palawan–PCT 本体，退出严格 E3 主训练。,,,,,,,,True
E3,E3::SCS::CHEN2026_ZT22-02,SCS::CHEN2026_ZT22-02,ZT22-02,CHEN2026,10.1029/2025TC009218,10.1029/2025tc009218,24.88,113.68,,,"Danxia Basin, Cathaysia, Southeast China",Cathaysia,E3_CATHAYSIA_HAINAN_TAIWAN_MARGIN,MAIN_TRAIN_CANDIDATE,SEDIMENTARY_DETRITAL,SEDIMENTARY_DETRITAL,SEDIMENTARY_DETRITAL,"Changba Formation, Fourth Member","Changba Formation, Fourth Member",,沉积岩；具体沉积相未系统提取，不能据空值推断,104,98,98,25,930d80b8d06b8a2e150705fcf93d2842ae5a284cd37ee88e1dfd49df897bd923,a6caaebb7a2e882c6f6a30afb80da635b38e9d096624f48dc3c97173ed67f770,True,False,False,EXTERNAL_REFERENCE,转 external reference,华夏陆缘/海南/台湾不是 Palawan–PCT 本体，退出严格 E3 主训练。,,,,,,,,True
E3,E3::SCS::CHEN2026_CB4-01N,SCS::CHEN2026_CB4-01N,CB4-01N,CHEN2026,10.1029/2025TC009218,10.1029/2025tc009218,25.0,113.69,,,"Danxia Basin, Cathaysia, Southeast China",Cathaysia,E3_CATHAYSIA_HAINAN_TAIWAN_MARGIN,MAIN_TRAIN_CANDIDATE,SEDIMENTARY_DETRITAL,SEDIMENTARY_DETRITAL,SEDIMENTARY_DETRITAL,"Changba Formation, Fourth Member","Changba Formation, Fourth Member",,沉积岩；具体沉积相未系统提取，不能据空值推断,110,99,99,25,688ce662ec23daa39a24f80e99aa3d12611435bc40bc322f3686cd71abdd88da,d13b5d816872c44dc44f6f12cdca0826fda70b557562f7145fbeb56e5ee2dced,True,False,False,EXTERNAL_REFERENCE,转 external reference,华夏陆缘/海南/台湾不是 Palawan–PCT 本体，退出严格 E3 主训练。,,,,,,,,True
E3,E3::SCS::CHEN2026_CB3-01N,SCS::CHEN2026_CB3-01N,CB3-01N,CHEN2026,10.1029/2025TC009218,10.1029/2025tc009218,25.01,113.68,,,"Danxia Basin, Cathaysia, Southeast China",Cathaysia,E3_CATHAYSIA_HAINAN_TAIWAN_MARGIN,MAIN_TRAIN_CANDIDATE,SEDIMENTARY_DETRITAL,SEDIMENTARY_DETRITAL,SEDIMENTARY_DETRITAL,"Changba Formation, Third Member","Changba Formation, Third Member",,沉积岩；具体沉积相未系统提取，不能据空值推断,137,90,90,25,2379fa681d5b082151baab087ced1f50fa6b93e91770994fd02c0f0208aad152,77bb0f3f1cadae276f37906946277b0ca0563c8c45fdd1c368096a02545d4054,True,False,False,EXTERNAL_REFERENCE,转 external reference,华夏陆缘/海南/台湾不是 Palawan–PCT 本体，退出严格 E3 主训练。,,,,,,,,True
E3,E3::SCS::CHEN2026_CB23-02X,SCS::CHEN2026_CB23-02X,CB23-02X,CHEN2026,10.1029/2025TC009218,10.1029/2025tc009218,24.89,113.73,,,"Danxia Basin, Cathaysia, Southeast China",Cathaysia,E3_CATHAYSIA_HAINAN_TAIWAN_MARGIN,MAIN_TRAIN_CANDIDATE,SEDIMENTARY_DETRITAL,SEDIMENTARY_DETRITAL,SEDIMENTARY_DETRITAL,"Changba Formation, Third Member","Changba Formation, Third Member",,沉积岩；具体沉积相未系统提取，不能据空值推断,102,98,98,25,83c00ef82fe880f0d18c1293098ea40df13f57765b1cfb98a7770fa638981b4d,f41c5a1ff9d4319160dca6459879e96c0a7b7175b2cec560d84d32348d6e26b2,True,False,False,EXTERNAL_REFERENCE,转 external reference,华夏陆缘/海南/台湾不是 Palawan–PCT 本体，退出严格 E3 主训练。,,,,,,,,True
E3,E3::SCS::CHEN2026_CB2-01X,SCS::CHEN2026_CB2-01X,CB2-01X,CHEN2026,10.1029/2025TC009218,10.1029/2025tc009218,24.91,113.62,,,"Danxia Basin, Cathaysia, Southeast China",Cathaysia,E3_CATHAYSIA_HAINAN_TAIWAN_MARGIN,MAIN_TRAIN_CANDIDATE,SEDIMENTARY_DETRITAL,SEDIMENTARY_DETRITAL,SEDIMENTARY_DETRITAL,"Changba Formation, Second Member","Changba Formation, Second Member",,沉积岩；具体沉积相未系统提取，不能据空值推断,111,93,93,24,3f631c724159a784184e6d01ebb33e10e403b57431d4b06eb80a54fcf7858868,162933cb6dd9b0157574b2ec83304e1b1322844c55031873b982c3fd5917ca2f,True,False,False,EXTERNAL_REFERENCE,转 external reference,华夏陆缘/海南/台湾不是 Palawan–PCT 本体，退出严格 E3 主训练。,,,,,,,,True
E3,E3::SCS::CHEN2026_CB23-06,SCS::CHEN2026_CB23-06,CB23-06,CHEN2026,10.1029/2025TC009218,10.1029/2025tc009218,24.88,113.73,,,"Danxia Basin, Cathaysia, Southeast China",Cathaysia,E3_CATHAYSIA_HAINAN_TAIWAN_MARGIN,MAIN_TRAIN_CANDIDATE,SEDIMENTARY_DETRITAL,SEDIMENTARY_DETRITAL,SEDIMENTARY_DETRITAL,"Changba Formation, Second Member","Changba Formation, Second Member",,沉积岩；具体沉积相未系统提取，不能据空值推断,111,100,100,25,59ffbbfc3aaccea6ffe717a92c62c292ad14664dd3035fc8d601bd006d4bc9f4,7da546e4b1a34936822810f7eeaa3a3eb6e7676b5b5a6de5b4de38b0722bc770,True,False,False,EXTERNAL_REFERENCE,转 external reference,华夏陆缘/海南/台湾不是 Palawan–PCT 本体，退出严格 E3 主训练。,,,,,,,,True
E3,E3::SCS::CHEN2026_CB23-03,SCS::CHEN2026_CB23-03,CB23-03,CHEN2026,10.1029/2025TC009218,10.1029/2025tc009218,24.88,113.73,,,"Danxia Basin, Cathaysia, Southeast China",Cathaysia,E3_CATHAYSIA_HAINAN_TAIWAN_MARGIN,MAIN_TRAIN_CANDIDATE,SEDIMENTARY_DETRITAL,SEDIMENTARY_DETRITAL,SEDIMENTARY_DETRITAL,"Changba Formation, Second Member","Changba Formation, Second Member",,沉积岩；具体沉积相未系统提取，不能据空值推断,140,95,95,25,51e4b03ded17979816c1b324c51adfbd0deb6e34c9b6a852a23dbcdc00701269,9746173db9f113693677de9c6972a0085db33b34aa230543500a48272408e353,True,False,False,EXTERNAL_REFERENCE,转 external reference,华夏陆缘/海南/台湾不是 Palawan–PCT 本体，退出严格 E3 主训练。,,,,,,,,True
E3,E3::SCS::CHEN2026_CB23-01X,SCS::CHEN2026_CB23-01X,CB23-01X,CHEN2026,10.1029/2025TC009218,10.1029/2025tc009218,24.96,113.82,,,"Danxia Basin, Cathaysia, Southeast China",Cathaysia,E3_CATHAYSIA_HAINAN_TAIWAN_MARGIN,MAIN_TRAIN_CANDIDATE,SEDIMENTARY_DETRITAL,SEDIMENTARY_DETRITAL,SEDIMENTARY_DETRITAL,"Changba Formation, First Member","Changba Formation, First Member",,沉积岩；具体沉积相未系统提取，不能据空值推断,104,99,99,25,a03077778f845dd94603ae66e64744befede1f167abebd53cb7f09a640ac5671,1cd5e1bb8eaac12395d20577ad328ff73093f3f51c267b83042f652741c83b83,True,False,False,EXTERNAL_REFERENCE,转 external reference,华夏陆缘/海南/台湾不是 Palawan–PCT 本体，退出严格 E3 主训练。,,,,,,,,True
E3,E3::SCS::CHEN2026_DX3-02X,SCS::CHEN2026_DX3-02X,DX3-02X,CHEN2026,10.1029/2025TC009218,10.1029/2025tc009218,25.02,113.64,,,"Danxia Basin, Cathaysia, Southeast China",Cathaysia,E3_CATHAYSIA_HAINAN_TAIWAN_MARGIN,MAIN_TRAIN_CANDIDATE,SEDIMENTARY_DETRITAL,SEDIMENTARY_DETRITAL,SEDIMENTARY_DETRITAL,"Danxia Formation, Baizhaiding Member","Danxia Formation, Baizhaiding Member",,沉积岩；具体沉积相未系统提取，不能据空值推断,106,96,96,25,87f4987536be623b6752f1abaec684d600604c4c67ea6693625fb432ab05c20d,1119694e12194f47c25f1134b03e7c5888464e519455e28c0225f2decd7085a2,True,False,False,EXTERNAL_REFERENCE,转 external reference,华夏陆缘/海南/台湾不是 Palawan–PCT 本体，退出严格 E3 主训练。,,,,,,,,True
E3,E3::SCS::CHEN2026_DX3-01N,SCS::CHEN2026_DX3-01N,DX3-01N,CHEN2026,10.1029/2025TC009218,10.1029/2025tc009218,25.03,113.74,,,"Danxia Basin, Cathaysia, Southeast China",Cathaysia,E3_CATHAYSIA_HAINAN_TAIWAN_MARGIN,MAIN_TRAIN_CANDIDATE,SEDIMENTARY_DETRITAL,SEDIMENTARY_DETRITAL,SEDIMENTARY_DETRITAL,"Danxia Formation, Baizhaiding Member","Danxia Formation, Baizhaiding Member",,沉积岩；具体沉积相未系统提取，不能据空值推断,105,96,96,25,02f3c2c0fef3a0e3787bd0fd002a9ccf5f5332627de2941b2632a1936f0b56f0,7e9397032a48d3e95871a32f9906ae46f27a0afc50f449eea4b3b14a41689a8f,True,False,False,EXTERNAL_REFERENCE,转 external reference,华夏陆缘/海南/台湾不是 Palawan–PCT 本体，退出严格 E3 主训练。,,,,,,,,True
E3,E3::SCS::CHEN2026_BZ22-04,SCS::CHEN2026_BZ22-04,BZ22-04,CHEN2026,10.1029/2025TC009218,10.1029/2025tc009218,25.0,113.66,,,"Danxia Basin, Cathaysia, Southeast China",Cathaysia,E3_CATHAYSIA_HAINAN_TAIWAN_MARGIN,MAIN_TRAIN_CANDIDATE,SEDIMENTARY_DETRITAL,SEDIMENTARY_DETRITAL,SEDIMENTARY_DETRITAL,"Danxia Formation, Jinshiyan Member","Danxia Formation, Jinshiyan Member",,沉积岩；具体沉积相未系统提取，不能据空值推断,103,97,97,25,133c9afc36801514de48cadcddd587c38a2a0fd67be83cc9cf723c092899ef8b,c6377a2e6ebdb620d714b0824ff6200eb4c242d7c16330fabe82530041ca3fd7,True,False,False,EXTERNAL_REFERENCE,转 external reference,华夏陆缘/海南/台湾不是 Palawan–PCT 本体，退出严格 E3 主训练。,,,,,,,,True
E3,E3::SCS::CHEN2026_BZ23-01,SCS::CHEN2026_BZ23-01,BZ23-01,CHEN2026,10.1029/2025TC009218,10.1029/2025tc009218,25.01,113.66,,,"Danxia Basin, Cathaysia, Southeast China",Cathaysia,E3_CATHAYSIA_HAINAN_TAIWAN_MARGIN,MAIN_TRAIN_CANDIDATE,SEDIMENTARY_DETRITAL,SEDIMENTARY_DETRITAL,SEDIMENTARY_DETRITAL,"Danxia Formation, Jinshiyan Member","Danxia Formation, Jinshiyan Member",,沉积岩；具体沉积相未系统提取，不能据空值推断,103,100,100,25,759653db98171105775e40111b647063a21e1ebed13f3c38a6d1064b97094b51,1d7b6303873e98d52bc3dd6b914cc629ad5ebf3afa326a1ac6cb2ece9c27fde4,True,False,False,EXTERNAL_REFERENCE,转 external reference,华夏陆缘/海南/台湾不是 Palawan–PCT 本体，退出严格 E3 主训练。,,,,,,,,True
E3,E3::SCS::CHEN2026_DX2-07N,SCS::CHEN2026_DX2-07N,DX2-07N,CHEN2026,10.1029/2025TC009218,10.1029/2025tc009218,25.02,113.74,,,"Danxia Basin, Cathaysia, Southeast China",Cathaysia,E3_CATHAYSIA_HAINAN_TAIWAN_MARGIN,MAIN_TRAIN_CANDIDATE,SEDIMENTARY_DETRITAL,SEDIMENTARY_DETRITAL,SEDIMENTARY_DETRITAL,"Danxia Formation, Jinshiyan Member","Danxia Formation, Jinshiyan Member",,沉积岩；具体沉积相未系统提取，不能据空值推断,118,92,92,25,ef94febba4d6f7ae062b149df40ac322d9aa3fc744729c5dd79ab125c2e68f87,e7e66384396bc0c2ca4b5b8cb0d23675dc27e6468d73485294eed67ae49023fb,True,False,False,EXTERNAL_REFERENCE,转 external reference,华夏陆缘/海南/台湾不是 Palawan–PCT 本体，退出严格 E3 主训练。,,,,,,,,True
E3,E3::SCS::CHEN2026_DX2-06N,SCS::CHEN2026_DX2-06N,DX2-06N,CHEN2026,10.1029/2025TC009218,10.1029/2025tc009218,25.02,113.74,,,"Danxia Basin, Cathaysia, Southeast China",Cathaysia,E3_CATHAYSIA_HAINAN_TAIWAN_MARGIN,MAIN_TRAIN_CANDIDATE,SEDIMENTARY_DETRITAL,SEDIMENTARY_DETRITAL,SEDIMENTARY_DETRITAL,"Danxia Formation, Jinshiyan Member","Danxia Formation, Jinshiyan Member",,沉积岩；具体沉积相未系统提取，不能据空值推断,113,97,97,25,53cb37b75c3fc6ff9a44976c8fe4f8d3e3c03ce4ab5e9c995c4fb442648acc67,2ff002be09ff99e123f630d1d145e16156e283d8f14a20a05259d59c0fba48d5,True,False,False,EXTERNAL_REFERENCE,转 external reference,华夏陆缘/海南/台湾不是 Palawan–PCT 本体，退出严格 E3 主训练。,,,,,,,,True
E3,E3::SCS::CHEN2026_DX2-05N,SCS::CHEN2026_DX2-05N,DX2-05N,CHEN2026,10.1029/2025TC009218,10.1029/2025tc009218,25.02,113.74,,,"Danxia Basin, Cathaysia, Southeast China",Cathaysia,E3_CATHAYSIA_HAINAN_TAIWAN_MARGIN,MAIN_TRAIN_CANDIDATE,SEDIMENTARY_DETRITAL,SEDIMENTARY_DETRITAL,SEDIMENTARY_DETRITAL,"Danxia Formation, Jinshiyan Member","Danxia Formation, Jinshiyan Member",,沉积岩；具体沉积相未系统提取，不能据空值推断,106,100,100,25,f4fcd89ed78fd33b56ff8165ce6f2de7fab882c4084ed89977d5f8b14cf53177,664a4600ad54788c4ebe0cb00ff794290216ab45ca9ec7a807d2f711d8fb86b3,True,False,False,EXTERNAL_REFERENCE,转 external reference,华夏陆缘/海南/台湾不是 Palawan–PCT 本体，退出严格 E3 主训练。,,,,,,,,True
E3,E3::SCS::CHEN2026_DX1-05N,SCS::CHEN2026_DX1-05N,DX1-05N,CHEN2026,10.1029/2025TC009218,10.1029/2025tc009218,25.03,113.74,,,"Danxia Basin, Cathaysia, Southeast China",Cathaysia,E3_CATHAYSIA_HAINAN_TAIWAN_MARGIN,MAIN_TRAIN_CANDIDATE,SEDIMENTARY_DETRITAL,SEDIMENTARY_DETRITAL,SEDIMENTARY_DETRITAL,"Danxia Formation, Bazhai Member","Danxia Formation, Bazhai Member",,沉积岩；具体沉积相未系统提取，不能据空值推断,102,96,96,25,769691d88129bbd2edead371b921b1d6f044237fc58dd6240f45090b27916566,5f70482ab09a851117ce5d5813d3ebf8f5b406c133e7609f732940a8b4620cc3,True,False,False,EXTERNAL_REFERENCE,转 external reference,华夏陆缘/海南/台湾不是 Palawan–PCT 本体，退出严格 E3 主训练。,,,,,,,,True
E3,E3::SCS::CHEN2022_K005,SCS::CHEN2022_K005,K005,CHEN2022,10.1111/bre.12636,10.1111/bre.12636,,,,,"Hainan Island, South China",Cathaysia,E3b_Cathaysia_coast_affinity_reference,AFFINITY_REFERENCE_CHALLENGE_ONLY,SEDIMENTARY_DETRITAL,SEDIMENTARY_DETRITAL,SEDIMENTARY_DETRITAL,Lumuwan Formation,Lumuwan Formation,,沉积岩；具体沉积相未系统提取，不能据空值推断,91,91,91,0,5bf3c1cefe0aff5082cc94c93806a42612b09ec0045fa0f14cb5faf3badb5dd2,5a88603ec5b904f07809db4ef821869ef718abb581702acc69e570fd8ecbd79c,False,False,False,EXTERNAL_REFERENCE,转 external reference,Cathaysia/Hainan 亲缘参照，不等于 Palawan–PCT 实体。,,,COORDINATES_MISSING; USE_SOURCE_LOCALITY_ONLY,,,,,True
E3,E3::SCS::CHEN2022_PM1-bb-01,SCS::CHEN2022_PM1-bb-01,PM1-bb-01,CHEN2022,10.1111/bre.12636,10.1111/bre.12636,,,,,"Hainan Island, South China",Cathaysia,E3b_Cathaysia_coast_affinity_reference,AFFINITY_REFERENCE_CHALLENGE_ONLY,SEDIMENTARY_DETRITAL,SEDIMENTARY_DETRITAL,SEDIMENTARY_DETRITAL,Lumuwan Formation,Lumuwan Formation,,沉积岩；具体沉积相未系统提取，不能据空值推断,89,89,89,0,b93f9ebfec1de7bbc8fa50fe1fbf38f63659b28cb864374d0e16c097ee2288be,98cf75c1c50a1b11f68ddb76ad93540652a34114c2953e1921dac49558af076d,False,False,False,EXTERNAL_REFERENCE,转 external reference,Cathaysia/Hainan 亲缘参照，不等于 Palawan–PCT 实体。,,,COORDINATES_MISSING; USE_SOURCE_LOCALITY_ONLY,,,,,True
E3,E3::SCS::CHEN2022_PM1-bb-03,SCS::CHEN2022_PM1-bb-03,PM1-bb-03,CHEN2022,10.1111/bre.12636,10.1111/bre.12636,,,,,"Hainan Island, South China",Cathaysia,E3b_Cathaysia_coast_affinity_reference,AFFINITY_REFERENCE_CHALLENGE_ONLY,SEDIMENTARY_DETRITAL,SEDIMENTARY_DETRITAL,SEDIMENTARY_DETRITAL,Lumuwan Formation,Lumuwan Formation,,沉积岩；具体沉积相未系统提取，不能据空值推断,84,84,84,0,6e8927a181220b0aea198e7bc1c265421a7f0422fdbac527edd80a289a074ced,518badb98c034145b92fe3ef31b6d098b2e2da1a4622f1cc78e1e10d164359d7,False,False,False,EXTERNAL_REFERENCE,转 external reference,Cathaysia/Hainan 亲缘参照，不等于 Palawan–PCT 实体。,,,COORDINATES_MISSING; USE_SOURCE_LOCALITY_ONLY,,,,,True
E3,E3::SCS::CHEN2022_PM2-bb-01,SCS::CHEN2022_PM2-bb-01,PM2-bb-01,CHEN2022,10.1111/bre.12636,10.1111/bre.12636,,,,,"Hainan Island, South China",Cathaysia,E3b_Cathaysia_coast_affinity_reference,AFFINITY_REFERENCE_CHALLENGE_ONLY,SEDIMENTARY_DETRITAL,SEDIMENTARY_DETRITAL,SEDIMENTARY_DETRITAL,Lumuwan Formation,Lumuwan Formation,,沉积岩；具体沉积相未系统提取，不能据空值推断,93,93,93,0,494e9c9a03cd9fcfade21e40ad2557dfa21509dacd127ba0a9d1deddca47282a,01bffdd792e169cbfbce71231cc1de1229ab12f80b32a0a26eff8684bfe97072,False,False,False,EXTERNAL_REFERENCE,转 external reference,Cathaysia/Hainan 亲缘参照，不等于 Palawan–PCT 实体。,,,COORDINATES_MISSING; USE_SOURCE_LOCALITY_ONLY,,,,,True
E3,E3::SCS::CHEN2022_PM3-bb-01,SCS::CHEN2022_PM3-bb-01,PM3-bb-01,CHEN2022,10.1111/bre.12636,10.1111/bre.12636,,,,,"Hainan Island, South China",Cathaysia,E3b_Cathaysia_coast_affinity_reference,AFFINITY_REFERENCE_CHALLENGE_ONLY,SEDIMENTARY_DETRITAL,SEDIMENTARY_DETRITAL,SEDIMENTARY_DETRITAL,,,,沉积岩；具体沉积相未系统提取，不能据空值推断,96,96,96,0,6012103a56edfc838c214f61a352298a7acdb32c7e5e80f8270690aaa6b1acb0,48e2c9d1e91f489e0d0cf7d1a1098ff2037a12388f07044651ede74f4db4f935,False,False,False,EXTERNAL_REFERENCE,转 external reference,Cathaysia/Hainan 亲缘参照，不等于 Palawan–PCT 实体。,,,COORDINATES_MISSING; USE_SOURCE_LOCALITY_ONLY,,,,,True
E3,E3::SCS::CHEN2022_PM3-bb-03,SCS::CHEN2022_PM3-bb-03,PM3-bb-03,CHEN2022,10.1111/bre.12636,10.1111/bre.12636,,,,,"Hainan Island, South China",Cathaysia,E3b_Cathaysia_coast_affinity_reference,AFFINITY_REFERENCE_CHALLENGE_ONLY,SEDIMENTARY_DETRITAL,SEDIMENTARY_DETRITAL,SEDIMENTARY_DETRITAL,,,,沉积岩；具体沉积相未系统提取，不能据空值推断,105,105,105,0,057f9c038e475537963ed9313941880b936c0514ae649b70809f86eb33760ccb,89e380a0aedd81b1b8decbf2af110dadfb863e9fb8493dcc6b7da0e7a982aff4,False,False,False,EXTERNAL_REFERENCE,转 external reference,Cathaysia/Hainan 亲缘参照，不等于 Palawan–PCT 实体。,,,COORDINATES_MISSING; USE_SOURCE_LOCALITY_ONLY,,,,,True
E3,E3::SCS::CHEN2022_NY-02,SCS::CHEN2022_NY-02,NY-02,CHEN2022,10.1111/bre.12636,10.1111/bre.12636,,,,,"Hainan Island, South China",Cathaysia,E3b_Cathaysia_coast_affinity_reference,AFFINITY_REFERENCE_CHALLENGE_ONLY,MODERN_RIVER_OR_SAND,MODERN_RIVER_OR_SAND,MODERN_RIVER_OR_SAND,,,,现代河流/河砂（来源材料字段）；具体流域待原文复核,49,49,49,0,849cbe7140023d9bab8a813a961c6211662e7af318e493802830bd457499657c,fc35e3618c508d61dff601f9ec6bc2d0802dab64f70d960edb64ad87591067bd,False,False,False,EXTERNAL_REFERENCE,转 external reference,Cathaysia/Hainan 亲缘参照，不等于 Palawan–PCT 实体。,,,COORDINATES_MISSING; USE_SOURCE_LOCALITY_ONLY,,,,,True
E3,E3::SCS::YUI2012_SCT-1,SCS::YUI2012_SCT-1,SCT-1,YUI2012,10.1016/j.tecto.2012.03.013,10.1016/j.tecto.2012.03.013,,,,,"Tailuko belt, Tananao metamorphic complex, eastern Taiwan",Taiwan_coastal_margin,E3b_Cathaysia_coast_affinity_reference,AFFINITY_REFERENCE_CHALLENGE_ONLY,METAMORPHIC_BASEMENT_OR_METASEDIMENT,METAMORPHIC_BASEMENT_OR_METASEDIMENT,METAMORPHIC_BASEMENT_OR_METASEDIMENT,Tananao metamorphic complex,Tananao metamorphic complex,,不适用或未解析,54,54,54,0,cbc7aaf7fc63a23246884d88da953e9a9e44f8daea00a0c0a53af5f8f67510ae,903c4cb9f65d486eb1584b4b017db7dfe2d9eaee83e1352a8f78f259542ad926,False,False,False,EXTERNAL_REFERENCE,转 external reference,Cathaysia/Hainan 亲缘参照，不等于 Palawan–PCT 实体。,,,COORDINATES_MISSING; USE_SOURCE_LOCALITY_ONLY,,,,,True
E3,E3::SCS::YUI2012_SCT-2,SCS::YUI2012_SCT-2,SCT-2,YUI2012,10.1016/j.tecto.2012.03.013,10.1016/j.tecto.2012.03.013,,,,,"Tailuko belt, Tananao metamorphic complex, eastern Taiwan",Taiwan_coastal_margin,E3b_Cathaysia_coast_affinity_reference,AFFINITY_REFERENCE_CHALLENGE_ONLY,METAMORPHIC_BASEMENT_OR_METASEDIMENT,METAMORPHIC_BASEMENT_OR_METASEDIMENT,METAMORPHIC_BASEMENT_OR_METASEDIMENT,Tananao metamorphic complex,Tananao metamorphic complex,,不适用或未解析,131,131,131,0,caf1380aa99bb70df5efcf23b6ce2b238d257b7e988a5d94c70efe75371926ca,3c27051cd96e550d2cf94d177e93c7e349773059ac6f7749adfc15ab7d174ebe,False,False,False,EXTERNAL_REFERENCE,转 external reference,Cathaysia/Hainan 亲缘参照，不等于 Palawan–PCT 实体。,,,COORDINATES_MISSING; USE_SOURCE_LOCALITY_ONLY,,,,,True
E3,E3::SCS::YUI2012_SCT-3,SCS::YUI2012_SCT-3,SCT-3,YUI2012,10.1016/j.tecto.2012.03.013,10.1016/j.tecto.2012.03.013,,,,,"Tailuko belt, Tananao metamorphic complex, eastern Taiwan",Taiwan_coastal_margin,E3b_Cathaysia_coast_affinity_reference,AFFINITY_REFERENCE_CHALLENGE_ONLY,METAMORPHIC_BASEMENT_OR_METASEDIMENT,METAMORPHIC_BASEMENT_OR_METASEDIMENT,METAMORPHIC_BASEMENT_OR_METASEDIMENT,Tananao metamorphic complex,Tananao metamorphic complex,,不适用或未解析,98,98,98,0,92cfeda2532a17fd361b138822d78226479f8cf63480d15730f7f7c1f20f67bc,103fde8d742827778db5faeeb0b77e6bae176edd56a660ecf7771980244c9b66,False,False,False,EXTERNAL_REFERENCE,转 external reference,Cathaysia/Hainan 亲缘参照，不等于 Palawan–PCT 实体。,,,COORDINATES_MISSING; USE_SOURCE_LOCALITY_ONLY,,,,,True
E3,E3::SCS::YUI2012_SCT-5,SCS::YUI2012_SCT-5,SCT-5,YUI2012,10.1016/j.tecto.2012.03.013,10.1016/j.tecto.2012.03.013,,,,,"Tailuko belt, Tananao metamorphic complex, eastern Taiwan",Taiwan_coastal_margin,E3b_Cathaysia_coast_affinity_reference,AFFINITY_REFERENCE_CHALLENGE_ONLY,METAMORPHIC_BASEMENT_OR_METASEDIMENT,METAMORPHIC_BASEMENT_OR_METASEDIMENT,METAMORPHIC_BASEMENT_OR_METASEDIMENT,Tananao metamorphic complex,Tananao metamorphic complex,,不适用或未解析,119,119,119,0,7bb9552adfa9ce571b73d3461f79311ba0520ebdd0dc6f5f17ff54d9de47c89c,cd1a0cd2a3a97c0ab6636c75ebd6aafd872636615230c6aff5b82631deb2c643,False,False,False,EXTERNAL_REFERENCE,转 external reference,Cathaysia/Hainan 亲缘参照，不等于 Palawan–PCT 实体。,,,COORDINATES_MISSING; USE_SOURCE_LOCALITY_ONLY,,,,,True
E3,E3::SCS::YUI2012_SCY-1,SCS::YUI2012_SCY-1,SCY-1,YUI2012,10.1016/j.tecto.2012.03.013,10.1016/j.tecto.2012.03.013,,,,,"Yuli belt, Tananao metamorphic complex, eastern Taiwan",Taiwan_coastal_margin,E3b_Cathaysia_coast_affinity_reference,AFFINITY_REFERENCE_CHALLENGE_ONLY,METAMORPHIC_BASEMENT_OR_METASEDIMENT,METAMORPHIC_BASEMENT_OR_METASEDIMENT,METAMORPHIC_BASEMENT_OR_METASEDIMENT,Tananao metamorphic complex,Tananao metamorphic complex,,不适用或未解析,156,156,156,0,bdce57770f03fe3782d5387ac121f3ec200a0cd206e9feaf9d1a1a1671cc4d49,cffacd82fe3bdc37ca7a06620149f6b76849f6ca5477c1829dfd82c550ce7be5,False,False,False,EXTERNAL_REFERENCE,转 external reference,Cathaysia/Hainan 亲缘参照，不等于 Palawan–PCT 实体。,,,COORDINATES_MISSING; USE_SOURCE_LOCALITY_ONLY,,,,,True
E3,E3::SCS::YUI2012_SCY-2,SCS::YUI2012_SCY-2,SCY-2,YUI2012,10.1016/j.tecto.2012.03.013,10.1016/j.tecto.2012.03.013,,,,,"Yuli belt, Tananao metamorphic complex, eastern Taiwan",Taiwan_coastal_margin,E3b_Cathaysia_coast_affinity_reference,AFFINITY_REFERENCE_CHALLENGE_ONLY,METAMORPHIC_BASEMENT_OR_METASEDIMENT,METAMORPHIC_BASEMENT_OR_METASEDIMENT,METAMORPHIC_BASEMENT_OR_METASEDIMENT,Tananao metamorphic complex,Tananao metamorphic complex,,不适用或未解析,90,88,88,0,4ccfa412f5092eb7a35c0d918487ae2ccdb97e8960d0188142943ef59e404ddd,e0419e10a484af0715af9ec5ca54a3b69eee6461407a2756256d4cd1d773e95d,False,False,False,EXTERNAL_REFERENCE,转 external reference,Cathaysia/Hainan 亲缘参照，不等于 Palawan–PCT 实体。,,,COORDINATES_MISSING; USE_SOURCE_LOCALITY_ONLY,,,,,True
E3,E3::SCS::YUI2012_SCY-3,SCS::YUI2012_SCY-3,SCY-3,YUI2012,10.1016/j.tecto.2012.03.013,10.1016/j.tecto.2012.03.013,,,,,"Yuli belt, Tananao metamorphic complex, eastern Taiwan",Taiwan_coastal_margin,E3b_Cathaysia_coast_affinity_reference,AFFINITY_REFERENCE_CHALLENGE_ONLY,METAMORPHIC_BASEMENT_OR_METASEDIMENT,METAMORPHIC_BASEMENT_OR_METASEDIMENT,METAMORPHIC_BASEMENT_OR_METASEDIMENT,Tananao metamorphic complex,Tananao metamorphic complex,,不适用或未解析,141,140,140,0,7fee3ffd16f40bd23e0eb3e2a3da6367d67b7a5db1a680f4f556d7db831d6cfd,5416f918ec17b3e1c5ee1789aef90375eeaa84ef64ec1bb84d1afb6d080974d1,False,False,False,EXTERNAL_REFERENCE,转 external reference,Cathaysia/Hainan 亲缘参照，不等于 Palawan–PCT 实体。,,,COORDINATES_MISSING; USE_SOURCE_LOCALITY_ONLY,,,,,True
E3,E3::SCS::LI2012_06SC26,SCS::LI2012_06SC26,06SC26,LI2012,10.1016/j.chemgeo.2011.10.027,10.1016/j.chemgeo.2011.10.027,25.0888611111,113.660805556,,,"Cathaysia Block, southeastern China",Cathaysia,E3_CATHAYSIA_HAINAN_TAIWAN_MARGIN,MAIN_TRAIN_CANDIDATE,SEDIMENTARY_DETRITAL,SEDIMENTARY_DETRITAL,SEDIMENTARY_DETRITAL,,,,沉积岩；具体沉积相未系统提取，不能据空值推断,61,61,61,0,8a9e50e0d65b2e59a76371f4ebd8fdae4dcb3e53df480ab4b8cdb78998cd2e06,0e8eb7a5bc04516b5309a3f22530742eb306a371937f4d3afebdfbb257e274b1,True,False,False,EXTERNAL_REFERENCE,转 external reference,华夏陆缘/海南/台湾不是 Palawan–PCT 本体，退出严格 E3 主训练。,,,,,,,,True
E3,E3::SCS::LI2012_07SC30-1,SCS::LI2012_07SC30-1,07SC30-1,LI2012,10.1016/j.chemgeo.2011.10.027,10.1016/j.chemgeo.2011.10.027,26.3528333333,112.995083333,,,"Cathaysia Block, southeastern China",Cathaysia,E3_CATHAYSIA_HAINAN_TAIWAN_MARGIN,MAIN_TRAIN_CANDIDATE,SEDIMENTARY_DETRITAL,SEDIMENTARY_DETRITAL,SEDIMENTARY_DETRITAL,,,,沉积岩；具体沉积相未系统提取，不能据空值推断,94,94,94,0,09653f104277759813694eefd220ff0c8d7ee012c55be39e3a5969c6dfa77126,1dfad682e4e2c6b1abd943629a3edcbdc1ca02f170b8e42f0d92a64216eb3c54,True,False,False,EXTERNAL_REFERENCE,转 external reference,华夏陆缘/海南/台湾不是 Palawan–PCT 本体，退出严格 E3 主训练。,,,,,,,,True
E3,E3::SCS::LI2012_07SC49,SCS::LI2012_07SC49,07SC49,LI2012,10.1016/j.chemgeo.2011.10.027,10.1016/j.chemgeo.2011.10.027,27.3363055556,114.696361111,,,"Cathaysia Block, southeastern China",Cathaysia,E3_CATHAYSIA_HAINAN_TAIWAN_MARGIN,MAIN_TRAIN_CANDIDATE,SEDIMENTARY_DETRITAL,SEDIMENTARY_DETRITAL,SEDIMENTARY_DETRITAL,,,,沉积岩；具体沉积相未系统提取，不能据空值推断,96,96,96,95,e8595aa69af1f621f48d3cd6009ed02a5d89b81de8f8be2ac300ee887a0d6c36,57d40e7264ee11cabc4fbebd796c757bd83e8045c4aa1f018675c470b6fd31cb,True,False,False,EXTERNAL_REFERENCE,转 external reference,华夏陆缘/海南/台湾不是 Palawan–PCT 本体，退出严格 E3 主训练。,,,,,,,,True
E3,E3::SCS::LI2012_07SC51-1,SCS::LI2012_07SC51-1,07SC51-1,LI2012,10.1016/j.chemgeo.2011.10.027,10.1016/j.chemgeo.2011.10.027,26.7501111111,117.494611111,,,"Cathaysia Block, southeastern China",Cathaysia,E3_CATHAYSIA_HAINAN_TAIWAN_MARGIN,MAIN_TRAIN_CANDIDATE,SEDIMENTARY_DETRITAL,SEDIMENTARY_DETRITAL,SEDIMENTARY_DETRITAL,,,,沉积岩；具体沉积相未系统提取，不能据空值推断,93,93,93,80,ec37328ee987624da0c272389b800eee71fe14152c7250a97e7833850a55353b,59c1c13cbb7638fda22f932a17565b61db669f36b57c5c36e24a50657a0f37e8,True,False,False,EXTERNAL_REFERENCE,转 external reference,华夏陆缘/海南/台湾不是 Palawan–PCT 本体，退出严格 E3 主训练。,,,,,,,,True
E3,E3::SCS::LI2012_07SC65,SCS::LI2012_07SC65,07SC65,LI2012,10.1016/j.chemgeo.2011.10.027,10.1016/j.chemgeo.2011.10.027,24.8730555556,116.891111111,,,"Cathaysia Block, southeastern China",Cathaysia,E3_CATHAYSIA_HAINAN_TAIWAN_MARGIN,MAIN_TRAIN_CANDIDATE,SEDIMENTARY_DETRITAL,SEDIMENTARY_DETRITAL,SEDIMENTARY_DETRITAL,,,,沉积岩；具体沉积相未系统提取，不能据空值推断,95,95,95,82,b2974a8f7b36329377aadd3c7752802586a1e2550e961d791f9fe65f491a4ded,10b16a99e4e51af8803caeaedebbd8752b0ac39b2f1c0d3624431a8f7a97f565,True,False,False,EXTERNAL_REFERENCE,转 external reference,华夏陆缘/海南/台湾不是 Palawan–PCT 本体，退出严格 E3 主训练。,,,,,,,,True
E3,E3::SCS::LI2012_TECTO_06TW05,SCS::LI2012_TECTO_06TW05,06TW05,LI2012_TECTO,10.1016/j.tecto.2012.02.011,10.1016/j.tecto.2012.02.011,,,,,"Eastern Taiwan, Tananao metamorphic complex",Taiwan_coastal_margin,E3b_Cathaysia_coast_affinity_reference,AFFINITY_REFERENCE_CHALLENGE_ONLY,METAMORPHIC_BASEMENT_OR_METASEDIMENT,METAMORPHIC_BASEMENT_OR_METASEDIMENT,METAMORPHIC_BASEMENT_OR_METASEDIMENT,Tananao metasedimentary schist,Tananao metasedimentary schist,,不适用或未解析,24,24,24,24,e75a0d79d4a77a16ac147e30b57650af424d99b478becc24d33eb8e17741e89d,5b56f7d2e2c760b5501704513dd0a070efa10c97e7ad2f997662b403c11a1aac,False,False,False,EXTERNAL_REFERENCE,转 external reference,Cathaysia/Hainan 亲缘参照，不等于 Palawan–PCT 实体。,,,COORDINATES_MISSING; USE_SOURCE_LOCALITY_ONLY,,,,,True
E3,E3::SCS::LI2012_TECTO_06TW07,SCS::LI2012_TECTO_06TW07,06TW07,LI2012_TECTO,10.1016/j.tecto.2012.02.011,10.1016/j.tecto.2012.02.011,,,,,"Eastern Taiwan, Tananao metamorphic complex",Taiwan_coastal_margin,E3b_Cathaysia_coast_affinity_reference,AFFINITY_REFERENCE_CHALLENGE_ONLY,METAMORPHIC_BASEMENT_OR_METASEDIMENT,METAMORPHIC_BASEMENT_OR_METASEDIMENT,METAMORPHIC_BASEMENT_OR_METASEDIMENT,Tananao metasedimentary schist,Tananao metasedimentary schist,,不适用或未解析,63,63,63,59,226396b31de7e3bfebd00d74275d9eaf1ecdff6d8911de59a5652a05926071ae,5d036061f8c2a75d5072e1508543fff76f50e0a23cb2eba8cf46847d6cda6388,False,False,False,EXTERNAL_REFERENCE,转 external reference,Cathaysia/Hainan 亲缘参照，不等于 Palawan–PCT 实体。,,,COORDINATES_MISSING; USE_SOURCE_LOCALITY_ONLY,,,,,True
E3,E3::SCS::SUGGATE2014_PAL-5,SCS::SUGGATE2014_PAL-5,PAL-5,SUGGATE2014,10.1016/j.gr.2013.07.006,10.1016/j.gr.2013.07.006,,,,,NPCT,PCT,E3a_Palawan_Mindoro_core,MAIN_TRAIN_CANDIDATE,SEDIMENTARY_DETRITAL,SEDIMENTARY_DETRITAL,SEDIMENTARY_DETRITAL,Babuyan River turbidites,Babuyan River turbidites,unknown,沉积岩；具体沉积相未系统提取，不能据空值推断,118,118,118,0,338293e95f304747754446dd169557c9ded53e658c317a5490cb63193b88928b,b9bc49f2543c338656d60f299d29cf9dd0584a0bb945489243a034f3be5f3cdf,True,True,True,KEEP_MAIN,保留进入主训练,Palawan–PCT 本体的沉积碎屑或现代河砂；内部混合不等于标签错误。,,,COORDINATES_MISSING; USE_SOURCE_LOCALITY_ONLY,,,,,True
E3,E3::SCS::SUGGATE2014_PAL-21,SCS::SUGGATE2014_PAL-21,PAL-21,SUGGATE2014,10.1016/j.gr.2013.07.006,10.1016/j.gr.2013.07.006,,,,,NPCT,PCT,E3a_Palawan_Mindoro_core,MAIN_TRAIN_CANDIDATE,METAMORPHIC_BASEMENT_OR_METASEDIMENT,METAMORPHIC_BASEMENT_OR_METASEDIMENT,METAMORPHIC_BASEMENT_OR_METASEDIMENT,Caramay Schist,Caramay Schist,published_formation_age_literature,不适用或未解析,119,119,119,0,76628a63779cd99daa04f7e65331f5555261cb3319ea01b3b2bf241d0c603615,bfcc3601e25f47cc74a132a040f37d5ccbb1c18e647118895585984e8c6ff380,True,False,False,EXTERNAL_REFERENCE,转 external reference,PCT 基岩/变质岩，主训练坚持仅碎屑材料；作为敏感性参照。,,,COORDINATES_MISSING; USE_SOURCE_LOCALITY_ONLY,,,,,True
E3,E3::SCS::SUGGATE2014_PAL-55,SCS::SUGGATE2014_PAL-55,PAL-55,SUGGATE2014,10.1016/j.gr.2013.07.006,10.1016/j.gr.2013.07.006,,,,,SPT,PCT,E3d_South_Palawan_Sabah_sensitivity,SENSITIVITY_ONLY,SEDIMENTARY_DETRITAL,SEDIMENTARY_DETRITAL,SEDIMENTARY_DETRITAL,South Palawan Terrane sandstone,South Palawan Terrane sandstone,published_formation_age_literature,沉积岩；具体沉积相未系统提取，不能据空值推断,100,100,100,0,6593b0b90075a0bbc59e527640f483740746394ff9a5f33092a1d4000f3af898,36054aa3fdfa2eafef0709dcc2e978817967c10bc75bdc84d725eb0452b05cf1,False,False,False,CHALLENGE_ONLY,转 challenge_only,原库已标挑战/敏感性，不是严格 Palawan–PCT 主训练。,,,COORDINATES_MISSING; USE_SOURCE_LOCALITY_ONLY,,,,,True
E3,E3::SCS::SUGGATE2014_PAL-8,SCS::SUGGATE2014_PAL-8,PAL-8,SUGGATE2014,10.1016/j.gr.2013.07.006,10.1016/j.gr.2013.07.006,,,,,NPCT,PCT,E3a_Palawan_Mindoro_core,MAIN_TRAIN_CANDIDATE,SEDIMENTARY_DETRITAL,SEDIMENTARY_DETRITAL,SEDIMENTARY_DETRITAL,PAL-8 sandstone (NPCT),PAL-8 sandstone (NPCT),unknown,沉积岩；具体沉积相未系统提取，不能据空值推断,53,53,53,0,f38588e63644779c5ed93d35e280d4caf53600aa3ef08b72261ab943306b3ed2,350a0da0c0b96c0b961072a40851d2c1adc6c368b3e1e2aed71864880c7fb9e7,True,True,True,KEEP_MAIN,保留进入主训练,Palawan–PCT 本体的沉积碎屑或现代河砂；内部混合不等于标签错误。,,,COORDINATES_MISSING; USE_SOURCE_LOCALITY_ONLY,,,,,True
E3,E3::SCS::SUGGATE2014_PAL-33,SCS::SUGGATE2014_PAL-33,PAL-33,SUGGATE2014,10.1016/j.gr.2013.07.006,10.1016/j.gr.2013.07.006,,,,,NPCT,PCT,E3a_Palawan_Mindoro_core,MAIN_TRAIN_CANDIDATE,IGNEOUS_OR_VOLCANIC_BEDROCK,IGNEOUS_OR_VOLCANIC_BEDROCK,IGNEOUS_OR_VOLCANIC_BEDROCK,Mount Capoas granite,Mount Capoas granite,published_formation_age_literature,不适用或未解析,61,61,61,0,82a32a0e6e81f309c7b6de547ea88b1161013d96d38cef1955317ac54bd84125,809f8dbb166ca2c1e0b0104e181d816ccbdaf3d0f52e0e6d5e8f791616edd0d8,True,False,False,EXTERNAL_REFERENCE,转 external reference,PCT 基岩/变质岩，主训练坚持仅碎屑材料；作为敏感性参照。,,,COORDINATES_MISSING; USE_SOURCE_LOCALITY_ONLY,,,,,True
E3,E3::SCS::SUGGATE2014_PAL-30,SCS::SUGGATE2014_PAL-30,PAL-30,SUGGATE2014,10.1016/j.gr.2013.07.006,10.1016/j.gr.2013.07.006,,,,,NPCT,PCT,E3a_Palawan_Mindoro_core,MAIN_TRAIN_CANDIDATE,IGNEOUS_OR_VOLCANIC_BEDROCK,IGNEOUS_OR_VOLCANIC_BEDROCK,IGNEOUS_OR_VOLCANIC_BEDROCK,Bay Peak granite,Bay Peak granite,published_formation_age_literature,不适用或未解析,92,92,92,0,60760f0c3cb20efceb994b1b946904a4c6ebd748817ffd4fab8619ff96baca6e,0ed08ed324560f513a5173f76b0a269c5829774d26abc276b2a0b5b6228c1609,True,False,False,EXTERNAL_REFERENCE,转 external reference,PCT 基岩/变质岩，主训练坚持仅碎屑材料；作为敏感性参照。,,,COORDINATES_MISSING; USE_SOURCE_LOCALITY_ONLY,,,,,True
E3,E3::SCS::KNITTEL2026_MIN17A,SCS::KNITTEL2026_MIN17A,MIN17-A,KNITTEL2026,10.3390/geosciences16010017,10.3390/geosciences16010017,,,,,Mindoro (Northern Creeks / Rivers),PCT,E3a_Palawan_Mindoro_core,MAIN_TRAIN_CANDIDATE,MODERN_RIVER_OR_SAND,MODERN_RIVER_OR_SAND,MODERN_RIVER_OR_SAND,unit unresolved (see source table),unit unresolved (see source table),unknown,现代河流/河砂（来源材料字段）；具体流域待原文复核,42,42,42,0,dd10742a41b94374d7a77b127fcbb6ba1cf71d5ced20d4dc1ea951ada3d4ede5,a25c4dae56c2791c0e633eb54f3e0ed3a50767d9e1aed1e95a8d5c889cfc70cf,True,True,True,KEEP_MAIN,保留进入主训练,Palawan–PCT 本体的沉积碎屑或现代河砂；内部混合不等于标签错误。,,,COORDINATES_MISSING; USE_SOURCE_LOCALITY_ONLY,,,,,True
E3,E3::SCS::KNITTEL2026_MIN19,SCS::KNITTEL2026_MIN19,MIN19,KNITTEL2026,10.3390/geosciences16010017,10.3390/geosciences16010017,,,,,Mindoro (Northern Creeks / Rivers),PCT,E3a_Palawan_Mindoro_core,MAIN_TRAIN_CANDIDATE,MODERN_RIVER_OR_SAND,MODERN_RIVER_OR_SAND,MODERN_RIVER_OR_SAND,unit unresolved (see source table),unit unresolved (see source table),unknown,现代河流/河砂（来源材料字段）；具体流域待原文复核,37,36,36,0,daad1f1537c99feb2431cd757ef35a1b4ca695cf13e9752ae5a35c6f2445dcdd,798f1d5ca594a635c03b0085c159cc63f14972d318532b501a348567df02c031,True,True,True,KEEP_MAIN,保留进入主训练,Palawan–PCT 本体的沉积碎屑或现代河砂；内部混合不等于标签错误。,Grain table analysis_use_flag governs actual valid-age count; inspect discrepancy. ,,COORDINATES_MISSING; USE_SOURCE_LOCALITY_ONLY,,MANIFEST_GRAIN_VALID_COUNT_MISMATCH,,,True
E3,E3::SCS::KNITTEL2026_MIN20A,SCS::KNITTEL2026_MIN20A,MIN20-A,KNITTEL2026,10.3390/geosciences16010017,10.3390/geosciences16010017,,,,,Mindoro (Northern Creeks / Rivers),PCT,E3a_Palawan_Mindoro_core,MAIN_TRAIN_CANDIDATE,MODERN_RIVER_OR_SAND,MODERN_RIVER_OR_SAND,MODERN_RIVER_OR_SAND,unit unresolved (see source table),unit unresolved (see source table),unknown,现代河流/河砂（来源材料字段）；具体流域待原文复核,49,49,49,0,ccd5d08f9c30f56d24244230f27f15b110267f88c2cb940f09cac0b869c8f95a,b598625760952bc79fcf82c418148b7a066f05246d947fb3563ce213de75d3d0,True,True,True,KEEP_MAIN,保留进入主训练,Palawan–PCT 本体的沉积碎屑或现代河砂；内部混合不等于标签错误。,,,COORDINATES_MISSING; USE_SOURCE_LOCALITY_ONLY,,,,,True
E3,E3::SCS::KNITTEL2026_MN32D,SCS::KNITTEL2026_MN32D,MN32D,KNITTEL2026,10.3390/geosciences16010017,10.3390/geosciences16010017,,,,,Mindoro (Northern Creeks / Rivers),PCT,E3a_Palawan_Mindoro_core,MAIN_TRAIN_CANDIDATE,MODERN_RIVER_OR_SAND,MODERN_RIVER_OR_SAND,MODERN_RIVER_OR_SAND,unit unresolved (see source table),unit unresolved (see source table),unknown,现代河流/河砂（来源材料字段）；具体流域待原文复核,4,4,4,0,27d48c218c40fb288f94af471ec39d6a5c2d549d16bcec2ba79f04ee1d846ecc,6f523101785d7b145b6a3d89391784630c10353206ff77c60e8ea580cce1d663,True,True,True,KEEP_MAIN,保留进入主训练,Palawan–PCT 本体的沉积碎屑或现代河砂；内部混合不等于标签错误。,,,COORDINATES_MISSING; USE_SOURCE_LOCALITY_ONLY,,,,,True
E3,E3::SCS::KNITTEL2026_MN35A,SCS::KNITTEL2026_MN35A,MN35A,KNITTEL2026,10.3390/geosciences16010017,10.3390/geosciences16010017,,,,,Mindoro (Northern Creeks / Rivers),PCT,E3a_Palawan_Mindoro_core,MAIN_TRAIN_CANDIDATE,MODERN_RIVER_OR_SAND,MODERN_RIVER_OR_SAND,MODERN_RIVER_OR_SAND,unit unresolved (see source table),unit unresolved (see source table),unknown,现代河流/河砂（来源材料字段）；具体流域待原文复核,40,40,40,0,85726659fbd3de92c6d352ccf4fa6b2bcee10446fd556e4b53bd2b4af735f5f1,2a03ebaf9eccbdfe2e0ed7f1bed20911a5a2e20380202710ac6890a82ea92872,True,False,False,HOLD_VERIFY,存疑待核实,MIN35A/MIN35-A/MN35A 跨文献别名或物理样品同一性未核实；不能计作3个独立样品。,,POSSIBLE_CROSS_STUDY_ALIAS,COORDINATES_MISSING; USE_SOURCE_LOCALITY_ONLY,,,YES,,True
E3,E3::SCS::KNITTEL2026_MIN35A,SCS::KNITTEL2026_MIN35A,MIN35-A,KNITTEL2026,10.3390/geosciences16010017,10.3390/geosciences16010017,,,,,Mindoro (Northern Creeks / Rivers),PCT,E3a_Palawan_Mindoro_core,MAIN_TRAIN_CANDIDATE,MODERN_RIVER_OR_SAND,MODERN_RIVER_OR_SAND,MODERN_RIVER_OR_SAND,unit unresolved (see source table),unit unresolved (see source table),unknown,现代河流/河砂（来源材料字段）；具体流域待原文复核,5,5,5,0,65c14cf71a4da669d14a197b7d256ee913168738f7f6edbbbcb3715e7d2e539c,e381e03f6f53152875aaa43b78741cc57a3050ba93bd6f78ef105ad01ed236d0,True,False,False,HOLD_VERIFY,存疑待核实,MIN35A/MIN35-A/MN35A 跨文献别名或物理样品同一性未核实；不能计作3个独立样品。,,POSSIBLE_CROSS_STUDY_ALIAS,COORDINATES_MISSING; USE_SOURCE_LOCALITY_ONLY,,,YES,,True
E3,E3::SCS::KNITTEL2026_MIN40A,SCS::KNITTEL2026_MIN40A,MIN40-A,KNITTEL2026,10.3390/geosciences16010017,10.3390/geosciences16010017,,,,,Mindoro (Northern Creeks / Rivers),PCT,E3a_Palawan_Mindoro_core,MAIN_TRAIN_CANDIDATE,MODERN_RIVER_OR_SAND,MODERN_RIVER_OR_SAND,MODERN_RIVER_OR_SAND,unit unresolved (see source table),unit unresolved (see source table),unknown,现代河流/河砂（来源材料字段）；具体流域待原文复核,32,32,32,0,d7cbccbf40608cdea77a3f0e7141b34612415d526d94c5a37874d6b0cd7180c9,26bf88cac44d597cc9ea31b4607121f29c58a9731b7ffda113efa867dfb2b58d,True,True,True,KEEP_MAIN,保留进入主训练,Palawan–PCT 本体的沉积碎屑或现代河砂；内部混合不等于标签错误。,,,COORDINATES_MISSING; USE_SOURCE_LOCALITY_ONLY,,,,,True
E3,E3::SCS::KNITTEL2026_MIN41,SCS::KNITTEL2026_MIN41,MIN41,KNITTEL2026,10.3390/geosciences16010017,10.3390/geosciences16010017,,,,,Mindoro (Northern Creeks / Rivers),PCT,E3a_Palawan_Mindoro_core,MAIN_TRAIN_CANDIDATE,MODERN_RIVER_OR_SAND,MODERN_RIVER_OR_SAND,MODERN_RIVER_OR_SAND,unit unresolved (see source table),unit unresolved (see source table),unknown,现代河流/河砂（来源材料字段）；具体流域待原文复核,65,65,65,0,e8b38e9a1e4d3ca8909528a709f9f197906f4960d3446f87f3a47f9414cb6666,e9f596c65308d18fd1fb94399a0d3d11d8e5849fc24f56b8f6b0c18851302107,True,True,True,KEEP_MAIN,保留进入主训练,Palawan–PCT 本体的沉积碎屑或现代河砂；内部混合不等于标签错误。,,,COORDINATES_MISSING; USE_SOURCE_LOCALITY_ONLY,,,,,True
E3,E3::SCS::KNITTEL2026_MIN12C,SCS::KNITTEL2026_MIN12C,MIN12-C,KNITTEL2026,10.3390/geosciences16010017,10.3390/geosciences16010017,,,,,Mindoro (PCT),PCT,E3a_Palawan_Mindoro_core,MAIN_TRAIN_CANDIDATE,SEDIMENTARY_DETRITAL,SEDIMENTARY_DETRITAL,SEDIMENTARY_DETRITAL,Lasala Fm. clastic unit,Lasala Fm. clastic unit,published_formation_age_literature,沉积岩；具体沉积相未系统提取，不能据空值推断,1,1,1,0,829f14aeeba2d084489beb864110fdba470a1b20118aef849bf0610b1f34f519,ed93c8ae8b5d5b37037205a876edf2e0dc13a5348754fc65fca93537a26f58ad,True,True,True,KEEP_MAIN,保留进入主训练,Palawan–PCT 本体的沉积碎屑或现代河砂；内部混合不等于标签错误。,"Knittel2026 reports NW Mindoro exposure formation assignment uncertain; domain=PCT, stratigraphy uncertain. ",,COORDINATES_MISSING; USE_SOURCE_LOCALITY_ONLY,,,,https://www.mdpi.com/2076-3263/16/1/17,True
E3,E3::SCS::KNITTEL2026_MIN12B,SCS::KNITTEL2026_MIN12B,MIN12-B,KNITTEL2026,10.3390/geosciences16010017,10.3390/geosciences16010017,,,,,Mindoro (PCT),PCT,E3a_Palawan_Mindoro_core,MAIN_TRAIN_CANDIDATE,SEDIMENTARY_DETRITAL,SEDIMENTARY_DETRITAL,SEDIMENTARY_DETRITAL,Lasala Fm. clastic unit,Lasala Fm. clastic unit,published_formation_age_literature,沉积岩；具体沉积相未系统提取，不能据空值推断,71,71,71,0,d7402446fe36ac055d82681c1c0581e515990c15479e8fb2b2bbc492876a364a,878285ee6d8021a6ce60f7fe8167981d405ca1d73d7fc73797c776aeaf63cbf9,True,True,True,KEEP_MAIN,保留进入主训练,Palawan–PCT 本体的沉积碎屑或现代河砂；内部混合不等于标签错误。,,,COORDINATES_MISSING; USE_SOURCE_LOCALITY_ONLY,,,,,True
E3,E3::SCS::KNITTEL2026_MIN13,SCS::KNITTEL2026_MIN13,MIN13,KNITTEL2026,10.3390/geosciences16010017,10.3390/geosciences16010017,,,,,Mindoro (PCT),PCT,E3a_Palawan_Mindoro_core,MAIN_TRAIN_CANDIDATE,SEDIMENTARY_DETRITAL,SEDIMENTARY_DETRITAL,SEDIMENTARY_DETRITAL,Lasala Fm. clastic unit,Lasala Fm. clastic unit,published_formation_age_literature,沉积岩；具体沉积相未系统提取，不能据空值推断,101,101,101,0,982ac1c5f454bc958beb050c64c71fd29779ed8f2a70d9fd4b6c662551073949,6e2993fd5a3226ee78f0f749ac863983a10abb66e4ec5f6b8ad4be5400e6fa1a,True,True,True,KEEP_MAIN,保留进入主训练,Palawan–PCT 本体的沉积碎屑或现代河砂；内部混合不等于标签错误。,"Knittel2026 reports NW Mindoro exposure formation assignment uncertain; domain=PCT, stratigraphy uncertain. ",,COORDINATES_MISSING; USE_SOURCE_LOCALITY_ONLY,,,,https://www.mdpi.com/2076-3263/16/1/17,True
E3,E3::SCS::YAN2018_P-06,SCS::YAN2018_P-06,P-06,YAN2018,10.1002/2017TC004942,10.1002/2017tc004942,,,,,Mindoro (PCT),PCT,E3a_Palawan_Mindoro_core,MAIN_TRAIN_CANDIDATE,SEDIMENTARY_DETRITAL,SEDIMENTARY_DETRITAL,SEDIMENTARY_DETRITAL,Cenozoic clastic sequence,Cenozoic clastic sequence,author_chronostratigraphy,沉积岩；具体沉积相未系统提取，不能据空值推断,95,95,95,94,c429353a56ed4ef370884d0a647a16f5ab40e37959b49f9d9d23974826fb9f5a,a8e3797629b8bafedc15320313f7b2a329592643096cea1c0d3e84a162755ac8,True,True,True,KEEP_MAIN,保留进入主训练,Palawan–PCT 本体的沉积碎屑或现代河砂；内部混合不等于标签错误。,,,COORDINATES_MISSING; USE_SOURCE_LOCALITY_ONLY,,,,,True
E3,E3::SCS::YAN2018_S-03-2,SCS::YAN2018_S-03-2,S-03-2,YAN2018,10.1002/2017TC004942,10.1002/2017tc004942,,,,,Mindoro (PCT),PCT,E3a_Palawan_Mindoro_core,MAIN_TRAIN_CANDIDATE,SEDIMENTARY_DETRITAL,SEDIMENTARY_DETRITAL,SEDIMENTARY_DETRITAL,Cenozoic clastic sequence,Cenozoic clastic sequence,author_chronostratigraphy,沉积岩；具体沉积相未系统提取，不能据空值推断,92,92,92,86,a2fb1ea70fe96c4000d4bc2291dcfbb7433fc466e974108151b37a69c1b23add,44f7dc0316b75b945409afec617aefaff39473813698f197069126edc8fd1663,True,True,True,KEEP_MAIN,保留进入主训练,Palawan–PCT 本体的沉积碎屑或现代河砂；内部混合不等于标签错误。,,,COORDINATES_MISSING; USE_SOURCE_LOCALITY_ONLY,,,,,True
E3,E3::SCS::YAN2018_S-04-1,SCS::YAN2018_S-04-1,S-04-1,YAN2018,10.1002/2017TC004942,10.1002/2017tc004942,,,,,Mindoro (PCT),PCT,E3a_Palawan_Mindoro_core,MAIN_TRAIN_CANDIDATE,SEDIMENTARY_DETRITAL,SEDIMENTARY_DETRITAL,SEDIMENTARY_DETRITAL,Cenozoic clastic sequence,Cenozoic clastic sequence,author_chronostratigraphy,沉积岩；具体沉积相未系统提取，不能据空值推断,87,87,87,87,38996b85fc9e1201a075998a324576cff8beb016c5c6abf6e120e3dc0a34e9de,94ee2ccf522720f4fd67d633e4f827e1cd544a012259adac238f0bc1e8f40e31,True,True,True,KEEP_MAIN,保留进入主训练,Palawan–PCT 本体的沉积碎屑或现代河砂；内部混合不等于标签错误。,,,COORDINATES_MISSING; USE_SOURCE_LOCALITY_ONLY,,,,,True
E3,E3::SCS::YAN2018_S-04-3,SCS::YAN2018_S-04-3,S-04-3,YAN2018,10.1002/2017TC004942,10.1002/2017tc004942,,,,,Mindoro (PCT),PCT,E3a_Palawan_Mindoro_core,MAIN_TRAIN_CANDIDATE,SEDIMENTARY_DETRITAL,SEDIMENTARY_DETRITAL,SEDIMENTARY_DETRITAL,Cenozoic clastic sequence,Cenozoic clastic sequence,author_chronostratigraphy,沉积岩；具体沉积相未系统提取，不能据空值推断,92,92,92,89,48e335f85569691fb41ddb30ffb25973758edc34346ebf4eeb3bf5f3b7c5ede1,38c994b30342a12c1bde66ae97f84ca3174dcd2aef9aa4c2c062497fcbd272ce,True,True,True,KEEP_MAIN,保留进入主训练,Palawan–PCT 本体的沉积碎屑或现代河砂；内部混合不等于标签错误。,,,COORDINATES_MISSING; USE_SOURCE_LOCALITY_ONLY,,,,,True
E3,E3::SCS::YAN2018_S-04-4,SCS::YAN2018_S-04-4,S-04-4,YAN2018,10.1002/2017TC004942,10.1002/2017tc004942,,,,,Mindoro (PCT),PCT,E3a_Palawan_Mindoro_core,MAIN_TRAIN_CANDIDATE,SEDIMENTARY_DETRITAL,SEDIMENTARY_DETRITAL,SEDIMENTARY_DETRITAL,Cenozoic clastic sequence,Cenozoic clastic sequence,author_chronostratigraphy,沉积岩；具体沉积相未系统提取，不能据空值推断,91,91,91,90,ee3d09a444f31627b34e780d6951041d78ede29432c42b65cc23b6caf48e6dc9,0916f8854f27e490e02d985aab82f892add94fabcc05d8c249528df55d96bf98,True,True,True,KEEP_MAIN,保留进入主训练,Palawan–PCT 本体的沉积碎屑或现代河砂；内部混合不等于标签错误。,,,COORDINATES_MISSING; USE_SOURCE_LOCALITY_ONLY,,,,,True
E3,E3::SCS::YAN2018_AB-02f,SCS::YAN2018_AB-02f,AB-02f,YAN2018,10.1002/2017TC004942,10.1002/2017tc004942,,,,,Palawan (PCT),PCT,E3a_Palawan_Mindoro_core,MAIN_TRAIN_CANDIDATE,SEDIMENTARY_DETRITAL,SEDIMENTARY_DETRITAL,SEDIMENTARY_DETRITAL,Cenozoic clastic sequence,Cenozoic clastic sequence,author_chronostratigraphy,沉积岩；具体沉积相未系统提取，不能据空值推断,70,70,70,0,02f8605186a8c99c4f90df6cf049b796a3f9372c5729f956e1a2b878e79137c1,6124b9d4ba34f242b35697301d95b5d76d583f272cde42f32fc0d2ce0b844c4e,True,True,True,KEEP_MAIN,保留进入主训练,Palawan–PCT 本体的沉积碎屑或现代河砂；内部混合不等于标签错误。,,,COORDINATES_MISSING; USE_SOURCE_LOCALITY_ONLY,,,,,True
E3,E3::SCS::YAN2018_QU-26,SCS::YAN2018_QU-26,QU-26,YAN2018,10.1002/2017TC004942,10.1002/2017tc004942,,,,,Palawan (PCT),PCT,E3a_Palawan_Mindoro_core,MAIN_TRAIN_CANDIDATE,SEDIMENTARY_DETRITAL,SEDIMENTARY_DETRITAL,SEDIMENTARY_DETRITAL,Cenozoic clastic sequence,Cenozoic clastic sequence,author_chronostratigraphy,沉积岩；具体沉积相未系统提取，不能据空值推断,115,115,115,0,5f0ec1bd27d73220542046dc23641ed04b0d5b665ec9588474003bf2db117ba5,82d6ace967b5feacd9d7fd02a079bd5dc0b87e077ed94ce3c9417d0d6052a602,True,True,True,KEEP_MAIN,保留进入主训练,Palawan–PCT 本体的沉积碎屑或现代河砂；内部混合不等于标签错误。,,,COORDINATES_MISSING; USE_SOURCE_LOCALITY_ONLY,,,,,True
E3,E3::SCS::WALIA2018_PL_01,SCS::WALIA2018_PL_01,PL-01,WALIA2018,10.3319/TAO.2018.02.23.01,10.3319/tao.2018.02.23.01,,,,,Palawan,PCT,E3a_Palawan_Mindoro_core,MAIN_TRAIN_CANDIDATE,SEDIMENTARY_DETRITAL,SEDIMENTARY_DETRITAL,,,,,沉积岩；具体沉积相未系统提取，不能据空值推断,0,0,0,8,,,True,False,False,EXTERNAL_REFERENCE,转 external reference,Hf-only，无可用 U–Pb 年龄谱；保留 Hf 参考。,,,COORDINATES_MISSING; USE_SOURCE_LOCALITY_ONLY,,,,,True
E3,E3::SCS::WALIA2018_PL_02,SCS::WALIA2018_PL_02,PL-02,WALIA2018,10.3319/TAO.2018.02.23.01,10.3319/tao.2018.02.23.01,,,,,Palawan,PCT,E3a_Palawan_Mindoro_core,MAIN_TRAIN_CANDIDATE,SEDIMENTARY_DETRITAL,SEDIMENTARY_DETRITAL,,,,,沉积岩；具体沉积相未系统提取，不能据空值推断,0,0,0,12,,,True,False,False,EXTERNAL_REFERENCE,转 external reference,Hf-only，无可用 U–Pb 年龄谱；保留 Hf 参考。,,,COORDINATES_MISSING; USE_SOURCE_LOCALITY_ONLY,,,,,True
E3,E3::SCS::WALIA2018_PL_05,SCS::WALIA2018_PL_05,PL-05,WALIA2018,10.3319/TAO.2018.02.23.01,10.3319/tao.2018.02.23.01,,,,,Palawan,PCT,E3a_Palawan_Mindoro_core,MAIN_TRAIN_CANDIDATE,SEDIMENTARY_DETRITAL,SEDIMENTARY_DETRITAL,,,,,沉积岩；具体沉积相未系统提取，不能据空值推断,0,0,0,19,,,True,False,False,EXTERNAL_REFERENCE,转 external reference,Hf-only，无可用 U–Pb 年龄谱；保留 Hf 参考。,,,COORDINATES_MISSING; USE_SOURCE_LOCALITY_ONLY,,,,,True
E3,E3::SCS::WALIA2018_PL_10,SCS::WALIA2018_PL_10,PL-10,WALIA2018,10.3319/TAO.2018.02.23.01,10.3319/tao.2018.02.23.01,,,,,Palawan,PCT,E3a_Palawan_Mindoro_core,MAIN_TRAIN_CANDIDATE,SEDIMENTARY_DETRITAL,SEDIMENTARY_DETRITAL,,,,,沉积岩；具体沉积相未系统提取，不能据空值推断,0,0,0,23,,,True,False,False,EXTERNAL_REFERENCE,转 external reference,Hf-only，无可用 U–Pb 年龄谱；保留 Hf 参考。,,,COORDINATES_MISSING; USE_SOURCE_LOCALITY_ONLY,,,,,True
E3,E3::SCS::WALIA2018_PN_01,SCS::WALIA2018_PN_01,PN-01,WALIA2018,10.3319/TAO.2018.02.23.01,10.3319/tao.2018.02.23.01,,,,,Panay,PCT,E3c_Panay_challenge,CHALLENGE_ONLY,SEDIMENTARY_DETRITAL,SEDIMENTARY_DETRITAL,,,,,沉积岩；具体沉积相未系统提取，不能据空值推断,0,0,0,6,,,False,False,False,CHALLENGE_ONLY,转 challenge_only,原库已标挑战/敏感性，不是严格 Palawan–PCT 主训练。,,,COORDINATES_MISSING; USE_SOURCE_LOCALITY_ONLY,,,,,True
E3,E3::SCS::WALIA2018_PN_7B,SCS::WALIA2018_PN_7B,PN-7B,WALIA2018,10.3319/TAO.2018.02.23.01,10.3319/tao.2018.02.23.01,,,,,Panay,PCT,E3c_Panay_challenge,CHALLENGE_ONLY,SEDIMENTARY_DETRITAL,SEDIMENTARY_DETRITAL,,,,,沉积岩；具体沉积相未系统提取，不能据空值推断,0,0,0,15,,,False,False,False,CHALLENGE_ONLY,转 challenge_only,原库已标挑战/敏感性，不是严格 Palawan–PCT 主训练。,,,COORDINATES_MISSING; USE_SOURCE_LOCALITY_ONLY,,,,,True
E3,E3::SCS::WALIA2018_TABL,SCS::WALIA2018_TABL,TABL,WALIA2018,10.3319/TAO.2018.02.23.01,10.3319/tao.2018.02.23.01,,,,,Tablas,PCT,E3_PALAWAN_MINDORO_CONTINENTAL_FRAGMENTS,REFERENCE_ONLY,SEDIMENTARY_DETRITAL,SEDIMENTARY_DETRITAL,,,,,沉积岩；具体沉积相未系统提取，不能据空值推断,0,0,0,24,,,False,False,False,EXTERNAL_REFERENCE,转 external reference,非当前 E3a 主训练候选；保留原参照/重复版本角色。,,,COORDINATES_MISSING; USE_SOURCE_LOCALITY_ONLY,,,,,True
