kde_age_0000_Ma,kde_age_0010_Ma,kde_age_0020_Ma,kde_age_0030_Ma,kde_age_0040_Ma,kde_age_0050_Ma,kde_age_0060_Ma,kde_age_0070_Ma,kde_age_0080_Ma,kde_age_0090_Ma,kde_age_0100_Ma,kde_age_0110_Ma,kde_age_0120_Ma,kde_age_0130_Ma,kde_age_0140_Ma,kde_age_0150_Ma,kde_age_0160_Ma,kde_age_0170_Ma,kde_age_0180_Ma,kde_age_0190_Ma,kde_age_0200_Ma,kde_age_0210_Ma,kde_age_0220_Ma,kde_age_0230_Ma,kde_age_0240_Ma,kde_age_0250_Ma,kde_age_0260_Ma,kde_age_0270_Ma,kde_age_0280_Ma,kde_age_0290_Ma,kde_age_0300_Ma,kde_age_0310_Ma,kde_age_0320_Ma,kde_age_0330_Ma,kde_age_0340_Ma,kde_age_0350_Ma,kde_age_0360_Ma,kde_age_0370_Ma,kde_age_0380_Ma,kde_age_0390_Ma,kde_age_0400_Ma,kde_age_0410_Ma,kde_age_0420_Ma,kde_age_0430_Ma,kde_age_0440_Ma,kde_age_0450_Ma,kde_age_0460_Ma,kde_age_0470_Ma,kde_age_0480_Ma,kde_age_0490_Ma,kde_age_0500_Ma,kde_age_0510_Ma,kde_age_0520_Ma,kde_age_0530_Ma,kde_age_0540_Ma,kde_age_0550_Ma,kde_age_0560_Ma,kde_age_0570_Ma,kde_age_0580_Ma,kde_age_0590_Ma,kde_age_0600_Ma,kde_age_0610_Ma,kde_age_0620_Ma,kde_age_0630_Ma,kde_age_0640_Ma,kde_age_0650_Ma,kde_age_0660_Ma,kde_age_0670_Ma,kde_age_0680_Ma,kde_age_0690_Ma,kde_age_0700_Ma,kde_age_0710_Ma,kde_age_0720_Ma,kde_age_0730_Ma,kde_age_0740_Ma,kde_age_0750_Ma,kde_age_0760_Ma,kde_age_0770_Ma,kde_age_0780_Ma,kde_age_0790_Ma,kde_age_0800_Ma,kde_age_0810_Ma,kde_age_0820_Ma,kde_age_0830_Ma,kde_age_0840_Ma,kde_age_0850_Ma,kde_age_0860_Ma,kde_age_0870_Ma,kde_age_0880_Ma,kde_age_0890_Ma,kde_age_0900_Ma,kde_age_0910_Ma,kde_age_0920_Ma,kde_age_0930_Ma,kde_age_0940_Ma,kde_age_0950_Ma,kde_age_0960_Ma,kde_age_0970_Ma,kde_age_0980_Ma,kde_age_0990_Ma,kde_age_1000_Ma,kde_age_1010_Ma,kde_age_1020_Ma,kde_age_1030_Ma,kde_age_1040_Ma,kde_age_1050_Ma,kde_age_1060_Ma,kde_age_1070_Ma,kde_age_1080_Ma,kde_age_1090_Ma,kde_age_1100_Ma,kde_age_1110_Ma,kde_age_1120_Ma,kde_age_1130_Ma,kde_age_1140_Ma,kde_age_1150_Ma,kde_age_1160_Ma,kde_age_1170_Ma,kde_age_1180_Ma,kde_age_1190_Ma,kde_age_1200_Ma,kde_age_1210_Ma,kde_age_1220_Ma,kde_age_1230_Ma,kde_age_1240_Ma,kde_age_1250_Ma,kde_age_1260_Ma,kde_age_1270_Ma,kde_age_1280_Ma,kde_age_1290_Ma,kde_age_1300_Ma,kde_age_1310_Ma,kde_age_1320_Ma,kde_age_1330_Ma,kde_age_1340_Ma,kde_age_1350_Ma,kde_age_1360_Ma,kde_age_1370_Ma,kde_age_1380_Ma,kde_age_1390_Ma,kde_age_1400_Ma,kde_age_1410_Ma,kde_age_1420_Ma,kde_age_1430_Ma,kde_age_1440_Ma,kde_age_1450_Ma,kde_age_1460_Ma,kde_age_1470_Ma,kde_age_1480_Ma,kde_age_1490_Ma,kde_age_1500_Ma,kde_age_1510_Ma,kde_age_1520_Ma,kde_age_1530_Ma,kde_age_1540_Ma,kde_age_1550_Ma,kde_age_1560_Ma,kde_age_1570_Ma,kde_age_1580_Ma,kde_age_1590_Ma,kde_age_1600_Ma,kde_age_1610_Ma,kde_age_1620_Ma,kde_age_1630_Ma,kde_age_1640_Ma,kde_age_1650_Ma,kde_age_1660_Ma,kde_age_1670_Ma,kde_age_1680_Ma,kde_age_1690_Ma,kde_age_1700_Ma,kde_age_1710_Ma,kde_age_1720_Ma,kde_age_1730_Ma,kde_age_1740_Ma,kde_age_1750_Ma,kde_age_1760_Ma,kde_age_1770_Ma,kde_age_1780_Ma,kde_age_1790_Ma,kde_age_1800_Ma,kde_age_1810_Ma,kde_age_1820_Ma,kde_age_1830_Ma,kde_age_1840_Ma,kde_age_1850_Ma,kde_age_1860_Ma,kde_age_1870_Ma,kde_age_1880_Ma,kde_age_1890_Ma,kde_age_1900_Ma,kde_age_1910_Ma,kde_age_1920_Ma,kde_age_1930_Ma,kde_age_1940_Ma,kde_age_1950_Ma,kde_age_1960_Ma,kde_age_1970_Ma,kde_age_1980_Ma,kde_age_1990_Ma,kde_age_2000_Ma,kde_age_2010_Ma,kde_age_2020_Ma,kde_age_2030_Ma,kde_age_2040_Ma,kde_age_2050_Ma,kde_age_2060_Ma,kde_age_2070_Ma,kde_age_2080_Ma,kde_age_2090_Ma,kde_age_2100_Ma,kde_age_2110_Ma,kde_age_2120_Ma,kde_age_2130_Ma,kde_age_2140_Ma,kde_age_2150_Ma,kde_age_2160_Ma,kde_age_2170_Ma,kde_age_2180_Ma,kde_age_2190_Ma,kde_age_2200_Ma,kde_age_2210_Ma,kde_age_2220_Ma,kde_age_2230_Ma,kde_age_2240_Ma,kde_age_2250_Ma,kde_age_2260_Ma,kde_age_2270_Ma,kde_age_2280_Ma,kde_age_2290_Ma,kde_age_2300_Ma,kde_age_2310_Ma,kde_age_2320_Ma,kde_age_2330_Ma,kde_age_2340_Ma,kde_age_2350_Ma,kde_age_2360_Ma,kde_age_2370_Ma,kde_age_2380_Ma,kde_age_2390_Ma,kde_age_2400_Ma,kde_age_2410_Ma,kde_age_2420_Ma,kde_age_2430_Ma,kde_age_2440_Ma,kde_age_2450_Ma,kde_age_2460_Ma,kde_age_2470_Ma,kde_age_2480_Ma,kde_age_2490_Ma,kde_age_2500_Ma,kde_age_2510_Ma,kde_age_2520_Ma,kde_age_2530_Ma,kde_age_2540_Ma,kde_age_2550_Ma,kde_age_2560_Ma,kde_age_2570_Ma,kde_age_2580_Ma,kde_age_2590_Ma,kde_age_2600_Ma,kde_age_2610_Ma,kde_age_2620_Ma,kde_age_2630_Ma,kde_age_2640_Ma,kde_age_2650_Ma,kde_age_2660_Ma,kde_age_2670_Ma,kde_age_2680_Ma,kde_age_2690_Ma,kde_age_2700_Ma,kde_age_2710_Ma,kde_age_2720_Ma,kde_age_2730_Ma,kde_age_2740_Ma,kde_age_2750_Ma,kde_age_2760_Ma,kde_age_2770_Ma,kde_age_2780_Ma,kde_age_2790_Ma,kde_age_2800_Ma,kde_age_2810_Ma,kde_age_2820_Ma,kde_age_2830_Ma,kde_age_2840_Ma,kde_age_2850_Ma,kde_age_2860_Ma,kde_age_2870_Ma,kde_age_2880_Ma,kde_age_2890_Ma,kde_age_2900_Ma,kde_age_2910_Ma,kde_age_2920_Ma,kde_age_2930_Ma,kde_age_2940_Ma,kde_age_2950_Ma,kde_age_2960_Ma,kde_age_2970_Ma,kde_age_2980_Ma,kde_age_2990_Ma,kde_age_3000_Ma,kde_age_3010_Ma,kde_age_3020_Ma,kde_age_3030_Ma,kde_age_3040_Ma,kde_age_3050_Ma,kde_age_3060_Ma,kde_age_3070_Ma,kde_age_3080_Ma,kde_age_3090_Ma,kde_age_3100_Ma,kde_age_3110_Ma,kde_age_3120_Ma,kde_age_3130_Ma,kde_age_3140_Ma,kde_age_3150_Ma,kde_age_3160_Ma,kde_age_3170_Ma,kde_age_3180_Ma,kde_age_3190_Ma,kde_age_3200_Ma,kde_age_3210_Ma,kde_age_3220_Ma,kde_age_3230_Ma,kde_age_3240_Ma,kde_age_3250_Ma,kde_age_3260_Ma,kde_age_3270_Ma,kde_age_3280_Ma,kde_age_3290_Ma,kde_age_3300_Ma,kde_age_3310_Ma,kde_age_3320_Ma,kde_age_3330_Ma,kde_age_3340_Ma,kde_age_3350_Ma,kde_age_3360_Ma,kde_age_3370_Ma,kde_age_3380_Ma,kde_age_3390_Ma,kde_age_3400_Ma,kde_age_3410_Ma,kde_age_3420_Ma,kde_age_3430_Ma,kde_age_3440_Ma,kde_age_3450_Ma,kde_age_3460_Ma,kde_age_3470_Ma,kde_age_3480_Ma,kde_age_3490_Ma,kde_age_3500_Ma,kde_age_3510_Ma,kde_age_3520_Ma,kde_age_3530_Ma,kde_age_3540_Ma,kde_age_3550_Ma,kde_age_3560_Ma,kde_age_3570_Ma,kde_age_3580_Ma,kde_age_3590_Ma,kde_age_3600_Ma,kde_age_3610_Ma,kde_age_3620_Ma,kde_age_3630_Ma,kde_age_3640_Ma,kde_age_3650_Ma,kde_age_3660_Ma,kde_age_3670_Ma,kde_age_3680_Ma,kde_age_3690_Ma,kde_age_3700_Ma,kde_age_3710_Ma,kde_age_3720_Ma,kde_age_3730_Ma,kde_age_3740_Ma,kde_age_3750_Ma,kde_age_3760_Ma,kde_age_3770_Ma,kde_age_3780_Ma,kde_age_3790_Ma,kde_age_3800_Ma,kde_age_3810_Ma,kde_age_3820_Ma,kde_age_3830_Ma,kde_age_3840_Ma,kde_age_3850_Ma,kde_age_3860_Ma,kde_age_3870_Ma,kde_age_3880_Ma,kde_age_3890_Ma,kde_age_3900_Ma,kde_age_3910_Ma,kde_age_3920_Ma,kde_age_3930_Ma,kde_age_3940_Ma,kde_age_3950_Ma,kde_age_3960_Ma,kde_age_3970_Ma,kde_age_3980_Ma,kde_age_3990_Ma,kde_age_4000_Ma,kde_age_4010_Ma,kde_age_4020_Ma,kde_age_4030_Ma,kde_age_4040_Ma,kde_age_4050_Ma,kde_age_4060_Ma,kde_age_4070_Ma,kde_age_4080_Ma,kde_age_4090_Ma,kde_age_4100_Ma,kde_age_4110_Ma,kde_age_4120_Ma,kde_age_4130_Ma,kde_age_4140_Ma,kde_age_4150_Ma,kde_age_4160_Ma,kde_age_4170_Ma,kde_age_4180_Ma,kde_age_4190_Ma,kde_age_4200_Ma,kde_age_4210_Ma,kde_age_4220_Ma,kde_age_4230_Ma,kde_age_4240_Ma,kde_age_4250_Ma,kde_age_4260_Ma,kde_age_4270_Ma,kde_age_4280_Ma,kde_age_4290_Ma,kde_age_4300_Ma,kde_age_4310_Ma,kde_age_4320_Ma,kde_age_4330_Ma,kde_age_4340_Ma,kde_age_4350_Ma,kde_age_4360_Ma,kde_age_4370_Ma,kde_age_4380_Ma,kde_age_4390_Ma,kde_age_4400_Ma,kde_age_4410_Ma,kde_age_4420_Ma,kde_age_4430_Ma,kde_age_4440_Ma,kde_age_4450_Ma,kde_age_4460_Ma,kde_age_4470_Ma,kde_age_4480_Ma,kde_age_4490_Ma,kde_age_4500_Ma,kde_age_4510_Ma,kde_age_4520_Ma,kde_age_4530_Ma,kde_age_4540_Ma,kde_age_4550_Ma,kde_age_4560_Ma,kde_age_4570_Ma,kde_age_4580_Ma,kde_age_4590_Ma,kde_age_4600_Ma
8.79055833e-08,8.16028603e-07,4.28101703e-06,1.72010459e-05,5.46624433e-05,0.000138611562,0.000283469184,0.000473694468,0.000658198434,0.000780354196,0.000824096147,0.00083667686,0.000894739642,0.00103486958,0.00121312484,0.00133720716,0.00133808912,0.00121853664,0.00105372583,0.000957503216,0.00103141263,0.00131257717,0.00172813213,0.00209367997,0.00219947495,0.00195445167,0.00145857781,0.000921951199,0.000518023677,0.000301644293,0.000227483906,0.000219234556,0.000235023195,0.000287574745,0.000402004225,0.000557065709,0.000679395627,0.000711396104,0.000683258986,0.00070268783,0.000873032084,0.00121271855,0.0016304832,0.00196003611,0.00204686844,0.00184791768,0.00146494736,0.00107277685,0.000800773269,0.0006707547,0.00062991411,0.000621289364,0.000614130986,0.000584608351,0.000506862591,0.000378452445,0.000234394756,0.000121591744,6.49196954e-05,6.32149677e-05,9.98440883e-05,0.000148100327,0.000175652589,0.000162960554,0.000117743453,6.62548118e-05,2.90351763e-05,9.90964145e-06,2.70625333e-06,1.16072715e-06,3.26139775e-06,1.28020101e-05,4.07986881e-05,0.000102174228,0.000203350748,0.000328189635,0.000446060119,0.000543919276,0.000638149504,0.000742487086,0.00083731534,0.000884430308,0.000860313245,0.000768202997,0.000631439092,0.000489155762,0.000387551903,0.000358595571,0.000397028722,0.000460854557,0.000500103459,0.00049234787,0.000454614696,0.000424059457,0.000424400292,0.00044682197,0.00045768125,0.000430287648,0.000375054282,0.000329378672,0.000315145619,0.000317303406,0.000304416491,0.000258837768,0.000188581907,0.000120625475,8.36596882e-05,9.30854803e-05,0.000145648461,0.000222266986,0.000298694358,0.000356603996,0.00038447461,0.000371577451,0.000313578057,0.00022440507,0.000134237576,7.15004862e-05,5.04980962e-05,7.41171025e-05,0.000138258474,0.000228971156,0.000321160944,0.000388111308,0.00041450822,0.000403342769,0.000376725453,0.0003655357,0.00038104158,0.000394277653,0.000361048646,0.000271957484,0.000162995391,7.67785168e-05,2.82323945e-05,8.11390146e-06,1.81720702e-06,3.17153734e-07,0,0,0,0,0,0,0,0,0,0,0,0,0,2.25882133e-07,1.23646703e-06,5.27120028e-06,1.75010009e-05,4.52525055e-05,9.11273601e-05,0.000142916149,0.000174558183,0.000166044876,0.000123009071,7.09700616e-05,3.18889033e-05,1.11591307e-05,3.04121795e-06,6.45492378e-07,1.06699169e-07,0,0,0,0,0,0,0,0,0,9.10277663e-07,5.15173679e-06,2.32122729e-05,8.1716651e-05,0.000226761855,0.000500036869,0.00088448287,0.00127476349,0.0015320715,0.00158143893,0.0014454847,0.00120028527,0.000932622992,0.000722418714,0.000615937228,0.000599529129,0.000612908741,0.000594317971,0.00051405502,0.000382943224,0.00024122886,0.000133434238,8.44041278e-05,9.19340746e-05,0.000132285481,0.000169598614,0.000173144144,0.000138173215,8.59278589e-05,4.16169714e-05,1.56976039e-05,4.6112923e-06,1.05496554e-06,5.11729922e-07,1.68583006e-06,6.83637836e-06,2.15906002e-05,5.31043079e-05,0.000101723468,0.0001517536,0.000176312518,0.00015953416,0.000112421832,6.16984107e-05,2.63708207e-05,8.7780827e-06,2.2756326e-06,4.59442305e-07,7.22414057e-08,0,0,1.87966421e-07,1.05496554e-06,4.76731702e-06,1.65954625e-05,4.56408998e-05,9.99727417e-05,0.000176507194,0.000254758022,0.000306043221,0.000313335884,0.000285499904,0.000251230405,0.000236544365,0.000247886928,0.000283536123,0.000351933821,0.000455853587,0.000560608634,0.000606548099,0.00056457764,0.000461222371,0.000348741363,0.000266923133,0.000227628843,0.00021476332,0.000201025658,0.00017668106,0.000158437149,0.000163183911,0.000180461531,0.000181052965,0.000149451502,0.00010012868,6.16175676e-05,5.43985225e-05,8.1841572e-05,0.000129634878,0.00016903592,0.00017303745,0.000138173215,8.59278589e-05,4.18049385e-05,1.67525704e-05,9.22258459e-06,1.67525704e-05,4.18049385e-05,8.59278589e-05,0.000138173215,0.00017303745,0.000168765153,0.000128189306,7.58310707e-05,3.49356596e-05,1.25347915e-05,3.50260893e-06,7.62241484e-07,1.29187313e-07,0,3.23763516e-07,1.68583006e-06,6.83637836e-06,2.15906002e-05,5.31043079e-05,0.000101723468,0.0001517536,0.000176312518,0.00015953416,0.000112421832,6.16984107e-05,2.63708207e-05,8.7780827e-06,2.2756326e-06,4.59442305e-07,7.22414057e-08,0,0,0,0,0,0,0,0,0,0,0,0,0,0,0,0,0,0,0,0,0,8.79055833e-08,5.4526032e-07,2.63401171e-06,9.90964145e-06,2.90351763e-05,6.62548118e-05,0.000117743453,0.000162960554,0.000175652589,0.000147452796,9.64001811e-05,4.90827697e-05,1.94628628e-05,6.01050078e-06,1.44557634e-06,2.70768254e-07,0,0,0,0,0,0,0,0,0,0,0,0,0,0,0,0,0,0,0,0,0,0,0,0,0,0,0,0,0,0,0,0,0,0,0,0,0,0,0,0,0,0,0,0,0,0,0,0,0,0,0,0,0,0,0,0,0,0,0,0,0,0,0,0,0,0,0,0,0,0,0,0,0,0,0,0,0,0,0,0,0,0,0,0,0,0,0,0,0,0,0,0,0,0,0,0,0,0,0,0,0,0,0,0,0,0,0,0,0,0,0,0,0,0,0,0,0,0,0,0,0,0,0
0,0,3.15942685e-07,3.68815472e-06,2.23282823e-05,9.86569285e-05,0.00034312316,0.000964080333,0.00220580259,0.00413217675,0.00637606392,0.00815594941,0.00873322785,0.00796411466,0.00636735093,0.00464378623,0.00320687215,0.00213792268,0.00142727897,0.0011551769,0.00148480164,0.0024859379,0.0039045068,0.00513289031,0.00554982899,0.00498646451,0.00382307731,0.00262379157,0.00171964627,0.0011217196,0.000708976644,0.00040428419,0.000195096669,7.69438848e-05,2.42527058e-05,6.18491504e-06,2.33052469e-06,5.52487199e-06,1.98912785e-05,5.74436781e-05,0.000130676475,0.000236891283,0.000349477661,0.000433511799,0.000469800783,0.00045565606,0.000395208917,0.000308035233,0.000237612214,0.000224785239,0.000266576477,0.000311409123,0.000304285291,0.000235676198,0.000142702949,6.74080948e-05,2.47980533e-05,7.10476115e-06,1.58528655e-06,2.75481511e-07,0,0,0,0,0,0,0,0,0,0,0,0,0,0,0,0,0,0,0,0,0,0,0,0,0,0,0,0,0,0,0,0,0,0,0,0,0,0,0,0,0,0,0,0,0,0,0,0,0,0,0,0,0,0,0,0,0,0,0,0,0,0,0,0,0,0,0,0,0,0,0,0,0,0,0,0,0,0,0,0,0,0,0,0,0,0,0,0,0,0,0,0,0,0,0,0,0,0,0,0,0,0,0,0,0,0,0,0,0,0,0,0,0,0,0,0,0,0,1.88391169e-07,1.13970009e-06,5.36966309e-06,1.97028876e-05,5.63039757e-05,0.000125306804,0.000217188397,0.000293173653,0.000308204995,0.000252336904,0.000160897122,7.98991459e-05,3.09002789e-05,9.30698479e-06,2.18314221e-06,3.98824085e-07,0,0,0,0,0,0,0,0,0,0,0,0,0,0,0,0,0,0,0,0,0,0,2.75481511e-07,1.58528655e-06,7.10476115e-06,2.47980533e-05,6.74080948e-05,0.000142702949,0.000235277374,0.000302102155,0.000302102155,0.000235277374,0.000142702949,6.74080948e-05,2.47980533e-05,7.10476115e-06,1.58528655e-06,2.75481511e-07,0,0,0,0,0,0,0,0,0,0,0,0,0,0,0,0,0,0,0,0,0,0,0,0,0,0,0,0,0,0,0,0,0,0,0,0,0,0,0,0,0,0,0,0,0,0,0,0,0,0,0,0,0,0,0,0,0,0,0,0,0,0,0,0,0,0,0,0,0,0,0,0,0,0,0,0,0,0,0,0,0,0,0,0,0,0,0,0,0,0,0,0,0,0,0,0,0,0,0,0,0,0,0,0,0,0,0,0,0,0,0,0,0,0,0,0,0,0,0,0,0,0,0,0,0,0,0,0,0,0,0,0,0,0,0,0,0,0,0,0,0,0,0,0,0,0,0,0,0,0,0,0,0,0,0,0,0,0,0,0,0,0,0,0,0,0,0,0,0,0,0,0,0,0,0,0,0,0,0,0,0,0,0,0,0,0,0,0,0,0,0,0,0,0,0,0,0,0,0,0,0,0,0,0,0,0,0,0,0,0,0,0,0,0,0,0,0,0,0,0,0,0,0,0,0,0,0,0,0
0,0,0,1.17863783e-06,6.60722526e-06,2.85322676e-05,9.63957937e-05,0.000259878288,0.000564422226,0.00100250274,0.00147964538,0.00187151565,0.00213947799,0.00238922797,0.00275617163,0.00319015863,0.00341100246,0.00317117199,0.00254809763,0.00189289486,0.00151650805,0.00149485678,0.00171335018,0.00198657694,0.00214174436,0.0020801113,0.0018168987,0.00145260198,0.00109786878,0.000815012434,0.000621275627,0.000512077357,0.00045800666,0.000406237028,0.0003195506,0.000209157675,0.000118476441,8.37390617e-05,0.000121997837,0.00023616392,0.000419356656,0.000660837046,0.000958129705,0.00129551801,0.00159209664,0.00171192409,0.00158586889,0.00130993733,0.0010600168,0.000910673407,0.000791788858,0.000618431426,0.000399519253,0.000205933015,8.36552426e-05,2.80550703e-05,1.35465871e-05,2.6133237e-05,6.94018963e-05,0.000150332373,0.00025413066,0.000334570825,0.000343040505,0.000273923419,0.000170348867,8.27156691e-05,3.23995991e-05,1.51708246e-05,2.4214005e-05,6.35912365e-05,0.000140695585,0.00024450288,0.000332967873,0.000362844468,0.000340831582,0.000338693411,0.000441290875,0.000673754374,0.00096792914,0.0011918376,0.00123256573,0.00107872917,0.000839107786,0.000664491847,0.000639902544,0.000739135605,0.000861499808,0.000898625003,0.000794388237,0.000578021165,0.000339859893,0.000159377363,5.91407552e-05,1.72806504e-05,3.94676181e-06,7.11058021e-07,0,0,0,0,0,0,0,0,0,0,0,0,0,0,0,0,0,0,0,0,0,0,0,0,0,0,0,0,0,0,0,0,0,0,0,0,0,0,0,0,0,0,0,0,0,0,0,0,0,0,0,3.72636663e-07,2.09143104e-06,9.14172051e-06,3.11199328e-05,8.25041498e-05,0.000170348867,0.000273923419,0.000343040505,0.000334570825,0.00025413066,0.000150332373,6.92586837e-05,2.48497709e-05,6.94379605e-06,1.51111624e-06,2.56109189e-07,0,0,0,0,0,0,0,0,2.11527251e-07,1.2796653e-06,6.28521411e-06,2.38452176e-05,7.17513685e-05,0.000173663735,0.000345447363,0.000581000932,0.000854861399,0.00113236753,0.00136698631,0.00149372139,0.00145010208,0.00122304051,0.000876860286,0.000524060219,0.000256766856,0.000101863254,3.23276399e-05,8.11839163e-06,1.58897842e-06,2.11527251e-07,5.3678832e-07,2.8658028e-06,1.19156011e-05,3.922627e-05,0.000100646925,0.000204662763,0.00033512243,0.000453502289,0.000524726522,0.000534268154,0.000480880961,0.000373831921,0.000242517708,0.000127536696,5.33601597e-05,1.75765035e-05,4.51135929e-06,9.10827794e-07,1.43215971e-07,0,0,0,0,0,0,0,1.17401989e-07,7.65557161e-07,3.88781973e-06,1.53766268e-05,4.73633409e-05,0.000113618749,0.000212267769,0.000308847782,0.000349970389,0.000308847782,0.000212267769,0.000113618749,4.73633409e-05,1.53766268e-05,3.88781973e-06,7.65557161e-07,1.17401989e-07,0,0,0,3.09313066e-07,2.15261025e-06,1.00687203e-05,3.69851914e-05,0.000106806343,0.000242732262,0.000434520392,0.00061312638,0.000682243495,0.000598742336,0.000414358801,0.000226018761,9.71021582e-05,3.28270617e-05,8.7237695e-06,1.82042925e-06,2.56109189e-07,0,0,0,0,0,1.43215971e-07,9.10827794e-07,4.51135929e-06,1.74022334e-05,5.22791997e-05,0.000122314872,0.000222872215,0.000316270714,0.00034953322,0.000300846033,0.000201663104,0.000105277373,4.28025887e-05,1.35528735e-05,3.34209722e-06,6.4184951e-07,0,0,0,0,0,0,0,0,2.56109189e-07,1.51111624e-06,6.94379605e-06,2.48497709e-05,6.92586837e-05,0.000150332373,0.00025413066,0.000334570825,0.000343040505,0.000273923419,0.000170348867,8.25041498e-05,3.11199328e-05,9.14172051e-06,2.09143104e-06,3.72636663e-07,0,0,0,0,0,0,0,0,0,0,0,0,0,0,0,0,0,0,0,0,0,0,0,0,0,0,0,0,0,0,0,0,0,0,0,0,0,0,0,0,0,0,0,0,0,0,0,0,0,0,0,0,0,0,0,0,0,0,0,0,0,0,0,0,0,0,0,0,0,0,0,0,0,0,0,0,0,0,0,0,0,0,0,0,0,0,0,0,0,0,0,0,0,0,0,0,0,0,0,0,0,0,0,0,0,0,0,0,0,0,0,0,0,0,0,0,0,0,0,0,0,0,0,0,0,0,0,0,0,0,0,0,0,0,0,0,0,0,0,0,0,0,0,0,0,0,0,0,0,0,0,0,0,0,0,0,0,0,0,0
0,0,8.99863721e-07,5.54253302e-06,2.65309809e-05,9.88602114e-05,0.000293731253,0.00070003263,0.00134493981,0.00209494261,0.00266348477,0.00279642059,0.00249579572,0.00204547122,0.00177479,0.00177245471,0.00183854741,0.00172226608,0.00138881733,0.0010467614,0.000961138052,0.00127888366,0.00195798068,0.00275966316,0.0033254982,0.00338726887,0.00296415365,0.0023205094,0.00172824948,0.00129449391,0.000985106803,0.000740253774,0.000545227376,0.000423336402,0.000389440102,0.000427583291,0.000507707591,0.000601271051,0.000684215804,0.000753550499,0.000839783403,0.000958042918,0.00104814908,0.00101595838,0.000844939379,0.000624414883,0.000454434019,0.000355337223,0.000283070665,0.000202196563,0.000118972835,5.55351398e-05,2.03470827e-05,5.8295368e-06,1.30074545e-06,2.26035681e-07,0,0,0,0,0,0,0,4.69042249e-07,2.44229341e-06,9.90398894e-06,3.12787051e-05,7.69332037e-05,0.000147368686,0.000219848269,0.000255531893,0.000232058024,0.000168161743,0.000111223366,0.000109053202,0.000193670596,0.000367582834,0.000579328567,0.000726062746,0.000719768694,0.000564199057,0.000349658687,0.000171500316,6.7568013e-05,2.60630986e-05,2.52171503e-05,5.61618654e-05,0.000117748874,0.000196135283,0.000261337322,0.000294169877,0.000320461142,0.000399565615,0.000565331953,0.00077975099,0.000951906666,0.00100325246,0.000916357036,0.000731274486,0.000510253478,0.000307750946,0.00015718682,6.64507825e-05,2.27836135e-05,6.24257018e-06,1.30074545e-06,2.26035681e-07,0,0,0,0,0,0,0,0,1.27350461e-07,7.89928777e-07,3.81594191e-06,1.4356282e-05,4.20638025e-05,9.59845856e-05,0.000170577128,0.000236083986,0.000254471175,0.000213617619,0.000139656739,7.11071261e-05,2.81962111e-05,8.7075241e-06,2.09423342e-06,3.92267026e-07,0,3.92267026e-07,2.09423342e-06,8.7075241e-06,2.81962111e-05,7.11071261e-05,0.000139929049,0.000215145978,0.000261151639,0.000258825399,0.00023086842,0.000220469869,0.000242237918,0.000265038863,0.000248309167,0.000186500154,0.000109985231,5.10809841e-05,2.06016794e-05,1.49782827e-05,3.23829809e-05,7.71203631e-05,0.000147368686,0.000219848269,0.000255427236,0.00023112011,0.000162867596,8.93836332e-05,3.82038997e-05,1.27169724e-05,3.2967514e-06,6.65602613e-07,1.04657467e-07,0,5.73699708e-07,3.10789619e-06,1.32007408e-05,4.39956821e-05,0.000115241761,0.000237417931,0.000386284897,0.000500792637,0.000531618891,0.000496099761,0.000465920661,0.000493700034,0.000568555435,0.000649054535,0.000714533031,0.00076825975,0.00080691214,0.000811750477,0.000768402126,0.000682373589,0.000576018938,0.000478387199,0.000406520965,0.000350131275,0.000283247966,0.000197736881,0.000112826325,5.11713879e-05,1.82451804e-05,5.07429513e-06,1.10427345e-06,1.87156061e-07,0,0,0,3.27239661e-07,1.79129279e-06,7.63648586e-06,2.53540275e-05,6.56439443e-05,0.000132577363,0.000209886392,0.000264122413,0.000275163882,0.000261234352,0.000258308166,0.000274102291,0.000282061752,0.000266420335,0.00025727725,0.000302899163,0.000406031992,0.000500223192,0.000504206284,0.00040090768,0.000249056378,0.000120582568,4.54828223e-05,1.33609301e-05,3.05669641e-06,5.44620946e-07,0,0,0,0,0,0,2.26035681e-07,1.4879015e-06,6.93381071e-06,2.54213774e-05,7.34684945e-05,0.000167701321,0.000302905624,0.000433588459,0.000492476101,0.000444395933,0.000320832565,0.00019403972,0.000125522725,0.000140695993,0.000231140104,0.000357359793,0.00045587364,0.000470635481,0.000392527523,0.000265940209,0.000153853558,9.87198291e-05,0.000109985311,0.00016841093,0.000232224396,0.000255614403,0.000219848269,0.000147368686,7.69332037e-05,3.12787051e-05,9.90398894e-06,2.44229341e-06,4.69042249e-07,0,0,0,0,0,0,0,0,0,0,0,0,0,0,0,0,0,0,0,0,0,0,0,0,0,0,0,0,0,0,0,0,0,0,0,0,0,0,0,0,0,0,0,0,0,0,0,0,0,0,0,0,0,0,0,0,0,0,0,0,0,0,0,0,0,0,0,0,0,0,0,0,0,0,0,0,0,0,0,0,0,0,0,0,0,0,0,0,0,0,0,0,0,0,0,0,0,0,0,0,0,0,0,0,0,0,0,0,0,0,0,0,0,0,0,0,0,0,0,0,0,0,0,0,0,0,0,0,0,0,0,0,0,0,0,0,0,0,0,0,0,0,0,0,0,0,0,0,0,0,0,0,0,0,0,0,0,0,0,0,0,0,0,0,0,0,0,0,0,0,0,0,0,0,0,0,0,0,0,0,0,0,0,0,0,0,0,0,0,0,0,0,0,0,0,0
0.000218596615,0.000544573704,0.00106397702,0.00163522852,0.0019956925,0.00199655211,0.00182374753,0.00193668762,0.00274213892,0.00428520748,0.00617495878,0.0078070336,0.0087491395,0.00895137712,0.0085734427,0.00769715756,0.0063369968,0.00466031861,0.00302010751,0.00175544771,0.00102111499,0.000787776895,0.000912826043,0.00120959489,0.00149853795,0.0016352355,0.00153949042,0.00122628605,0.00080939132,0.000434600021,0.000187239319,6.4058826e-05,1.73414119e-05,3.64730113e-06,1.04647984e-06,2.733565e-06,1.21402554e-05,4.2954307e-05,0.000119740704,0.000266278046,0.000476514339,0.000694341026,0.000835714571,0.000842900423,0.000719284406,0.000519450579,0.000314414443,0.000157037779,6.36805053e-05,2.06846817e-05,5.30272882e-06,1.04638411e-06,1.68695578e-07,0,0,0,0,0,0,0,0,0,0,0,0,0,0,0,0,0,0,0,0,0,0,0,0,0,0,0,0,0,0,0,0,0,0,0,0,0,0,0,0,0,0,0,0,0,0,0,0,0,0,0,0,0,0,0,0,0,0,0,0,0,0,0,0,0,0,0,0,0,0,0,0,0,0,0,0,0,0,0,0,0,0,0,0,0,0,0,0,0,0,0,0,0,0,0,0,0,0,0,0,0,0,0,0,0,0,0,0,0,0,0,0,0,0,0,0,0,0,0,0,0,0,0,0,0,0,0,0,0,1.13646848e-07,7.41070551e-07,3.76346679e-06,1.48848003e-05,4.58484101e-05,0.000109984619,0.000205478325,0.000298969186,0.000338776474,0.000298969186,0.000205478325,0.000109984619,4.58484101e-05,1.48848003e-05,3.76346679e-06,7.41070551e-07,1.13646848e-07,0,0,0,0,0,0,0,0,0,0,0,0,0,0,0,0,0,0,0,0,0,0,0,0,0,0,0,0,0,0,0,0,0,0,0,0,0,0,0,0,0,0,0,0,0,0,0,0,0,0,0,0,0,0,0,0,0,0,0,0,0,0,0,0,0,0,0,0,0,0,0,0,0,0,0,0,0,0,0,0,0,0,0,0,0,0,0,0,0,0,0,0,0,0,0,0,0,0,0,0,0,0,0,0,0,0,0,0,0,0,0,0,0,0,0,0,0,0,0,0,0,0,0,0,0,0,0,0,0,0,0,0,0,0,0,0,0,0,0,0,0,0,0,0,0,0,0,0,0,0,0,0,0,0,0,0,0,0,0,0,0,0,0,0,0,0,0,0,0,0,0,0,0,0,0,0,0,0,0,0,0,0,0,0,0,0,0,0,0,0,0,0,0,0,0,0,0,0,0,0,0,0,0,0,0,0,0,0,0,0,0,0,0,0,0,0,0,0,0,0,0,0,0,0,0,0,0,0,0,0,0,0,0,0,0,0,0,0,0,0,0,0,0,0,0,0,0,0,0,0,0,0,0,0,0,0,0,0,0,0,0,0
0,0,2.59275083e-07,1.96579617e-06,9.85698352e-06,3.80539605e-05,0.000117647105,0.000292446057,0.000589484873,0.00097128941,0.00132466445,0.00152866193,0.00155614293,0.00149637391,0.0014563842,0.00144531939,0.00138147746,0.00121760787,0.00103128166,0.00096029503,0.00106203905,0.00127833011,0.00152423501,0.00176732335,0.0020049517,0.00220836652,0.00232869247,0.0023617032,0.0023582459,0.00234275963,0.00226547103,0.00206833309,0.00175355899,0.00136582437,0.000956044707,0.000583851594,0.000313341676,0.00018635478,0.000218827889,0.000412257854,0.000742890639,0.00113207824,0.00144943758,0.00156868622,0.00144728716,0.00115968706,0.000836720108,0.000565914495,0.000361030252,0.000208158352,0.000102223108,4.09270469e-05,1.28891297e-05,3.25888209e-06,6.41711949e-07,9.84097142e-08,0,0,0,0,0,0,0,0,0,0,0,0,1.46077824e-07,9.06090804e-07,4.37709059e-06,1.64674275e-05,4.82494397e-05,0.000110099478,0.000195661138,0.000270801014,0.000291892124,0.000245030882,0.000160193784,8.15636959e-05,3.24409775e-05,1.06297111e-05,5.75949025e-06,1.39807926e-05,4.29601969e-05,0.000108127628,0.000217630251,0.000354123564,0.000471284176,0.000517770124,0.000471284176,0.000354123564,0.000217630251,0.000108127628,4.32725501e-05,1.52839384e-05,1.10201436e-05,2.68257427e-05,6.98974691e-05,0.000146050195,0.000242499606,0.000327247719,0.000375685369,0.000390948553,0.000384897954,0.000351409835,0.000279714877,0.000183749435,9.65051586e-05,3.99159908e-05,1.28891297e-05,3.25888209e-06,6.41711949e-07,9.84097142e-08,0,0,0,0,0,0,0,0,0,0,0,0,0,0,0,0,0,0,0,0,0,0,0,0,0,0,0,0,0,0,0,0,0,0,0,0,0,0,0,0,0,0,0,0,0,0,0,0,1.20047744e-07,7.63481978e-07,3.78155096e-06,1.47071005e-05,4.45854057e-05,0.00010630938,0.000201404939,0.000308929128,0.000395516574,0.00043899563,0.00043414699,0.000381235295,0.000288529904,0.00018309665,0.00010318635,7.93287254e-05,0.000131900961,0.000274098129,0.000501565926,0.000789170328,0.00111769198,0.00148920517,0.00188012619,0.00218593213,0.00226924312,0.00208152295,0.00170765107,0.00128558069,0.000915195909,0.000643086853,0.000480012153,0.000399280048,0.00034346513,0.000268721313,0.000179480921,0.000115094852,0.000115054027,0.000198452821,0.000350004062,0.000506252225,0.000578692532,0.00052299269,0.000382995029,0.000254203245,0.000205072123,0.000234000574,0.000283801608,0.000291715492,0.000237706758,0.000151431625,7.51987245e-05,2.90824319e-05,8.75945989e-06,2.05470906e-06,3.75361481e-07,0,0,0,0,0,0,0,0,0,0,2.14678067e-07,1.266661e-06,6.03516673e-06,2.20964521e-05,6.38751008e-05,0.000146842678,0.000271074212,0.00040645976,0.000500566035,0.000510057318,0.000430713088,0.000300822518,0.000177636408,0.00010600104,0.000103679151,0.000162665732,0.000252134312,0.000330185576,0.000371806644,0.000385599124,0.000389923953,0.000387314853,0.000378487835,0.00038174144,0.000413250847,0.000459246745,0.000484793825,0.000462010037,0.000385481311,0.000278169668,0.000184762888,0.000147614948,0.000178158967,0.000245253352,0.000291826553,0.000276238803,0.000204411321,0.000117935073,5.29916433e-05,1.85437766e-05,5.05376875e-06,1.07265214e-06,1.77308209e-07,0,0,1.46077824e-07,9.06090804e-07,4.37709059e-06,1.64674275e-05,4.82494397e-05,0.000110099478,0.000195661138,0.000270801014,0.000291892124,0.000245030882,0.000160193784,8.15636959e-05,3.23425702e-05,9.98799896e-06,2.40219811e-06,4.49951358e-07,0,0,0,0,0,0,0,0,0,0,0,0,0,0,0,0,0,0,0,0,0,0,0,0,0,0,0,0,0,0,0,0,0,0,0,0,0,0,0,0,0,0,0,0,0,0,0,0,0,0,0,0,0,0,0,0,0,0,0,0,0,0,0,0,0,0,0,0,0,0,0,0,0,0,0,0,0,0,0,0,0,0,0,0,0,0,0,0,0,0,0,0,0,0,0,0,0,0,0,0,0,0,0,0,0,0,0,0,0,0,0,0,0,0,0,0,0,0,0,0,0,0,0,0,0,0,0,0,0,0,0,0,0,0,0,0,0,0,0,0,0,0,0,0,0,0,0,0,0,0,0,0,0,0,0,0,0,0,0,0,0,0,0,0,0,0,0,0,0,0,0,0,0
0,1.14975656e-07,9.36832294e-07,4.97482779e-06,2.207734e-05,7.54744033e-05,0.000210570724,0.000486691773,0.000943494088,0.00154343818,0.00212598173,0.00244574226,0.00232744287,0.00182557723,0.00120610173,0.000756816065,0.000618070888,0.00075993035,0.00106737693,0.00145710225,0.00192155759,0.00244061742,0.00287607452,0.00303847599,0.00286111981,0.00244733109,0.00195527822,0.00149870978,0.0011425101,0.000918729755,0.000814273255,0.000768683327,0.000717579271,0.000650649832,0.000611272815,0.000618521124,0.00062009861,0.0005499791,0.000418768963,0.000316188263,0.000333413685,0.000487681129,0.000696697447,0.000821848167,0.000770004466,0.000569134136,0.000334199518,0.000166759099,0.000102182115,0.000129034583,0.000218602756,0.000331910356,0.000424593076,0.000462136057,0.000431243243,0.00034238596,0.000226750897,0.00012251825,5.30534235e-05,1.81912328e-05,4.8402444e-06,1.02733202e-06,1.69816843e-07,0,0,0,0,0,0,0,2.99157563e-07,1.67902817e-06,7.33909246e-06,2.51890979e-05,6.74485491e-05,0.000142632038,0.000241538059,0.000338338286,0.000414270093,0.000474274246,0.000526044925,0.000550908502,0.000515256426,0.00041093069,0.00027160786,0.000146951294,6.89469307e-05,4.66021811e-05,8.81195956e-05,0.000218769041,0.000464443234,0.000805558055,0.0011463447,0.00135193043,0.00133933488,0.00113314402,0.000832139514,0.000537022366,0.000312032935,0.000186299803,0.000160368014,0.000204878568,0.000263757276,0.00028042731,0.000234818115,0.000153425513,7.81175841e-05,3.09760762e-05,9.56599979e-06,2.30070395e-06,4.30940673e-07,0,0,0,0,0,0,0,0,0,0,0,0,0,0,0,0,0,0,0,0,0,0,0,0,0,0,0,0,0,0,0,0,0,0,0,2.84792492e-07,1.75855644e-06,8.46202329e-06,3.17310332e-05,9.27231449e-05,0.000211148217,0.000374699564,0.000518174609,0.000558427535,0.000468980987,0.000306931353,0.000156539594,6.22161606e-05,1.92697917e-05,4.65097582e-06,8.74787418e-07,0,0,0,0,2.05607805e-07,1.21314383e-06,5.57456997e-06,1.99497208e-05,5.56017803e-05,0.00012068879,0.000204019409,0.000268597825,0.000275912695,0.000222592382,0.000147638726,0.000100957383,0.000112784168,0.000185032419,0.000303681794,0.000465487043,0.000702755933,0.00104919367,0.00144610158,0.00171984488,0.00172234478,0.00148803869,0.00119626231,0.000989862834,0.000881902408,0.000813235296,0.00073277409,0.000619199651,0.00047772465,0.000341121049,0.000255293824,0.000248017575,0.000302931236,0.000372826471,0.000417483068,0.000420747005,0.000378805795,0.0002958767,0.000192895459,0.00010181775,4.27016457e-05,1.40857173e-05,3.62177821e-06,1.09072676e-06,2.08287224e-06,8.38936739e-06,2.78536827e-05,7.20215321e-05,0.000145033555,0.000227457887,0.000277817715,0.000264268368,0.000195774832,0.00011295225,5.08469711e-05,1.83748925e-05,7.9614374e-06,1.33718877e-05,3.8193728e-05,9.12146206e-05,0.000170411338,0.000247947028,0.000280960783,0.000247947028,0.000170411338,9.12146206e-05,3.80239107e-05,1.23445561e-05,3.12119255e-06,6.14599287e-07,9.42518525e-08,0,0,3.59502252e-07,2.32739876e-06,1.03572647e-05,3.6243051e-05,9.98752148e-05,0.000217260706,0.000373704621,0.000510850223,0.000562035828,0.000515645021,0.000429415872,0.000367724395,0.000337110832,0.000297997933,0.000225776865,0.00013795546,6.64052204e-05,2.49834884e-05,7.54470057e-06,2.89217201e-06,5.87372733e-06,1.99497208e-05,5.56017803e-05,0.00012068879,0.000204019409,0.000268597825,0.000275397411,0.0002199093,0.000136758303,6.62354068e-05,2.49834884e-05,7.33909246e-06,1.67902817e-06,2.99157563e-07,0,0,0,0,0,0,0,0,0,0,0,0,0,0,0,0,0,0,0,0,0,0,0,0,0,0,0,0,0,0,2.05607805e-07,1.21314383e-06,5.57456997e-06,1.99497208e-05,5.56017803e-05,0.00012068879,0.000204019409,0.000268597825,0.000275397411,0.0002199093,0.000136758303,6.62354068e-05,2.49834884e-05,7.33909246e-06,1.67902817e-06,2.99157563e-07,0,0,0,9.42518525e-08,6.14599287e-07,3.12119255e-06,1.23445561e-05,3.80239107e-05,9.12146206e-05,0.000170411338,0.000247947028,0.000280960783,0.000247947028,0.000170411338,9.12146206e-05,3.80239107e-05,1.23445561e-05,3.12119255e-06,6.14599287e-07,9.42518525e-08,0,0,0,0,0,0,0,0,0,0,0,0,0,0,0,0,0,0,0,0,0,0,0,0,0,0,0,0,0,0,0,0,0,0,0,0,0,0,0,0,0,0,0,0,0,0,0,0,0,0,0,0,0,0,0,0,0,0,0,0,0,0,0,0,0,0,0,0,0,0,0,0,0,0,0,0,0,0,0,0,0,0,0,0,0,0,0,0,0,0,0,0,0,0,0,0,0,0,0,0,0,0,0,0,0,0,0,0,0,0,0,0,0,0,0,0,0,0,0,0,0,0
2.74191365e-07,1.99436568e-06,1.2460484e-05,5.5421835e-05,0.000194597247,0.000556266808,0.00130447047,0.00252625672,0.00405928586,0.00542351045,0.00602278812,0.005547815,0.00423441967,0.00269683311,0.00149707554,0.000857909676,0.000694505346,0.000806179945,0.00104314229,0.00134873344,0.00166611932,0.00184842653,0.00174717209,0.00137980527,0.000939184451,0.000625342596,0.000509162841,0.000557916705,0.000733621593,0.00102681015,0.00140462012,0.00177512621,0.00202382309,0.00207865704,0.00193724618,0.00166234665,0.00136617408,0.00118302391,0.00120121008,0.00137285935,0.00150913105,0.00142613309,0.00110975432,0.000714874303,0.000420410943,0.0003147971,0.000378406403,0.000513947918,0.000597517937,0.000553154736,0.000402310572,0.00022942324,0.000103672057,4.25337967e-05,3.65096857e-05,8.42074223e-05,0.000197006186,0.00036774826,0.000538169814,0.000622843218,0.000587947434,0.000490269507,0.000416187948,0.000396368967,0.000403076818,0.00040749379,0.000402438949,0.000378583587,0.000323278073,0.000249595469,0.000201205708,0.000211666877,0.000267153489,0.000317351805,0.000326298992,0.000308914343,0.000304831134,0.000321329135,0.000321352098,0.000271938363,0.000184426812,9.83076825e-05,4.09045861e-05,1.3279775e-05,3.35765299e-06,6.61161096e-07,1.01392338e-07,0,0,0,9.41060989e-07,5.00333181e-06,2.07296634e-05,6.69296351e-05,0.000168398969,0.000330184354,0.000504510826,0.000600733794,0.000557431369,0.000403086655,0.000227608311,0.000102222817,4.44256802e-05,4.24259124e-05,8.60780347e-05,0.000166288883,0.000256967091,0.000317806727,0.000329381437,0.000318385311,0.000328528607,0.00037092992,0.000422381563,0.000464636163,0.000504232827,0.000553230406,0.000610451214,0.000656722172,0.000656682241,0.000579806452,0.000433540961,0.000267091003,0.000133172653,5.31465776e-05,1.6835389e-05,4.2179845e-06,7.8662174e-07,1.23686164e-07,0,0,0,0,0,0,0,0,0,0,0,0,0,0,0,0,0,0,0,0,0,0,0,0,0,0,0,0,3.86738009e-07,2.11698352e-06,9.02494321e-06,2.99638668e-05,7.747786e-05,0.000156021255,0.000244690018,0.000298865081,0.00028439064,0.000211267819,0.000124867132,6.78775032e-05,6.00103886e-05,0.00010333195,0.000184426812,0.000266914081,0.000302246277,0.000266731397,0.000183321637,9.8248689e-05,4.1691208e-05,1.71759384e-05,1.83868106e-05,4.58112481e-05,0.000105736653,0.000192480002,0.000273142097,0.000301868713,0.000259820838,0.000174163099,9.09211085e-05,3.69657646e-05,1.17047202e-05,2.88634851e-06,5.5432298e-07,0,0,0,0,0,0,0,0,0,0,0,0,0,0,0,0,0,0,0,0,0,0,0,0,0,0,0,0,0,0,0,0,0,0,0,0,0,0,0,0,0,0,0,0,0,0,0,0,0,0,0,0,0,0,0,0,0,0,0,0,0,0,0,0,5.5432298e-07,2.88634851e-06,1.17047202e-05,3.69657646e-05,9.09211085e-05,0.000174163099,0.000259820838,0.000301868713,0.000273142097,0.000192480002,0.000105635263,4.51500891e-05,1.5029158e-05,3.89616298e-06,7.8662174e-07,1.23686164e-07,0,0,0,0,0,0,0,0,0,0,0,0,0,0,0,0,0,0,0,0,0,0,0,0,0,0,0,0,0,0,0,0,0,0,0,0,0,0,0,0,0,0,0,0,0,0,0,0,0,0,0,0,0,0,0,0,0,0,0,0,0,0,0,0,0,0,0,0,0,0,0,0,0,0,0,0,0,0,0,0,0,0,0,0,0,0,0,0,0,0,0,0,0,0,0,0,0,0,0,0,0,0,0,0,0,0,0,0,0,0,0,0,0,0,0,0,0,0,0,0,0,0,0,0,0,0,0,0,0,0,0,0,0,0,0,0,0,0,0,0,0,0,0,0,0,0,0,0,0,0,0,0,0,0,0,0,0,0,0,0,0,0,0,0,0,0,0,0,0,0,0,0,0,0,0,0,0,0,0,0,0,0,0,0,0,0,0,0,0,0
0,0,0,0,5.15286843e-07,3.87763839e-06,1.78085356e-05,6.45516484e-05,0.000186641628,0.000436290633,0.000828805205,0.00129893969,0.00172207993,0.00201203255,0.00218048226,0.00226521399,0.00223024096,0.00200889469,0.00165495381,0.00138371915,0.00142113329,0.0018224275,0.00243360223,0.00299110892,0.00325225666,0.00308718928,0.00253063161,0.00176785782,0.00103831559,0.000506449083,0.000202921714,6.61835875e-05,1.73940261e-05,3.49526204e-06,4.30942066e-07,4.53755547e-07,3.30701914e-06,1.64143039e-05,6.24728127e-05,0.000189993632,0.000462978234,0.00090572011,0.00142355997,0.00179667922,0.00181763223,0.00147005287,0.000947906345,0.000488258869,0.000210330749,0.000105311679,0.00011709948,0.000194367589,0.000292310171,0.000371825648,0.000411935791,0.000410361419,0.000368163135,0.000293190882,0.000215654945,0.000178416332,0.000200437629,0.000253868493,0.000283731933,0.000254521699,0.000179019553,9.8336197e-05,4.32693123e-05,2.06692748e-05,3.01726886e-05,8.34930179e-05,0.000203878968,0.000398537028,0.000624843233,0.000801214774,0.000875523197,0.000880293956,0.000891435251,0.000928542984,0.000927398913,0.000830228266,0.0006723798,0.000547798001,0.000506361946,0.000513442385,0.000500374183,0.000428273139,0.000310797011,0.000195420391,0.000129864638,0.000137948533,0.000215000589,0.000334814453,0.000466315192,0.000584012421,0.000660965336,0.000665139116,0.000592326105,0.000488448713,0.000407567481,0.000354614487,0.000295363046,0.000213949446,0.00013442061,9.37958102e-05,0.0001111647,0.000175986483,0.000249161007,0.000281167333,0.000247947843,0.000170411891,9.12149189e-05,3.80240344e-05,1.23445961e-05,3.12120278e-06,6.14601277e-07,9.42521581e-08,0,0,0,0,0,0,0,0,0,0,0,0,0,0,0,0,0,0,0,0,0,0,0,0,0,0,0,0,0,0,0,0,0,0,0,0,0,0,0,0,0,0,0,0,0,0,0,0,0,0,0,0,0,1.14976025e-07,7.31226805e-07,3.62179003e-06,1.41763949e-05,4.33893147e-05,0.000105323663,0.000207102668,0.000342928368,0.0005099267,0.000730357249,0.00103758427,0.00141995691,0.00178608729,0.00200820738,0.00201304164,0.0018318207,0.00156789983,0.00132938288,0.001171818,0.00106839475,0.000937111909,0.000726204074,0.000469651597,0.000245953939,0.000102762904,3.39514481e-05,8.87227725e-06,1.82268684e-06,2.05608472e-07,0,0,0,0,0,0,0,0,0,0,0,0,0,0,0,2.05608472e-07,1.21314781e-06,5.57458816e-06,1.99497863e-05,5.56019586e-05,0.000120689183,0.000204020078,0.000268598698,0.000275398284,0.000219910013,0.000136758739,6.62356251e-05,2.49835703e-05,7.33911611e-06,1.67903363e-06,2.99158557e-07,0,0,0,0,0,1.69817397e-07,1.02733543e-06,4.84025986e-06,1.81198538e-05,5.27207885e-05,0.000121342011,0.000223629235,0.000336650497,0.000424820551,0.000463306671,0.00045070643,0.000408427761,0.000369394518,0.000352422445,0.00034451019,0.000324359658,0.000298812025,0.000292905286,0.000304829795,0.000298371102,0.000246364158,0.000162925644,8.50476499e-05,3.63304935e-05,1.92698535e-05,3.05368631e-05,7.25370628e-05,0.000145034035,0.00022745863,0.000277818617,0.000264269242,0.000195775472,0.000112952621,5.07528821e-05,1.77603506e-05,4.84025986e-06,1.02733543e-06,1.69817397e-07,0,0,0,0,0,0,0,0,0,0,0,0,0,0,0,0,0,0,0,0,0,0,0,0,0,0,0,0,0,0,0,0,0,0,0,0,0,0,0,0,0,0,0,0,0,0,0,0,0,0,0,0,0,0,0,0,0,0,0,0,0,0,0,0,0,0,0,0,0,0,0,0,0,0,0,0,0,0,0,0,0,0,0,0,0,0,0,0,0,0,0,0,0,0,0,0,0,0,0,0,0,0,0,0,0,0,0,0,0,0,0,0,0,0,0,0,0,0,0,0,0,0,0,0,0,0,0,0,0,0,0,0,0,0,0,0,0,0,0,0,0,0,0,0,0,0,0,0,0,0,0,0,0,0,0,0,0,0,0,0,0,0,0,0,0,0,0,0,0,0,0,0,0,0,0,0,0,0,0,0,0,0,0,0,0,0,0,0,0
2.36886748e-07,1.42125634e-06,7.09599499e-06,2.77780509e-05,9.060913e-05,0.000247170188,0.000584875175,0.00122080208,0.00225418922,0.00364236627,0.00506471889,0.00598042971,0.00598341599,0.00515867956,0.0040090275,0.00301112072,0.00230562827,0.00178362604,0.00134941423,0.00104782369,0.000997567433,0.00125700294,0.00173192809,0.00218983786,0.00238522026,0.00222775596,0.00183203712,0.00139502366,0.00104606466,0.000808940327,0.000649729802,0.000525780546,0.000412745896,0.000316576159,0.000262249436,0.000264164904,0.000306068658,0.000353297597,0.000386247586,0.000415435323,0.000461326534,0.000527243945,0.00059145462,0.000619186729,0.000585294212,0.000491869054,0.000365381653,0.000238457855,0.000135509879,6.95904891e-05,4.49061918e-05,6.16564066e-05,0.000116626936,0.000194293796,0.00026081258,0.000279175059,0.000238055174,0.000161560325,8.71315933e-05,3.72612049e-05,1.26035029e-05,3.3633064e-06,7.06372873e-07,1.07339559e-07,0,0,0,0,8.86545379e-08,5.36328741e-07,2.52689688e-06,9.27193378e-06,2.66836341e-05,6.01248212e-05,0.000107331929,0.000156036273,0.000195334011,0.000230563965,0.000276158331,0.000330955139,0.000370386872,0.000367498054,0.000315800455,0.000232391627,0.000146229693,8.52892044e-05,6.81657111e-05,0.00010184956,0.000176141766,0.000256069005,0.000293262099,0.000261997426,0.000182512158,9.97408351e-05,4.59181683e-05,2.9454688e-05,4.98669397e-05,0.000107289903,0.000191280284,0.000267480093,0.000292168843,0.000250451383,0.00017336788,0.000111757399,9.88769025e-05,0.000137774245,0.00020935238,0.00028552147,0.000340385333,0.000357628625,0.000337449019,0.00030224715,0.000287474046,0.000314137811,0.000366531051,0.000399906305,0.00037495268,0.000289913645,0.000181315059,9.20880993e-05,4.35454858e-05,3.50240698e-05,5.76518396e-05,9.83250357e-05,0.000135401177,0.000145946775,0.000122516052,8.00972848e-05,4.07820444e-05,1.61713633e-05,4.99402358e-06,1.20110496e-06,2.24976773e-07,0,0,0,0,0,0,0,0,0,0,0,0,0,0,0,0,0,0,0,0,1.8768165e-07,1.02735953e-06,4.53592975e-06,1.54178397e-05,4.1700001e-05,9.01597887e-05,0.000159005693,0.000234372725,0.000296893151,0.000330500392,0.000325437635,0.000280377921,0.00020866438,0.00013800661,9.71265981e-05,9.81404301e-05,0.000130636981,0.000172358341,0.000210504018,0.000250210724,0.000294829049,0.000325870991,0.000321922766,0.000293468416,0.000278616528,0.000301714608,0.000356757198,0.000434308371,0.000546820753,0.000709656684,0.000903287495,0.0010677746,0.00113505835,0.00106658041,0.000872704142,0.000610917981,0.000358949095,0.000173955996,6.85189589e-05,2.16692533e-05,5.47290847e-06,1.08725453e-06,2.86182825e-07,7.46016156e-07,3.34341235e-06,1.16696556e-05,3.17214108e-05,6.71542366e-05,0.000110718611,0.000142165518,0.000142165518,0.000110718611,6.71542366e-05,3.17214108e-05,1.16696556e-05,3.34341235e-06,7.46016156e-07,2.85816299e-07,8.76553031e-07,3.8314447e-06,1.30428743e-05,3.45788394e-05,7.13960035e-05,0.000114805793,0.000143773897,0.000140224118,0.00010661767,6.36400873e-05,3.19377068e-05,2.08298934e-05,3.19869141e-05,6.39609498e-05,0.000108247121,0.00014666871,0.00016362466,0.000162425276,0.000160360913,0.000164022,0.000159721196,0.000133274618,8.99144943e-05,4.82287069e-05,2.222699e-05,1.57057093e-05,3.02070785e-05,7.03651967e-05,0.00013766835,0.000219351103,0.000288818235,0.000322603504,0.000315952231,0.000278771127,0.000222976741,0.000161299569,0.000112481393,9.4798088e-05,0.000110117093,0.000137636918,0.000147696206,0.00012631448,8.45203176e-05,4.41234733e-05,1.79392664e-05,5.68023142e-06,1.4007278e-06,2.69009661e-07,0,0,0,0,0,0,1.8768165e-07,1.02735953e-06,4.37975132e-06,1.45412869e-05,3.75995442e-05,7.57161833e-05,0.000118746611,0.00014503744,0.000137963885,0.000102206162,5.89678239e-05,2.64959508e-05,9.27193378e-06,2.52689688e-06,5.36328741e-07,8.86545379e-08,0,0,0,0,0,0,0,0,0,0,0,0,0,0,0,0,0,0,0,0,0,0,0,0,0,0,0,0,0,0,0,0,0,0,0,0,0,0,0,0,0,0,0,0,0,0,0,0,0,0,0,0,0,0,0,0,0,0,0,0,0,0,0,0,0,0,0,0,0,0,0,0,0,0,0,0,0,0,0,0,0,0,0,0,0,0,0,0,0,0,0,0,0,0,0,0,0,0,0,0,0,0,0,0,0,0,0,0,0,0,0,0,0,0,0,0,0,0,0,0,0,0,0,0,0,0,0,0,0,0,0,0,0,0,0,0,0,0,0,0,0,0,0,0,0,0,0,0,0,0,0,0,0,0,0,0,0,0,0,0,0,0,0,0,0,0,0,0,0,0,0,0,0,0,0,0,0,0,0,0
3.13443961e-05,9.00898813e-05,0.00020883861,0.000396793854,0.000638667785,0.00091427553,0.0012404318,0.00167250761,0.00223810808,0.00286778621,0.00339923962,0.00364895398,0.00351068494,0.00303821615,0.00242730766,0.00187518517,0.00146339263,0.0011890356,0.00106338295,0.00113317219,0.00142532983,0.00191051094,0.00249802531,0.00302614016,0.00328065851,0.00311211497,0.00256592315,0.00186725636,0.00125662226,0.000846234267,0.000610947784,0.000472079555,0.000369986432,0.000284474692,0.000227707074,0.000232806095,0.000331462157,0.000514457177,0.000716135721,0.00085193722,0.000879440806,0.000823020411,0.000739464944,0.000662178325,0.000580583001,0.000473093125,0.000353327661,0.000273499871,0.00028040196,0.000365880667,0.000459317671,0.00047781691,0.000394944625,0.00025690117,0.000131231893,5.26256335e-05,1.65626061e-05,4.09041604e-06,7.92509297e-07,8.07802181e-08,0,0,0,0,0,0,0,0,0,0,0,0,1.72730424e-07,9.6945314e-07,4.23751408e-06,1.44252026e-05,3.84924424e-05,8.02911964e-05,0.000132639994,0.00017777631,0.000204242431,0.00022109352,0.000247396092,0.000289744639,0.000336389523,0.000367044617,0.000361979532,0.000311477139,0.000226747419,0.000137033814,7.09177984e-05,4.19589414e-05,5.03622541e-05,8.93841207e-05,0.000144593098,0.000195546789,0.000226857228,0.000235491272,0.000222450137,0.000186536767,0.000132707544,7.70661718e-05,3.56765267e-05,1.31478737e-05,4.64155573e-06,5.22329674e-06,1.6268521e-05,4.66021156e-05,0.000106375344,0.000192191786,0.000275529572,0.000314945442,0.000292289886,0.000236105814,0.000201968593,0.000224784701,0.000288041803,0.000339366496,0.000341842329,0.000308048737,0.000278144405,0.000272746838,0.000278428866,0.000269901357,0.000232885519,0.000171754553,0.000104996827,5.20185313e-05,2.0540987e-05,6.40095732e-06,1.54918166e-06,2.97520216e-07,0,0,0,0,0,0,0,2.97520216e-07,1.54918166e-06,6.28224143e-06,1.98405305e-05,4.87998295e-05,9.34780619e-05,0.000139452895,0.000162021155,0.00014660279,0.000103309249,5.66973176e-05,2.4233279e-05,8.06655771e-06,2.09117638e-06,4.22201254e-07,6.63857236e-08,0,1.18715768e-07,7.00456383e-07,3.21869788e-06,1.15995381e-05,3.26049412e-05,7.21049364e-05,0.000126905055,0.000181767216,0.000220144764,0.000236581996,0.000234911335,0.000220933536,0.000208374084,0.000222516916,0.000280821172,0.000367454166,0.000436216185,0.000446240796,0.000401624333,0.000354868156,0.000361357233,0.000424706697,0.000493804459,0.000522978429,0.000530318765,0.00058415829,0.000723530364,0.00089863129,0.00100037898,0.000952547183,0.00077525049,0.000560743618,0.000394208619,0.000301582797,0.000261354464,0.000243641116,0.000227573299,0.00019947406,0.000157594332,0.000118965698,0.000106813743,0.000126282568,0.000155629619,0.000164611643,0.00014329933,0.000112632049,0.000105837185,0.000140512246,0.000205382632,0.000266861432,0.000290013617,0.000260414847,0.000192119245,0.000115432667,5.59274449e-05,2.18502464e-05,7.77334753e-06,6.44753391e-06,1.63799432e-05,4.15844734e-05,8.37408443e-05,0.000131331777,0.000160409007,0.000152585766,0.000113038317,6.52174349e-05,2.9304083e-05,1.05521249e-05,4.59270814e-06,8.2038141e-06,2.54618881e-05,6.66850901e-05,0.000138582342,0.000228039164,0.000297521852,0.000308017479,0.000253060687,0.000164951241,8.54725295e-05,3.65503729e-05,1.83251868e-05,2.47973112e-05,5.34826249e-05,9.98028918e-05,0.000148982828,0.000181865806,0.000195684755,0.000211664432,0.000253049308,0.000318431848,0.000380072801,0.000403354585,0.000368251058,0.00028263111,0.000178842034,9.18712249e-05,3.7871705e-05,1.24265616e-05,3.21690709e-06,6.59556349e-07,9.80504495e-08,0,0,0,0,0,0,0,0,0,0,0,0,0,0,0,0,0,0,0,0,0,0,0,0,0,0,0,0,0,0,0,0,0,0,0,0,0,0,0,0,0,0,0,0,1.43377662e-07,8.25081429e-07,3.69775853e-06,1.29064456e-05,3.50833543e-05,7.42714692e-05,0.000122452941,0.000157232702,0.000157232702,0.000122452941,7.42714692e-05,3.50833543e-05,1.29064456e-05,3.69775853e-06,8.25081429e-07,1.43377662e-07,0,0,0,0,0,0,0,0,0,0,0,0,0,0,0,0,0,0,0,0,0,0,0,0,0,0,0,0,0,0,0,0,0,0,0,0,0,0,0,0,0,0,0,0,0,0,0,0,0,0,0,0,0,0,0,0,0,0,0,0,0,0,0,0,0,0,0,0,0,0,0,0,0,0,0,0,0,0,0,0,0,0,0,0,0,0,0,0,0,0,0,0,0,0,0,0,0,0,0,0,0,0,0,0,0,0,0,0,0,0,0,0,0,0,0,0,0,0,0,0,0,0,0,0,0,0,0,0,0,0,0,0,0,0,0,0,0,0,0,0,0,0,0,0
6.83600661e-07,3.97532813e-06,1.67996113e-05,5.75508566e-05,0.000165469988,0.000406592328,0.00086273317,0.00158715213,0.00253515388,0.0035205225,0.0042649,0.00453803595,0.00430694455,0.00376985734,0.00321669597,0.0028182352,0.00254869345,0.00229891925,0.00202248106,0.00176247733,0.00161316397,0.00168566511,0.00203860668,0.00256998325,0.00300962548,0.00309340516,0.0027534368,0.00213558367,0.00146460522,0.000913010386,0.000555299572,0.000386154396,0.000357523066,0.000409587257,0.00048191566,0.000515804044,0.000473521242,0.00036833479,0.000262184389,0.00022021473,0.000267941476,0.000384759041,0.000522838323,0.000626215478,0.000646343222,0.000563993934,0.00040826865,0.000243552029,0.00012706143,7.990624e-05,9.05816851e-05,0.00013096453,0.000169756109,0.000188972845,0.000193959713,0.000200876806,0.000218570378,0.000253534468,0.000322947337,0.000435811264,0.000556020299,0.000609928858,0.00054973003,0.000400516001,0.000236072883,0.000118183889,6.68805369e-05,7.15803471e-05,0.000108764223,0.000148189676,0.000163726276,0.000151603119,0.000134080052,0.000135247508,0.000153842338,0.000165193138,0.000151448578,0.000124564671,0.000117036543,0.000152202076,0.000221032198,0.000284080947,0.000298672094,0.000252484402,0.000171593332,9.70480614e-05,5.66586459e-05,5.73013058e-05,9.00078157e-05,0.000132988411,0.000157646282,0.000146263686,0.000106279404,6.25605171e-05,3.72811774e-05,4.02185906e-05,7.03698024e-05,0.000115452953,0.000151432396,0.000155185102,0.000123970938,7.7408964e-05,3.91778012e-05,2.16130702e-05,2.8289287e-05,6.23529559e-05,0.000124793456,0.000203364994,0.000268638221,0.000288630923,0.000252574915,0.00017957043,0.000103152001,4.77084577e-05,1.84003147e-05,9.20923412e-06,1.52400853e-05,3.75259078e-05,7.7062643e-05,0.000123917824,0.000155185102,0.000151596396,0.000116260388,7.33979396e-05,4.87862017e-05,5.52604506e-05,8.97357022e-05,0.000133728856,0.000161319855,0.000159155737,0.00014187576,0.000139775919,0.000169195991,0.000217669265,0.00025663455,0.000263070222,0.000230685313,0.000170336207,0.000103824481,5.12342922e-05,2.0168316e-05,6.27099371e-06,1.51190216e-06,2.90360703e-07,0,0,0,0,0,0,0,0,0,0,0,0,0,0,0,0,0,0,0,2.42832982e-07,1.29643558e-06,5.39039456e-06,1.74548695e-05,4.40188778e-05,8.65333714e-05,0.000132729037,0.000160183059,0.000156546987,0.000137766474,0.000138341566,0.000180321833,0.000251907681,0.00031832527,0.000361815444,0.000411754445,0.000524179603,0.000715812901,0.000919548445,0.00102424365,0.000973360438,0.000818213448,0.000664363033,0.000572326477,0.00052302453,0.00046746587,0.000389341498,0.00031372087,0.000268075237,0.000253135979,0.000250310492,0.000241223854,0.000214356143,0.000166865007,0.000108695662,5.73738071e-05,2.40621703e-05,7.93723302e-06,2.0408545e-06,4.1204143e-07,6.47882246e-08,0,0,0,0,0,0,0,0,0,0,0,0,0,0,0,0,0,0,0,0,0,0,0,0,0,0,0,0,0,1.68573848e-07,9.4612426e-07,4.13554289e-06,1.40780749e-05,3.73233306e-05,7.7178498e-05,0.000124601429,0.000158326337,0.000162595141,0.00014643521,0.000136820308,0.000149904066,0.000175191002,0.000192565465,0.000197085625,0.000196975117,0.000192284293,0.000173658191,0.000143004872,0.000121055833,0.000125636303,0.000148692969,0.000161731048,0.00014388017,0.000100963138,5.53329555e-05,2.3650131e-05,7.87244426e-06,2.0408545e-06,5.27900454e-07,7.48388857e-07,3.14124327e-06,1.1241571e-05,3.13313321e-05,6.80075464e-05,0.00011496395,0.000151353583,0.000155185102,0.000123917824,7.7062643e-05,3.73233306e-05,1.40780749e-05,4.13554289e-06,9.4612426e-07,1.68573848e-07,0,0,0,0,0,0,0,0,0,0,0,0,0,0,0,0,0,0,0,0,0,0,0,0,0,0,0,0,0,0,0,0,0,0,0,0,0,0,0,0,0,0,0,0,0,0,0,0,0,0,0,0,0,0,0,0,0,0,0,0,0,0,0,0,0,0,0,0,0,0,0,0,0,0,0,0,0,0,0,0,0,0,0,0,0,0,0,0,0,0,0,0,0,0,0,0,0,0,0,0,0,0,0,0,0,0,0,0,0,0,0,0,0,0,0,0,0,0,0,0,0,0,0,0,0,0,0,0,0,0,0,0,0,0,0,0,0,0,0,0,0,0,0,0,0,0,0,0,0,0,0,0,0,0,0,0,0,0,0,0,0,0,0,0,0,0,0,0,0,0,0,0,0,0,0,0,0,0,0,0,0,0,0
5.81905013e-08,3.79449716e-07,2.10283383e-06,9.36805191e-06,3.55172851e-05,0.000111619869,0.000305390276,0.00073522795,0.00153620064,0.00272352737,0.00401927577,0.00488923583,0.00491681183,0.00418260787,0.0031839048,0.00237398106,0.00186438777,0.00154476112,0.0013477006,0.00133295183,0.00157044106,0.00200395496,0.00244739442,0.00270269508,0.00266171619,0.00232507451,0.00178847078,0.00121474278,0.000762431067,0.000506439595,0.000415580347,0.000393851748,0.000351925904,0.000263510825,0.000163437537,9.79942488e-05,8.74635516e-05,0.000121487486,0.000172730797,0.000217933411,0.000257346983,0.000308709918,0.000373990741,0.000424467667,0.000427903928,0.000379100908,0.000296377664,0.000203018935,0.000120413555,6.56685079e-05,4.81425013e-05,6.74700204e-05,0.000112123511,0.000157078262,0.00017324675,0.000149114858,9.99546683e-05,5.21809125e-05,2.12151772e-05,6.71750513e-06,1.65651625e-06,3.18133829e-07,0,0,0,7.09852443e-08,4.5145336e-07,2.23606321e-06,8.62544675e-06,2.601712e-05,6.12598451e-05,0.000113455331,0.000167725215,0.000204581142,0.000218850866,0.000220824819,0.000215491862,0.000193620319,0.000151102548,0.000105370891,8.4352585e-05,0.000105508363,0.00016620614,0.000248905213,0.000332935364,0.000397763186,0.000420271477,0.00038819827,0.000325471192,0.000285351125,0.000300357322,0.000344996399,0.000363195693,0.000333181873,0.00029241771,0.000291163509,0.000330188457,0.000356648612,0.000322184234,0.000231807338,0.000130898814,5.78039071e-05,1.9938283e-05,5.686843e-06,2.78495349e-06,6.90263687e-06,2.12861614e-05,5.26323674e-05,0.000102190737,0.000157798495,0.000199538466,0.0002193127,0.000228555451,0.000240861424,0.000255474355,0.000262951187,0.000255271676,0.000226095799,0.000174367102,0.000111928399,5.79718471e-05,2.37938566e-05,7.72629573e-06,2.56127305e-06,3.36778612e-06,1.10232832e-05,3.13344099e-05,6.97360083e-05,0.000120870151,0.000163157631,0.000171522901,0.000140431075,8.95428093e-05,4.44656434e-05,1.71966876e-05,5.17954277e-06,1.21496691e-06,2.21954423e-07,3.18133829e-07,1.65651625e-06,6.71750513e-06,2.12151772e-05,5.21809125e-05,9.99546683e-05,0.000149114858,0.00017324675,0.000156760128,0.000110467001,6.06255744e-05,2.59122771e-05,8.62544675e-06,2.23606321e-06,4.5145336e-07,7.09852443e-08,0,0,0,0,0,0,0,0,0,1.04843849e-07,9.00328359e-07,4.40877648e-06,1.68710812e-05,5.05298303e-05,0.000118416763,0.000217830151,0.000316990074,0.000371874659,0.000368937704,0.000341452193,0.000334252225,0.000361478247,0.000404424733,0.000435147405,0.000437858514,0.000421568431,0.000420049619,0.000477517169,0.000629427203,0.000877206505,0.00116476906,0.00138533465,0.00143453735,0.0012761117,0.00097207143,0.000650765782,0.000429546082,0.000345971173,0.000348509551,0.000350308255,0.000299421838,0.000205837743,0.000112478047,5.03649171e-05,2.48962351e-05,3.03410725e-05,6.21621366e-05,0.000113582275,0.000167725215,0.000204581142,0.000218850866,0.000220951755,0.00021608753,0.000196179783,0.000159465417,0.000125527513,0.000119296266,0.000143156984,0.00017101015,0.000171243591,0.000135992566,8.44337119e-05,4.08933229e-05,1.54246482e-05,4.53110943e-06,1.03662148e-06,1.84697996e-07,0,8.63770566e-08,5.35779179e-07,2.58821069e-06,9.73732949e-06,2.85303031e-05,6.51027513e-05,0.000115696093,0.000160126932,0.000172598287,0.000144888851,9.47239459e-05,4.82293035e-05,1.91244362e-05,5.90598802e-06,1.42044019e-06,2.66060056e-07,0,0,4.04510871e-07,2.42408032e-06,1.10071051e-05,3.91660033e-05,0.000111459638,0.000255376915,0.000473557186,0.000714486989,0.000881974003,0.000896432553,0.000755983114,0.000536367879,0.000335517398,0.000220135378,0.000207855308,0.000272922334,0.000362635881,0.000422620302,0.000421371165,0.000359311118,0.000261300709,0.000162218363,9.27214642e-05,7.01933532e-05,9.73866263e-05,0.000163003642,0.000240878886,0.000296075334,0.00030160122,0.000254462357,0.000176663947,9.98583637e-05,4.54244328e-05,1.64612702e-05,4.71580734e-06,1.03662148e-06,1.84697996e-07,0,0,0,0,0,0,0,0,0,0,0,0,0,0,0,0,0,0,0,0,0,0,0,0,0,0,0,0,0,0,0,0,0,0,0,0,0,0,0,0,0,0,0,0,0,0,0,0,0,0,0,0,0,0,0,0,0,0,0,0,0,0,0,0,0,0,0,0,0,0,0,0,0,0,0,0,0,0,0,0,0,0,0,0,0,0,0,0,0,0,0,0,0,0,0,0,0,0,0,0,0,0,0,0,0,0,0,0,0,0,0,0,0,0,0,0,0,0,0,0,0,0,0,0,0,0,0,0,0,0,0,0,0,0,0,0,0,0,0,0,0,0,0,0,0,0,0,0,0,0,0,0,0,0,0,0,0,0,0,0,0,0,0,0,0,0,0,0,0,0,0,0,0,0,0,0,0,0,0,0,0,0,0,0
5.85220334e-07,3.82835697e-06,1.71655192e-05,6.16410252e-05,0.000177013033,0.000411983463,0.000796433713,0.00132640742,0.00198985985,0.00278169219,0.00363429217,0.00434174901,0.00463803625,0.0044037709,0.00377266575,0.00301893265,0.00236436329,0.00189598044,0.00163531618,0.00163467228,0.00197139429,0.00263372343,0.00341360038,0.00393725093,0.00387340132,0.00318103866,0.00215418707,0.00119396439,0.000542660593,0.000214490108,0.000105275001,0.000107713735,0.000147864383,0.000178960981,0.000182395597,0.000172566593,0.000177477967,0.000208920887,0.00026026633,0.000331435265,0.000438947347,0.000586669426,0.000731846201,0.000800074544,0.000752831926,0.000633608142,0.000523690775,0.000456967915,0.000404279795,0.000337082165,0.000269459735,0.000226994394,0.000204570373,0.000175390567,0.000127486826,7.43537748e-05,3.40321712e-05,1.2210623e-05,3.41202622e-06,7.42528755e-07,1.25846327e-07,0,0,0,0,0,0,1.03939769e-07,6.28798944e-07,2.96256758e-06,1.0870539e-05,3.11900549e-05,6.98771983e-05,0.000123239894,0.000173961336,0.000204076016,0.000213090098,0.000213644802,0.000208586775,0.000186239646,0.000142823148,9.68385866e-05,7.68792015e-05,0.000103354199,0.000179760493,0.000290289696,0.000401749567,0.00047478074,0.000485291821,0.000440408417,0.000370213907,0.000303981855,0.000260646135,0.000252934638,0.000279969769,0.000315699464,0.000321137719,0.000276257895,0.000195426022,0.000112101647,5.16379405e-05,1.90164756e-05,5.88723424e-06,3.17256672e-06,8.03953753e-06,2.46814798e-05,6.16847756e-05,0.00012352693,0.000200982511,0.000271729834,0.000314359873,0.000323227025,0.000308482995,0.00028166885,0.000243583214,0.000190851191,0.000132283705,9.04382323e-05,8.46451585e-05,0.000114042639,0.000154326801,0.000172498796,0.000152110311,0.000105711835,6.16847756e-05,4.22328121e-05,5.53691461e-05,9.58175224e-05,0.000144015619,0.000171167645,0.000158746145,0.000114756112,6.49175417e-05,3.01946729e-05,1.72090931e-05,2.58391829e-05,5.63608774e-05,0.000104389277,0.000151760905,0.000171967637,0.000151760905,0.000104303639,5.58297179e-05,2.32732891e-05,7.55573092e-06,1.91038794e-06,3.76177695e-07,5.7688716e-08,0,0,0,0,0,0,0,0,0,0,8.5632216e-08,5.3115906e-07,2.56589215e-06,9.65336312e-06,2.8284283e-05,6.45413675e-05,0.000114698429,0.000158746145,0.000171109947,0.000143639452,9.39071324e-05,4.7813417e-05,1.8959523e-05,5.85505995e-06,1.40819157e-06,2.63765799e-07,0,0,0,0,3.15418305e-07,2.18953187e-06,1.06673406e-05,4.07223233e-05,0.000122290789,0.000290267868,0.000547582924,0.00082771224,0.00101408514,0.00102201069,0.000860976637,0.000614015968,0.00037214614,0.000190379069,8.1032922e-05,2.82330329e-05,7.84317945e-06,1.78127073e-06,6.39943494e-07,1.91038794e-06,7.55573092e-06,2.32732891e-05,5.58297179e-05,0.000104303639,0.000151760905,0.000171967637,0.000151760905,0.000104303639,5.58297179e-05,2.32732891e-05,7.55573092e-06,1.91038794e-06,3.76177695e-07,5.7688716e-08,0,0,0,0,0,0,0,0,0,0,1.25846327e-07,7.42528755e-07,3.41202622e-06,1.24743892e-05,3.55923548e-05,8.05996606e-05,0.000147753526,0.00022589571,0.000299660198,0.00035697181,0.000384623563,0.000365963584,0.00029666684,0.000198841386,0.000108044485,4.70270788e-05,1.62475535e-05,4.5366528e-06,1.76016817e-06,4.3344121e-06,1.70874682e-05,5.51973608e-05,0.000141298253,0.000288214709,0.000471961015,0.000628665322,0.000697174808,0.000670813431,0.00059844408,0.000536520674,0.000509687234,0.000507922552,0.000500998052,0.000456201,0.000361642218,0.000239506247,0.000129045962,5.57048879e-05,1.90803057e-05,5.12435145e-06,1.09467987e-06,1.51989525e-07,0,0,0,0,0,0,0,0,0,0,0,0,0,0,0,0,0,0,0,0,0,0,0,0,0,0,0,0,0,0,0,0,0,0,0,0,0,0,0,0,0,0,0,0,0,0,0,0,0,0,0,0,0,0,0,0,0,0,0,0,0,0,0,0,0,0,0,0,0,0,0,0,0,0,0,0,0,0,0,0,0,0,0,0,0,0,0,0,0,0,0,0,0,0,0,0,0,0,0,0,0,0,0,0,0,0,0,0,0,0,0,0,0,0,0,0,0,0,0,0,0,0,0,0,0,0,0,0,0,0,0,0,0,0,0,0,0,0,0,0,0,0,0,0,0,0,0,0,0,0,0,0,0,0,0,0,0,0,0,0,0,0,0,0,0,0,0,0,0,0,0,0,0,0,0,0,0,0,0,0,0,0,0,0,0,0,0,0,0,0,0,0,0,0,0,0,0
0.00010119057,0.000254107872,0.000503116753,0.000798585766,0.00105751737,0.00126580568,0.00155431312,0.0021445069,0.00322247297,0.00479929149,0.00656909076,0.00791821256,0.00827044807,0.00752354879,0.0060798577,0.00447106455,0.00305575761,0.00201093243,0.00141903746,0.00129033334,0.00156988064,0.00215971586,0.00290817232,0.00357118226,0.00384925446,0.00356348907,0.00281680073,0.00193035358,0.00119885092,0.000726176193,0.000460314914,0.000307392736,0.000201938266,0.000119187644,5.91946809e-05,2.39270321e-05,8.13959014e-06,4.44207535e-06,9.95290065e-06,2.81254015e-05,6.40481812e-05,0.000113925118,0.000158157083,0.000172742366,0.000153329325,0.000124016384,0.000116054442,0.000137726864,0.00016632503,0.000170141895,0.000138418036,8.80923399e-05,4.374536e-05,1.69181258e-05,5.09564143e-06,1.19528613e-06,2.18359077e-07,0,0,0,0,0,0,0,0,0,0,0,0,0,0,0,0,0,0,0,0,0,0,0,0,0,0,0,0,0,0,0,0,0,0,0,0,0,0,0,0,0,0,0,0,0,0,0,0,0,0,0,0,0,0,0,0,1.81706156e-07,1.0198296e-06,4.45771184e-06,1.51747909e-05,4.02309088e-05,8.30660065e-05,0.000133571317,0.000167274397,0.000163144388,0.000123919919,7.33753332e-05,3.42162602e-05,1.43171592e-05,1.18716798e-05,2.6229387e-05,5.97684084e-05,0.000108677588,0.000154220834,0.000170440384,0.0001466994,9.83355421e-05,5.13356572e-05,2.0871521e-05,6.60869091e-06,1.62968308e-06,3.1298049e-07,0,0,0,0,0,0,0,1.24884693e-07,7.36854815e-07,3.38595373e-06,1.21173171e-05,3.37721212e-05,7.33054985e-05,0.000123919919,0.000163144388,0.000167274397,0.0001336563,8.3593106e-05,4.27771956e-05,2.47543885e-05,3.25258625e-05,6.50680086e-05,0.000114003677,0.000157533097,0.000169802428,0.000142541845,9.35025309e-05,4.9077742e-05,2.54233364e-05,2.66818406e-05,5.27330885e-05,9.8597302e-05,0.0001466994,0.000170510219,0.000154664973,0.00011087743,6.81292513e-05,5.09850688e-05,6.83476101e-05,0.000112072717,0.000159911448,0.000188609294,0.000195964356,0.000206613695,0.000247269898,0.000319082552,0.000394275005,0.000432644418,0.000404762832,0.00031386374,0.00019759596,9.94898801e-05,3.96936412e-05,1.24787812e-05,3.06779793e-06,5.94968526e-07,6.98353801e-08,0,0,0,0,0,0,0,0,0,0,0,0,0,0,0,0,0,0,0,0,0,0,0,0,0,0,0,0,0,0,0,0,0,0,0,0,0,0,0,0,0,0,0,1.24884693e-07,7.36854815e-07,3.38595373e-06,1.21173171e-05,3.37721212e-05,7.33054985e-05,0.000123919919,0.000163144388,0.000167274397,0.000133571317,8.30660065e-05,4.02309088e-05,1.51747909e-05,4.45771184e-06,1.0198296e-06,1.81706156e-07,0,0,0,0,0,0,0,0,0,0,0,0,0,0,0,0,0,0,0,0,0,0,0,0,0,0,0,0,0,0,0,0,0,0,0,0,0,0,0,0,0,0,0,0,0,0,0,0,0,0,0,0,0,0,0,0,0,0,0,0,0,0,0,0,0,0,0,0,0,0,0,0,0,0,0,0,0,0,0,0,0,0,0,0,0,0,0,0,0,0,0,0,0,0,0,0,0,0,0,0,0,0,0,0,0,0,0,0,0,0,0,0,0,0,0,0,0,0,0,0,0,0,0,0,0,0,0,0,0,0,0,0,0,0,0,0,0,0,0,0,0,0,0,0,0,0,0,0,0,0,0,0,0,0,0,0,0,0,0,0,0,0,0,0,0,0,0,0,0,0,0,0,0,0,0,0,0,0,0,0,0,0,0,0,0,0,0,0,0,0,0,0,0,0,0,0,0,0,0,0,0,0,0,0,0,0
2.1788405e-07,1.28557713e-06,5.90741183e-06,2.18321038e-05,6.41876468e-05,0.000154154477,0.000318933307,0.000602164946,0.00107263203,0.00177630025,0.00263698096,0.0034412276,0.00397962378,0.00417664601,0.00405279454,0.0036513838,0.00306908786,0.00246878271,0.00197652727,0.00161433488,0.00138877693,0.00137703575,0.00164472102,0.00209311396,0.00245569367,0.00249362318,0.0021959208,0.00176700158,0.00141363393,0.00117891154,0.000994433183,0.000827888492,0.00071317429,0.000663391664,0.000625483575,0.000538364227,0.000410354813,0.000321180385,0.000368938287,0.000605241628,0.000989527558,0.00138548913,0.00162720028,0.00161938241,0.00138776086,0.00104111887,0.000692211732,0.000407782092,0.000209236372,9.11895622e-05,3.39832804e-05,1.61586777e-05,2.57731372e-05,6.47709312e-05,0.000136313553,0.000224743053,0.0002885758,0.0002885758,0.000224743053,0.000136313553,6.49360154e-05,2.65310209e-05,1.83167158e-05,3.79284684e-05,8.98275321e-05,0.000171564228,0.000256400439,0.000299950567,0.000280123058,0.000226875825,0.000204248397,0.000259795343,0.000391211244,0.000551799836,0.000688999542,0.000778264133,0.000814960746,0.000783765514,0.000664812571,0.000475566019,0.000277701853,0.000129844455,4.80871349e-05,1.39751837e-05,3.21295647e-06,5.78511447e-07,0,0,3.28215464e-07,2.15655268e-06,1.04913215e-05,3.99765158e-05,0.000119466371,0.000280409993,0.000517790788,0.000753475353,0.000865501759,0.000785980083,0.000564969378,0.000321689615,0.000145124082,5.18529996e-05,1.46606262e-05,3.27571047e-06,4.56670904e-07,0,0,0,0,0,0,0,0,0,0,0,0,0,0,0,0,0,0,0,0,0,0,0,0,0,0,0,0,0,0,0,0,0,0,0,0,0,0,0,0,0,0,0,0,0,0,0,0,0,0,0,0,0,9.98793581e-08,6.51295238e-07,3.30755006e-06,1.30816143e-05,4.02942096e-05,9.6660784e-05,0.00018058611,0.000262873102,0.000298511062,0.000266589283,0.00019539101,0.000141683195,0.000147196464,0.000214219486,0.000308788003,0.000387579901,0.000427607883,0.000427964696,0.000389366702,0.000315617595,0.000233963423,0.000189901897,0.000208894096,0.000269402459,0.000321447966,0.000335827208,0.000332507159,0.0003490854,0.00039252665,0.000436448696,0.000453682733,0.000430478394,0.000362179009,0.000259514636,0.000152701046,7.19694144e-05,2.67922005e-05,7.77728837e-06,1.77927814e-06,3.17019413e-07,0,0,0,0,1.79956118e-07,1.08867107e-06,5.12924134e-06,1.88207086e-05,5.37830165e-05,0.000119696306,0.000207463992,0.000280047097,0.000294405414,0.000241038753,0.000153693109,7.63217322e-05,2.95167465e-05,8.89027251e-06,2.08539404e-06,3.80967094e-07,0,0,0,0,0,0,0,0,0,0,0,0,0,0,0,0,0,0,0,0,0,0,0,0,0,0,5.29226497e-07,3.18497223e-06,1.44214018e-05,5.16763575e-05,0.00014589171,0.000326997106,0.000586339447,0.000849747914,0.00101279921,0.00102001312,0.000904726214,0.000746457139,0.000600112602,0.00047004217,0.00034040492,0.000213470703,0.000110347348,4.57619353e-05,1.50227779e-05,3.83802444e-06,7.74883745e-07,1.21840529e-07,0,0,0,0,0,0,0,0,0,0,0,0,0,0,0,0,0,0,0,0,0,0,0,0,0,0,0,0,0,0,0,0,0,0,0,0,0,0,0,0,0,0,0,0,0,0,0,0,0,0,0,0,0,0,0,0,0,0,0,0,0,0,0,0,0,0,0,0,0,0,0,0,0,0,0,0,0,0,0,0,0,0,0,0,0,0,0,0,0,0,0,0,0,0,0,0,0,0,0,0,0,0,0,0,0,0,0,0,0,0,0,0,0,0,0,0,0,0,0,0,0,0,0,0,0,0,0,0,0,0,0,0,0,0,0,0,0,0,0,0,0,0,0,0,0,0,0,0,0,0,0,0,0,0,0,0,0,0,0,0,0,0,0,0,0,0,0,0,0,0,0,0,0,0,0,0,0,0,0,0,0,0,0,0,0,0,0,0,0,0,0,0,0,0,0
1.8962759e-05,4.78792754e-05,9.48771849e-05,0.000149977204,0.000201005518,0.000268811244,0.000440516538,0.000845385366,0.00155527983,0.00246914732,0.00330628757,0.00377353397,0.00378778577,0.00351941353,0.00320265326,0.0029342433,0.00267564273,0.00241267332,0.0022623851,0.00240544812,0.0029063765,0.00360661326,0.00420396496,0.00443347171,0.00418510567,0.0035204608,0.00263173669,0.00175937486,0.00108094804,0.000647466106,0.00040644838,0.000271290977,0.00017891833,0.000109048742,7.15087008e-05,8.53945457e-05,0.000166015176,0.000311165641,0.000483258744,0.000616312667,0.000659523066,0.000616331352,0.000537795539,0.000479506591,0.000470022991,0.000507296005,0.00056513329,0.00060198392,0.000582097098,0.000502608775,0.000398881879,0.000311690877,0.000250934536,0.000198207694,0.000139243217,8.09908743e-05,3.75731979e-05,1.37416946e-05,3.92053062e-06,8.74788554e-07,1.52015474e-07,0,0,0,0,0,0,0,0,0,0,0,0,0,0,1.25867814e-07,7.42655459e-07,3.41260852e-06,1.22127067e-05,3.40379811e-05,7.38825765e-05,0.00012489545,0.000164428697,0.000168591214,0.000134622824,8.39716595e-05,4.23200181e-05,2.37762324e-05,3.63740946e-05,9.5270465e-05,0.000219565409,0.000402657286,0.00058332854,0.000667551998,0.000603747205,0.000431731198,0.000244724069,0.000113431808,5.59083819e-05,6.3312109e-05,0.000128381827,0.000242997674,0.000377563527,0.000477694906,0.000497801637,0.000441296201,0.000355371245,0.000281756656,0.000224362957,0.000170200117,0.000122898491,0.000103767132,0.000128134183,0.000189946702,0.000267621333,0.00033905005,0.000386029453,0.000390323956,0.000340723578,0.000252151134,0.000164728495,0.000117143922,0.000120180383,0.00015152937,0.000173001739,0.000159088668,0.000114718008,6.45523833e-05,2.82891106e-05,9.65501022e-06,2.56633007e-06,5.31249725e-07,8.56468318e-08,0,0,0,0,0,0,0,0,0,0,0,0,0,0,0,0,0,0,0,0,0,0,1.83136578e-07,1.02785793e-06,4.49280378e-06,1.52942503e-05,4.0547613e-05,8.37199186e-05,0.000134622824,0.000168591214,0.000164428697,0.000125210892,7.55250803e-05,4.06986946e-05,3.32485324e-05,5.51523917e-05,9.98523174e-05,0.000147980114,0.000171782129,0.000155434886,0.000109753193,6.13177472e-05,3.08289709e-05,2.56038384e-05,4.63068936e-05,8.93191027e-05,0.000140292905,0.000175166526,0.000182768752,0.000187848811,0.000243619143,0.00038764003,0.000596508791,0.000786122342,0.000867905444,0.000809362857,0.000643336622,0.000435156922,0.000247115415,0.000115585943,4.3732216e-05,1.31618008e-05,3.10864289e-06,5.79255129e-07,0,0,0,0,0,0,0,0,0,0,0,0,0,0,0,0,0,0,0,0,0,0,0,0,0,0,0,0,0,0,0,0,0,0,0,0,0,0,0,0,1.25867814e-07,7.42655459e-07,3.60886156e-06,1.34029997e-05,3.96677497e-05,9.47998269e-05,0.000185501442,0.000302660279,0.000418610114,0.000500016322,0.000531139551,0.000529413461,0.000530723017,0.000553084363,0.000576557301,0.000560320623,0.000479312846,0.000347786874,0.000208884128,0.000102268808,4.03132944e-05,1.26689774e-05,3.16796536e-06,6.16896614e-07,8.56468318e-08,0,0,0,0,0,0,0,0,0,0,0,0,0,0,0,0,0,0,0,0,0,0,0,0,0,0,0,0,0,0,0,0,0,0,0,0,0,0,0,0,0,0,0,0,0,0,0,0,0,0,0,0,0,0,0,0,0,0,0,0,0,0,0,0,0,0,0,0,0,0,0,0,0,0,0,0,0,0,0,0,0,0,0,0,0,0,0,0,0,0,0,0,0,0,0,0,0,0,0,0,0,0,0,0,0,0,0,0,0,0,0,0,0,0,0,0,0,0,0,0,0,0,0,0,0,0,0,0,0,0,0,0,0,0,0,0,0,0,0,0,0,0,0,0,0,0,0,0,0,0,0,0,0,0,0,0,0,0,0,0,0,0,0,0,0,0,0,0,0,0,0,0,0,0,0,0,0,0,0,0,0,0,0,0,0,0,0,0,0,0,0,0,0,0,0,0,0,0,0
0.000152450375,0.000373824063,0.00071671058,0.001075026,0.00126391347,0.00117694715,0.000918123114,0.000764431432,0.00102019333,0.0018833339,0.00333264377,0.00505623454,0.00656971103,0.00751750031,0.00783847831,0.00760540832,0.00683559244,0.00558504835,0.00412714109,0.00287880725,0.0021414056,0.00193718821,0.00204828032,0.00217223819,0.00209669955,0.00179391063,0.00138023263,0.000993521418,0.000700301316,0.00049761025,0.000370771741,0.000327680202,0.000378469558,0.000496843539,0.000617304293,0.000674695591,0.000641641498,0.000534660823,0.000396773074,0.000278489693,0.00021628027,0.000210270926,0.000222777162,0.000210461367,0.000161329517,9.74502764e-05,4.59587864e-05,1.69072937e-05,4.84402062e-06,1.08084703e-06,1.87823076e-07,0,0,0,0,0,0,0,0,0,0,0,0,0,0,0,0,0,0,0,0,0,8.69645262e-08,5.53078735e-07,2.73941669e-06,1.05670961e-05,3.17453123e-05,7.42728225e-05,0.000135333903,0.000192047941,0.00021224581,0.000182681673,0.000122455182,6.39272112e-05,2.59908629e-05,8.22966285e-06,2.02940987e-06,3.8974801e-07,0,0,0,0,0,0,0,0,0,2.71917941e-07,1.48846459e-06,6.34549451e-06,2.10677845e-05,5.44751747e-05,0.000109699526,0.000172043103,0.00021013392,0.000199885573,0.000148078878,8.5434076e-05,3.83880069e-05,1.34334123e-05,3.661032e-06,7.77046637e-07,1.28444938e-07,0,0,0,0,0,0,0,0,0,0,0,0,0,0,0,0,0,0,0,0,0,0,0,0,0,0,0,0,0,0,0,0,0,0,0,0,0,0,0,0,0,0,0,0,0,0,0,0,3.25952044e-07,1.74019135e-06,7.23546782e-06,2.34294821e-05,5.90860618e-05,0.000116046976,0.000177504349,0.000211451377,0.000196172652,0.000141740107,7.97578468e-05,3.49526781e-05,1.20847862e-05,4.08842516e-06,4.87284342e-06,1.53507754e-05,4.29732972e-05,9.56900622e-05,0.000170485146,0.000250146928,0.000317049446,0.000369346613,0.000414462469,0.000450559222,0.000465476187,0.000450298336,0.00040382857,0.000328663678,0.000234191539,0.000140632445,6.89975059e-05,2.70717119e-05,8.41748624e-06,2.02940987e-06,3.8974801e-07,0,0,0,0,0,0,0,0,0,0,0,2.26274835e-07,1.26997224e-06,5.55109409e-06,1.88968461e-05,5.00987007e-05,0.000103440339,0.000166333542,0.000208303274,0.000203160263,0.000154314854,9.12857868e-05,4.2055708e-05,1.50894384e-05,4.21645655e-06,9.17589716e-07,1.55516275e-07,7.12895911e-08,4.64866559e-07,2.36078699e-06,9.33709453e-06,2.87602743e-05,6.89923108e-05,0.000128894608,0.000187540543,0.000212511281,0.000187540543,0.000129050124,6.99099037e-05,3.29767317e-05,2.4426532e-05,4.44164943e-05,9.1750655e-05,0.000154386158,0.000203160263,0.000208303274,0.000166333542,0.000103440339,5.00987007e-05,1.88968461e-05,5.55109409e-06,1.26997224e-06,2.26274835e-07,0,0,0,0,0,0,0,0,0,0,0,0,0,0,0,0,0,0,0,0,8.69645262e-08,5.53078735e-07,2.73941669e-06,1.05670961e-05,3.17453123e-05,7.42728225e-05,0.000135333903,0.000192047941,0.00021224581,0.000182681673,0.000122455182,6.39272112e-05,2.59908629e-05,8.22966285e-06,2.02940987e-06,3.8974801e-07,0,0,0,0,0,0,0,0,0,0,0,0,0,0,0,0,0,0,0,0,0,0,0,0,0,0,0,0,0,0,0,0,0,0,0,0,0,0,0,0,0,0,0,0,0,0,0,0,0,0,0,0,0,0,0,0,0,0,0,0,0,0,0,0,0,0,0,0,0,0,0,0,0,0,0,0,0,0,0,0,0,0,0,0,0,0,0,0,0,0,0,0,0,0,0,0,0,0,0,0,0,0,0,0,0,0,0,0,0,0,0,0,0,0,0,0,0,0,0,0,0,0,0,0,0,0,0,0,0,0,0,0,0,0,0,0,0,0,0,0,0,0,0,0,0,0,0,0,0,0,0,0,0,0,0,0,0,0,0,0,0,0,0,0,0,0,0,0,0,0,0,0,0,0,0,0
0.000206765064,0.000493373722,0.000921189669,0.0013475538,0.00154985336,0.001422517,0.0011118016,0.000931395451,0.0011590455,0.00190525805,0.00308028748,0.00442261435,0.00559773762,0.00632807659,0.00645905966,0.00596878817,0.00499478355,0.00383964763,0.0028739844,0.00239028409,0.00248728064,0.00299829547,0.00352647365,0.00366741628,0.0032856511,0.00257034926,0.00182759226,0.0012533142,0.000877022103,0.000640586775,0.000481967436,0.000368481065,0.000291263772,0.000243134724,0.000206790894,0.000163798075,0.000113438175,7.61640549e-05,8.29214405e-05,0.000165415782,0.000341138424,0.000579366635,0.000785979384,0.000855058606,0.000754263951,0.000546936644,0.000330325158,0.000167754624,7.32821936e-05,3.37165911e-05,3.28532878e-05,6.01886168e-05,0.00010443174,0.000144140387,0.000155366637,0.000130423621,8.52670128e-05,4.34142457e-05,1.7215114e-05,5.31635351e-06,1.27862802e-06,2.39497496e-07,0,0,0,0,0,0,0,0,0,0,0,0,0,0,0,0,0,0,0,0,0,0,0,0,0,0,0,0,9.43765812e-08,5.70945076e-07,2.68999065e-06,9.87037311e-06,2.82060828e-05,6.277379e-05,0.000108802866,0.000146868508,0.000154398615,0.000126410887,8.06031458e-05,4.0026338e-05,1.54798272e-05,4.66243409e-06,1.09366852e-06,3.14062788e-07,6.74210924e-07,3.09809593e-06,1.10871597e-05,3.09009738e-05,6.70734153e-05,0.000113384835,0.000149274623,0.00015333989,0.000123706865,8.20509813e-05,5.59077889e-05,6.0856044e-05,9.40542668e-05,0.000135160837,0.000156116614,0.000141109704,9.94383372e-05,5.45729163e-05,2.33252795e-05,7.76430988e-06,2.01282182e-06,4.0638173e-07,6.38983124e-08,0,0,0,0,0,0,1.38005433e-07,7.9416634e-07,3.55920679e-06,1.24228518e-05,3.37688107e-05,7.14885755e-05,0.000117864736,0.00015134133,0.00015134133,0.000117864736,7.14885755e-05,3.37688107e-05,1.24228518e-05,3.55920679e-06,7.9416634e-07,1.38005433e-07,0,0,0,0,0,0,0,0,0,0,0,0,0,0,0,0,0,0,1.14267593e-07,6.74210924e-07,3.09809593e-06,1.12869557e-05,3.21089065e-05,7.25243226e-05,0.000133156995,0.000206449928,0.000288620271,0.000391170179,0.000531093683,0.000702099758,0.000856503495,0.000925093889,0.000868660922,0.000712670968,0.000523287454,0.00035334038,0.000220055372,0.000122528116,5.82652319e-05,2.27688906e-05,7.10004815e-06,1.73461876e-06,3.41566704e-07,5.23809511e-08,0,0,0,0,0,0,0,0,0,0,0,0,0,0,0,0,0,0,0,0,0,0,0,0,0,0,0,1.14267593e-07,6.74210924e-07,3.09809593e-06,1.10871597e-05,3.09009738e-05,6.70734153e-05,0.000113384835,0.000149274623,0.000153053523,0.000122215715,7.60041294e-05,3.68106666e-05,1.38847017e-05,4.07873813e-06,9.33128547e-07,1.6625836e-07,0,0,1.6625836e-07,9.33128547e-07,4.07873813e-06,1.38847017e-05,3.68106666e-05,7.60041294e-05,0.000122215715,0.00015333989,0.000150765758,0.000119431686,8.61705339e-05,7.78723188e-05,0.00010106268,0.000137325798,0.000156624563,0.00014122398,9.94383372e-05,5.45729163e-05,2.33252795e-05,7.76430988e-06,2.01282182e-06,4.0638173e-07,6.38983124e-08,0,0,0,0,0,0,0,0,0,0,0,0,0,0,0,0,0,0,0,0,0,0,0,0,0,0,0,0,0,0,0,0,0,0,0,0,0,0,0,0,0,0,0,0,0,0,0,0,0,0,0,0,0,0,0,0,0,0,0,0,0,0,0,0,0,0,0,0,0,0,0,0,0,0,0,0,0,0,0,0,0,0,0,0,0,0,0,0,0,0,0,0,0,0,0,0,0,0,0,0,0,0,0,0,0,0,0,0,0,0,0,0,0,0,0,0,0,0,0,0,0,0,0,0,0,0,0,0,0,0,0,0,0,0,0,0,0,0,0,0,0,0,0,0,0,0,0,0,0,0,0,0,0,0,0,0,0,0,0,0,0,0,0,0,0,0,0,0,0,0,0,0,0,0,0,0,0,0,0,0,0,0,0,0,0,0,0,0,0,0,0,0,0,0,0,0,0,0
0,0,3.40765496e-07,2.22659855e-06,1.08526219e-05,4.24415302e-05,0.000135683367,0.000366230845,0.000852179772,0.00172459509,0.00303905248,0.00464925542,0.00619145762,0.00729517965,0.00786254182,0.00806028955,0.00801078416,0.00759665621,0.00664765667,0.00525241997,0.0037897469,0.00265214778,0.00198792759,0.00168834173,0.00154516846,0.00139242143,0.00116570538,0.000899377104,0.000667611603,0.000507699209,0.000394977164,0.000291851262,0.000197420901,0.000141564553,0.000146581879,0.000202242183,0.00026778676,0.000296081882,0.000264843111,0.000190308434,0.000109455556,5.01930954e-05,1.82777439e-05,5.26446547e-06,1.19510207e-06,2.00981987e-07,0,0,0,0,0,0,0,0,0,0,0,0,0,0,0,0,0,0,0,0,0,0,0,0,0,0,0,0,0,0,0,0,0,0,0,1.67245915e-07,9.38671235e-07,4.1029657e-06,1.39671765e-05,3.70293201e-05,7.66228331e-05,0.000123880338,0.00015806561,0.000164223413,0.000151661996,0.000146633378,0.000163955192,0.000193489293,0.000216424451,0.000224185715,0.000215327673,0.000186400255,0.00013831479,8.4198422e-05,4.09423083e-05,1.56867227e-05,4.69012866e-06,1.10016492e-06,2.00981987e-07,0,0,0,0,0,0,0,0,0,0,0,0,0,0,0,0,0,0,0,0,0,0,0,0,0,0,0,0,0,0,0,0,0,0,0,0,0,0,0,0,0,0,0,0,0,0,0,0,0,0,0,0,0,0,0,0,0,0,0,0,0,0,0,0,0,0,2.40920087e-07,1.28622298e-06,5.34793253e-06,1.74323159e-05,4.45513215e-05,9.01911408e-05,0.000148379069,0.000209104212,0.000275378639,0.000366724998,0.000495028158,0.000639470585,0.000750398729,0.000776650966,0.000699511904,0.000556532235,0.000424525031,0.000357695477,0.000342061307,0.000320820487,0.000258427026,0.000168881539,8.86110574e-05,4.11114161e-05,2.88405881e-05,4.65901139e-05,8.63535824e-05,0.000131276538,0.000156289505,0.000144996564,0.000104763989,5.89512056e-05,2.58344789e-05,8.81725009e-06,2.34365098e-06,7.26073552e-07,1.36443839e-06,5.34793253e-06,1.73173703e-05,4.36721239e-05,8.57734994e-05,0.000131198321,0.000156289505,0.000144996564,0.000104763989,5.89512056e-05,2.58344789e-05,8.81725009e-06,2.34365098e-06,4.85153464e-07,7.82153009e-08,0,0,0,0,0,0,0,0,0,7.82153009e-08,4.85153464e-07,2.34365098e-06,8.81725009e-06,2.58344789e-05,5.90154814e-05,0.000105172781,0.000147021346,0.000164099925,0.00015466215,0.000140734846,0.000144109901,0.000161290052,0.000170035055,0.000159775067,0.000145647966,0.000147279337,0.000161158459,0.000162959463,0.000136525006,9.07980502e-05,4.72503489e-05,1.92105581e-05,6.08276923e-06,1.49999232e-06,2.88073409e-07,0,0,0,0,0,0,0,0,0,0,0,0,0,0,0,0,0,0,0,0,0,0,0,0,0,0,0,0,0,0,0,0,0,0,0,0,0,0,0,0,0,0,0,0,0,0,0,0,0,0,0,0,0,0,0,0,0,0,0,0,0,0,0,0,0,0,0,0,0,0,0,0,0,0,0,0,0,0,0,0,0,0,0,0,0,0,0,0,0,0,0,0,0,0,0,0,0,0,0,0,0,0,0,0,0,0,0,0,0,0,0,0,0,0,0,0,0,0,0,0,0,0,0,0,0,0,0,0,0,0,0,0,0,0,0,0,0,0,0,0,0,0,0,0,0,0,0,0,0,0,0,0,0,0,0,0,0,0,0,0,0,0,0,0,0,0,0,0,0,0,0,0,0,0,0,0,0,0,0,0,0,0,0,0,0,0,0,0,0,0,0,0,0,0,0,0,0,0,0,0,0,0,0,0
8.03448017e-07,3.96375299e-06,1.54065438e-05,4.7325324e-05,0.000115252071,0.00022966243,0.00039060245,0.000603228225,0.000888261711,0.00125036784,0.00162683893,0.0018944859,0.00194891624,0.00178270345,0.00148856477,0.00118854025,0.000965124054,0.000853066798,0.000864591449,0.00100606005,0.00130435848,0.00182231306,0.00259103603,0.00347873848,0.00416295463,0.00430872291,0.0038248864,0.00294782966,0.00206366554,0.00144471449,0.00113236788,0.00100879581,0.000937249803,0.000845015107,0.000721438963,0.000581649307,0.000451534957,0.000368511712,0.000362831808,0.000430635322,0.000533073617,0.000627093366,0.000691828376,0.000728836982,0.000745028665,0.000734610541,0.000676683325,0.000558313564,0.000402662525,0.000263853202,0.000185855795,0.000169825507,0.000183457349,0.00019746834,0.000207148056,0.000222171264,0.000247846387,0.000282179244,0.000317115686,0.00033317451,0.00030717245,0.00023666599,0.000148104125,7.41627518e-05,2.94891925e-05,9.42615588e-06,3.28668511e-06,5.16040473e-06,1.78447299e-05,5.21982693e-05,0.000120746321,0.000221840615,0.000327385671,0.000396093732,0.000407077459,0.000378029916,0.000347253634,0.000339170132,0.000345977693,0.000342361338,0.000316031394,0.000276387611,0.000234132778,0.000187319019,0.000133587237,8.47094343e-05,6.13409284e-05,8.01944698e-05,0.000143803118,0.000230348465,0.000294299796,0.000295496226,0.000236077991,0.000160568525,0.000116816373,0.000120950644,0.000155767484,0.000195179789,0.000230607693,0.000272642414,0.000326937326,0.000375727977,0.000390014146,0.000355905882,0.00028959816,0.000230578153,0.00021646083,0.000251877238,0.000300365442,0.000315919169,0.000287231756,0.000243446499,0.000215493434,0.000206638972,0.00020398639,0.000201060582,0.000195254164,0.000177195456,0.000139450873,9.00811938e-05,4.66744932e-05,2.06628665e-05,1.34690517e-05,2.42016959e-05,5.35003892e-05,9.69751927e-05,0.000137614334,0.000152087378,0.000130902816,8.77467755e-05,4.58078357e-05,1.86240759e-05,5.89706724e-06,1.45419881e-06,3.90715883e-07,7.49549088e-07,3.57815657e-06,1.34358825e-05,3.97614167e-05,9.29193629e-05,0.00017179508,0.000251684745,0.000292492798,0.000269762444,0.000197401081,0.000114505405,5.25756295e-05,1.90740884e-05,5.4569573e-06,1.22871779e-06,1.94846166e-07,0,0,0,0,0,1.6214004e-07,9.10014364e-07,3.97770555e-06,1.35407699e-05,3.58988436e-05,7.41214608e-05,0.000119188364,0.000149424435,0.000146487015,0.000114553935,7.8952733e-05,6.64240797e-05,8.70671429e-05,0.000131303605,0.000180307426,0.000224824747,0.0002723363,0.000327067595,0.000370318536,0.000376023178,0.000339406397,0.000278179155,0.000216138127,0.000180303279,0.00020274565,0.00030425255,0.000475186709,0.000681116711,0.000888746581,0.00108236214,0.0012500498,0.00135620777,0.00134234678,0.00117625075,0.000899027043,0.000608070754,0.000389213994,0.000265699025,0.000203928066,0.000159930205,0.000118251715,9.45530774e-05,0.000108424909,0.000162322642,0.000238206441,0.000308815856,0.000350360293,0.000348213071,0.000299964857,0.000219447247,0.0001335407,6.70207519e-05,3.03308334e-05,2.18872483e-05,3.79963931e-05,7.45177822e-05,0.000119250682,0.000149262298,0.000145577011,0.000110576228,6.54119649e-05,3.01355394e-05,1.08883523e-05,3.49169636e-06,2.92961181e-06,8.65950369e-06,2.50457742e-05,5.7151472e-05,0.000101565631,0.000140569944,0.000151518107,0.00012719295,8.33884624e-05,4.35858055e-05,2.19733502e-05,2.19733502e-05,4.35858055e-05,8.33884624e-05,0.00012719295,0.000151518107,0.000140569944,0.000101565631,5.7151472e-05,2.50457742e-05,8.71020711e-06,3.25794326e-06,5.05297658e-06,1.69424729e-05,4.93721527e-05,0.000117255266,0.000228366596,0.000368625624,0.000497386965,0.000565635448,0.000549436256,0.00046741555,0.000360414269,0.000257481588,0.000167897742,9.55563228e-05,4.53098764e-05,1.73195876e-05,5.24698044e-06,1.24695566e-06,2.3356499e-07,0,0,0,0,0,0,0,0,0,0,0,0,0,0,0,0,0,0,0,0,0,0,0,0,0,0,0,0,0,0,0,0,1.34586955e-07,7.74494367e-07,3.4710431e-06,1.21151306e-05,3.29323375e-05,6.97177675e-05,0.000114945156,0.000147592509,0.000147592509,0.000114945156,6.97177675e-05,3.29323375e-05,1.21151306e-05,3.4710431e-06,7.74494367e-07,1.34586955e-07,0,0,0,0,0,0,0,0,0,0,0,0,0,0,0,0,0,0,0,0,0,0,0,0,0,0,0,0,0,0,0,0,0,0,0,0,0,0,0,0,0,0,0,0,0,0,0,0,0,0,0,0,0,0,0,0,0,0,0,0,0,0,0,0,0,0,0,0,0,0,0,0,0,0,0,0,0,0,0,0,0,0,0,0,0,0,0,0,0,0,0,0,0,0,0,0,0,0,0,0,0,0,0,0,0,0,0,0,0,0,0,0,0,0,0,0,0,0,0,0,0,0,0,0,0,0,0,0,0,0,0,0,0,0,0,0,0,0,0,0,0,0,0,0,0,0,0,0,0,0,0,0
1.258461e-07,7.42527334e-07,3.46970819e-06,1.30455146e-05,4.19584285e-05,0.000116716546,0.000301680528,0.000749290572,0.00172905065,0.00349596026,0.00594538869,0.00835544523,0.00970408972,0.00946263317,0.00802807324,0.00629065419,0.0048830281,0.00389305316,0.0031176419,0.00242533605,0.00188788131,0.00165206648,0.00174299139,0.00200845301,0.00221177307,0.00217039208,0.00185002107,0.00136637129,0.000888696057,0.000529694487,0.000313538796,0.000213633612,0.000187630591,0.000187523488,0.00017279142,0.000131215915,7.90538252e-05,3.7566715e-05,1.57440081e-05,1.23502077e-05,2.80677377e-05,6.96632342e-05,0.000141579614,0.00023102414,0.000304340909,0.000328090391,0.000299264095,0.000250330573,0.000217578461,0.00020741194,0.000200383278,0.00018512574,0.000173571651,0.00017777305,0.000185635916,0.00017253148,0.000131215915,7.89961341e-05,3.71905371e-05,1.36816343e-05,3.91985395e-06,8.74637635e-07,1.51989241e-07,0,0,0,0,0,0,0,0,0,0,0,0,5.76886059e-08,3.76176956e-07,1.9103843e-06,7.55571637e-06,2.32732436e-05,5.58296124e-05,0.000104303443,0.000151760614,0.000171967302,0.000151760614,0.000104303443,5.58296124e-05,2.32732436e-05,7.68156224e-06,2.65291169e-06,3.78819664e-06,1.22682886e-05,3.40321058e-05,7.38698291e-05,0.000124873899,0.000164400321,0.000168562125,0.000134599599,8.37054758e-05,4.06445579e-05,1.59204083e-05,7.4545901e-06,1.20501891e-05,3.2121894e-05,7.30543907e-05,0.000133509282,0.000198940936,0.000248775876,0.000269027601,0.000255446939,0.000210758561,0.000146856109,8.38672422e-05,3.83950282e-05,1.39016756e-05,3.91985395e-06,8.74637635e-07,1.51989241e-07,0,0,0,0,0,0,0,0,0,0,0,0,0,0,0,0,0,0,0,0,0,0,0,0,0,0,0,0,0,0,0,0,0,0,0,0,0,0,0,0,0,0,0,0,0,0,0,0,0,1.258461e-07,7.42527334e-07,3.41201985e-06,1.25259894e-05,3.5674333e-05,8.05293894e-05,0.000146049424,0.000217038498,0.000272598321,0.000302154251,0.000317720696,0.000351775903,0.000436140923,0.000565136666,0.000681461999,0.000716432696,0.000647443288,0.00050818891,0.000351610681,0.000218445392,0.000132529982,0.000103146798,0.000120974946,0.000156475013,0.000172994987,0.000151943721,0.000104303443,5.58296124e-05,2.32732436e-05,7.55571637e-06,1.9103843e-06,3.76176956e-07,5.76886059e-08,0,0,0,0,0,0,0,0,0,0,0,0,0,0,0,0,0,0,0,0,0,0,0,0,0,0,0,0,0,0,0,0,0,0,0,0,0,0,0,0,0,0,0,0,0,0,0,0,0,0,0,0,0,0,0,0,0,0,0,0,0,0,0,0,0,0,0,0,0,0,0,0,0,0,0,0,0,0,0,0,0,0,0,0,0,0,0,0,0,0,0,0,0,0,0,0,0,0,0,0,0,0,0,0,0,0,0,0,0,0,0,0,0,0,0,0,0,0,0,0,0,0,0,0,0,0,0,0,0,0,0,0,0,0,0,0,0,0,0,0,0,0,0,0,0,0,0,0,0,0,0,0,0,0,0,0,0,0,0,0,0,0,0,0,0,0,0,0,0,0,0,0,0,0,0,0,0,0,0,0,0,0,0,0,0,0,0,0,0,0,0,0,0,0,0,0,0,0,0,0,0,0,0,0,0,0,0,0,0,0,0,0,0,0,0,0,0,0,0,0,0,0,0,0,0,0,0,0,0,0,0,0,0,0,0,0,0,0,0,0,0,0,0,0,0,0,0,0,0,0,0,0,0,0,0,0,0,0,0,0,0
6.1843096e-08,6.70472446e-07,3.39125631e-06,1.40840657e-05,4.79132214e-05,0.000134047397,0.000329387636,0.000744567602,0.00156707235,0.00299623632,0.00502987672,0.00726297125,0.00899188872,0.0096361218,0.00909258798,0.00771213882,0.00600480242,0.0043836222,0.00308594573,0.00220633042,0.00173588074,0.00158841594,0.00162729074,0.00169761654,0.00166585576,0.00147543743,0.00117405166,0.000863552734,0.000609694107,0.000413770205,0.000256831059,0.000136592658,5.94367048e-05,2.06286331e-05,5.60191893e-06,1.28035947e-06,8.29998328e-07,3.43135162e-06,1.43103716e-05,4.76145324e-05,0.000126514919,0.000271208206,0.000474374974,0.00068813964,0.00084607274,0.000902813976,0.000850728247,0.000709958258,0.000518420362,0.000324756053,0.000171075546,7.44823046e-05,2.64507635e-05,7.57099815e-06,1.76249239e-06,6.07742152e-07,1.67882672e-06,6.63988885e-06,2.04522967e-05,4.90625098e-05,9.16608333e-05,0.000133365727,0.000151123168,0.000133365727,9.16608333e-05,4.90625098e-05,2.04522967e-05,6.63988885e-06,1.67882672e-06,3.30580605e-07,5.06961761e-08,0,0,0,0,1.10592303e-07,6.52525671e-07,2.99844919e-06,1.07305541e-05,2.99070798e-05,6.4916072e-05,0.000109737943,0.000144473379,0.000148130726,0.000118284792,7.37529117e-05,3.66851855e-05,1.79505878e-05,1.8929486e-05,3.9642051e-05,7.81715498e-05,0.000122345024,0.000149432555,0.00014214465,0.000105303348,6.07547445e-05,2.72988673e-05,9.55290398e-06,2.60347019e-06,5.52581241e-07,9.13410645e-08,0,0,0,0,0,0,1.10592303e-07,6.52525671e-07,2.99844919e-06,1.07305541e-05,2.99070798e-05,6.4916072e-05,0.000109737943,0.000144473379,0.000148130726,0.000118284792,7.35595386e-05,3.56266937e-05,1.34381162e-05,3.94755034e-06,9.03115506e-07,1.60910844e-07,0,0,0,0,0,0,0,0,1.93369033e-07,1.05849199e-06,4.51247206e-06,1.49819361e-05,3.87389337e-05,7.80106348e-05,0.000122345024,0.000149432555,0.00014214465,0.000105303348,6.07547445e-05,2.72988673e-05,9.55290398e-06,2.60347019e-06,5.52581241e-07,9.13410645e-08,0,0,0,0,0,0,0,0,0,0,0,0,0,0,0,0,0,0,0,9.13410645e-08,5.52581241e-07,2.60347019e-06,9.55290398e-06,2.72988673e-05,6.0948114e-05,0.00010636184,0.000146657112,0.000164414494,0.000161083968,0.00015602127,0.000161361124,0.000165991238,0.000153388697,0.000128941989,0.000121430414,0.000157793664,0.000238836801,0.000333970849,0.000399187586,0.00040576121,0.000360482692,0.000297130639,0.000243667237,0.00020053245,0.000153847228,0.000101018028,5.38543209e-05,2.27359596e-05,7.51457992e-06,1.94808172e-06,3.93310927e-07,6.1843096e-08,0,0,0,0,0,0,0,0,0,0,0,0,0,0,0,0,0,0,0,1.60910844e-07,9.03115506e-07,3.94755034e-06,1.34381162e-05,3.56266937e-05,7.35595386e-05,0.000118284792,0.000148130726,0.000144473379,0.000109871507,6.56846896e-05,3.33518074e-05,2.30310015e-05,3.71243004e-05,7.59712784e-05,0.000134110407,0.000197786532,0.000252038066,0.000289444753,0.000307205162,0.000299164181,0.000259197666,0.000192833439,0.000119583681,6.04657871e-05,2.45231295e-05,7.9078909e-06,2.00992486e-06,3.93310927e-07,6.1843096e-08,0,0,0,0,0,0,0,0,0,0,0,0,0,0,0,0,0,0,0,0,0,0,0,0,0,0,0,0,0,0,0,0,0,0,0,0,0,0,0,0,0,0,0,0,0,0,0,0,0,0,0,0,0,0,0,0,0,0,0,0,0,0,0,0,0,0,0,0,0,0,0,0,0,0,0,0,0,0,0,0,0,0,0,0,0,0,0,0,0,0,0,0,0,0,0,0,0,0,0,0,0,0,0,0,0,0,0,0,0,0,0,0,0,0,0,0,0,0,0,0,0,0,0,0,0,0,0,0,0,0,0,0,0,0,0,0,0,0,0,0,0,0,0,0,0,0,0,0,0,0,0,0,0,0,0,0,0,0,0,0,0,0,0,0,0,0,0,0,0,0,0,0,0,0,0,0,0,0,0,0,0,0,0,0,0,0,0,0,0,0,0,0,0,0,0,0,0,0,0,0,0,0,0,0,0,0,0,0,0,0,0,0,0
1.18206138e-07,9.6798874e-07,5.01851673e-06,2.18325076e-05,7.69223989e-05,0.000225799566,0.000571170007,0.00127249048,0.00251064147,0.00435249694,0.006543973,0.00845601782,0.00939649343,0.00909345411,0.00785759278,0.00626908708,0.00477911299,0.00359250512,0.00278604543,0.00241788058,0.00251385919,0.00297973305,0.003557452,0.00390474615,0.00377287087,0.00315506221,0.00227367552,0.00141772756,0.00077947235,0.000407591171,0.000250174198,0.000213771578,0.000207826903,0.00017947302,0.000124973754,6.8417874e-05,2.92147797e-05,9.72475482e-06,2.52104792e-06,5.08990809e-07,8.00322724e-08,0,0,0,0,0,0,0,0,0,0,0,0,0,0,0,0,0,0,0,0,1.18206138e-07,7.15105443e-07,3.36919811e-06,1.23625869e-05,3.53279611e-05,7.86238234e-05,0.000136274975,0.000183951968,0.000193383385,0.000158328927,0.000100954981,5.01327595e-05,1.93883952e-05,5.83967221e-06,1.36981373e-06,2.5024238e-07,0,0,0,0,0,0,0,0,0,0,0,0,0,0,0,0,0,0,0,0,0,0,0,0,0,0,0,3.58679785e-07,1.86763828e-06,7.57364705e-06,2.39190376e-05,5.88313414e-05,0.00011269383,0.000168119455,0.000195326938,0.000176739108,0.000124545957,6.83522667e-05,2.92147797e-05,9.72475482e-06,2.52104792e-06,5.08990809e-07,8.00322724e-08,0,0,0,0,0,0,0,0,0,0,0,0,0,0,0,0,0,0,0,0,0,0,0,0,0,0,0,0,0,0,0,0,0,0,0,0,0,0,0,0,0,2.08237651e-07,1.16873821e-06,5.10859672e-06,1.739051e-05,4.61051532e-05,9.51947368e-05,0.000153074507,0.000191698666,0.00018717385,0.000143182609,8.91176605e-05,5.60938061e-05,5.99917585e-05,9.90750923e-05,0.00015391894,0.000191841798,0.000186965626,0.000142013858,8.40090725e-05,3.8703296e-05,1.38866053e-05,3.88034778e-06,8.44445367e-07,1.43119507e-07,0,0,0,0,0,0,0,0,0,0,0,0,0,0,0,0,0,0,0,0,0,0,0,0,0,0,0,0,0,0,0,0,0,0,0,0,0,0,0,0,0,0,0,0,0,0,0,0,0,0,0,0,0,0,0,0,0,0,0,0,0,0,0,0,0,0,0,0,0,0,0,0,0,0,0,0,0,0,0,0,0,0,0,0,0,0,0,0,0,0,0,0,0,0,0,0,0,0,0,0,0,0,0,0,0,0,0,0,0,0,0,0,0,0,0,0,0,0,0,0,0,0,0,0,0,0,0,0,0,0,0,0,0,0,0,0,0,0,0,0,0,0,0,0,0,0,0,0,0,0,0,0,0,0,0,0,0,0,0,0,0,0,0,0,0,0,0,0,0,0,0,0,0,0,0,0,0,0,0,0,0,0,0,0,0,0,0,0,0,0,0,0,0,0,0,0,0,0,0,0,0,0,0,0,0,0,0,0,0,0,0,0,0,0,0,0,0,0,0,0,0,0,0,0,0,0,0,0,0,0,0,0,0,0,0,0,0,0,0,0,0,0,0,0,0,0,0,0,0,0,0,0,0,0,0,0,0,0,0,0,0,0,0,0,0,0,0,0,0,0,0,0,0,0,0,0
2.15868013e-07,2.82704877e-06,1.88790036e-05,8.79866711e-05,0.000322131964,0.000946407497,0.00224018912,0.00429542828,0.00670466619,0.0085610291,0.00898641162,0.0077924449,0.00560689485,0.00335812848,0.00167516153,0.000693967799,0.000237232016,6.59775833e-05,1.4370793e-05,2.35991661e-06,2.63332396e-07,0,0,0,9.48502588e-07,5.52027859e-06,2.5104031e-05,8.92181124e-05,0.000249219389,0.000546292169,0.000949697511,0.00133835699,0.00160266308,0.0017659642,0.00192691083,0.00209107832,0.00216738181,0.00216089585,0.00223168195,0.00246456382,0.00266839052,0.0025380319,0.00199954305,0.0013005588,0.000765831268,0.000545630231,0.000571025827,0.000668501656,0.000706355553,0.000679779681,0.000665412459,0.000692333269,0.00069388561,0.000596197555,0.000413069822,0.000225470081,9.61261976e-05,3.19976316e-05,8.29507371e-06,1.67474661e-06,2.63332396e-07,0,0,0,0,0,0,0,0,0,0,0,0,0,0,0,0,0,0,0,0,0,0,0,0,0,0,0,0,0,0,0,0,0,0,0,0,0,0,0,0,0,0,0,0,0,0,3.2043107e-07,1.98756811e-06,9.60142825e-06,3.65932647e-05,0.000108616739,0.000254277867,0.000474886707,0.000721365854,0.000916701392,0.00100476306,0.000966573483,0.000809666642,0.00057461072,0.000335131219,0.000156970433,5.8207479e-05,1.68089573e-05,3.84553186e-06,6.85170107e-07,0,0,0,0,0,0,0,0,0,0,0,0,0,0,0,0,0,0,0,0,5.68736482e-07,3.27285238e-06,1.46679067e-05,5.11960243e-05,0.000139165219,0.000294612779,0.000485734345,0.000623695261,0.000623695261,0.000485734345,0.000294612779,0.000139165219,5.11960243e-05,1.46679067e-05,3.27285238e-06,5.68736482e-07,0,0,0,0,0,0,0,0,0,0,0,0,0,0,0,0,0,0,0,0,0,0,0,0,0,0,0,0,0,0,0,0,0,0,0,0,0,0,0,0,0,0,0,0,0,0,0,0,0,0,0,0,0,0,0,0,0,0,0,0,0,0,0,0,0,0,0,0,0,0,0,0,0,0,0,0,0,0,0,0,0,0,0,0,0,0,0,0,0,0,0,0,0,0,0,0,0,0,0,0,0,0,4.70910095e-07,2.77850199e-06,1.27676149e-05,4.56914822e-05,0.000127346517,0.000276417384,0.000467272155,0.000615178142,0.000630751427,0.000503665244,0.000313221884,0.000151701053,5.72204808e-05,1.68089573e-05,3.84553186e-06,6.85170107e-07,0,0,0,0,0,0,0,0,0,0,0,0,0,0,0,0,0,0,0,0,0,0,0,0,0,0,0,0,0,0,0,0,0,0,0,0,0,0,0,0,0,0,0,0,0,0,0,0,0,0,0,0,0,0,0,0,0,0,0,0,0,0,0,0,0,0,0,0,0,0,0,0,0,0,0,0,0,0,0,0,0,0,0,0,0,0,0,0,0,0,0,0,0,0,0,0,0,0,0,0,0,0,0,0,0,0,0,0,0,0,0,0,0,0,0,0,0,0,0,0,0,0,0,0,0,0,0,0,0,0,0,0,0,0,0,0,0,0,0,0,0,0,0,0,0,0,0,0,0,0,0,0,0,0,0,0,0,0,0,0,0,0,0,0,0,0,0,0,0,0,0,0,0,0,0,0,0,0,0,0,0
1.25935424e-06,1.18389007e-05,6.02420259e-05,0.000240516092,0.000761284202,0.00194093294,0.00401873188,0.0068179355,0.00955471769,0.0111172656,0.0107425954,0.00857886765,0.00561344996,0.00297962362,0.00127086591,0.000433929759,0.000126211176,6.66676569e-05,0.00014482101,0.000365256215,0.000735535694,0.00115354953,0.00140894868,0.00134023337,0.000992869376,0.000572835794,0.000257391715,9.00710729e-05,2.45472311e-05,8.6549644e-06,1.97762965e-05,8.09930061e-05,0.0002704582,0.000704326027,0.00143045688,0.00226572971,0.00279883179,0.0026963877,0.00202593021,0.00118713826,0.00054251164,0.000193349246,5.37396336e-05,1.16481588e-05,1.96888527e-06,0,0,5.8309746e-07,3.70839462e-06,1.83677985e-05,7.08524094e-05,0.000212852421,0.000497999485,0.000907414302,0.0012876821,0.00142310886,0.00122488115,0.000821062364,0.000428632135,0.000174268818,5.51799167e-05,1.36071994e-05,2.61326159e-06,0,0,0,0,0,0,0,0,0,0,0,0,0,0,0,0,0,0,0,0,0,0,0,0,0,0,0,0,0,0,0,0,0,0,0,0,0,0,0,0,0,0,0,0,0,8.61223782e-07,5.21009997e-06,2.45472311e-05,9.00710729e-05,0.000257391715,0.000572835794,0.000992869376,0.00134023337,0.00140894868,0.00115354953,0.000735535694,0.000365256215,0.000141259559,4.25465623e-05,9.98015912e-06,1.8232106e-06,0,0,0,0,0,0,0,0,0,0,0,0,0,0,0,0,0,0,0,0,0,0,0,0,0,0,0,0,0,0,0,0,0,0,0,0,0,0,0,0,0,0,0,0,0,0,0,0,0,0,0,0,0,0,0,0,0,0,0,0,0,0,0,0,0,0,0,0,0,0,0,0,0,0,0,0,0,0,0,0,0,0,0,0,0,0,0,0,0,0,0,0,0,0,0,0,0,0,0,0,0,0,0,0,0,0,0,0,0,0,0,0,0,0,0,0,0,0,0,0,0,0,0,0,0,0,0,0,0,0,0,0,0,0,0,0,0,0,0,0,0,0,0,0,0,0,0,0,0,0,0,0,0,0,0,0,0,0,0,0,0,0,0,0,0,0,0,0,0,0,0,0,0,0,0,0,0,0,0,0,0,0,0,0,0,0,0,0,0,0,0,0,0,0,0,0,0,0,0,0,0,0,0,0,0,0,0,0,0,0,0,0,0,0,0,0,0,0,0,0,0,0,0,0,0,0,0,0,0,0,0,0,0,0,0,0,0,0,0,0,0,0,0,0,0,0,0,0,0,0,0,0,0,0,0,0,0,0,0,0,0,0,0,0,0,0,0,0,0,0,0,0,0,0,0,0,0,0,0,0,0,0,0,0,0,0,0,0,0,0,0,0,0,0,0,0,0,0,0,0,0,0,0,0,0,0,0,0,0,0,0,0,0,0,0,0,0,0,0,0,0,0,0,0,0,0,0,0,0,0,0,0,0,0,0,0,0
4.70405524e-07,3.33870821e-06,1.62744382e-05,6.24669847e-05,0.000194552616,0.000496137131,0.00104283332,0.00182591181,0.00270172651,0.00344682299,0.00387724116,0.00391153153,0.0035587959,0.00291646481,0.00217056647,0.0015350458,0.00115590682,0.00108115841,0.00129061332,0.00169995497,0.00214717211,0.00244713784,0.00249699294,0.00231186301,0.00196553045,0.00153812161,0.00111063593,0.000753561093,0.000494857959,0.000315791229,0.00018762688,9.84226572e-05,4.97374567e-05,4.55399531e-05,9.49785681e-05,0.000209119549,0.000377271033,0.000543044065,0.00062547042,0.000586804003,0.000478248578,0.000404700841,0.000436216273,0.000546719937,0.000635821838,0.00061897916,0.000505983655,0.000387767359,0.00034956701,0.000404903549,0.000505348551,0.000596047321,0.00065575703,0.000697927491,0.000749867875,0.000825575786,0.000900886604,0.000918306294,0.000841610366,0.000702800171,0.000576174236,0.000507486518,0.000477157068,0.000431784661,0.000341962615,0.000225562428,0.000123451231,6.44150277e-05,5.74317128e-05,0.000101474303,0.000188466627,0.000293855701,0.00037560155,0.000398571807,0.000364842272,0.00031913165,0.000315010315,0.000365073269,0.000426108425,0.000441600132,0.00039982493,0.000339037972,0.000294879894,0.000262192596,0.000215125459,0.000148550782,8.29297496e-05,3.95062816e-05,2.58780328e-05,4.24032842e-05,8.7839755e-05,0.000151195694,0.000203947086,0.000214403684,0.00017553888,0.000111928537,5.55820661e-05,2.16545432e-05,7.6144579e-06,7.24666506e-06,2.28266381e-05,7.09198721e-05,0.000179458119,0.000367451721,0.000612374977,0.000835678773,0.000939748308,0.000876319362,0.000681260193,0.000443086697,0.000243436865,0.000122368059,8.21658614e-05,0.000105279301,0.000162957862,0.000218544432,0.000245214876,0.000246834737,0.000250096491,0.000271410216,0.000307165057,0.000354814401,0.000415479444,0.000465774443,0.000458014809,0.000370619062,0.000238880559,0.000120970966,4.78110996e-05,1.47649744e-05,3.55110137e-06,6.6515031e-07,0,1.91639487e-07,1.29444857e-06,6.04525621e-06,2.21932842e-05,6.41434672e-05,0.000146164355,0.000262943096,0.000373829593,0.000420316443,0.000373829593,0.000262943096,0.000146164355,6.41434672e-05,2.21932842e-05,6.04525621e-06,1.29444857e-06,2.64377633e-07,4.74312287e-07,2.40875647e-06,9.52681694e-06,2.9344661e-05,7.03941841e-05,0.000131513647,0.000191351224,0.000216829343,0.000191351224,0.000131513647,7.03941841e-05,2.9344661e-05,9.52681694e-06,2.40875647e-06,4.74312287e-07,7.27381462e-08,0,0,0,0,8.87315821e-08,5.64316849e-07,2.90305093e-06,1.1451536e-05,3.56256169e-05,8.79536528e-05,0.000173746666,0.000277328683,0.000361178623,0.000386660307,0.00034136101,0.000249849982,0.000158614304,0.000110820853,0.000128850515,0.000208071098,0.000314427103,0.00039441447,0.000406296604,0.000354742398,0.000287156348,0.000249159377,0.000242500726,0.000232040402,0.000190461607,0.000125736216,6.53572133e-05,2.65189774e-05,8.39688346e-06,2.07064591e-06,3.97667378e-07,0,0,0,0,0,0,0,0,0,0,0,0,0,0,0,0,0,0,1.91639487e-07,1.10280905e-06,4.9424475e-06,1.72508371e-05,4.68926337e-05,9.92717105e-05,0.000163671371,0.000210158221,0.000210158221,0.000163671371,9.92717105e-05,4.68926337e-05,1.72508371e-05,4.9424475e-06,1.10280905e-06,3.5031573e-07,9.36234414e-07,4.30213186e-06,1.55270991e-05,4.37030831e-05,9.68760578e-05,0.000171156804,0.000246733776,0.000301224587,0.00032767313,0.000333055767,0.000329499308,0.000333267235,0.000358357502,0.000396224932,0.000412067457,0.00037412066,0.000284638983,0.000177529248,8.97192294e-05,3.7552607e-05,1.80313709e-05,2.59423705e-05,6.53873576e-05,0.00014479892,0.00025688333,0.000363623578,0.000411235407,0.000371854083,0.000268679549,0.000154927518,7.15424321e-05,2.85930764e-05,1.8192477e-05,3.40677398e-05,7.60594266e-05,0.000138083793,0.000195950211,0.000216558488,0.00018639362,0.00012494337,6.52261588e-05,2.65189774e-05,8.39688346e-06,2.07064591e-06,3.97667378e-07,0,0,0,0,0,0,0,0,0,0,0,0,0,0,0,0,0,0,0,0,0,0,0,0,0,0,0,0,0,0,0,0,0,0,0,0,0,0,0,0,0,0,0,0,0,0,0,0,0,0,0,0,0,0,0,0,0,0,0,0,0,0,0,0,0,0,0,0,0,0,0,0,0,0,0,0,0,0,0,0,0,0,0,0,0,0,0,0,0,0,0,0,0,0,0,0,0,0,0,0,0,0,0,0,0,0,0,0,0,0,0,0,0,0,0,0,0,0,0,0,0,0,0,0,0,0,0,0,0,0,0,0,0,0,0,0,0,0,0,0,0,0,0,0,0,0,0,0,0,0,0,0,0,0,0,0,0,0,0,0,0,0,0,0,0,0,0,0,0,0,0,0,0,0,0,0,0,0,0,0,0
2.01837829e-05,6.49874273e-05,0.000167937877,0.000357398734,0.000649032998,0.00106662593,0.00168464438,0.00261486508,0.00386610255,0.00518286927,0.00609339401,0.00622470211,0.00558532681,0.00450541778,0.0033470029,0.00233229646,0.00157746288,0.00116254529,0.00112665072,0.00141022378,0.00182460982,0.00212526694,0.00216374453,0.00197452283,0.00170981314,0.00149134733,0.00131928409,0.00111311104,0.000829022727,0.000516573782,0.000261768088,0.000106478241,3.44081091e-05,8.87594888e-06,1.81281416e-06,2.25295807e-07,0,0,0,2.95091013e-07,1.53653286e-06,6.2309482e-06,1.97325135e-05,4.87533543e-05,9.45022693e-05,0.000145383703,0.000182473625,0.000197642163,0.000200056078,0.000198522583,0.000186471225,0.000156224749,0.000119540848,0.000102248203,0.000120149198,0.000165840451,0.000220791277,0.000275260507,0.000326672656,0.000358582445,0.000341845473,0.000268331671,0.000168255166,8.30861318e-05,3.21124971e-05,9.68112727e-06,2.27909391e-06,4.18109124e-07,0,0,2.46789e-07,1.31755598e-06,5.47821037e-06,1.77392303e-05,4.47359998e-05,8.79602303e-05,0.000134982693,0.000162868673,0.000158699637,0.000136380913,0.000125072227,0.000138874297,0.000161988632,0.000168227954,0.000153041619,0.000141944431,0.000166545535,0.000236224208,0.000332621246,0.000426522194,0.000493691943,0.000518919318,0.000497000176,0.000435182068,0.0003497086,0.000259769935,0.000188223421,0.00016175762,0.00019450816,0.000265107927,0.000318795908,0.000308204442,0.000234379186,0.000141618861,7.6876393e-05,6.35760662e-05,0.000108875502,0.000213295541,0.000367206696,0.00054272532,0.000696493953,0.000782547693,0.000774444663,0.000683435355,0.000551514153,0.000423695019,0.000327514892,0.000269628683,0.000239481218,0.000221197697,0.000208360259,0.000201773,0.000192928914,0.000166686208,0.000120504417,6.99338052e-05,3.19839637e-05,1.14247096e-05,3.19241781e-06,6.94737309e-07,1.17746481e-07,0,0,0,0,0,0,0,0,0,0,0,0,0,5.39756932e-08,3.51965724e-07,1.78742948e-06,7.06942092e-06,2.17753477e-05,5.25314354e-05,9.91268753e-05,0.000148224062,0.000180577816,0.000190394494,0.000190402425,0.00019125671,0.000185940255,0.000166110258,0.000146288425,0.000159991541,0.000229272046,0.000341457839,0.000454284222,0.000521116715,0.000513564679,0.000431698514,0.000304900459,0.000179283481,9.29669695e-05,6.00816529e-05,7.41541953e-05,0.000115776777,0.000157963223,0.000178777831,0.000178660892,0.000175771958,0.00017955924,0.000176896181,0.000151669956,0.000109889261,7.78470712e-05,8.15724925e-05,0.000130778324,0.000210828279,0.000285161106,0.000315968238,0.000295106758,0.000251053134,0.00021761989,0.000200838898,0.000185160039,0.000167166654,0.000167936916,0.000206423356,0.000268178934,0.000309126772,0.00029399342,0.000229543424,0.000157995193,0.00012058689,0.000126948667,0.000152763721,0.000162440687,0.000138609379,9.27148358e-05,4.84013908e-05,1.96785368e-05,6.2309482e-06,1.53653286e-06,2.95091013e-07,0,0,0,0,0,0,0,0,0,0,0,0,0,0,0,0,0,0,0,0,0,0,0,0,0,0,0,1.17746481e-07,6.94737309e-07,3.19241781e-06,1.14247096e-05,3.1921878e-05,6.96124407e-05,0.00011930344,0.000163270102,0.000186251171,0.000194324573,0.000209669597,0.000242760361,0.000277535495,0.000287394767,0.000263001712,0.000224996256,0.000211424456,0.000244208321,0.000300796266,0.000327272777,0.000288379553,0.000200326016,0.000108788678,4.61423551e-05,1.52629909e-05,3.93727669e-06,7.92063076e-07,1.97867138e-07,6.94737309e-07,3.19241781e-06,1.14247096e-05,3.18417588e-05,6.9115471e-05,0.000116836847,0.000153819303,0.00015771325,0.000125936596,7.83180803e-05,3.79313715e-05,1.4307423e-05,4.20291599e-06,9.61537694e-07,1.7132011e-07,0,0,0,0,0,0,0,0,0,0,0,0,0,1.7132011e-07,9.61537694e-07,4.20291599e-06,1.4307423e-05,3.79313715e-05,7.83180803e-05,0.000125936596,0.00015771325,0.000153819303,0.000116836847,6.9115471e-05,3.18417588e-05,1.14247096e-05,3.19241781e-06,6.94737309e-07,1.17746481e-07,0,0,0,0,0,0,0,0,0,0,0,0,0,0,0,0,0,0,0,0,0,0,0,0,0,0,0,0,0,0,0,0,0,0,0,0,0,0,0,0,0,0,0,0,0,0,0,0,0,0,0,0,0,0,0,0,0,0,0,0,0,0,0,0,0,0,0,0,0,0,0,0,0,0,0,0,0,0,0,0,0,0,0,0,0,0,0,0,0,0,0,0,0,0,0,0,0,0,0,0,0,0,0,0,0,0,0,0,0,0,0,0,0,0,0,0,0,0,0,0,0,0,0,0,0,0,0,0,0,0,0,0,0,0,0,0,0,0,0,0,0,0,0,0,0,0,0,0,0,0,0,0
3.7447855e-05,9.4429015e-05,0.000186733727,0.000293487741,0.000386871659,0.000495820015,0.000777625071,0.00153182284,0.00309601682,0.00558919786,0.00856573135,0.0109610213,0.0117055047,0.0106071653,0.00848808233,0.00636743801,0.00469059683,0.00337532419,0.00229414343,0.00148925325,0.00103398599,0.000894678931,0.000957545883,0.00111590233,0.00128978468,0.0014057674,0.00139536848,0.00122510374,0.000927749032,0.000593075296,0.000314641336,0.000136591625,4.80580347e-05,1.35591017e-05,3.04196419e-06,4.72139419e-07,3.66879817e-07,1.61494324e-06,6.54891801e-06,2.06827463e-05,5.08713456e-05,9.74461436e-05,0.000145372571,0.000168898827,0.000152825975,0.00010769465,5.91040734e-05,2.52619648e-05,8.40897701e-06,2.36000824e-06,1.45072909e-06,4.48659739e-06,1.50375417e-05,3.98670381e-05,8.26248652e-05,0.000133978174,0.000172310392,0.000182351563,0.000173670473,0.000170088621,0.000178839226,0.000180906543,0.000156181297,0.000108424829,5.92278302e-05,2.52619648e-05,8.40897701e-06,2.17994534e-06,4.40123387e-07,6.92037503e-08,0,0,0,0,0,0,0,0,0,0,0,0,0,0,0,0,0,0,0,0,0,0,0,0,0,0,0,0,0,0,0,0,0,0,0,0,0,0,0,0,0,0,0,0,0,0,0,0,0,0,0,0,0,0,0,0,0,0,0,0,0,0,0,0,0,0,0,0,0,0,0,0,0,0,0,0,0,0,0,0,0,0,0,0,0,0,0,6.92037503e-08,4.40123387e-07,2.17994534e-06,8.40897701e-06,2.52619648e-05,5.91040734e-05,0.00010769465,0.000152825975,0.000168898827,0.000145372571,9.74461436e-05,5.08713456e-05,2.06827463e-05,6.54891801e-06,1.61494324e-06,3.10149716e-07,0,1.49463943e-07,8.60105558e-07,3.85472549e-06,1.37644638e-05,3.81875616e-05,8.4075371e-05,0.00014895208,0.000217691791,0.000272043166,0.000303571578,0.000314308942,0.000307235314,0.000280211883,0.000230177044,0.000163028802,9.58540186e-05,4.55296467e-05,1.72052332e-05,5.37814003e-06,2.56926705e-06,5.97415146e-06,1.86444759e-05,4.70189079e-05,9.23466869e-05,0.000141252618,0.000168266633,0.00015610829,0.000112792506,6.34688913e-05,2.7814287e-05,9.49295463e-06,2.52325526e-06,5.22332869e-07,8.4209276e-08,0,0,0,0,0,0,0,0,0,0,0,0,0,0,0,0,0,0,0,0,0,0,0,0,0,0,0,0,0,0,0,0,0,0,0,0,0,0,0,0,0,0,0,0,0,0,0,0,0,0,0,0,0,0,0,0,0,0,0,0,0,0,0,0,0,0,0,0,0,0,0,0,3.10149716e-07,1.61494324e-06,6.54891801e-06,2.06827463e-05,5.08713456e-05,9.74461436e-05,0.000145372571,0.000168898827,0.000152825975,0.00010769465,5.91040734e-05,2.52619648e-05,8.40897701e-06,2.17994534e-06,4.40123387e-07,6.92037503e-08,0,0,0,0,0,0,0,0,0,0,0,0,0,0,0,0,0,0,0,0,0,0,0,0,0,0,0,0,0,0,0,0,0,0,0,0,0,0,0,0,0,0,0,0,0,0,0,0,0,0,0,0,0,0,0,0,0,0,0,0,0,0,0,0,0,0,0,0,0,0,0,0,0,0,0,0,0,0,0,0,0,0,0,0,0,0,0,0,0,0,0,0,0,0,0,0,0,0,0,0,0,0,0,0,0,0,0,0,0,0,0,0,0,0,0,0,0,0,0,0,0,0,0,0,0,0,0,0,0,0,0,0,0,0,0,0,0,0,0,0,0,0,0,0,0,0,0,0,0,0,0,0,0,0,0,0,0,0,0,0,0,0,0,0,0
0,3.35482241e-07,2.25491294e-06,1.08859531e-05,4.16128496e-05,0.000128639134,0.000327822927,0.000695635448,0.00124397757,0.00189662958,0.0024910504,0.00284452015,0.0028599475,0.00260007824,0.00223992206,0.00191910751,0.00165965734,0.00143915205,0.00130642706,0.00138981314,0.00180088356,0.002530945,0.00339927059,0.00409050705,0.00429464597,0.00390041526,0.00308937021,0.00221342244,0.00154402177,0.00112474244,0.000848398078,0.000626235153,0.000456425594,0.000368445646,0.000357990502,0.000385840802,0.000412757043,0.000433029956,0.000483060168,0.000612088712,0.000823452196,0.00104504311,0.0011707464,0.00113976339,0.00097402063,0.000744998106,0.00051689602,0.000323573418,0.000178494709,8.47588162e-05,3.71596798e-05,2.55143623e-05,4.21843361e-05,8.03024595e-05,0.000125267252,0.000152907713,0.000145450307,0.000107752247,6.21676372e-05,2.793372e-05,9.77506352e-06,2.66401548e-06,5.6543189e-07,3.77072382e-07,1.47673643e-06,5.98846191e-06,1.90278752e-05,4.72585052e-05,9.28179579e-05,0.000147415223,0.000198472437,0.000244233757,0.000292015029,0.000335525343,0.000349231035,0.000320083171,0.0002694297,0.000226946839,0.000197063026,0.000168449827,0.000146514125,0.000158757117,0.00022718629,0.000341476174,0.000457848422,0.000524530653,0.0005132652,0.000436865201,0.000339803519,0.000263985683,0.000218966306,0.00018819682,0.000161417935,0.000147618368,0.000153419009,0.000163630568,0.000153919289,0.000117650728,7.09629239e-05,3.34946089e-05,1.26411633e-05,5.4405732e-06,8.66390928e-06,2.56820131e-05,6.55338445e-05,0.000133432302,0.000216292057,0.000279827887,0.000289374962,0.000239306071,0.000158358191,8.50889483e-05,4.24173595e-05,3.45929766e-05,5.70482298e-05,9.90954431e-05,0.000139840588,0.000154444468,0.000132931586,8.91067029e-05,4.65177764e-05,1.89127168e-05,5.98846191e-06,1.47673643e-06,2.83607108e-07,0,0,0,0,0,0,0,0,0,0,0,0,0,0,0,1.13164198e-07,6.6770059e-07,3.06818015e-06,1.09801003e-05,3.06025868e-05,6.64257386e-05,0.00011228997,0.000147833198,0.000151575601,0.000121035584,7.52702181e-05,3.64552143e-05,1.37506286e-05,4.03935337e-06,9.24118069e-07,1.64652931e-07,0,0,0,7.7002646e-08,4.77631659e-07,2.30731507e-06,8.68054758e-06,2.57842894e-05,5.99712075e-05,0.000111566384,0.000171394815,0.000230466292,0.000291526521,0.000360625883,0.000427903346,0.000469996448,0.000471814565,0.000435394526,0.000374952651,0.000315323094,0.000285681454,0.000304833899,0.000375708798,0.000495036657,0.000653417315,0.000818571483,0.000936205615,0.000969284505,0.000942782091,0.000920587161,0.000920613878,0.000880449603,0.000734936504,0.00050484651,0.000277809973,0.000122645535,4.97576984e-05,3.64212028e-05,6.03421395e-05,0.000103452832,0.00014274854,0.000153866378,0.000129164226,8.44436581e-05,4.30884975e-05,1.76143112e-05,7.92903302e-06,1.10413448e-05,2.81709054e-05,6.21676372e-05,0.000107752247,0.000145450307,0.000152907713,0.000125190243,7.98248293e-05,3.96398354e-05,1.53303517e-05,4.61741274e-06,1.08310792e-06,1.97865958e-07,0,0,0,0,0,0,0,0,2.3718485e-07,1.2662814e-06,5.26501799e-06,1.7048882e-05,4.29950305e-05,8.44436581e-05,0.000129164226,0.000153866378,0.00014274854,0.000103139719,5.80372252e-05,2.54339411e-05,8.68054758e-06,2.30731507e-06,5.29506792e-07,4.15271103e-07,2.19934213e-06,9.35414755e-06,3.15338038e-05,8.48903728e-05,0.000182586169,0.000317182479,0.000454088353,0.000557653606,0.000625469722,0.000676438562,0.000701018027,0.000654939853,0.000518427754,0.000334854558,0.000173347027,7.13610061e-05,2.32669772e-05,6.00969588e-06,1.22601921e-06,1.36672824e-07,0,1.97865958e-07,1.08310792e-06,4.73057707e-06,1.59980518e-05,4.27080158e-05,9.0804926e-05,0.000155792834,0.000219333437,0.000257740263,0.000255585444,0.000213743246,0.000148969295,8.5045278e-05,3.91192334e-05,1.43160605e-05,4.1328185e-06,9.24118069e-07,1.64652931e-07,0,0,0,0,0,0,0,0,0,0,0,0,0,0,0,0,0,0,0,0,0,0,0,0,0,0,0,0,0,0,0,0,0,0,0,0,0,0,0,0,0,0,0,0,0,0,0,0,0,0,0,0,0,0,0,0,0,0,0,0,0,0,0,0,0,0,0,0,0,0,0,0,0,0,0,0,0,0,0,0,0,0,0,0,0,0,0,0,0,0,0,0,0,0,0,0,0,0,0,0,0,0,0,0,0,0,0,0,0,0,0,0,0,0,0,0,0,0,0,0,0,0,0,0,0,0,0,0,0,0,0,0,0,0,0,0,0,0,0,0,0,0,0,0,0,0,0,0,0,0,0,0,0,0,0,0,0,0,0,0,0,0,0,0,0,0,0,0,0,0,0,0,0,0,0,0,0,0,0,0,0,0
0,0,0,2.955083e-07,2.83715349e-06,1.7507351e-05,7.85731681e-05,0.000283542555,0.000837514643,0.00203290116,0.00407294044,0.00677689491,0.00945733394,0.0112410169,0.01162693,0.0107254945,0.00900341012,0.00694289338,0.00493897265,0.00331099471,0.00223646034,0.00167369738,0.00141109305,0.00122133701,0.000984351034,0.000699696539,0.000425729493,0.000216855522,9.06826244e-05,3.06218317e-05,8.24686322e-06,1.73267222e-06,2.82709863e-07,0,0,0,0,0,0,0,0,0,5.87007385e-08,3.82776904e-07,1.94390145e-06,7.68827977e-06,2.36815667e-05,5.68091273e-05,0.000106133419,0.000154423222,0.000174984423,0.000154423222,0.000106133419,5.68091273e-05,2.36815667e-05,7.68827977e-06,1.94390145e-06,3.82776904e-07,5.87007385e-08,0,0,0,0,0,0,0,0,0,0,0,0,0,0,0,0,0,0,0,0,0,0,0,0,0,0,0,0,0,0,0,0,0,0,0,0,0,0,0,0,0,0,0,0,0,0,0,0,0,0,0,0,0,0,0,0,0,0,1.86317507e-07,1.04571097e-06,4.57084025e-06,1.55598991e-05,4.1251893e-05,8.51740624e-05,0.000136961113,0.000171519496,0.000167284685,0.000127064777,7.51658517e-05,3.46291927e-05,1.24248318e-05,3.47188279e-06,7.55554765e-07,1.86754775e-07,3.82776904e-07,1.94390145e-06,7.68827977e-06,2.36815667e-05,5.68091273e-05,0.000106133419,0.000154423222,0.000174984423,0.000154423222,0.000106133419,5.68091273e-05,2.36815667e-05,7.68827977e-06,1.94390145e-06,3.82776904e-07,5.87007385e-08,0,0,0,0,0,0,0,0,0,0,0,0,0,0,0,0,0,0,0,0,0,8.71344454e-08,5.40477117e-07,2.83480608e-06,1.10483297e-05,3.40054285e-05,8.32449805e-05,0.000162791708,0.000257155509,0.000333577016,0.000366745197,0.000361846964,0.000350187707,0.000364499138,0.000424121245,0.000530495076,0.000656678225,0.000745553465,0.000741266354,0.00063138589,0.000456185488,0.000277409068,0.000140576754,5.86631359e-05,1.98540965e-05,5.42219595e-06,1.15147407e-06,1.86317507e-07,0,0,0,0,0,0,0,0,0,0,0,0,0,0,0,0,0,0,0,0,0,0,0,0,0,0,0,0,0,0,0,0,0,0,0,0,0,0,0,0,0,0,0,0,0,0,0,0,0,0,0,0,0,0,0,0,0,0,0,0,0,0,0,0,0,0,0,0,0,0,0,0,0,0,0,0,0,0,0,0,0,0,0,0,0,0,0,0,0,0,0,0,0,0,0,0,0,0,0,0,0,0,0,0,0,0,0,0,0,0,0,0,0,0,0,0,0,0,0,0,0,0,0,0,0,0,0,0,0,0,0,0,0,0,0,0,0,0,0,0,0,0,0,0,0,0,0,0,0,0,0,0,0,0,0,0,0,0,0,0,0,0,0,0,0,0,0,0,0,0,0,0,0,0,0,0,0,0,0,0,0,0,0,0,0,0,0,0,0,0,0,0,0,0,0,0,0,0,0,0,0,0,0,0,0,0,0,0,0,0,0,0,0,0,0,0,0,0,0,0,0,0,0,0,0,0,0,0,0,0,0,0,0,0,0,0,0,0,0,0,0,0,0,0,0,0,0,0,0,0,0,0,0,0,0,0,0,0,0,0,0,0,0,0
3.23254098e-05,8.67245399e-05,0.000182069882,0.000300005748,0.000397266267,0.000453921297,0.000529526034,0.000744723715,0.00118192332,0.00179466524,0.00241324352,0.00283464673,0.00292930682,0.00270873704,0.00230365177,0.00186075887,0.00147017173,0.00120642211,0.00117638765,0.00145901728,0.0019993207,0.00260890066,0.00309301354,0.00335833896,0.00338478503,0.00314964796,0.00265554269,0.00201396341,0.00141069491,0.000969494169,0.000694479502,0.000531549391,0.000436630362,0.000381761172,0.000341212202,0.000294509286,0.00024136492,0.000209440652,0.000236841297,0.000338429643,0.000492201769,0.000665169326,0.000840325956,0.00100154907,0.0011085117,0.00111372245,0.00100046094,0.000795717933,0.000558993139,0.000360676495,0.000247394637,0.000212812069,0.000208462472,0.000189780068,0.000151549262,0.000122811834,0.000129880544,0.000169730862,0.000214835454,0.000241838803,0.000249995006,0.000247348769,0.000229672092,0.000187511265,0.00012846489,7.74253058e-05,5.74622827e-05,7.65968725e-05,0.000124658123,0.00017395227,0.000192122228,0.000167063728,0.000118987329,8.36819599e-05,8.58950152e-05,0.000124629718,0.000174958113,0.000205838907,0.000207288685,0.00019878766,0.000201610645,0.00020938713,0.000196494439,0.000152303997,9.41040635e-05,4.68665894e-05,2.37628738e-05,2.71406534e-05,5.88652183e-05,0.000120240722,0.000201751449,0.000278748368,0.000321938802,0.000313929311,0.000257969223,0.000176382979,9.86118175e-05,4.44347061e-05,1.63565346e-05,7.2364528e-06,1.20873428e-05,3.54789481e-05,8.89110888e-05,0.000178835457,0.000290288648,0.000386540254,0.00043297236,0.000421361474,0.000366149354,0.000285191461,0.000194314154,0.000111643574,5.23970011e-05,1.96134515e-05,5.82450593e-06,1.34384527e-06,2.45498398e-07,0,0,0,0,0,0,0,0,1.15965236e-07,7.01548799e-07,3.30532612e-06,1.21282219e-05,3.46582274e-05,7.72288404e-05,0.000134284142,0.000183327444,0.000200487542,0.000186884077,0.000171049702,0.000177150985,0.000196133333,0.000196635723,0.000161601871,0.000105017352,5.33452585e-05,2.11530732e-05,6.5324698e-06,1.57111435e-06,2.94282557e-07,0,0,0,6.43630926e-08,4.19700115e-07,2.13141288e-06,8.42990175e-06,2.59659246e-05,6.2289022e-05,0.000116371208,0.000169319101,0.00019210919,0.000170662941,0.000122100173,8.13098595e-05,7.51482876e-05,0.000107471024,0.000157458824,0.000190137012,0.000180529052,0.00013369153,7.73375941e-05,3.58048092e-05,1.71399715e-05,2.03661548e-05,4.61369491e-05,9.46526343e-05,0.000155184316,0.000205419637,0.000230223421,0.000239308545,0.000254257349,0.000282368506,0.000315131678,0.000349942129,0.000405718689,0.000518229383,0.000715886068,0.000982024125,0.00124070304,0.00140239845,0.00142920099,0.00134196156,0.00117163989,0.000940443249,0.000689930806,0.000479499577,0.000337826845,0.000244010327,0.000166200902,9.70190231e-05,4.58352552e-05,1.70608291e-05,5.01175009e-06,1.14658178e-06,2.04289961e-07,0,0,1.40406314e-07,8.28436669e-07,3.80678557e-06,1.36233484e-05,3.79695739e-05,8.24164599e-05,0.000139321623,0.000183421202,0.000188064514,0.000150172578,9.33900737e-05,4.52311106e-05,1.70608291e-05,5.01175009e-06,1.14658178e-06,2.04289961e-07,9.5539562e-08,5.92612309e-07,2.8627569e-06,1.07702226e-05,3.15566758e-05,7.23028497e-05,0.000129539752,0.000183644966,0.000212059836,0.000213719235,0.000210323764,0.000217407942,0.000226661301,0.000227843586,0.000235333981,0.000273166806,0.000334907789,0.000377181452,0.000361942395,0.000299224252,0.000236968641,0.000210428407,0.000209659251,0.000198491223,0.000157405128,9.97448806e-05,5.10145983e-05,2.6450909e-05,2.91945562e-05,5.90598866e-05,0.000111154819,0.000166764541,0.000199054077,0.000196854162,0.000179900904,0.000177613896,0.000193593252,0.000201164396,0.000175861831,0.0001226842,6.71349844e-05,2.86609393e-05,9.5403966e-06,2.47325511e-06,4.99341581e-07,2.82805047e-07,1.14658178e-06,5.01175009e-06,1.70608291e-05,4.52311106e-05,9.33900737e-05,0.000150172578,0.000188064514,0.000183421202,0.000139321623,8.24164599e-05,3.79695739e-05,1.36233484e-05,3.80678557e-06,8.28436669e-07,1.40406314e-07,0,0,0,0,0,0,0,0,0,0,0,0,0,0,0,0,0,0,0,0,0,0,0,0,0,0,0,0,0,0,0,0,0,0,0,0,0,0,0,0,0,0,0,0,0,0,0,0,0,0,0,0,0,0,0,0,0,0,0,0,0,0,0,0,0,0,0,0,0,0,0,0,0,0,0,0,0,0,0,0,0,0,0,0,0,0,0,0,0,0,0,0,0,0,0,0,0,0,0,0,0,0,0,0,0,0,0,0,0,0,0,0,0,0,0,0,0,0,0,0,0,0,0,0,0,0,0,0,0,0,0,0,0,0,0,0,0,0,0,0,0,0,0,0,0,0,0,0,0,0,0,0,0,0,0,0,0,0,0,0,0,0,0,0,0,0,0,0,0,0,0,0,0,0,0,0,0,0,0,0
0,2.75355433e-07,1.71784814e-06,8.44993792e-06,3.48695539e-05,0.000113880815,0.000314354256,0.000746495207,0.00153152714,0.00269967248,0.00405564718,0.00519084698,0.00575239537,0.00570787769,0.00526486291,0.00458816998,0.00373142376,0.0027879246,0.00194371084,0.00136624905,0.00112045603,0.00117423164,0.00141965912,0.00170352554,0.00189264352,0.00192992203,0.00182167895,0.00159906084,0.00130621716,0.00100101938,0.000734897098,0.000532688282,0.000392409507,0.000294776488,0.000215454245,0.00014508699,9.61918704e-05,9.99593685e-05,0.000198602211,0.000436711271,0.000823224022,0.0012754323,0.00161527994,0.00167100143,0.00141409319,0.000986948027,0.000590302923,0.000349954411,0.000273829792,0.000291927659,0.000318764854,0.000300193409,0.000232290375,0.000145451151,7.31538166e-05,2.93556241e-05,9.34514628e-06,2.34852496e-06,5.00930753e-07,4.42734091e-07,1.89405966e-06,7.49115134e-06,2.30743699e-05,5.53525388e-05,0.000103630315,0.000151657994,0.000175588808,0.000167366481,0.000147117593,0.000143364479,0.000161104574,0.000176299771,0.000163581237,0.000125003833,8.88865179e-05,8.66103946e-05,0.000132530869,0.00021420604,0.000293020712,0.000323466724,0.000285925431,0.000201993185,0.000113788898,5.09718193e-05,1.80981879e-05,5.07706773e-06,1.12195016e-06,4.94235167e-07,1.62819572e-06,6.6026596e-06,2.08524725e-05,5.12888037e-05,9.83029968e-05,0.000146938473,0.000172178887,0.000161571239,0.000131652763,0.000114941628,0.000128881424,0.000158941766,0.000172695654,0.000150907537,0.000103481922,5.53525388e-05,2.30743699e-05,7.49115134e-06,1.89405966e-06,3.72962461e-07,5.71956456e-08,0,0,3.12694851e-07,1.62819572e-06,6.6026596e-06,2.08524725e-05,5.12888037e-05,9.82458005e-05,0.000146565522,0.000170284839,0.000154261637,0.000109597306,6.40427315e-05,4.06302097e-05,4.86721729e-05,8.51880395e-05,0.000133893147,0.000167191509,0.000162995493,0.000123806822,7.32385961e-05,3.37412966e-05,1.21062576e-05,3.3828635e-06,7.36182301e-07,1.24770722e-07,1.24770722e-07,7.36182301e-07,3.3828635e-06,1.21062576e-05,3.3798493e-05,7.36115544e-05,0.000125700884,0.00017048663,0.000190196108,0.000188801961,0.000186402351,0.000190657986,0.000185971454,0.000156545633,0.000111033711,7.63865537e-05,7.43631754e-05,0.000105736952,0.00014845957,0.0001707427,0.000154663896,0.000111122361,6.91599489e-05,5.35690015e-05,7.28406667e-05,0.000117809985,0.000165324207,0.000192791602,0.000197764297,0.000196516659,0.000197868547,0.000189295286,0.000156423499,0.000105778665,6.03558437e-05,4.12262598e-05,6.16263787e-05,0.000128495027,0.000234043473,0.000345313019,0.000420244731,0.000444371224,0.000441621232,0.000442939723,0.00045317458,0.000454606576,0.000437560462,0.000420453638,0.000433513429,0.000485182885,0.000549697201,0.000589209318,0.000580321415,0.000521377544,0.000424377882,0.000307375769,0.000193059968,0.000104387233,5.65183473e-05,5.52344427e-05,0.000101878897,0.000187823855,0.000281346816,0.000332642958,0.000309533498,0.000226553922,0.000130394954,5.89916635e-05,2.09659574e-05,5.84979898e-06,1.28041017e-06,1.81540315e-07,0,0,0,0,0,0,0,1.03051391e-07,6.23424569e-07,2.93724634e-06,1.07776277e-05,3.07986993e-05,6.85437699e-05,0.000118803699,0.000160368203,0.000168590472,0.000138211748,8.90308365e-05,4.81590796e-05,3.20636282e-05,4.52851818e-05,8.41843939e-05,0.000133667578,0.000167121732,0.000162995493,0.000123806822,7.33083652e-05,3.41850318e-05,1.43040925e-05,1.18608459e-05,2.62054491e-05,5.97138605e-05,0.000108578402,0.000154080073,0.000170284839,0.000146565522,9.84639555e-05,5.24830029e-05,2.59434619e-05,2.35053449e-05,4.53336324e-05,8.83246321e-05,0.000138030198,0.000168590472,0.000160368203,0.000118954391,6.94109331e-05,3.46850575e-05,2.4342351e-05,3.98099837e-05,7.86830133e-05,0.000128801548,0.000165252161,0.000165252161,0.000128698506,7.80595874e-05,3.68727378e-05,1.35647224e-05,3.88635817e-06,8.67163692e-07,1.50690468e-07,0,0,0,0,0,0,0,0,0,0,0,0,0,0,0,0,0,0,0,0,0,0,0,0,0,0,0,0,0,0,0,0,0,0,0,0,0,0,0,0,0,0,0,0,0,0,0,0,0,0,0,0,0,0,0,0,0,0,0,0,0,0,0,0,0,0,0,0,0,0,0,0,0,0,0,0,0,0,0,0,0,0,0,0,0,0,0,0,0,0,0,0,0,0,0,0,0,0,0,0,0,0,0,0,0,0,0,0,0,0,0,0,0,0,0,0,0,0,0,0,0,0,0,0,0,0,0,0,0,0,0,0,0,0,0,0,0,0,0,0,0,0,0,0,0,0,0,0,0,0,0,0,0,0,0,0,0,0,0,0,0,0,0,0,0,0,0,0,0,0,0,0,0,0,0,0,0,0,0,0,0,0,0,0,0,0,0,0,0,0,0,0,0
6.44328247e-05,0.000158162467,0.000305439811,0.00047295721,0.000617471349,0.000774772372,0.00113708468,0.00201402651,0.00364878494,0.00593534438,0.00822791271,0.00956995878,0.0093664648,0.00789045822,0.00601856876,0.00448475871,0.00346470345,0.00277123321,0.00224179123,0.00189243176,0.00182027265,0.00203150674,0.00235074735,0.00250063883,0.00230573467,0.00182312971,0.00125678675,0.00077733479,0.000441989163,0.000235711123,0.000131541994,0.000111531161,0.000158105497,0.000240143781,0.000311494543,0.000331936229,0.000297808874,0.000253682403,0.000265768089,0.000371246948,0.000536335923,0.00066397409,0.000663963321,0.000528838718,0.000334386801,0.000167673381,6.65988773e-05,2.09294903e-05,5.19701598e-06,9.78651883e-07,1.06762236e-07,0,0,0,0,0,0,0,0,0,0,0,0,0,0,0,0,0,1.29263668e-07,7.62692025e-07,3.5046794e-06,1.25422002e-05,3.49563124e-05,7.58758979e-05,0.000128265077,0.000168864906,0.000173139735,0.000138254894,8.59786451e-05,4.16415714e-05,1.57068826e-05,4.6140176e-06,1.05558911e-06,1.88077536e-07,0,0,0,0,0,0,0,0,0,0,0,0,0,0,0,0,0,0,0,0,0,0,0,0,0,0,0,0,0,0,0,0,0,0,0,0,0,0,0,0,0,0,0,0,0,0,0,0,0,0,0,0,0,0,0,0,0,0,0,0,0,0,0,0,0,0,0,0,0,0,0,0,0,0,0,0,0,0,1.29263668e-07,7.62692025e-07,3.5046794e-06,1.25422002e-05,3.49563124e-05,7.58758979e-05,0.000128265077,0.000168864906,0.000173139735,0.000138254894,8.59786451e-05,4.16415714e-05,1.58361472e-05,5.37670985e-06,4.56026874e-06,1.2859542e-05,3.57190038e-05,7.94398293e-05,0.000141193668,0.000205783494,0.000256776548,0.000290425232,0.000312189339,0.000321917323,0.000309843716,0.000267230062,0.000198579102,0.000123030957,6.19597849e-05,2.49608602e-05,7.94898278e-06,1.96226415e-06,3.86392742e-07,5.9255246e-08,2.70928297e-07,1.44643082e-06,6.01405372e-06,1.94743661e-05,4.94357409e-05,9.81439953e-05,0.000154380366,0.000197359768,0.000216192566,0.000219596652,0.000218137269,0.00020546907,0.000169543957,0.000115123847,6.22804582e-05,2.64743649e-05,8.78327137e-06,2.27697774e-06,4.59713874e-07,7.22841023e-08,0,0,0,0,5.9255246e-08,3.86392742e-07,1.96226415e-06,7.76090565e-06,2.39052715e-05,5.73457655e-05,0.000107135995,0.000155881949,0.00017663739,0.000155881949,0.000107135995,5.73457655e-05,2.39052715e-05,7.76090565e-06,1.96226415e-06,3.86392742e-07,5.9255246e-08,0,0,1.56116784e-07,8.98389999e-07,4.02630485e-06,1.40531847e-05,3.82005128e-05,8.08704935e-05,0.000133332898,0.000171202846,0.000171202846,0.000133332898,8.08704935e-05,3.82005128e-05,1.40531847e-05,4.02630485e-06,8.98389999e-07,1.56116784e-07,0,0,0,0,0,0,0,0,0,0,0,0,0,0,0,0,0,0,0,0,0,0,0,0,0,0,0,0,0,0,0,0,0,0,0,0,0,0,0,0,0,0,0,0,0,0,0,0,0,0,0,0,0,0,0,0,0,0,0,0,0,0,0,0,0,0,0,0,0,0,0,0,0,0,0,0,0,0,0,0,0,0,0,0,0,0,0,0,0,0,0,0,0,0,0,0,0,0,0,0,0,0,0,0,0,0,0,0,0,0,0,0,0,0,0,0,0,0,0,0,0,0,0,0,0,0,0,0,0,0,0,0,0,0,0,0,0,0,0,0,0,0,0,0,0,0,0,0,0,0,0,0,0,0,0,0,0,0,0,0,0,0,0,0,0,0,0,0,0,0,0,0,0,0,0,0,0,0,0,0,0,0,0,0,0,0,0,0,0,0,0,0,0,0,0,0,0,0,0,0,0,0,0,0,0,0
7.13924408e-07,6.16022317e-06,3.06436887e-05,0.000120577119,0.000378860306,0.000958203163,0.00197605509,0.00339505798,0.00500658108,0.00655013602,0.00777104124,0.00834666751,0.00795754697,0.0066011278,0.00474749599,0.00304363482,0.00188317278,0.00127648842,0.0010271424,0.000957264274,0.0010138565,0.00124227488,0.00167835655,0.00224069227,0.0027059156,0.00281712995,0.00246658386,0.00178922759,0.00106346037,0.000513709208,0.000202394265,7.37662922e-05,5.21632028e-05,9.33759657e-05,0.000174143424,0.000261121953,0.000307739072,0.000287724804,0.000223249561,0.000167186983,0.000157058996,0.000189891725,0.000234453648,0.000258455082,0.000245482137,0.000198037422,0.000133218389,7.32203189e-05,3.2320575e-05,1.13184115e-05,3.12006682e-06,6.67703091e-07,1.13164617e-07,0,0,0,0,0,0,0,0,0,0,0,0,0,0,0,0,0,0,0,0,0,0,2.37185731e-07,1.26628606e-06,5.26503754e-06,1.70489457e-05,4.29951906e-05,8.44439783e-05,0.000129164706,0.00015386696,0.000142749064,0.000103140104,5.80374399e-05,2.55707091e-05,9.46708042e-06,5.83217525e-06,1.27805733e-05,3.35198602e-05,7.07985382e-05,0.000116727046,0.000149880507,0.000149880507,0.000116727046,7.07985382e-05,3.34428587e-05,1.23029404e-05,3.52485154e-06,7.86500664e-07,1.36673322e-07,0,0,0,0,0,0,0,0,0,0,0,0,0,0,0,0,0,0,0,0,0,0,0,0,0,0,0,0,0,0,0,0,0,0,0,0,0,0,0,0,0,0,0,0,0,0,0,0,0,0,0,0,0,0,0,0,0,0,0,0,0,0,0,0,0,0,0,0,0,0,0,0,0,0,0,2.06630219e-07,1.28501244e-06,6.36390678e-06,2.46242835e-05,7.59789691e-05,0.000190289837,0.000393764669,0.000684874656,0.00101748132,0.00130802928,0.0014728274,0.00147506827,0.00134303921,0.00113897293,0.000910984993,0.000678130775,0.000453094632,0.000260639616,0.000124564598,4.83648037e-05,1.49402413e-05,3.68666406e-06,6.86067267e-07,6.32815329e-08,0,0,0,0,5.18753431e-08,5.3613644e-07,2.96564099e-06,1.23358805e-05,4.02977857e-05,0.000103594342,0.000210073296,0.000336928962,0.000428582542,0.000433494773,0.000349379203,0.000224661941,0.000115287818,4.71721323e-05,1.53620422e-05,3.97189524e-06,8.13044039e-07,1.13164617e-07,0,0,0,0,0,0,0,0,0,0,0,0,0,6.32815329e-08,4.02459136e-07,2.08685879e-06,8.25479947e-06,2.57641568e-05,6.38212441e-05,0.000126412328,0.000201915507,0.000262197689,0.000278382911,0.000242015318,0.000171708671,9.87379171e-05,4.56284688e-05,1.6807151e-05,4.90103821e-06,1.0831119e-06,1.97866697e-07,0,0,0,0,0,0,0,0,0,0,0,0,0,0,0,0,0,0,0,0,0,0,0,0,0,0,0,0,0,0,0,0,0,0,0,0,0,0,0,0,0,0,0,0,0,0,0,0,0,0,0,0,0,0,0,0,0,0,0,0,0,0,0,0,0,0,0,0,0,0,0,0,0,0,0,0,0,0,0,0,0,0,0,0,0,0,0,0,0,0,0,0,0,0,0,0,0,0,0,0,0,0,0,0,0,0,0,0,0,0,0,0,0,0,0,0,0,0,0,0,0,0,0,0,0,0,0,0,0,0,0,0,0,0,0,0,0,0,0,0,0,0,0,0,0,0,0,0,0,0,0,0,0,0,0,0,0,0,0,0,0,0,0,0,0,0,0,0,0,0,0,0,0,0,0,0,0,0,0,0,0,0,0,0,0,0,0,0,0,0,0,0,0,0,0,0,0,0,0,0,0,0,0,0,0,0,0
2.10390695e-07,2.39533983e-06,1.38079977e-05,5.99873056e-05,0.000209569029,0.000586979557,0.00133883895,0.00252479827,0.00401021913,0.00546954246,0.00649751816,0.00676497491,0.00620039366,0.00510385446,0.00398117257,0.0031596378,0.00260033319,0.00210865913,0.00163962063,0.00133144867,0.00130647095,0.00151615601,0.00176663802,0.00186286517,0.00172466424,0.00140123221,0.00100460288,0.000637826917,0.0003662706,0.000220637434,0.000205662727,0.000303403503,0.00047173904,0.00064605166,0.000753211847,0.000740731251,0.000608353526,0.000412840513,0.000233447005,0.000126483996,0.000110484427,0.000177630296,0.000296525192,0.000406898878,0.000443435711,0.000387667125,0.00028931335,0.000224081072,0.000229439625,0.000282115507,0.000330576964,0.000350391609,0.000365065091,0.00040798384,0.000475817651,0.00053251622,0.000551453675,0.000536504143,0.000503253948,0.000453261076,0.000375319505,0.000270357297,0.000162719181,8.23333394e-05,4.36413029e-05,4.46073536e-05,7.52210617e-05,0.000117814139,0.000147067214,0.000143387049,0.000108912798,6.44279571e-05,2.96822018e-05,1.06498692e-05,2.97590327e-06,6.47619174e-07,1.09760734e-07,0,0,0,0,0,1.09760734e-07,6.47619174e-07,2.97590327e-06,1.06498692e-05,2.9912253e-05,6.56561533e-05,0.000114019473,0.000159923162,0.000188718841,0.000199299364,0.000198285969,0.000184597593,0.000151792381,0.000103955615,5.71880519e-05,2.48287051e-05,8.41947622e-06,2.23792154e-06,4.63266645e-07,1.84447501e-07,6.47619174e-07,3.05059007e-06,1.11131349e-05,3.2269887e-05,7.47430167e-05,0.000141628087,0.000226442149,0.000316842372,0.000398701755,0.000451979402,0.000452311942,0.000391956884,0.000298943283,0.00022097434,0.000185173514,0.000180075716,0.000179735987,0.000175242239,0.000174119574,0.000176621223,0.000171654538,0.00015794496,0.000154547728,0.000180062503,0.000227688157,0.000268130272,0.000275751023,0.000251007499,0.000217243796,0.000195222063,0.000181727024,0.000158201437,0.000116794537,6.95415802e-05,3.32171112e-05,1.49087828e-05,1.40686961e-05,3.04450459e-05,6.45605105e-05,0.000108912798,0.000143387049,0.000147107552,0.000117943804,7.55903238e-05,4.4999586e-05,4.13269991e-05,6.81336533e-05,0.000118744938,0.000176594345,0.000221315378,0.000238820488,0.000224440955,0.000181834694,0.000124057158,7.03388141e-05,3.65410924e-05,2.91856923e-05,4.80946401e-05,8.7074397e-05,0.000129043372,0.000149799482,0.000135544164,9.55163632e-05,5.24204916e-05,2.24053019e-05,7.4580762e-06,1.93343362e-06,3.90353534e-07,6.13780813e-08,0,0,0,0,1.91915049e-07,1.19990648e-06,5.40507563e-06,1.93451251e-05,5.5286604e-05,0.000126992119,0.000235236745,0.000353491108,0.000434522575,0.000444691046,0.000392760965,0.000316271762,0.000242672148,0.00017669535,0.000120280587,8.59323773e-05,8.54270256e-05,0.000112931019,0.000143313751,0.000148772204,0.000121499776,7.76159723e-05,3.94981798e-05,1.94384811e-05,1.98962516e-05,4.20820761e-05,8.70970471e-05,0.000148518695,0.000208606856,0.000245587376,0.000245587376,0.000208606856,0.000148518695,8.69051364e-05,4.10315442e-05,1.54177105e-05,4.56919634e-06,1.05053289e-06,1.91915049e-07,0,0,0,0,0,0,0,0,0,0,0,0,0,0,0,0,0,1.3256232e-07,7.62843456e-07,3.41882719e-06,1.19328797e-05,3.27120069e-05,7.0101305e-05,0.000119024364,0.000163716148,0.000190490973,0.000199642789,0.000197832633,0.00018346461,0.000152583714,0.000115471317,9.48852758e-05,0.000104441839,0.000132737623,0.000151172208,0.000138845659,0.000100099125,5.62917267e-05,2.46690033e-05,8.41947622e-06,2.23792154e-06,4.63266645e-07,7.46867599e-08,1.59700917e-07,8.96324821e-07,3.91786762e-06,1.33370722e-05,3.53588075e-05,7.30064348e-05,0.000117395386,0.000147016894,0.000143387049,0.000109104716,6.5478489e-05,3.41607447e-05,2.55191535e-05,4.14235546e-05,7.807168e-05,0.00012153486,0.000148308944,0.000141075827,0.00010451155,6.02979162e-05,2.73686783e-05,1.09133962e-05,8.39224958e-06,1.8892335e-05,4.52093882e-05,8.64267786e-05,0.000128933607,0.000149799482,0.000135544164,9.55163632e-05,5.24204916e-05,2.24053019e-05,7.4580762e-06,1.93343362e-06,3.90353534e-07,6.13780813e-08,0,0,0,0,0,0,0,0,0,0,0,0,0,0,0,0,0,0,0,0,0,0,0,0,0,0,0,0,0,0,0,0,0,0,0,0,0,0,0,0,0,0,0,0,0,0,0,0,0,0,0,0,0,0,0,0,0,0,0,0,0,0,0,0,0,0,0,0,0,0,0,0,0,0,0,0,0,0,0,0,0,0,0,0,0,0,0,0,0,0,0,0,0,0,0,0,0,0,0,0,0,0,0,0,0,0,0,0,0,0,0,0,0,0,0,0,0,0,0,0,0,0,0,0,0,0,0,0,0,0,0,0,0,0,0,0,0,0,0,0,0,0,0,0,0,0,0,0,0,0,0,0,0,0,0,0,0,0,0,0,0,0,0,0,0,0,0,0
3.35575605e-05,9.39655365e-05,0.000207417936,0.000365211949,0.000535982952,0.000729861145,0.00109848881,0.0019492259,0.00358035718,0.00599405123,0.00867214613,0.0106954686,0.0113109862,0.0105006257,0.00890406966,0.00718490779,0.00562262582,0.00425284216,0.00312261679,0.00230948417,0.00182331947,0.0015742915,0.00140946999,0.0011954389,0.000902723521,0.000610657036,0.000413325994,0.000324967172,0.000284725305,0.000233369457,0.000165728008,0.000116287578,0.000116184208,0.000164295823,0.000225707947,0.000253133621,0.000222986782,0.000153198183,8.20010755e-05,3.41831328e-05,1.10976389e-05,2.80592258e-06,1.0157554e-06,2.49679465e-06,9.78139815e-06,3.08915405e-05,7.59809263e-05,0.000145544574,0.000217127003,0.00025226557,0.00022825932,0.000160851632,8.82772511e-05,3.77310134e-05,1.25595625e-05,3.25594442e-06,6.57363842e-07,1.03362026e-07,0,0,0,0,0,0,0,0,0,0,0,0,0,0,0,0,0,0,0,0,0,0,0,0,0,0,0,0,0,0,0,0,0,0,0,0,0,0,0,0,0,0,0,0,0,0,0,0,0,0,0,0,0,0,0,0,0,0,0,0,0,0,0,0,0,0,0,0,0,0,0,0,0,0,0,0,0,0,0,0,0,0,0,0,0,0,0,0,0,0,0,0,0,0,0,0,0,0,0,0,0,0,0,0,0,0,0,0,0,0,0,0,0,0,0,0,0,0,0,0,0,0,0,0,0,0,0,0,2.23237834e-07,1.28464501e-06,5.75737931e-06,2.0095229e-05,5.46244919e-05,0.000115640054,0.000190658218,0.000244810013,0.000244810013,0.000190658218,0.000115640054,5.46244919e-05,2.0095229e-05,5.75737931e-06,1.28464501e-06,2.23237834e-07,0,0,0,0,0,0,0,0,0,0,0,0,0,0,0,0,0,0,0,0,0,0,0,0,0,0,0,0,0,0,0,0,0,0,0,0,0,0,0,0,0,0,0,0,0,0,0,0,0,0,0,0,0,0,0,0,0,0,0,0,0,0,0,0,0,0,0,0,0,0,0,0,0,0,0,0,0,0,0,0,0,0,0,0,0,0,0,0,0,0,0,0,0,0,0,0,0,0,0,0,0,0,0,0,0,0,0,0,0,0,0,0,0,0,0,0,0,0,0,0,0,0,0,0,0,0,0,0,0,0,0,0,0,0,0,0,0,0,0,0,0,0,0,0,0,0,0,0,0,0,0,0,0,0,0,0,0,0,0,0,0,0,0,0,0,0,0,0,0,0,0,0,0,0,0,0,0,0,0,0,0,0,0,0,0,0,0,0,0,0,0,0,0,0,0,0,0,0,0,0,0,0,0,0,0,0,0,0,0,0,0,0,0,0,0,0,0,0,0,0,0,0,0,0,0,0,0,0,0,0,0,0,0,0,0,0,0,0,0,0,0,0,0,0,0,0,0,0,0,0,0,0,0,0,0,0,0,0,0
1.59171464e-07,9.65389631e-07,5.01463637e-06,2.05223714e-05,6.9088921e-05,0.000194169566,0.00047624798,0.00104648573,0.00206583901,0.00360833993,0.00547052827,0.00712555787,0.00800231658,0.0078923041,0.00704327412,0.00585924368,0.00460281223,0.00339824567,0.00239322614,0.00182052189,0.00191223808,0.0027331009,0.00400668336,0.00512059405,0.00545495795,0.00481875101,0.00355443708,0.00221723993,0.00118987635,0.000562838162,0.000249711506,0.00013137309,0.000118850643,0.00015301253,0.000193339889,0.000216405242,0.000213383595,0.00018409139,0.000135398092,8.23057489e-05,4.03355007e-05,1.56849437e-05,4.7963681e-06,1.14231216e-06,2.13964412e-07,0,0,0,1.48533388e-07,8.33646766e-07,3.64389984e-06,1.240444e-05,3.28862443e-05,6.79012519e-05,0.000109186178,0.000136736329,0.0001333603,0.000101296762,5.99226478e-05,2.76065894e-05,9.90514673e-06,2.76780474e-06,6.02332591e-07,1.02085401e-07,0,0,0,0,0,0,0,0,0,0,0,0,0,0,0,0,0,0,0,0,0,0,0,0,0,0,0,0,0,0,0,0,0,0,0,0,0,0,0,0,0,0,0,0,0,0,0,0,0,0,0,0,0,0,0,0,0,0,0,0,0,0,0,0,0,0,0,0,0,0,0,0,0,1.23292523e-07,7.09499488e-07,3.17975605e-06,1.10984392e-05,3.01686832e-05,6.38671117e-05,0.000105299056,0.000135206676,0.000135206676,0.000105299056,6.38671117e-05,3.01686832e-05,1.10984392e-05,3.17975605e-06,7.09499488e-07,1.23292523e-07,0,0,0,0,0,0,0,0,0,0,0,0,0,0,0,0,0,0,0,0,8.43149977e-08,5.10076006e-07,2.4602939e-06,9.22793697e-06,2.7359476e-05,6.5015025e-05,0.000126479266,0.000208184385,0.000301720313,0.00039756397,0.000479359878,0.000518444343,0.000487854762,0.00038859481,0.000256644038,0.000138433403,6.02815526e-05,2.10372291e-05,5.80268306e-06,1.27970986e-06,1.78494844e-07,0,0,0,0,0,0,0,0,0,0,0,0,0,0,0,0,0,0,0,0,0,0,0,0,0,0,0,0,0,0,0,0,0,0,0,0,0,0,0,0,0,0,0,4.67965648e-08,3.05151929e-07,1.54968927e-06,6.12914027e-06,1.887908e-05,4.52885615e-05,8.46101684e-05,0.000123107064,0.000139498588,0.000123107064,8.46101684e-05,4.52885615e-05,1.887908e-05,6.12914027e-06,1.54968927e-06,3.05151929e-07,4.67965648e-08,0,0,0,0,0,0,0,0,0,0,0,0,0,0,0,0,0,0,0,0,0,0,0,0,0,0,0,0,0,0,0,0,0,0,0,0,0,0,0,0,0,0,0,0,0,0,0,0,0,0,0,0,0,0,0,0,0,0,0,0,0,0,0,0,0,0,0,0,0,0,0,0,0,0,0,0,0,0,0,0,0,0,0,0,0,0,0,0,0,0,0,0,0,0,0,0,0,0,0,0,0,0,0,0,0,0,0,0,0,0,0,0,0,0,0,0,0,0,0,0,0,0,0,0,0,0,0,0,0,0,0,0,0,0,0,0,0,0,0,0,0,0,0,0,0,0,0,0,0,0,0,0,0,0,0,0,0,0,0,0,0,0,0,0,0,0,0,0,0,0,0,0,0,0,0,0,0,0,0,0,0,0,0,0,0,0,0,0,0,0,0,0,0,0,0,0,0,0,0,0,0,0,0,0,0,0,0
2.77601021e-06,1.38865025e-05,5.41384943e-05,0.000172949629,0.000457398623,0.00101139315,0.00188558304,0.00299461535,0.00410380494,0.00492186053,0.00523541449,0.00499570929,0.00432860479,0.00347136916,0.00265553989,0.00200391491,0.00152384373,0.00119407184,0.00104421703,0.00114634912,0.00153929309,0.00216681929,0.00286146905,0.00337612652,0.00347703369,0.00308012869,0.00232292619,0.00148130173,0.000795277127,0.000358400954,0.000135915747,4.71816493e-05,2.71715562e-05,4.28943276e-05,7.93134677e-05,0.000121438752,0.000152842185,0.00016905785,0.000183640906,0.000210085171,0.000240591777,0.000250320067,0.000222194401,0.000163372693,9.81536505e-05,4.88449696e-05,2.47267144e-05,2.656795e-05,5.59847649e-05,0.000115567826,0.000205078279,0.000323439104,0.000477269758,0.000670758018,0.000868077681,0.000985049759,0.000957912649,0.000823305221,0.000694156799,0.000644599786,0.000644311134,0.000613756187,0.000517681532,0.000386691128,0.000271594588,0.000201115268,0.000171952008,0.000159131843,0.000138819887,0.000109294582,8.9155561e-05,9.39935344e-05,0.000117640862,0.00013566931,0.000127689171,9.60686957e-05,6.22482694e-05,4.90602797e-05,6.95033887e-05,0.000125287057,0.000207826815,0.000299005362,0.000374525524,0.000410414126,0.000393643888,0.000332205876,0.000254163111,0.000192371735,0.000163105768,0.000155089598,0.000142629651,0.000111541252,7.01526587e-05,3.51258968e-05,1.5684569e-05,1.2545026e-05,2.52921636e-05,5.43601309e-05,9.39209276e-05,0.000126779982,0.000133280133,0.000109120549,6.9578331e-05,3.45515764e-05,1.33625135e-05,4.02471142e-06,1.31040963e-06,2.14518786e-06,8.29215151e-06,2.73522237e-05,7.05021012e-05,0.000142900069,0.000229851023,0.000298839645,0.000326432928,0.000323934219,0.000330609095,0.000386143423,0.000504427589,0.000658821082,0.000791559927,0.000850915676,0.000824025949,0.000737791648,0.000635173346,0.000547549571,0.00048035651,0.000422321027,0.00036594554,0.00031370201,0.000268099626,0.000225650248,0.000184242948,0.000152054941,0.000140108954,0.000144242164,0.000143480793,0.000121272053,8.22459115e-05,4.3840726e-05,1.82415733e-05,5.92217202e-06,1.49735945e-06,2.94847581e-07,4.52163391e-08,2.24985584e-07,1.29834802e-06,5.8429091e-06,2.05058823e-05,5.61909474e-05,0.000120212353,0.000201431263,0.0002664653,0.000284306327,0.000257858046,0.000218898058,0.000192251304,0.000179475683,0.000178928749,0.000199322079,0.000240232097,0.000273401238,0.000263129943,0.000203588614,0.000124398459,5.96452774e-05,2.24267424e-05,6.60033129e-06,1.52006055e-06,2.73857722e-07,0,0,0,0,0,0,0,0,0,0,0,0,0,0,0,0,0,0,0,0,0,0,0,0,0,0,0,0,0,0,0,0,0,0,0,0,0,0,4.52163391e-08,2.94847581e-07,1.49735945e-06,5.92217202e-06,1.82415733e-05,4.37592607e-05,8.17530599e-05,0.000119031465,0.000135280861,0.000121272053,9.02733736e-05,6.81073434e-05,7.24292331e-05,9.98430987e-05,0.000128277359,0.000133574984,0.000109165769,6.9578331e-05,3.45515764e-05,1.33625135e-05,4.02471142e-06,9.44077783e-07,1.72467438e-07,0,0,0,0,0,0,0,0,0,0,0,3.14321085e-07,1.7035012e-06,7.23091262e-06,2.40513309e-05,6.2715837e-05,0.000128256201,0.000205768665,0.000259044638,0.00025592462,0.000198421665,0.000120712772,5.76109669e-05,2.15627642e-05,6.32669935e-06,1.454536e-06,2.61897668e-07,0,0,0,0,0,0,0,2.47202678e-07,1.28717932e-06,5.21976972e-06,1.64850389e-05,4.07938569e-05,7.8955949e-05,0.000121087949,0.000151104672,0.000162355529,0.000163506033,0.000162976678,0.000154754496,0.000128511194,8.75747792e-05,4.74592889e-05,2.01900311e-05,6.70231657e-06,1.73751027e-06,3.50797279e-07,5.51583668e-08,0,0,0,0,0,0,0,0,0,0,0,0,0,0,0,0,0,0,0,0,0,0,0,0,0,0,0,0,0,0,0,0,0,0,0,0,0,0,0,0,0,0,0,0,0,0,0,0,0,0,0,0,0,0,0,0,0,0,0,0,0,0,0,0,0,0,0,0,0,0,0,0,0,0,0,0,0,0,0,0,0,0,0,0,0,0,0,0,0,0,0,0,0,0,0,0,0,0,0,0,0,0,0,0,0,0,0,0,0,0,0,0,0,0,0,0,0,0,0,0,0,0,0,0,0,0,0,0,0,0,0,0,0,0,0,0,0,0,0,0,0,0,0,0,0,0,0,0,0,0,0,0,0,0,0,0,0,0,0,0,0,0,0,0,0,0,0,0,0,0,0,0,0,0,0,0
2.07957078e-06,1.28985266e-05,5.83695655e-05,0.000207574485,0.000585189438,0.00131984986,0.00241012452,0.00363104953,0.00463427557,0.00517215626,0.00519000739,0.00473611569,0.00389391044,0.00282219262,0.0017762176,0.0010150827,0.000689166598,0.000811390404,0.00130220258,0.00204524072,0.00292695686,0.00382853416,0.00457446091,0.00493332092,0.00475162687,0.00409146165,0.00319231022,0.00229869247,0.00155594328,0.0010272488,0.000721888384,0.000598723011,0.000593599863,0.000657493307,0.000749837316,0.000812995888,0.000781985291,0.000637274818,0.000436373783,0.00028056337,0.000249646546,0.000364771549,0.000578601612,0.000783147931,0.000857809966,0.000752735068,0.00052718143,0.000293662772,0.000129684937,4.52636341e-05,1.24525868e-05,2.69428006e-06,4.45513678e-07,0,0,0,0,0,0,0,0,0,0,0,0,0,0,0,0,0,0,0,0,0,0,0,0,0,0,0,2.21187463e-07,1.30506828e-06,5.99697614e-06,2.14613865e-05,5.98149309e-05,0.000129833832,0.000219478723,0.000288950483,0.000296265294,0.00023657264,0.000147120983,7.16410505e-05,2.89935924e-05,1.69202649e-05,3.17705126e-05,7.78007015e-05,0.000156023292,0.000244693219,0.000299332605,0.000286768016,0.000220900271,0.000155101457,0.000140172546,0.000191046725,0.000281714514,0.000367214147,0.000417796255,0.000431049411,0.000412707654,0.000365931075,0.000312827324,0.000299600448,0.000357032812,0.000460268842,0.000539727451,0.000534375198,0.000436338625,0.000290733034,0.000156710405,6.77101343e-05,2.32676393e-05,6.31880175e-06,1.30506828e-06,2.21187463e-07,0,0,0,0,0,0,0,0,0,0,0,0,0,0,0,0,0,0,0,0,0,0,0,0,0,0,0,0,0,0,0,0,0,0,0,0,0,0,0,0,0,0,0,0,0,0,0,0,0,0,0,0,0,0,0,0,0,0,0,0,0,0,0,0,0,0,0,0,0,0,0,0,0,0,0,0,0,0,0,0,0,0,0,0,0,0,0,0,0,0,0,0,0,0,0,0,0,0,0,0,0,0,0,0,0,0,0,0,0,0,0,0,0,0,0,0,0,0,0,0,0,0,0,0,0,0,0,0,0,0,0,0,0,3.86743068e-07,2.11701126e-06,9.02506144e-06,2.99642597e-05,7.74788714e-05,0.000156023292,0.000244693219,0.000299090199,0.000285598042,0.000216606393,0.000142972451,0.000114413371,0.000148939871,0.000224685733,0.000290055643,0.00029644795,0.00023657264,0.000147120983,7.12543115e-05,2.68765798e-05,7.89520254e-06,1.80625443e-06,3.21825866e-07,0,0,0,0,0,0,0,0,0,3.21825866e-07,1.80625443e-06,7.89520254e-06,2.68765798e-05,7.12543115e-05,0.000147120983,0.00023657264,0.000296265294,0.000288950483,0.000219478723,0.000129833832,5.98149309e-05,2.14613865e-05,5.99697614e-06,1.30506828e-06,2.21187463e-07,0,0,0,0,0,0,0,0,0,0,0,0,0,0,0,0,0,0,0,0,0,0,0,0,0,0,0,0,0,0,0,0,0,0,0,0,0,0,0,0,0,0,0,0,0,0,0,0,0,0,0,0,0,0,0,0,0,0,0,0,0,0,0,0,0,0,0,0,0,0,0,0,0,0,0,0,0,0,0,0,0,0,0,0,0,0,0,0,0,0,0,0,0,0,0,0,0,0,0,0,0,0,0,0,0,0,0,0,0,0,0,0,0,0,0,0,0,0,0,0,0,0,0,0,0,0,0,0,0,0,0,0,0,0,0,0,0,0,0,0,0,0,0,0,0,0,0,0,0,0,0,0,0,0,0,0
1.01483238e-06,6.324693e-06,3.21879015e-05,0.000128556392,0.000418393669,0.00114171056,0.00263619656,0.00515468093,0.00849608518,0.011724744,0.0134803653,0.0129115675,0.0103859911,0.00717414496,0.00446644565,0.00272912183,0.00179397513,0.0013014233,0.00101583544,0.0008661506,0.000838006148,0.000901089283,0.00101157371,0.00112253032,0.00118524209,0.00115723792,0.00102472305,0.000821312831,0.000615502766,0.000463638367,0.0003732646,0.000315898593,0.000263953349,0.000206710538,0.000145718484,8.86661292e-05,4.4898632e-05,1.83803495e-05,5.95982601e-06,1.51263646e-06,3.05396043e-07,4.80196043e-08,0,0,0,0,0,0,0,1.03711137e-07,5.96816335e-07,2.67474525e-06,9.33577849e-06,2.5377276e-05,5.37236956e-05,8.8575398e-05,0.000113733069,0.000113733069,8.8575398e-05,5.37236956e-05,2.5377276e-05,9.33577849e-06,2.67474525e-06,5.96816335e-07,1.03711137e-07,0,0,0,0,0,0,0,0,0,0,0,0,0,0,0,0,0,0,0,0,0,0,0,0,0,0,0,0,0,0,0,0,0,0,0,0,0,0,0,0,0,0,0,0,4.80196043e-08,3.05396043e-07,1.51263646e-06,5.83488236e-06,1.7528957e-05,4.10115681e-05,7.47279482e-05,0.000106044004,0.00011737673,0.000101833073,7.16118884e-05,4.82361465e-05,4.69773186e-05,6.86224084e-05,9.91339839e-05,0.000116973293,0.000108321561,7.8265286e-05,4.40402582e-05,1.92999814e-05,6.58704084e-06,1.75085472e-06,3.62440176e-07,5.84317519e-08,0,0,0,0,0,0,0,0,0,0,0,0,0,0,0,0,0,0,0,0,0,0,0,0,0,0,0,0,0,0,0,0,0,0,0,5.84317519e-08,3.62440176e-07,1.75085472e-06,6.58704084e-06,1.92999814e-05,4.40402582e-05,7.8265286e-05,0.000108407425,0.000117264753,0.000100341611,7.24102065e-05,5.58479187e-05,6.33428572e-05,8.9203997e-05,0.000113140828,0.000115199764,9.18451624e-05,5.72420795e-05,2.83644767e-05,1.34995325e-05,1.34995325e-05,2.83644767e-05,5.72420795e-05,9.18451624e-05,0.000115019779,0.000112179943,8.52087469e-05,5.04056989e-05,2.32220937e-05,8.33200556e-06,2.32822026e-06,5.06669778e-07,8.58721378e-08,0,0,0,0,0,0,0,0,0,0,0,0,0,0,0,0,0,0,0,0,0,0,0,0,0,0,0,0,0,0,0,0,0,0,0,0,0,0,0,0,0,0,0,0,0,0,0,0,0,0,0,0,0,0,0,0,0,0,0,0,0,0,0,0,0,0,0,0,0,0,0,0,0,0,0,0,0,0,0,0,0,0,0,0,0,0,0,0,0,0,0,0,0,0,0,0,0,0,0,0,0,0,0,0,0,0,0,0,0,0,0,0,0,0,0,0,0,0,0,0,0,0,0,0,0,0,0,0,0,0,0,0,0,0,0,0,0,0,0,0,0,0,0,0,0,0,0,0,0,0,0,0,0,0,0,0,0,0,0,0,0,0,0,0,0,0,0,0,0,0,0,0,0,0,0,0,0,0,0,0,0,0,0,0,0,0,0,0,0,0,0,0,0,0,0,0,0,0,0,0,0,0,0,0,0,0,0,0,0,0,0,0,0,0,0,0,0,0,0,0,0,0,0,0,0,0,0,0,0,0,0,0,0,0,0,0,0,0,0,0,0,0,0,0,0,0,0,0,0,0,0,0,0,0,0,0,0,0,0,0
2.22600943e-06,1.39383965e-05,6.36962504e-05,0.000231569633,0.000680054363,0.00162656559,0.00318424357,0.00512301829,0.0068010278,0.00748994946,0.0069066165,0.00542368554,0.00373771694,0.00238055363,0.0015274568,0.00111149519,0.000989038381,0.00102406018,0.0011243585,0.00126165757,0.00146035606,0.00174861203,0.00211906456,0.00251116022,0.00279378705,0.00279862667,0.00244361977,0.00183649664,0.001217379,0.000793558545,0.000628435169,0.000645097869,0.000703105063,0.000693436537,0.000594656216,0.000451745407,0.000316363323,0.000218522342,0.000170189902,0.000165266349,0.00017591365,0.000168777187,0.000132209869,8.17748441e-05,3.96976102e-05,1.59080955e-05,8.75768637e-06,1.59080955e-05,3.96976102e-05,8.17190303e-05,0.000131931913,0.000167640916,0.000172160857,0.000154902053,0.00014401706,0.000154902053,0.000172160857,0.000167640916,0.000131931913,8.17190303e-05,3.95191164e-05,1.49749085e-05,4.81512598e-06,3.16270734e-06,8.51408367e-06,2.50415032e-05,5.8845395e-05,0.000108127504,0.000157199785,0.000185906611,0.000190712468,0.000188321312,0.00019157803,0.000192689578,0.00018124441,0.000171261985,0.000193529995,0.000256188068,0.000321830827,0.000335058343,0.00027624963,0.000178158007,8.95799676e-05,3.51005619e-05,1.07130054e-05,2.54684505e-06,4.71614953e-07,5.62350273e-08,3.66698458e-07,2.01040802e-06,8.21793492e-06,2.65079143e-05,6.77597709e-05,0.000137928757,0.000224685267,0.000294171216,0.000310413394,0.000264459435,0.000182739197,0.000106928936,6.84998813e-05,8.05328527e-05,0.00014030264,0.000226757242,0.000299633684,0.00032000427,0.000282863213,0.000227915574,0.000214521991,0.000284451293,0.0004417866,0.000648142828,0.000825043244,0.000881258864,0.000775178079,0.000560417655,0.000352199597,0.000242915557,0.000249562465,0.000321665051,0.000386696687,0.000398855511,0.000357630663,0.000285968592,0.000205601988,0.000135746101,9.62516351e-05,9.79704346e-05,0.000130164364,0.000162418844,0.000164751153,0.000131276698,8.16525862e-05,3.98858174e-05,1.67685575e-05,1.17441787e-05,2.36886153e-05,5.46013653e-05,0.000101675316,0.000147936706,0.000167634251,0.000147936706,0.000101675316,5.44228751e-05,2.26868287e-05,7.42157044e-06,2.22894664e-06,2.22894664e-06,7.42157044e-06,2.26868287e-05,5.44228751e-05,0.000101675316,0.000147936706,0.000167634251,0.000147936706,0.000101675316,5.44228751e-05,2.26868287e-05,7.36533548e-06,1.86224838e-06,3.66698458e-07,5.62350273e-08,0,0,0,1.48159572e-07,8.52599442e-07,3.82108556e-06,1.33368994e-05,3.62534483e-05,7.67485544e-05,0.000126536979,0.000162476703,0.000162476703,0.000126794097,7.81212657e-05,4.19609714e-05,3.20657564e-05,5.18677298e-05,9.89893815e-05,0.000163776655,0.000233221057,0.000302295899,0.000372457871,0.000433145004,0.000456929643,0.000423178193,0.000338739774,0.000232056482,0.000134163973,6.42406885e-05,2.50114972e-05,7.7954528e-06,1.86224838e-06,3.66698458e-07,5.62350273e-08,0,0,0,0,0,0,0,0,0,0,0,0,0,0,0,0,0,0,0,0,0,0,0,0,0,0,0,0,0,0,0,0,0,0,0,0,0,0,0,0,0,0,0,6.85998103e-08,4.36282448e-07,2.16092099e-06,8.3355917e-06,2.50415032e-05,5.85882735e-05,0.0001067548,0.000151492262,0.000167424849,0.000144103906,9.68102249e-05,5.16015352e-05,2.55077339e-05,2.3110566e-05,4.45722435e-05,8.68411953e-05,0.000135711933,0.000165758931,0.000157674775,0.000116808355,6.73925533e-05,3.0281426e-05,1.05966146e-05,2.88791443e-06,6.12953954e-07,1.01320609e-07,0,0,0,0,0,0,0,0,0,0,0,0,0,0,0,0,0,0,0,0,0,0,0,0,0,0,0,0,0,0,0,0,0,0,0,0,0,0,0,0,0,0,0,0,0,0,0,0,0,0,0,0,0,0,0,0,0,0,0,0,0,0,0,0,0,0,0,0,0,0,0,0,0,0,0,0,0,0,0,0,0,0,0,0,0,0,0,0,0,0,0,0,0,0,0,0,0,0,0,0,0,0,0,0,0,0,0,0,0,0,0,0,0,0,0,0,0,0,0,0,0,0,0,0,0,0,0,0,0,0,0,0,0,0,0,0,0,0,0,0,0,0,0,0,0,0,0,0,0,0,0,0,0,0,0,0,0,0,0,0,0,0,0,0,0,0,0,0,0,0,0,0,0,0,0,0,0,0,0,0,0,0,0,0,0,0,0,0,0,0,0,0,0,0,0,0
0,4.89704632e-07,5.99590885e-06,3.5412515e-05,0.000158614916,0.000557704654,0.00158502278,0.00367647526,0.00702442508,0.0111371782,0.014723652,0.01626621,0.0150243388,0.0116155092,0.0075751422,0.0043008537,0.00233049202,0.0014062894,0.000995523529,0.000720276206,0.000461968564,0.000245383446,0.000105156949,3.59040423e-05,9.69069606e-06,1.95757025e-06,3.31775738e-07,0,0,0,0,0,0,0,0,0,0,0,0,0,0,0,0,0,0,0,0,0,0,0,0,0,0,0,0,0,0,0,0,0,0,0,0,0,0,0,0,0,0,0,0,0,0,0,0,0,0,0,0,0,0,0,0,0,0,0,0,0,0,0,0,0,0,0,0,0,0,0,0,0,0,0,0,0,0,0,0,0,0,0,0,0,0,0,0,0,0,0,0,0,0,0,0,0,0,0,0,0,0,0,0,0,0,0,0,0,0,0,0,0,0,0,0,0,0,0,0,0,0,0,0,0,0,0,0,0,0,0,0,0,0,0,0,0,0,0,0,0,0,0,0,0,0,0,0,0,0,0,0,0,0,0,0,0,0,0,0,0,0,0,0,0,0,0,0,0,0,0,0,0,0,0,0,0,0,0,0,0,0,0,0,0,0,0,0,0,0,0,0,0,0,0,0,0,0,0,0,0,0,0,0,0,0,0,0,0,0,0,0,0,0,0,0,0,0,0,0,0,0,0,0,0,0,0,0,0,0,0,0,0,0,0,0,0,0,0,0,0,0,0,0,0,0,0,0,0,0,0,0,0,0,0,0,0,0,0,0,0,0,0,0,0,0,0,0,0,0,0,0,0,0,0,0,0,0,0,0,0,0,0,0,0,0,0,0,0,0,0,0,0,0,0,0,0,0,0,0,0,0,0,0,0,0,0,0,0,0,0,0,0,0,0,0,0,0,0,0,0,0,0,0,0,0,0,0,0,0,0,0,0,0,0,0,0,0,0,0,0,0,0,0,0,0,0,0,0,0,0,0,0,0,0,0,0,0,0,0,0,0,0,0,0,0,0,0,0,0,0,0,0,0,0,0,0,0,0,0,0,0,0,0,0,0,0,0,0,0,0,0,0,0,0,0,0,0,0,0,0,0,0,0,0,0,0,0,0,0,0,0,0,0,0,0,0,0,0,0,0,0,0,0,0,0,0,0,0,0,0,0,0,0
2.45023921e-06,1.10538931e-05,4.15785944e-05,0.000130546381,0.000356832286,0.000881258457,0.00197766675,0.00395145826,0.00683341874,0.010008526,0.0122632803,0.0125097819,0.0106413495,0.00762688695,0.00472145341,0.00263317581,0.00138166628,0.000687910942,0.000313064287,0.000128744592,6.40355938e-05,7.72429994e-05,0.000140809905,0.000223307274,0.000279337342,0.000272440491,0.000206938188,0.000122415397,5.6397239e-05,2.05997749e-05,7.65037112e-06,9.73988881e-06,2.84607177e-05,7.30519023e-05,0.000147108469,0.000230711987,0.00028179225,0.000268049102,0.000198575653,0.000114568182,5.14788044e-05,1.80143761e-05,4.9094906e-06,1.04202945e-06,1.72246303e-07,0,0,0,5.22657047e-07,3.24412144e-06,1.40094198e-05,4.73395885e-05,0.000127077175,0.000272614037,0.000470823696,0.000660076272,0.000757277478,0.000715235656,0.000557297666,0.000357286102,0.000187214988,7.94755251e-05,2.70881737e-05,7.35419962e-06,1.56605017e-06,2.51873132e-07,0,0,0,0,0,0,0,0,0,0,0,0,0,4.37105854e-07,2.33361857e-06,9.70285419e-06,3.1419233e-05,7.92351566e-05,0.000155620466,0.000238035587,0.000283558998,0.000263070018,0.000190191888,0.000107697968,5.05455791e-05,3.01679138e-05,4.68229991e-05,0.000100481018,0.000181626383,0.000257538719,0.000284624344,0.000244978437,0.00016421394,8.57271953e-05,3.50626287e-05,1.22665824e-05,8.37578682e-06,2.0757785e-05,5.6397239e-05,0.000122415397,0.000207146746,0.000273670972,0.0002852951,0.000244993571,0.000202556141,0.000214939297,0.000299462088,0.000418599375,0.000504095806,0.000502696144,0.000411155284,0.000274121179,0.00014775632,6.38413258e-05,2.23028237e-05,7.95380856e-06,9.73988881e-06,2.84607177e-05,7.30519023e-05,0.000147108469,0.000230711987,0.00028179225,0.000268049102,0.000198575653,0.000114568182,5.14788044e-05,1.80143761e-05,4.9094906e-06,1.04202945e-06,1.72246303e-07,0,0,0,0,3.64645416e-07,1.99604983e-06,8.50938886e-06,2.82521669e-05,7.30519023e-05,0.000147108469,0.000230711987,0.00028179225,0.000268049102,0.000198575653,0.000114568182,5.14788044e-05,1.8130997e-05,5.95461324e-06,6.41867155e-06,2.17869438e-05,6.79117802e-05,0.000166783793,0.000320199295,0.000480594143,0.000563961687,0.000517418899,0.000371152128,0.000208142592,9.12513133e-05,3.12712109e-05,8.37578682e-06,1.75315643e-06,2.08549295e-07,0,0,0,0,0,0,0,0,0,0,0,0,0,0,0,0,0,0,0,0,0,0,0,0,0,0,0,0,0,0,0,0,0,0,0,0,0,0,0,0,0,0,0,0,0,0,0,0,0,0,0,0,0,0,0,0,0,0,0,0,0,0,0,0,0,0,0,0,0,0,0,0,0,0,0,1.16620534e-07,7.41685596e-07,3.6735928e-06,1.41706105e-05,4.25708677e-05,9.96008021e-05,0.000181484487,0.000257538719,0.000284624344,0.000244978437,0.00016421394,8.57271953e-05,3.4854078e-05,1.10360825e-05,2.7214644e-06,5.22657047e-07,0,0,0,0,0,0,0,0,0,0,0,0,0,0,0,0,0,0,0,0,0,0,0,0,0,0,0,0,0,0,0,0,0,2.08549295e-07,1.23049949e-06,5.65432174e-06,2.02351293e-05,5.6397239e-05,0.000122415397,0.000206938188,0.000272440491,0.000279337342,0.000223055395,0.000138714808,6.71829912e-05,2.53409107e-05,7.44408817e-06,1.70304895e-06,3.03437417e-07,0,0,0,0,0,0,0,0,0,0,0,0,0,0,0,0,0,0,0,0,0,0,0,0,0,0,0,0,0,0,0,0,0,0,0,0,0,0,0,0,0,0,0,0,0,0,0,0,0,0,0,0,0,0,0,0,0,0,0,0,0,0,0,0,0,0,0,0,0,0,0,0,0,0,0,0,0,0,0,0,0,0,0,0,0,0,0,0,0,0,0,0,0,0,0,0,0,0,0,0,0,0,0,0,0,0,0,0,0,0,0,0,0,0,0,0,0,0,0,0,0,0,0,0,0,0,0,0,0,0,0,0,0,0,0,0,0,0,0,0,0,0,0,0,0,0,0,0,0,0,0,0
3.04472906e-05,6.1593375e-05,9.82673082e-05,0.000128766405,0.000158916009,0.000241422909,0.000487709738,0.00104345672,0.00201279484,0.00334334141,0.00474104751,0.0057533686,0.00605104771,0.00568757113,0.00503019895,0.0044142101,0.00391370384,0.00343496446,0.00292038848,0.00242320076,0.00206483831,0.00197453192,0.00221476634,0.00268600904,0.00310648396,0.00316539151,0.00275985315,0.00206962042,0.00138350925,0.000877870829,0.000559787732,0.000357993209,0.000217426044,0.000122574042,7.75611406e-05,8.52475569e-05,0.000135801209,0.000201660543,0.000246207492,0.0002539079,0.00025399591,0.000303104491,0.000438233197,0.000641914143,0.000843332789,0.000955346448,0.000928311667,0.000783887226,0.000595378573,0.000431726075,0.000320619933,0.000254200713,0.000211914768,0.000176263915,0.000142517936,0.000122662474,0.000133254827,0.000173467328,0.000216429573,0.000227389377,0.000193031694,0.000130867877,7.05572675e-05,3.01733107e-05,1.02060421e-05,2.72353213e-06,5.7200532e-07,8.69212329e-08,1.04978163e-07,6.04107584e-07,2.70742248e-06,9.44983276e-06,2.56873082e-05,5.43800343e-05,8.96575148e-05,0.000115122537,0.00011527451,9.04894478e-05,5.79266598e-05,3.74625233e-05,3.98971242e-05,6.40207436e-05,9.67625238e-05,0.000117553143,0.000111779293,8.31311918e-05,4.95231034e-05,2.8123357e-05,2.71959598e-05,4.74564513e-05,8.32023798e-05,0.000121618395,0.00014934162,0.000163626755,0.000171581298,0.000178473769,0.000182630291,0.000179775612,0.000165148449,0.000135188457,9.37579534e-05,5.30677207e-05,2.39401052e-05,8.50558718e-06,2.35666403e-06,5.12859742e-07,3.04759368e-07,1.13427882e-06,4.59972762e-06,1.46318052e-05,3.63343352e-05,7.11501343e-05,0.000111554364,0.000144315854,0.000161719567,0.000165298407,0.000156635127,0.000132865636,9.55636788e-05,5.59111504e-05,2.59964345e-05,9.49843889e-06,2.70742248e-06,6.04107584e-07,1.04978163e-07,0,0,0,0,0,0,0,0,0,0,0,0,0,0,0,0,0,0,0,0,0,0,0,0,0,0,0,0,0,0,0,0,0,0,0,0,0,0,1.26469644e-07,7.09813548e-07,3.10262044e-06,1.05618356e-05,2.80011918e-05,5.80327724e-05,9.41015096e-05,0.000121024699,0.000128301021,0.000123246209,0.000125057064,0.000144952894,0.000179332332,0.000220532631,0.000261744019,0.000290303578,0.000291938341,0.00026655331,0.000230927952,0.000206281635,0.000213523002,0.000269085169,0.000363799511,0.00044973247,0.000471641571,0.00041909737,0.000335130404,0.000272284698,0.00025161606,0.000261248468,0.000274727878,0.000265438604,0.00022073579,0.000151946995,8.46365219e-05,3.76688622e-05,1.32692576e-05,3.70672797e-06,8.1479169e-07,1.26469644e-07,0,0,0,0,0,0,0,0,0,0,0,0,0,0,0,0,1.51980515e-07,8.31933392e-07,3.54662711e-06,1.1775217e-05,3.04472906e-05,6.13133161e-05,9.61584155e-05,0.000117448159,0.000111720146,8.27643235e-05,4.77508584e-05,2.1455844e-05,7.50820982e-06,2.1982064e-06,1.2662407e-06,3.61841762e-06,1.1775217e-05,3.04871373e-05,6.15731406e-05,9.76298907e-05,0.000123498787,0.000131341483,0.000133100752,0.000150239997,0.000187589423,0.000222443545,0.000224314659,0.000184196295,0.00012139733,6.3825566e-05,2.68567183e-05,9.8003311e-06,6.35010065e-06,1.37515508e-05,3.40688312e-05,6.89050867e-05,0.000112306028,0.000151208922,0.000174505942,0.000178432267,0.000162762808,0.000129180684,8.58889616e-05,4.63505385e-05,1.99026363e-05,6.72665919e-06,1.77224479e-06,3.66868079e-07,5.91456057e-08,0,0,0,0,0,0,0,0,0,0,0,0,0,0,0,0,0,0,0,0,0,0,0,0,0,0,0,0,0,0,0,0,0,0,0,0,0,0,0,0,0,0,0,0,0,0,0,0,0,0,0,0,0,0,0,0,0,0,0,0,0,0,0,0,0,0,0,0,0,0,0,0,0,0,0,0,0,0,0,0,0,0,0,0,0,0,0,0,0,0,0,0,0,0,0,0,0,0,0,0,0,0,0,0,0,0,0,0,0,0,0,0,0,0,0,0,0,0,0,0,0,0,0,0,0,0,0,0,0,0,0,0,0,0,0,0,0,0,0,0,0,0,0,0,0,0,0,0,0,0,0,0,0,0,0,0,0,0,0,0,0,0,0,0,0,0,0,0,0,0,0,0,0,0,0,0,0,0,0,0,0,0,0,0,0,0,0,0,0,0,0,0,0
8.03828641e-07,8.22057882e-06,4.25960206e-05,0.000171784035,0.000553692982,0.00143748231,0.00301959086,0.00516137946,0.00723603508,0.00840741675,0.00819475017,0.00678320741,0.004817029,0.00296184095,0.00162427151,0.000926711597,0.000813392631,0.00114189647,0.00173386,0.00243118918,0.00313717709,0.00374320708,0.00404911302,0.00387221575,0.00324986712,0.00244195503,0.00172108097,0.00122190348,0.000972599199,0.000953632232,0.00107797771,0.00119062897,0.00117173605,0.00103286712,0.000876956386,0.000776946079,0.000722406374,0.000657428638,0.000542974158,0.000386739848,0.00023113146,0.000119303164,7.07051076e-05,8.43911912e-05,0.000146300765,0.000224906325,0.000274053891,0.000260599685,0.000193057014,0.000111384201,5.00481474e-05,1.75137357e-05,4.77305002e-06,1.01307023e-06,1.67459376e-07,0,0,0,0,0,0,0,0,0,0,0,0,0,0,0,0,0,0,0,0,0,0,0,0,0,0,0,0,0,0,0,0,0,0,0,0,0,0,0,0,0,0,0,0,0,0,0,0,2.95004554e-07,1.6557193e-06,7.23720814e-06,2.46366581e-05,6.53159004e-05,0.000134859773,0.000217023902,0.000272587291,0.000269642071,0.000218700879,0.000169569612,0.00016885993,0.000223459167,0.000299982319,0.000358501973,0.000384153245,0.000381190359,0.000347736001,0.000277848449,0.000184713732,9.87733511e-05,4.17422852e-05,1.37767929e-05,3.57149929e-06,7.2107332e-07,1.13379514e-07,0,0,0,0,0,0,0,0,0,0,0,0,0,0,0,0,0,0,0,0,0,0,0,0,0,0,0,0,0,0,0,0,0,0,0,0,0,0,0,0,0,0,0,0,0,0,0,0,0,0,0,0,0,0,0,0,0,0,0,0,0,0,0,0,0,0,0,0,0,0,0,0,0,0,0,0,0,0,0,0,0,0,0,0,0,0,0,0,0,0,0,0,0,0,0,0,0,0,0,0,0,0,0,0,0,0,0,0,0,0,9.29434094e-08,6.06067147e-07,3.07786286e-06,1.21731846e-05,3.74960473e-05,8.99483421e-05,0.000168045619,0.000245013071,0.000279706233,0.000255234307,0.000201931078,0.000173293083,0.000197146306,0.000250343379,0.000279792148,0.000250987505,0.000176533766,9.68327804e-05,4.13877751e-05,1.37767929e-05,3.57149929e-06,7.2107332e-07,1.13379514e-07,0,0,0,0,0,0,0,0,0,0,0,0,0,0,0,0,0,0,0,0,0,0,0,0,0,0,0,0,0,0,0,0,0,0,0,0,0,0,0,0,0,0,0,0,0,0,0,0,0,0,0,0,0,0,0,0,0,0,0,0,0,0,0,0,0,0,0,0,0,0,0,0,0,0,0,0,0,0,0,0,0,0,0,0,0,0,0,0,0,0,0,0,0,0,0,0,0,0,0,0,0,0,0,0,0,0,0,0,0,0,0,0,0,0,0,0,0,0,0,0,0,0,0,0,0,0,0,0,0,0,0,0,0,0,0,0,0,0,0,0,0,0,0,0,0,0,0,0,0,0,0,0,0,0,0,0,0,0,0,0,0,0,0,0,0,0,0,0,0,0,0,0,0,0,0,0,0,0,0,0,0,0,0,0,0,0,0,0,0,0,0,0,0,0,0,0,0,0,0
1.75152763e-05,5.07461955e-05,0.000118308737,0.000229179015,0.000385950843,0.000600967265,0.00090816099,0.00133327651,0.00183793798,0.00230854168,0.00261813682,0.00270546251,0.00260084169,0.002381803,0.0021087674,0.0018279159,0.00162807433,0.00162233203,0.00182505243,0.00210188166,0.00230085244,0.00240207766,0.00249883183,0.00264635216,0.00276952935,0.00272653252,0.00245046406,0.0020142193,0.00156436686,0.00121410447,0.000994835165,0.000866025395,0.000754496665,0.000607700669,0.000433445122,0.00028564781,0.000209532285,0.000205862249,0.000245737028,0.000308560557,0.000396091287,0.000518178742,0.000674522948,0.000838815758,0.000950905145,0.00094564585,0.000815812673,0.000642264669,0.000535008498,0.000537384884,0.000595380261,0.000620695006,0.000571960176,0.000469133665,0.000350128685,0.000238036489,0.000143367288,7.43597848e-05,3.59053665e-05,2.73056685e-05,4.57429051e-05,8.50218275e-05,0.000129535212,0.000155379224,0.000149474305,0.000126684405,0.000122444515,0.000162896205,0.000237567248,0.00029978063,0.000303257373,0.000245481206,0.000170459272,0.000128925109,0.00014013995,0.00018710061,0.000236055464,0.000258471584,0.000242050693,0.000192161548,0.000127608204,7.22062687e-05,4.31675544e-05,4.66143356e-05,7.85114316e-05,0.000124283659,0.000161468328,0.000175929963,0.000175270383,0.000177729453,0.00018838403,0.000197360117,0.000199086528,0.000197485919,0.000191189014,0.000172049942,0.000145427955,0.000139910451,0.000188635226,0.000299048173,0.000437835173,0.000544524635,0.000571050739,0.000516078144,0.000420523313,0.000328883121,0.000261986541,0.00022373168,0.000214068423,0.000226218413,0.000244489813,0.000254529208,0.000251734396,0.000241636619,0.000235534142,0.000240850903,0.000252434751,0.000256404746,0.000240044043,0.000198790876,0.000140082455,8.12708604e-05,3.79376397e-05,1.403634e-05,4.17665206e-06,1.7108722e-06,3.6900442e-06,1.23047384e-05,3.34477445e-05,7.09542437e-05,0.000117647942,0.00015428495,0.000166474259,0.000165613077,0.000183196855,0.000235022671,0.000294264551,0.000311116804,0.000262483314,0.000173780005,9.01404419e-05,3.77406723e-05,1.76400063e-05,2.29834204e-05,5.24202514e-05,0.000106788895,0.000178617396,0.000248700468,0.000296889571,0.000314559293,0.000304592366,0.000271730794,0.000218667046,0.000152640452,8.89211587e-05,4.20167271e-05,1.58103521e-05,4.69511906e-06,1.08327026e-06,1.97895616e-07,0,0,0,0,0,0,0,0,0,0,1.36693302e-07,7.86615601e-07,3.66205995e-06,1.3091354e-05,3.71710121e-05,8.41968867e-05,0.000154809968,0.000236327585,0.000307769253,0.000353331328,0.000369551708,0.000369576272,0.000383928418,0.000450665742,0.000586995506,0.000760335184,0.000897362886,0.000939442078,0.000887544011,0.000780666713,0.000645595661,0.000493263069,0.00034856156,0.000247236108,0.000199527742,0.000178177943,0.000149441126,0.000104612365,5.82438151e-05,2.54377537e-05,8.68184907e-06,2.30766091e-06,4.77703225e-07,7.70141924e-08,0,0,0,0,0,0,2.83649626e-07,1.47695778e-06,5.98935912e-06,1.89155526e-05,4.65247504e-05,8.91200543e-05,0.000132951507,0.00015446762,0.000139768075,9.84928993e-05,5.40540495e-05,2.31035083e-05,7.69048893e-06,1.99368446e-06,4.02517969e-07,6.32907771e-08,0,0,0,0,0,1.13181159e-07,6.67800691e-07,3.0686399e-06,1.09817456e-05,3.06071743e-05,6.64356921e-05,0.0001123068,0.000148092571,0.000152864799,0.00012631953,9.24696287e-05,8.02487702e-05,0.000101734375,0.000145528276,0.000188261445,0.000213743493,0.000220035974,0.000208972167,0.000180131989,0.000142996505,0.000123615726,0.000147735816,0.000213582185,0.000282611349,0.000304578483,0.000259815424,0.000174888322,9.55336291e-05,5.14951826e-05,4.86678982e-05,7.83757787e-05,0.000121668119,0.00015167534,0.00014785536,0.0001123068,6.64356921e-05,3.06071743e-05,1.09817456e-05,3.0686399e-06,6.67800691e-07,1.13181159e-07,0,0,0,0,0,0,0,0,0,0,0,0,0,0,0,0,0,0,0,0,0,0,0,0,0,0,0,0,0,0,0,0,0,0,0,0,0,0,0,0,0,0,0,0,0,0,0,0,0,0,0,0,0,0,0,0,0,0,0,0,0,0,0,0,0,0,0,0,0,0,0,0,0,0,0,0,0,0,0,0,0,0,0,0,0,0,0,0,0,0,0,0,0,0,0,0,0,0,0,0,0,0,0,0,0,0,0,0,0,0,0,0,0,0,0,0,0,0,0,0,0,0,0,0,0,0,0,0,0,0,0,0,0,0,0,0,0,0,0,0,0,0,0,0,0,0,0,0,0,0,0,0,0,0,0,0,0,0,0,0,0,0,0,0,0,0,0,0,0,0,0,0,0,0,0,0,0,0,0,0,0,0,0,0,0,0,0,0,0
0,3.5564824e-07,2.34543018e-06,1.13419264e-05,4.3127824e-05,0.000129157357,0.000305330934,0.000574942329,0.000874304096,0.00109883118,0.00117950002,0.00111767417,0.000947646797,0.000706850144,0.000447906699,0.000233370622,9.92211717e-05,4.33794885e-05,6.38589772e-05,0.00021579751,0.000673848903,0.00174358196,0.0037134774,0.00649573328,0.00930350367,0.0108763501,0.0103576109,0.00803548843,0.0050946204,0.00266473996,0.00119567942,0.000571720477,0.000514289131,0.000795215019,0.00122328661,0.0015967217,0.00174605218,0.00162418315,0.0013119448,0.00094055396,0.000617391313,0.000404775172,0.000317559257,0.00031678917,0.000327624293,0.000292021141,0.00020870236,0.000117108917,5.12653241e-05,1.74967427e-05,4.65068524e-06,9.62726972e-07,1.55208582e-07,0,0,0,0,4.78076061e-07,2.55235022e-06,1.06123098e-05,3.43641768e-05,8.6661923e-05,0.000170206884,0.000260346831,0.000310137169,0.000287727744,0.000207891164,0.00011698137,5.12653241e-05,1.74967427e-05,4.65068524e-06,9.62726972e-07,1.55208582e-07,0,0,0,0,0,0,0,0,0,0,0,0,0,0,0,0,0,0,0,0,0,0,0,0,0,0,0,0,0,0,0,0,0,0,0,0,0,0,0,0,0,0,0,0,0,0,0,0,0,0,0,0,0,0,0,0,0,0,0,0,0,0,0,0,0,0,0,0,0,0,0,0,0,0,0,0,0,0,0,0,0,0,0,0,0,0,0,0,0,0,0,0,0,0,0,0,0,0,0,0,0,4.78076061e-07,2.55235022e-06,1.06123098e-05,3.52280476e-05,9.17667276e-05,0.000193738713,0.000344965432,0.000547490432,0.000807039207,0.00109412137,0.00129657588,0.00127578864,0.0010088518,0.000630668656,0.000309917465,0.000122469603,5.09094061e-05,5.48255339e-05,0.000110440269,0.000199066795,0.000284654583,0.000323372864,0.000306061411,0.000273368292,0.000273368292,0.000306061411,0.000323372864,0.000284654583,0.000199066795,0.000108936445,4.65610647e-05,1.54988302e-05,4.01792113e-06,8.11204302e-07,1.27551459e-07,0,0,0,0,0,0,0,1.27551459e-07,8.11204302e-07,4.01792113e-06,1.54988302e-05,4.65610647e-05,0.000109414526,0.0002010475,0.000292290322,0.000345666544,0.000354602322,0.000349812704,0.000354109274,0.000348258123,0.000299798208,0.000211345774,0.00012010536,6.18776321e-05,5.18609195e-05,9.13126132e-05,0.00017116961,0.000260502042,0.000310137169,0.000287727744,0.000207891164,0.00011698137,5.12653241e-05,1.74967427e-05,4.65068524e-06,9.62726972e-07,2.59769507e-07,6.81822883e-07,3.4625823e-06,1.36947792e-05,4.21828881e-05,0.000101191486,0.000189050581,0.000275066966,0.000311691721,0.000275066966,0.000189050581,0.000101191486,4.21828881e-05,1.36947792e-05,3.4625823e-06,6.81822883e-07,1.04560925e-07,0,0,0,0,0,0,0,0,0,0,0,0,0,0,0,0,0,0,0,0,0,0,0,0,0,0,0,0,0,0,0,0,0,0,0,0,0,0,0,0,0,0,0,0,0,0,0,0,0,0,0,0,0,0,0,0,0,0,0,0,0,0,0,0,0,0,0,0,0,0,0,0,0,0,0,0,0,0,0,0,0,0,0,0,0,0,0,0,0,0,0,0,0,0,0,0,0,0,0,0,0,0,0,0,0,0,0,0,0,0,0,0,0,0,0,0,0,0,0,0,0,0,0,0,0,0,0,0,0,0,0,0,0,0,0,0,0,0,0,0,0,0,0,0,0,0,0,0,0,0,0,0,0,0,0,0,0,0,0,0,0,0,0,0,0,0,0,0,0,0,0,0,0,0,0,0,0,0,0,0,0,0,0,0,0,0,0,0,0,0,0,0,0,0,0,0,0,0,0
0,0,1.45480982e-07,8.16515069e-07,3.56901683e-06,1.21495259e-05,3.22104243e-05,6.65058615e-05,0.000106942374,0.000133926354,0.000130619723,9.9215089e-05,5.86912211e-05,2.71392528e-05,1.03915354e-05,6.26241172e-06,1.49271009e-05,5.00447459e-05,0.000149503379,0.000399241806,0.000981232035,0.00220237556,0.00437792065,0.00747429673,0.0107452711,0.0128977448,0.0129201291,0.0108504025,0.00769463787,0.00464924704,0.00243117823,0.00116206671,0.000624610111,0.000528853328,0.000629824412,0.000742171716,0.000753471861,0.000647567678,0.000484963006,0.000334635843,0.000222364004,0.000140079181,7.84106305e-05,3.67046196e-05,1.37881698e-05,4.07976768e-06,9.5699238e-07,1.74826738e-07,0,0,0,0,0,0,0,0,0,0,0,0,0,0,0,0,0,0,0,0,0,0,0,0,0,0,0,0,0,0,0,0,0,0,0,0,0,0,0,0,0,0,0,0,0,0,0,0,0,0,0,0,0,0,0,0,0,0,0,0,0,0,0,0,0,0,0,0,0,0,0,0,0,0,0,0,0,0,0,0,0,0,0,0,0,9.9987524e-08,8.1246111e-07,4.06032177e-06,1.61777079e-05,5.12064107e-05,0.00012949518,0.000262517366,0.00042831889,0.000565335795,0.000607669295,0.000536185689,0.000391471054,0.000237770684,0.000120171178,5.02495168e-05,1.72083364e-05,4.74999206e-06,1.00282728e-06,1.74826738e-07,0,0,0,0,0,0,0,0,0,0,0,0,0,0,0,0,0,0,0,0,1.45480982e-07,8.16515069e-07,3.68977567e-06,1.28444444e-05,3.54074182e-05,7.80213013e-05,0.000139836251,0.000209643869,0.000275469705,0.000336988509,0.000408040883,0.000505029864,0.000637386634,0.000803791801,0.000979362405,0.00110218418,0.00110332062,0.000969806395,0.000758062291,0.000537897577,0.000346690445,0.000197171787,9.48955276e-05,3.73366711e-05,1.16951442e-05,2.8801162e-06,5.65163475e-07,5.59129134e-08,9.9987524e-08,5.89954482e-07,2.71092563e-06,9.70159363e-06,2.70392666e-05,5.86912211e-05,9.9215089e-05,0.000130619723,0.000133926354,0.000106942374,6.65058615e-05,3.22104243e-05,1.21495259e-05,3.56901683e-06,8.16515069e-07,1.45480982e-07,0,0,1.45480982e-07,8.16515069e-07,3.56901683e-06,1.21495259e-05,3.22104243e-05,6.65058615e-05,0.000106942374,0.000133926354,0.000130619723,9.9215089e-05,5.86912211e-05,2.70392666e-05,9.70159363e-06,2.71092563e-06,5.89954482e-07,9.9987524e-08,0,0,0,0,0,0,4.58348808e-08,2.98880963e-07,1.51784275e-06,6.00318481e-06,1.84911114e-05,4.43578683e-05,8.2871411e-05,0.000120577184,0.000136631847,0.000120577184,8.2871411e-05,4.43578683e-05,1.84911114e-05,6.00318481e-06,1.51784275e-06,2.98880963e-07,4.58348808e-08,0,0,0,0,0,0,0,0,0,0,0,0,0,0,0,0,0,0,0,0,0,0,0,0,0,0,0,0,0,0,0,0,0,0,0,0,0,0,0,0,0,0,0,0,0,0,0,0,0,0,0,0,0,0,0,0,0,0,0,0,0,0,0,0,0,0,0,0,0,0,0,0,0,0,0,0,0,0,0,0,0,0,0,0,0,0,0,0,0,0,0,0,0,0,0,0,0,0,0,0,0,0,0,0,0,0,0,0,0,0,0,0,0,0,0,0,0,0,0,0,0,0,0,0,0,0,0,0,0,0,0,0,0,0,0,0,0,0,0,0,0,0,0,0,0,0,0,0,0,0,0,0,0,0,0,0,0,0,0,0,0,0,0,0,0,0,0,0,0,0,0,0,0,0,0,0,0,0,0,0,0,0,0,0,0,0,0,0,0,0,0,0,0,0,0,0,0,0,0,0,0,0,0,0
0,0,0,0,0,0,0,0,0,0,0,0,0,0,1.92081728e-07,1.13333624e-06,6.12997655e-06,2.81348657e-05,0.000110706955,0.000366096938,0.00106522173,0.00267629838,0.00565490825,0.00983589701,0.0138924532,0.0158187579,0.0144781517,0.0106488103,0.00630332902,0.00301260757,0.00117947313,0.000428598461,0.00027515812,0.00042706402,0.000737591181,0.00106512406,0.00123995228,0.00115824235,0.000874321151,0.000557923689,0.00035265871,0.000283083034,0.000278800057,0.000259827415,0.000199090675,0.000120170997,5.67647548e-05,2.08825877e-05,5.98296128e-06,1.33497917e-06,2.319846e-07,0,0,0,0,0,0,0,0,0,0,0,0,0,0,0,0,0,0,0,0,0,0,0,0,0,0,0,0,0,0,0,0,0,0,0,0,0,0,0,0,0,0,0,0,0,0,0,0,0,0,0,0,0,0,0,0,0,0,0,0,0,0,0,0,0,0,0,0,0,0,0,0,0,0,0,0,0,0,0,0,0,0,0,0,0,0,0,0,0,0,0,0,0,0,0,0,0,0,0,0,0,0,0,0,0,0,0,0,0,0,0,0,0,0,0,0,0,0,0,0,0,0,0,0,1.07411893e-07,6.83120277e-07,3.38351674e-06,1.31823663e-05,4.05014725e-05,9.81590201e-05,0.000192052787,0.00031286251,0.000441870099,0.000562187808,0.000655570475,0.000703363563,0.000708042062,0.000693247363,0.000661704224,0.000581706641,0.000438220508,0.000269529264,0.000131987661,5.08466401e-05,1.53724886e-05,3.63990716e-06,6.73468435e-07,0,0,0,0,0,0,0,0,0,0,0,0,0,0,0,0,0,0,0,0,0,0,0,0,0,0,0,0,0,0,0,0,0,0,0,0,0,0,0,0,0,0,0,0,0,0,0,0,0,0,0,0,0,0,0,0,0,0,0,0,0,0,0,0,0,0,0,0,0,0,0,0,0,0,0,0,0,0,0,0,0,0,0,0,0,0,0,0,0,0,0,0,0,0,0,0,0,0,0,0,0,0,0,0,0,0,0,0,0,0,0,0,0,0,0,0,0,0,0,0,0,0,0,0,0,0,0,0,0,0,0,0,0,0,0,0,0,0,0,0,0,0,0,0,0,0,0,0,0,0,0,0,0,0,0,0,0,0,0,0,0,0,0,0,0,0,0,0,0,0,0,0,0,0,0,0,0,0,0,0,0,0,0,0,0,0,0,0,0,0,0,0,0,0,0,0,0,0,0,0,0,0,0,0,0,0,0,0,0,0,0,0,0,0,0,0,0,0,0,0,0,0,0,0,0,0,0,0,0,0,0,0,0,0,0,0,0,0,0,0,0,0,0,0,0,0,0,0,0,0,0,0,0,0,0,0,0,0,0,0,0,0,0
5.1682091e-06,1.96191395e-05,5.95560487e-05,0.00015067705,0.000329231669,0.000650275149,0.00119431852,0.00204010122,0.00317830453,0.00442662276,0.00545801362,0.0059783631,0.00592263183,0.00549225882,0.00497158756,0.0044889641,0.00397452246,0.00335754687,0.00273504504,0.00229509757,0.00212382828,0.00215292093,0.00226570899,0.00238293922,0.00244646263,0.0023867148,0.00215075212,0.00175358017,0.001285773,0.000864942325,0.000570849981,0.000412357447,0.000346765388,0.000322009495,0.000304082496,0.000282687659,0.000267056312,0.000268902542,0.000289519026,0.000328765542,0.000394747622,0.000486441073,0.000575694314,0.000624172855,0.000611928641,0.000543472357,0.000441112788,0.000337722187,0.000260944566,0.000216382803,0.00019046283,0.000169647086,0.000154805181,0.000159016388,0.000191198065,0.000241722446,0.00028656394,0.000306115777,0.000299045118,0.000276883715,0.000247443473,0.000208237849,0.000156917682,0.000101567886,5.75954364e-05,3.7965423e-05,4.94964661e-05,9.17100406e-05,0.000151867222,0.000203861258,0.000223990472,0.000210656683,0.000180079413,0.000144928621,0.000107199419,6.89855515e-05,3.82639009e-05,2.30363967e-05,2.66193656e-05,4.74597364e-05,7.78247631e-05,0.000104652769,0.00011824767,0.000120958204,0.000120958204,0.000118353884,0.000105208033,8.02309441e-05,5.54081671e-05,4.68924263e-05,6.2944986e-05,9.91792913e-05,0.000141773082,0.000175944064,0.000193981745,0.00019594378,0.000183804383,0.000157946692,0.000120322715,7.9825164e-05,5.0375249e-05,4.28557687e-05,5.81683234e-05,8.61017979e-05,0.000111136527,0.000123873862,0.000126978906,0.000125884661,0.000117958334,9.80960322e-05,7.19173695e-05,5.64309557e-05,6.78393117e-05,0.000108580331,0.000160929034,0.000193699176,0.000184414268,0.000138226853,8.14941159e-05,3.77678516e-05,1.37511643e-05,4.05850597e-06,1.58019657e-06,3.10597443e-06,9.8884575e-06,2.55686773e-05,5.14889944e-05,8.07508186e-05,9.86292725e-05,9.38190642e-05,6.95028721e-05,4.00996687e-05,1.80179431e-05,6.30515842e-06,1.7183562e-06,3.64717607e-07,6.02874195e-08,0,0,8.81573641e-08,5.07310574e-07,2.27360829e-06,8.00866565e-06,2.20020775e-05,4.76456953e-05,8.26450996e-05,0.000117875556,0.000145658851,0.00016785624,0.00019259924,0.000222484101,0.000247042364,0.000247121585,0.00021083848,0.000147770057,8.31330981e-05,3.70675771e-05,1.30016915e-05,3.55939142e-06,7.66905771e-07,1.28975373e-07,0,6.02874195e-08,3.64717607e-07,1.7183562e-06,6.30515842e-06,1.80676125e-05,4.04077546e-05,7.09911474e-05,9.94182337e-05,0.000115034796,0.000118186268,0.00011801668,0.000117645031,0.000109176908,8.66796981e-05,5.7151301e-05,3.58321122e-05,3.60037047e-05,6.4933789e-05,0.000120242577,0.000184849559,0.000232247665,0.000246717798,0.000236438369,0.0002238038,0.000224406976,0.000233982646,0.000231474784,0.00019874773,0.00014023282,7.9157202e-05,3.528862e-05,1.23516274e-05,3.38167638e-06,7.25502105e-07,1.21618115e-07,0,0,0,0,0,0,0,0,0,0,0,0,0,0,0,0,0,0,0,0,0,0,0,0,0,0,0,0,0,0,0,0,0,0,0,0,0,0,0,0,0,0,0,0,0,0,0,0,0,0,0,0,1.27628454e-07,6.98631482e-07,2.97834595e-06,9.8884575e-06,2.55686773e-05,5.14889944e-05,8.07508186e-05,9.86292725e-05,9.38190642e-05,6.95028721e-05,4.00996687e-05,1.80179431e-05,6.30515842e-06,1.7183562e-06,3.64717607e-07,6.02874195e-08,0,0,0,0,0,0,0,0,0,0,0,0,0,0,0,0,0,0,0,0,0,0,0,0,0,0,0,0,0,0,0,0,0,0,0,0,0,0,0,0,0,0,0,0,0,0,0,0,0,0,0,0,0,0,0,0,0,0,0,0,0,0,0,0,0,0,0,0,0,0,0,0,0,0,0,0,0,0,0,0,0,0,0,0,0,0,0,0,0,0,0,0,0,0,0,0,0,0,0,0,0,0,0,0,0,0,0,0,0,0,0,0,0,0,0,0,0,0,0,0,0,0,0,0,0,0,0,0,0,0,0,0,0,0,0,0,0,0,0,0,0,0,0,0,0,0,0,0,0,0,0,0,0,0,0,0,0,0,0,0,0,0,0,0,0,0,0,0,0,0,0,0,0,0,0,0,0,0,0,0,0,0,0,0,0,0,0,0,0,0,0,0,0,0,0,0
0,1.6609265e-06,1.01259902e-05,4.65277044e-05,0.000169194318,0.000494286243,0.00118296628,0.00235767942,0.00397442235,0.00573344948,0.0071178209,0.00761364121,0.00703360699,0.00569186313,0.00420592213,0.00307455775,0.00241895043,0.00206966233,0.00183239928,0.0016730862,0.00168540596,0.00190694653,0.00219800114,0.00233730813,0.00220702542,0.00184992177,0.00138406141,0.000918694655,0.000530530466,0.000259868131,0.000105527717,3.54584554e-05,1.28480688e-05,1.62708329e-05,4.46561244e-05,0.000106883323,0.000202114563,0.000303813809,0.000375493255,0.000411023473,0.000445546611,0.000509643753,0.000582901004,0.000613813056,0.000582555193,0.000537265558,0.000558475265,0.000676890835,0.000826524978,0.000893402961,0.000813617487,0.000617210637,0.000388658576,0.000202020208,8.57537889e-05,2.93838821e-05,8.04167576e-06,1.66324821e-06,2.89029202e-07,1.33824287e-07,8.51098378e-07,4.21551749e-06,1.62610449e-05,4.88508813e-05,0.000114293813,0.000208256912,0.000295530597,0.000326611858,0.00028111742,0.000188438629,9.83735954e-05,3.99957171e-05,1.26641153e-05,3.12293218e-06,5.99758891e-07,0,0,0,0,0,0,0,0,0,1.33824287e-07,8.51098378e-07,4.21551749e-06,1.62610449e-05,4.90901948e-05,0.000115705836,0.000214745334,0.000318750826,0.000391328736,0.000421591423,0.000425904145,0.000411004236,0.000360540638,0.000268624426,0.000162300828,7.76935267e-05,2.90791795e-05,8.54223254e-06,1.95428106e-06,3.48200217e-07,0,0,0,0,0,0,0,0,0,0,0,0,0,0,0,0,0,0,0,0,0,0,0,0,0,0,0,0,0,0,0,0,0,0,0,0,0,0,0,0,0,0,0,0,0,0,0,0,0,0,0,0,0,0,0,0,4.18437565e-07,2.29050534e-06,9.76468618e-06,3.24198991e-05,8.38284468e-05,0.000168809769,0.000264746399,0.000323361979,0.000307591428,0.000227869343,0.000131970766,6.17507831e-05,3.1806052e-05,4.16879011e-05,9.21196042e-05,0.00017919355,0.000276040606,0.000338276936,0.000346961839,0.000342136802,0.00039161506,0.000515446009,0.000655652781,0.000739089155,0.00076516025,0.000800122216,0.000876842882,0.000936389028,0.000890396826,0.000717725372,0.000480761926,0.000264917675,0.000119045755,4.32240704e-05,1.25627212e-05,2.84071348e-06,5.01587294e-07,0,0,0,0,0,0,0,0,0,0,0,0,0,0,0,0,0,0,0,0,0,0,0,0,0,0,0,0,0,0,0,0,0,0,0,0,0,0,0,0,0,0,0,0,0,0,4.18437565e-07,2.29050534e-06,9.76468618e-06,3.24198991e-05,8.38284468e-05,0.000168809769,0.000264746399,0.000323361979,0.000307591428,0.000227869343,0.000131469176,5.90729069e-05,2.06718414e-05,5.63373396e-06,1.19574861e-06,1.97655908e-07,0,0,0,0,0,0,0,0,0,0,0,0,0,0,0,0,0,0,0,0,0,0,0,0,0,0,0,0,0,0,0,0,0,0,0,0,0,0,0,0,0,0,0,0,0,0,0,0,0,0,0,0,0,0,0,0,0,0,0,0,0,0,0,0,0,0,0,0,0,0,0,0,0,0,0,0,0,0,0,0,0,0,0,0,0,0,0,0,0,0,0,0,0,0,0,0,0,0,0,0,0,0,0,0,0,0,0,0,0,0,0,0,0,0,0,0,0,0,0,0,0,0,0,0,0,0,0,0,0,0,0,0,0,0,0,0,0,0,0,0,0,0,0,0,0,0,0,0,0,0,0,0,0,0,0,0,0,0,0,0,0,0,0,0,0,0,0,0,0,0,0,0,0,0,0,0,0,0,0,0,0,0,0,0,0,0,0,0,0,0,0,0,0,0,0,0,0,0,0,0,0,0
4.05371684e-05,0.000129990833,0.000330311246,0.000671828515,0.00112204754,0.0016153208,0.00216285209,0.00288175629,0.00382302655,0.00476838415,0.00529402448,0.00509935338,0.00427266443,0.00322914356,0.00239980384,0.00196818076,0.00186170172,0.00193523406,0.00212625926,0.00244659628,0.00287436135,0.00329558528,0.00354362628,0.00348547567,0.003094004,0.00247211312,0.00179633661,0.00121722266,0.000802840223,0.000555135484,0.000445747719,0.000430286018,0.000451812928,0.000454958325,0.000409657718,0.000321097177,0.000216618748,0.000124352562,5.98151928e-05,2.40194786e-05,9.73900751e-06,1.02786371e-05,2.55214709e-05,5.99425366e-05,0.000113890514,0.000174071087,0.00021493643,0.000215257998,0.000175980458,0.000121614969,8.44995375e-05,8.69359355e-05,0.000131113149,0.000196598616,0.000249732169,0.000266527873,0.000248427648,0.000211933817,0.000168788116,0.000125160048,9.20438833e-05,8.25061579e-05,9.69286266e-05,0.000117998708,0.000125072504,0.000114943963,0.000104467581,0.000111385889,0.0001363958,0.000168926417,0.000203476928,0.00023862526,0.000261050853,0.000248623517,0.000196393245,0.0001305763,8.90382726e-05,9.4987292e-05,0.000144923542,0.000208231722,0.000243846574,0.000231902202,0.000193978354,0.000172507891,0.000192426291,0.000244090843,0.000294783735,0.000309652474,0.000271903584,0.000194964523,0.000112812093,5.45962939e-05,3.01476812e-05,3.57732279e-05,6.28046619e-05,9.69281027e-05,0.000118152464,0.000112390095,8.33007216e-05,4.82985924e-05,2.29119123e-05,1.28032225e-05,1.82295989e-05,3.92293696e-05,7.25460704e-05,0.000105488922,0.00011975057,0.000106835738,7.80929113e-05,5.68186551e-05,6.21079671e-05,9.9654404e-05,0.000160443407,0.000226556236,0.000282542169,0.000325392932,0.000362166436,0.000398466917,0.00043125599,0.000454446214,0.000470788276,0.000492040592,0.000518739631,0.00052479218,0.000479431619,0.000386303727,0.000285177492,0.000209945269,0.000160324518,0.000118073964,7.5553653e-05,3.93714836e-05,1.62199995e-05,5.24998859e-06,1.3274049e-06,2.6138153e-07,4.00841564e-08,0,0,0,0,0,0,7.22210203e-08,4.36911705e-07,2.05849665e-06,7.55323435e-06,2.15845084e-05,4.80372073e-05,8.32606383e-05,0.000112390095,0.000118152464,9.67350497e-05,6.17404949e-05,3.09989446e-05,1.36287017e-05,1.0275392e-05,2.04898406e-05,4.49985091e-05,7.96965178e-05,0.000110302426,0.000118893229,9.98057585e-05,6.52499875e-05,3.32224481e-05,1.31737461e-05,4.06830259e-06,1.10568919e-06,8.97343853e-07,3.20866866e-06,1.11411064e-05,3.05399044e-05,6.66460037e-05,0.000117171483,0.000168633866,0.000202064228,0.000205582546,0.000183995144,0.000158878305,0.000155542744,0.000181673124,0.000217020424,0.000228883539,0.000202161042,0.000153111512,0.000113911934,0.000104566672,0.000118692762,0.00013467604,0.00013938667,0.000137902709,0.000138496602,0.000136001967,0.000118331678,8.48009367e-05,4.83481926e-05,2.16334065e-05,7.55323435e-06,2.05849665e-06,4.36911705e-07,7.22210203e-08,0,0,0,0,0,0,0,0,0,4.00841564e-08,2.6138153e-07,1.3274049e-06,5.24998859e-06,1.61711032e-05,3.87924592e-05,7.24738566e-05,0.000105536281,0.000120005119,0.000107819629,8.0958227e-05,6.24392123e-05,6.74985567e-05,9.20169405e-05,0.000115558767,0.000117384523,9.35648131e-05,5.81616296e-05,2.81691064e-05,1.06251719e-05,3.12122597e-06,7.14070097e-07,1.27228049e-07,0,1.27228049e-07,7.14070097e-07,3.12122597e-06,1.06251719e-05,2.81691064e-05,5.81616296e-05,9.35247299e-05,0.000117123134,0.000114231363,8.68941861e-05,5.20415306e-05,2.67679807e-05,1.91095442e-05,3.05399044e-05,5.86775641e-05,9.36996148e-05,0.00011763908,0.000116602154,9.52513292e-05,7.49742103e-05,7.49742103e-05,9.52513292e-05,0.000116602154,0.00011763908,9.36121723e-05,5.81616296e-05,2.81691064e-05,1.06251719e-05,3.12122597e-06,7.54154257e-07,3.88609607e-07,1.3274049e-06,5.24998859e-06,1.61711032e-05,3.87924592e-05,7.24738566e-05,0.000105448831,0.000119489181,0.000105576059,7.31879263e-05,4.1913685e-05,2.67962751e-05,3.34190954e-05,5.94890371e-05,9.37861114e-05,0.000117203308,0.000114492745,8.80943626e-05,5.65774499e-05,3.98178563e-05,4.72768297e-05,7.48446473e-05,0.000105964777,0.000119576631,0.000105448831,7.24738566e-05,3.87924592e-05,1.61711032e-05,5.24998859e-06,1.3274049e-06,2.6138153e-07,4.00841564e-08,0,0,0,0,0,0,0,0,0,0,0,0,0,0,0,0,0,0,0,0,0,0,0,0,0,0,0,0,0,0,0,0,0,0,0,0,0,0,0,0,0,0,0,0,0,0,0,0,0,0,0,0,0,0,0,0,0,0,0,0,0,0,0,0,0,0,0,0,0,0,0,0,0,0,0,0,0,0,0,0,0,0,0,0,0,0,0,0,0,0,0,0,0,0,0,0,0,0,0,0,0,0,0,0,0,0,0,0,0,0,0,0,0,0,0,0,0,0,0,0,0,0,0,0,0,0,0,0,0,0,0,0,0,0,0,0,0,0,0,0,0,0,0,0,0,0,0,0,0,0,0,0,0,0,0,0,0,0,0,0,0,0,0,0,0
1.45058311e-05,4.91155988e-05,0.000132847388,0.000297559891,0.000577043218,0.00102548266,0.00174840027,0.00288656983,0.00451289723,0.0064744018,0.00827884022,0.00920465589,0.00873556919,0.00702203717,0.00484256027,0.00302752131,0.00194068893,0.00147376081,0.0013746717,0.00148358627,0.00172227994,0.00199827249,0.00219855225,0.00224491046,0.00210672757,0.00178960036,0.00135971513,0.000942765269,0.000644489774,0.000483945711,0.000417651609,0.000398012722,0.000386150903,0.000347529392,0.000268233794,0.00016899583,8.47361225e-05,3.34088327e-05,1.02880449e-05,2.48313268e-06,4.670446e-07,0,0,0,0,0,0,0,2.30077063e-07,1.69537896e-06,7.59037221e-06,2.68763379e-05,7.52516135e-05,0.000167155202,0.0002957533,0.000419942808,0.000485361757,0.000468009646,0.000390392292,0.000293997,0.000210603292,0.000158859999,0.000144661928,0.000153782705,0.000157294795,0.000136628252,0.000100792029,7.58459646e-05,8.06054159e-05,0.000111113899,0.000142757955,0.000148653606,0.000121488949,7.74830114e-05,3.87800683e-05,1.65373294e-05,1.13448459e-05,2.27839082e-05,5.46999654e-05,0.000109327717,0.000177693379,0.000237490633,0.000265804701,0.000255668885,0.000222710252,0.0001933108,0.00018094352,0.000174962479,0.000159387608,0.000140146498,0.000144756807,0.000191154337,0.000259268301,0.000299621053,0.0002763292,0.000199997361,0.000113134163,4.99862836e-05,1.72417531e-05,4.64262394e-06,9.758229e-07,1.60093563e-07,1.59718724e-07,8.96424694e-07,3.91830463e-06,1.33385593e-05,3.55546872e-05,7.40652249e-05,0.000122079451,0.000163114601,0.000187230427,0.000205146876,0.000237664266,0.000290806434,0.000346195826,0.000373233372,0.000349077192,0.000275132625,0.000178711722,9.41159378e-05,3.97161311e-05,1.33259027e-05,3.52472239e-06,7.38355709e-07,1.09772969e-07,0,0,0,0,0,0,0,0,0,0,0,0,0,0,0,0,0,0,0,1.09772969e-07,6.47691422e-07,2.97623501e-06,1.06510561e-05,2.96855105e-05,6.44351385e-05,0.000108924942,0.000143403042,0.000147033294,0.000117408468,7.30145694e-05,3.53627511e-05,1.33385593e-05,4.02807746e-06,1.54411612e-06,3.13595365e-06,1.06510561e-05,2.96855105e-05,6.44351385e-05,0.000108924942,0.000143403042,0.000147033294,0.000117518248,7.36622605e-05,3.83389888e-05,2.39896162e-05,3.36038138e-05,6.53315656e-05,0.000109084664,0.000143403042,0.000147033294,0.000117408468,7.30145694e-05,3.53627511e-05,1.33385593e-05,3.91830463e-06,8.96424694e-07,1.59718724e-07,0,0,0,0,0,0,0,1.91936451e-07,1.0506501e-06,4.47904131e-06,1.48709414e-05,3.84519371e-05,7.74326909e-05,0.000121438628,0.000148325475,0.000141091557,0.000104523198,6.03046392e-05,2.70966211e-05,9.48213074e-06,2.58418208e-06,5.48487435e-07,9.06643578e-08,0,0,0,0,0,0,0,0,0,0,0,0,0,0,0,1.09772969e-07,6.47691422e-07,2.97623501e-06,1.06510561e-05,2.96855105e-05,6.44351385e-05,0.000109057517,0.000144165955,0.000150452499,0.00012934269,0.000105455118,0.000104039384,0.000126567189,0.000149306739,0.00014633518,0.00011371648,7.03933474e-05,3.93593727e-05,3.3901375e-05,5.87089307e-05,0.000112045462,0.000181209281,0.000240985319,0.000264755363,0.000240985319,0.000181076699,0.000111282534,5.52897254e-05,2.19671638e-05,6.91882815e-06,1.71670968e-06,3.28131478e-07,5.03205904e-08,0,0,0,0,0,0,0,0,0,0,0,0,0,0,0,0,0,0,0,0,0,0,0,0,0,0,0,0,0,0,0,0,0,0,0,0,0,0,0,0,0,0,0,0,0,0,0,0,0,0,0,0,0,0,0,0,0,0,0,0,0,0,0,0,0,0,0,0,0,0,0,0,0,0,0,0,0,0,0,0,0,0,0,0,0,0,0,0,0,0,0,0,0,0,0,0,0,0,0,0,0,0,0,0,0,0,0,0,0,0,0,0,0,0,0,0,0,0,0,0,0,0,0,0,0,0,0,0,0,0,0,0,0,0,0,0,0,0,0,0,0,0,0,0,0,0,0,0,0,0,0,0,0,0,0,0,0,0,0,0,0,0,0,0,0,0,0,0,0,0,0,0,0,0,0,0,0,0,0,0,0,0,0,0,0,0,0,0,0,0,0,0,0,0,0,0,0,0,0,0,0,0,0,0,0,0,0,0
1.04844027e-07,1.47029414e-06,9.38682206e-06,4.63819379e-05,0.000179908588,0.000575854909,0.00153395208,0.00342639815,0.00643335842,0.0101616038,0.0135080284,0.015124348,0.0143015953,0.0115120569,0.00804878771,0.00509733427,0.00311331637,0.00192266586,0.00118383346,0.000690021378,0.000384793064,0.000258247048,0.000279108528,0.000379025936,0.000469996827,0.000481020455,0.000396706891,0.000261718582,0.000137341805,5.70807933e-05,1.87192509e-05,4.8295592e-06,9.52403809e-07,1.04844027e-07,0,0,0,0,0,0,0,0,0,0,0,0,0,0,0,0,0,0,0,0,0,0,0,0,0,0,0,0,0,0,0,0,0,0,0,0,0,0,0,0,0,0,0,0,0,0,0,0,0,0,0,0,0,0,0,0,0,0,0,0,0,0,0,0,0,0,0,0,0,0,0,0,0,0,0,0,0,0,0,0,0,0,0,0,0,0,0,0,0,0,0,0,0,0,0,0,0,0,0,0,0,0,0,0,0,0,0,0,0,0,0,0,0,0,0,0,0,0,0,0,0,0,0,0,0,0,0,0,0,0,0,0,0,0,0,0,0,0,0,0,0,0,0,0,0,0,0,0,0,0,0,0,0,0,0,0,0,0,0,0,0,0,0,0,0,0,0,0,0,0,0,0,0,0,0,0,0,0,0,0,0,0,0,0,0,0,0,0,0,0,0,0,0,0,0,0,0,0,0,0,0,0,0,0,0,0,0,0,0,0,0,0,0,0,0,0,0,0,0,0,0,0,0,0,0,0,0,0,0,0,0,0,0,0,0,0,0,0,0,0,0,0,0,0,0,0,0,0,0,0,0,0,0,0,0,0,0,0,0,0,0,0,0,0,0,0,0,0,0,0,0,0,0,0,0,0,0,0,0,0,0,0,0,0,0,0,0,0,0,0,0,0,0,0,0,0,0,0,0,0,0,0,0,0,0,0,0,0,0,0,0,0,0,0,0,0,0,0,0,0,0,0,0,0,0,0,0,0,0,0,0,0,0,0,0,0,0,0,0,0,0,0,0,0,0,0,0,0,0,0,0,0,0,0,0,0,0,0,0,0,0,0,0,0,0,0,0,0,0,0,0,0,0,0,0,0,0,0,0,0,0,0,0,0,0,0,0,0,0,0,0,0,0,0,0,0,0,0,0,0,0,0,0,0,0,0,0,0,0,0,0,0,0,0,0,0,0,0,0,0,0,0,0,0,0,0,0
3.44235486e-05,9.07607318e-05,0.00019140658,0.00033150136,0.000499785587,0.000722101948,0.00108986453,0.00170769473,0.00257897843,0.00354737416,0.00435577985,0.00476780534,0.00467932783,0.00418735715,0.00354654412,0.0029876912,0.00255952589,0.0021742417,0.00178363698,0.00146274548,0.00133334426,0.00145351235,0.00177241885,0.00214705803,0.00240220153,0.00242328248,0.00223069289,0.00195355341,0.00171103678,0.00151535508,0.00130021502,0.00102556532,0.00072706514,0.000471945881,0.00030075165,0.000213918524,0.000184608594,0.000180473711,0.000190240055,0.000238044697,0.000361689832,0.000570013362,0.000813931285,0.00100383419,0.00106787833,0.000996666611,0.000833406986,0.00063651544,0.000456002454,0.000320940278,0.000232797684,0.00017939182,0.000155162095,0.000158808631,0.000179037277,0.000198135196,0.000205331919,0.000196768626,0.000169341656,0.000124943719,7.57420785e-05,3.67364955e-05,1.40552984e-05,4.19596699e-06,9.84249255e-07,2.37311539e-07,3.65724048e-07,1.8114431e-06,6.98750682e-06,2.11158294e-05,4.9827715e-05,9.26928406e-05,0.000138171948,0.000170738145,0.000185134792,0.000187046258,0.000178471877,0.000153386427,0.000111514484,6.5735745e-05,3.10137584e-05,1.29914133e-05,1.01906226e-05,2.17063425e-05,4.92372019e-05,8.94897312e-05,0.000126991959,0.000140347838,0.000120798504,8.09736521e-05,4.22719531e-05,1.7186494e-05,5.54471126e-06,1.94870745e-06,3.04585888e-06,9.97791176e-06,2.78093939e-05,6.03628541e-05,0.000102040911,0.000134339993,0.000137740819,0.000109988287,6.84000697e-05,3.31278352e-05,1.24955659e-05,3.67066878e-06,8.39770905e-07,1.4962454e-07,0,5.75054138e-08,3.65724048e-07,1.8114431e-06,6.98750682e-06,2.09916325e-05,4.91130049e-05,8.94897312e-05,0.000126991959,0.000140347838,0.000120798504,8.09736521e-05,4.22719531e-05,1.7186494e-05,5.44187606e-06,1.34195e-06,2.5772141e-07,0,0,0,0,0,0,0,4.71403396e-08,3.07393634e-07,1.56107365e-06,6.17416617e-06,1.92333082e-05,4.67719656e-05,9.00161976e-05,0.00013950422,0.000179594106,0.000200747672,0.000202606723,0.000185443772,0.000148737192,9.9900004e-05,5.43010574e-05,2.34198997e-05,7.93538675e-06,2.09671907e-06,4.34036707e-07,2.49780499e-07,9.84249255e-07,4.19596699e-06,1.39311014e-05,3.60217819e-05,7.25389618e-05,0.000113763737,0.000138951349,0.000132174609,9.79173637e-05,5.64934016e-05,2.54869574e-05,9.5745545e-06,5.76996354e-06,1.32199912e-05,3.83382649e-05,9.19211379e-05,0.00017755208,0.000277878629,0.000355147175,0.000372951064,0.000322744687,0.000230128906,0.000136159288,7.31452237e-05,5.66136041e-05,9.24438209e-05,0.000181136886,0.000310657721,0.000452517968,0.000576558872,0.000666642503,0.000715511036,0.000711920497,0.000644585758,0.000518161454,0.000360323815,0.000211195598,0.000101967882,3.9918119e-05,1.31171464e-05,6.22276775e-06,1.17612317e-05,3.04478162e-05,6.43362873e-05,0.000106072606,0.00013641546,0.000137350638,0.000110857072,7.98290639e-05,6.94610499e-05,8.79161889e-05,0.00012083583,0.000141879165,0.000135285503,0.000110912326,9.50119356e-05,0.000104086161,0.000128686734,0.000142444551,0.000127425999,8.95596968e-05,4.92626314e-05,2.18314017e-05,1.06581756e-05,1.43070092e-05,3.34935576e-05,6.84575789e-05,0.000109988287,0.000137740819,0.000134339993,0.000102040911,6.03628541e-05,2.78093939e-05,9.97791176e-06,2.78813764e-06,6.6426287e-07,4.68559421e-07,1.8114431e-06,6.98750682e-06,2.09916325e-05,4.91130049e-05,8.94897312e-05,0.000126991959,0.000140405333,0.000121164216,8.28879347e-05,5.00158421e-05,4.18060336e-05,6.84772822e-05,0.000132793954,0.00022843646,0.000338403188,0.000443407305,0.00053249381,0.000602094689,0.00064034533,0.000621187501,0.000527323806,0.000378313154,0.00022395351,0.000107782085,4.17021583e-05,1.2880384e-05,3.16352384e-06,7.99197494e-07,1.22067831e-06,4.78446327e-06,1.54927766e-05,3.90707391e-05,7.67362217e-05,0.000117374992,0.000139822514,0.000129719425,9.37258374e-05,5.27399825e-05,2.3112505e-05,7.88824673e-06,2.09671907e-06,4.34036707e-07,6.99743765e-08,0,0,0,6.99743765e-08,4.34036707e-07,2.09671907e-06,7.88824673e-06,2.3112505e-05,5.27399825e-05,9.37258374e-05,0.000129719425,0.000139822514,0.000117374992,7.67362217e-05,3.90707391e-05,1.54927766e-05,4.78446327e-06,1.15070384e-06,2.15536247e-07,0,0,0,0,0,0,0,0,0,0,0,0,0,0,0,8.4934392e-08,5.13823124e-07,2.42086253e-06,8.88286195e-06,2.53841208e-05,5.64934016e-05,9.79173637e-05,0.000132174609,0.000138951349,0.000113763737,7.25389618e-05,3.60217819e-05,1.39311014e-05,4.19596699e-06,9.84249255e-07,1.79806108e-07,0,0,0,0,0,0,0,0,0,0,0,0,0,0,0,0,0,0,0,0,0,0,0,0,0,0,0,0,0,0,0,0,0,0,0,0,0,0,0,0,0,0,0,0,0,0,0,0,0,0,0,0,0,0,0,0,0,0,0,0,0,0,0,0,0,0,0,0,0,0,0,0,0,0,0,0,0,0,0,0,0,0,0,0,0,0,0,0,0,0,0,0,0,0,0,0,0,0,0,0,0,0,0,0,0,0,0,0,0,0,0,0,0,0,0,0,0,0,0,0,0,0,0,0,0,0,0,0,0,0,0,0,0,0,0,0,0,0,0
1.36255358e-05,3.73488292e-05,8.27762487e-05,0.000156871203,0.000276996783,0.000494395732,0.000893990393,0.00154659408,0.0024472347,0.00349956425,0.00452770991,0.00528061902,0.0054966188,0.00507761585,0.00421091355,0.00325970887,0.00252866768,0.00213006581,0.00200435403,0.00202851859,0.00213205372,0.00233021961,0.00264086784,0.0029934952,0.0032348258,0.0032125304,0.00287252665,0.00230494048,0.00168843451,0.00117122952,0.000801021408,0.000552220852,0.000385992054,0.000284763315,0.000252360362,0.000293712859,0.000394188624,0.000511963677,0.000590877142,0.000592827622,0.000527280907,0.000448876031,0.000420791301,0.000475186331,0.00059494836,0.000722666504,0.000789856422,0.000756944646,0.000641751569,0.000504857628,0.000398552162,0.000330903538,0.000280389038,0.000231947386,0.000192532447,0.000174348694,0.000171686057,0.000161585442,0.000129317312,8.31866346e-05,4.2410531e-05,1.81066753e-05,1.09989915e-05,1.97226673e-05,4.56976341e-05,8.70916265e-05,0.000129925451,0.000150951833,0.000136586852,9.62511331e-05,5.28237433e-05,2.25776566e-05,7.51544849e-06,1.94830682e-06,3.93356373e-07,6.18502369e-08,0,6.18502369e-08,5.26938436e-07,2.71701879e-06,1.09605753e-05,3.46023298e-05,8.55101971e-05,0.000165448364,0.000250673795,0.00029744237,0.000276415958,0.000201178555,0.000114663038,5.11714752e-05,1.78777118e-05,4.88846808e-06,1.04590538e-06,1.33582077e-07,0,0,0,0,0,0,2.31821105e-07,1.23764539e-06,5.14595376e-06,1.66633345e-05,4.20227334e-05,8.25340321e-05,0.000126243278,0.000150386812,0.000139520387,0.000100807301,5.67247589e-05,2.4858773e-05,8.48424406e-06,2.25513691e-06,4.66830386e-07,7.52612976e-08,0,0,0,0,0,0,0,0,0,2.7719355e-07,1.44334115e-06,5.85303724e-06,1.84850214e-05,4.54658148e-05,8.70916265e-05,0.000129925451,0.000150951833,0.000136586852,9.62511331e-05,5.28237433e-05,2.26529173e-05,7.98227939e-06,4.20344395e-06,8.87759961e-06,2.49206223e-05,5.67247589e-05,0.000100807301,0.000139520387,0.000150497421,0.000126895873,8.55328326e-05,5.27545271e-05,4.65738667e-05,7.03013429e-05,0.000112225913,0.000149867847,0.000164811179,0.000160321186,0.000156102076,0.000161874079,0.00016382648,0.000143468395,0.000101710517,5.68856885e-05,2.4858773e-05,8.48424406e-06,2.25513691e-06,4.66830386e-07,1.66612921e-07,5.52645076e-07,2.60377101e-06,9.5540081e-06,2.73020214e-05,6.07617658e-05,0.000105315514,0.000142161065,0.000149449828,0.000122359168,7.80196497e-05,3.8743412e-05,1.49836669e-05,4.68544886e-06,2.43795648e-06,7.08967127e-06,2.71423505e-05,8.4250365e-05,0.000206564975,0.000400809891,0.000619007333,0.000769846549,0.000790561142,0.000701975543,0.000572443474,0.000443705474,0.000318221195,0.000198487731,0.000102184771,4.20708348e-05,1.36301969e-05,3.49278253e-06,6.9865149e-07,7.52612976e-08,1.60929432e-07,9.0321987e-07,3.94800645e-06,1.35149312e-05,3.6097641e-05,7.58231836e-05,0.000126782703,0.000173006629,0.000201214818,0.000210557919,0.000204443961,0.000180297357,0.000136975068,8.55328326e-05,4.26753322e-05,1.67739381e-05,5.14595376e-06,1.23764539e-06,2.31821105e-07,0,0,0,0,0,0,0,0,0,0,5.07020346e-08,3.30618803e-07,1.67902067e-06,6.64065601e-06,2.04546595e-05,4.90681778e-05,9.16714271e-05,0.000133381138,0.00015114063,0.000133381138,9.16714271e-05,4.90681778e-05,2.04546595e-05,6.64065601e-06,1.67902067e-06,3.30618803e-07,5.07020346e-08,1.93391372e-07,1.0586142e-06,4.70638497e-06,1.60422805e-05,4.32564048e-05,9.30033202e-05,0.00016110258,0.000227469471,0.000264520233,0.000254765328,0.000202922834,0.000132617526,7.03157712e-05,2.99057938e-05,1.02402346e-05,3.46383422e-06,3.99777173e-06,1.21160256e-05,3.26864538e-05,6.91972236e-05,0.000114086928,0.000146490522,0.000146490522,0.000114086928,6.91972236e-05,3.26864538e-05,1.20246741e-05,3.44512682e-06,7.68711686e-07,1.33582077e-07,0,0,0,0,0,0,0,0,0,0,0,0,0,0,0,0,0,0,0,0,0,0,0,0,0,0,0,0,0,0,0,0,0,0,0,0,0,0,0,0,0,0,0,0,0,0,0,0,0,0,0,0,0,0,0,0,0,0,0,0,0,0,0,0,0,0,0,0,0,0,0,0,0,0,0,0,0,0,0,0,0,0,0,0,0,0,0,0,0,0,0,0,0,0,0,0,0,0,0,0,0,0,0,0,0,0,0,0,0,0,0,0,0,0,0,0,0,0,0,0,0,0,0,0,0,0,0,0,0,0,0,0,0,0,0,0,0,0,0,0,0,0,0,0,0,0,0,0,0,0,0,0,0,0,0,0,0,0,0,0,0,0,0,0,0,0,0,0,0,0,0,0,0,0,0,0,0,0,0,0,0,0,0,0,0,0,0
1.97974987e-05,4.81363968e-05,9.42873303e-05,0.000155976493,0.000247042626,0.000433127512,0.000837991771,0.00157008809,0.00259417458,0.00366759021,0.00444283197,0.00468521146,0.00442072144,0.00388535438,0.00332973455,0.00286253402,0.00246200874,0.00210633944,0.00185742683,0.0018145591,0.00200689072,0.00235316134,0.00270941784,0.00294829137,0.00300247199,0.00286340551,0.00256555295,0.00217787991,0.0017811266,0.00142639375,0.00111699803,0.000836055959,0.000580373395,0.00036402457,0.000202612733,0.000102426333,6.22256921e-05,7.96623062e-05,0.000155885675,0.000291793491,0.000479912618,0.00069972605,0.00091237895,0.00106006372,0.00109126826,0.000998363597,0.000821066613,0.000613790937,0.00042286035,0.000286441442,0.000230215912,0.000250667625,0.000310484786,0.000359135651,0.000360781734,0.000309625611,0.000225066935,0.000136805567,6.8417794e-05,2.77225809e-05,8.9883788e-06,2.30169553e-06,5.78538732e-07,8.13226166e-07,3.31961701e-06,1.15866023e-05,3.14956487e-05,6.66762935e-05,0.000109930617,0.000141260287,0.000142005912,0.000114012721,8.19755951e-05,7.65961595e-05,0.000115829287,0.0001935576,0.00027766719,0.000328279217,0.000328108494,0.000290537049,0.000237970293,0.000185681492,0.000149086642,0.000146400969,0.000182356191,0.000234917112,0.000266591203,0.000251654594,0.0001942417,0.000121565448,6.1395207e-05,2.5514988e-05,1.16746542e-05,1.49339503e-05,3.47117675e-05,7.1170849e-05,0.000115181261,0.000147709128,0.000155354908,0.000146693914,0.000144258534,0.00015864009,0.000179202019,0.000191985266,0.00019489837,0.000189202299,0.000168861196,0.000129819236,8.17002074e-05,4.09416207e-05,1.61287899e-05,4.95848099e-06,1.19255662e-06,2.23375594e-07,0,1.55066601e-07,8.7031458e-07,3.99052215e-06,1.39700951e-05,3.8681319e-05,8.53256715e-05,0.000151320666,0.000217927955,0.000257127627,0.00024975749,0.000199540329,0.00013029961,6.88889704e-05,2.91969263e-05,9.83477094e-06,2.61548803e-06,5.32511649e-07,8.8023576e-08,0,0,0,0,0,1.06575612e-07,6.28826058e-07,3.07589198e-06,1.13608703e-05,3.31694391e-05,7.69961262e-05,0.000143084239,0.000214403437,0.000260652159,0.000257993932,0.00020786986,0.000135811497,7.15707138e-05,3.05613758e-05,1.22492393e-05,1.08391323e-05,2.4485651e-05,5.47462332e-05,9.71347763e-05,0.000134437505,0.000144908059,0.000121799152,8.03975418e-05,4.42959717e-05,2.90063163e-05,3.92912189e-05,7.2080431e-05,0.000114212089,0.00014275065,0.000139493219,0.000107143045,6.81981328e-05,4.66324527e-05,5.42382913e-05,8.73408426e-05,0.000128329848,0.000154765003,0.00015799074,0.000151815082,0.00015500086,0.000169085237,0.000183375145,0.000198701571,0.000229074372,0.000276431208,0.000319045561,0.000337699894,0.000340266735,0.000343328196,0.000338438113,0.000299457461,0.000221187307,0.000131251451,6.15084573e-05,2.26129487e-05,6.52156041e-06,1.46987099e-06,2.58865384e-07,0,0,0,0,0,0,0,0,0,0,0,0,0,0,0,7.25194411e-08,4.49823233e-07,2.17297975e-06,8.1751532e-06,2.395314e-05,5.46582123e-05,9.71347763e-05,0.000134437505,0.000145063124,0.000122514408,8.3331397e-05,5.34418432e-05,5.03890078e-05,7.58463575e-05,0.000115181261,0.000142974037,0.000139226133,0.000105752282,6.25583343e-05,2.88208612e-05,1.03408229e-05,3.04461264e-06,1.49914058e-06,3.91075173e-06,1.29500468e-05,3.43327411e-05,7.08878724e-05,0.000113988717,0.000143017751,0.000140616889,0.000111392088,8.03699222e-05,7.27183287e-05,9.47921144e-05,0.000130590561,0.000155287242,0.000158211144,0.000152312787,0.000156726644,0.000173174907,0.000188578808,0.000194956127,0.000193457818,0.000181396739,0.000151419779,0.000105827334,5.95681922e-05,2.64937244e-05,9.20594448e-06,2.50891253e-06,5.32511649e-07,8.8023576e-08,8.8023576e-08,5.32511649e-07,2.50891253e-06,9.20594448e-06,2.6307378e-05,5.85481466e-05,0.000101478756,0.00013698198,0.0001440052,0.000117901487,7.51773041e-05,3.73319454e-05,1.44377955e-05,4.34858021e-06,1.02004776e-06,1.86345915e-07,0,0,0,0,0,0,0,0,0,0,0,0,0,0,0,0,0,0,0,0,0,0,0,0,0,0,0,0,0,0,0,0,0,0,0,0,0,0,0,0,0,0,0,0,0,0,0,0,0,0,0,0,0,0,0,0,0,0,0,0,0,0,1.06575612e-07,6.28826058e-07,2.88954607e-06,1.03408229e-05,2.88208612e-05,6.25583343e-05,0.000105752282,0.000139226133,0.00014275065,0.000113988717,7.08878724e-05,3.43327411e-05,1.29500468e-05,3.804176e-06,8.7031458e-07,1.55066601e-07,0,0,0,0,0,0,0,0,0,0,0,0,0,0,0,0,0,0,0,0,0,0,0,0,0,0,0,0,0,0,0,0,0,0,0,0,0,0,0,0,0,0,0,0,0,0,0,0,0,0,0,0,0,0,0,0,0,0,0,0,0,0,0,0,0,0,0,0,0,0,0,0,0,0,0,0,0,0,0,0,0,0,0,0,0,0,0,0,0,0,0,0,0,0,0,0,0,0,0,0,0,0,0,0
1.7169139e-05,5.23915769e-05,0.000132334419,0.000294618891,0.000624924898,0.00131122908,0.00261973217,0.00467538321,0.00714555243,0.00921212882,0.0100340191,0.00932268985,0.00748541951,0.00527997781,0.00335921766,0.00202531996,0.00126065314,0.000910370727,0.000830608304,0.00091177976,0.00105891482,0.00119878631,0.00129817089,0.00134718895,0.00132509228,0.00120012148,0.000972114038,0.000702443067,0.000482262374,0.000364873238,0.000331612886,0.000325551635,0.000309281168,0.000285617803,0.000273051119,0.000281373737,0.000307579641,0.000342577114,0.000380383513,0.000422607263,0.000467964594,0.000498083537,0.000484790595,0.000414950337,0.000304498011,0.000187993544,9.61718106e-05,4.03939375e-05,1.4979204e-05,9.49158402e-06,1.88833619e-05,4.3589338e-05,8.12145081e-05,0.000118166412,0.000133900088,0.000118166412,8.12145081e-05,4.34709946e-05,1.81214054e-05,5.88315925e-06,1.5684268e-06,7.82510369e-07,2.3516784e-06,8.46418698e-06,2.43590239e-05,5.47685559e-05,9.73453352e-05,0.000139512209,0.000168213621,0.00018340486,0.000195643108,0.000210197104,0.000220433823,0.000215466833,0.000188668637,0.00014252543,8.97596256e-05,4.62673597e-05,2.09177706e-05,1.44282776e-05,2.56751864e-05,5.41236077e-05,9.33471383e-05,0.000125944818,0.000132402158,0.000108401713,6.91199821e-05,3.43239699e-05,1.32744872e-05,3.99819828e-06,1.14323598e-06,1.26779912e-06,4.55895724e-06,1.4762556e-05,3.74005504e-05,7.40572723e-05,0.000115921888,0.000146996346,0.000160236086,0.000166892423,0.000182843607,0.00020825601,0.000226763499,0.000221244933,0.00018664643,0.000132656089,7.76650995e-05,3.7120335e-05,1.60708514e-05,1.25433171e-05,2.53309281e-05,5.50984987e-05,9.78611788e-05,0.000140707387,0.00016963137,0.000181521129,0.00018100765,0.000167849124,0.000138367352,9.91896159e-05,6.9484784e-05,6.6848901e-05,9.40078608e-05,0.000138624178,0.000185014083,0.000227632627,0.000266773335,0.00029097806,0.000277799059,0.000220191854,0.000140589997,7.12787587e-05,2.85113365e-05,8.96492475e-06,2.21566938e-06,4.29417582e-07,5.47950094e-08,0,0,0,0,0,8.093118e-08,4.89605156e-07,2.30676005e-06,8.46418698e-06,2.41876915e-05,5.38306995e-05,9.33022238e-05,0.000125944818,0.000132402158,0.000108401713,6.91199821e-05,3.43239699e-05,1.34458187e-05,4.93605739e-06,4.93605739e-06,1.34458187e-05,3.43239699e-05,6.91199821e-05,0.000108401713,0.000132402158,0.000125944818,9.33022238e-05,5.38306995e-05,2.41876915e-05,8.46418698e-06,2.44933221e-06,1.38778353e-06,4.23768051e-06,1.50529422e-05,4.33808018e-05,0.000100139012,0.000186509656,0.000282310793,0.000349318521,0.000354424934,0.000294842495,0.000200757568,0.000113246169,5.97859071e-05,4.7586931e-05,7.13856862e-05,0.00011852997,0.000170231287,0.00020700421,0.000216591579,0.000197034649,0.000157480827,0.000117947973,0.000100275822,0.000110929373,0.000134380069,0.000148232808,0.000146515216,0.000142412551,0.000146311955,0.000150216845,0.000141156808,0.000123356614,0.000115340008,0.000125260776,0.000138244606,0.000132087182,0.000101562699,6.13848606e-05,2.89579239e-05,1.06530251e-05,3.0521428e-06,6.81025142e-07,1.18344424e-07,0,0,0,0,0,0,0,0,0,0,0,0,0,0,0,0,0,0,0,0,0,0,0,0,0,0,0,0,0,0,0,0,0,0,0,0,0,0,0,0,0,0,0,0,0,0,0,2.05377376e-07,1.09646783e-06,4.55895724e-06,1.48434865e-05,3.77188226e-05,7.54261782e-05,0.000120306948,0.000157419956,0.000177436072,0.000182610471,0.000176199013,0.000154425288,0.000115918163,7.111788e-05,3.47375462e-05,1.33411631e-05,3.99819828e-06,9.37858601e-07,1.71331308e-07,0,0,0,0,0,0,0,0,0,0,0,0,0,0,0,0,0,0,0,0,0,0,0,0,0,0,0,0,0,0,0,0,0,0,0,0,0,0,0,0,0,0,0,0,0,0,0,0,0,0,0,0,0,0,0,0,0,0,0,0,0,0,0,0,0,0,0,0,0,0,0,0,0,0,0,0,0,0,0,0,0,0,0,0,0,0,0,0,0,0,0,0,0,0,0,0,0,0,0,0,0,0,0,0,0,0,0,0,0,0,0,0,0,0,0,0,0,0,0,0,0,0,0,0,0,0,0,0,0,0,0,0,0,0,0,0,0,0,0,0,0,0,0,0,0,0,0,0,0,0,0,0,0,0,0,0,0,0,0,0,0,0,0,0,0,0,0,0,0,0,0,0,0,0,0,0,0,0,0,0,0,0,0,0
2.66000243e-05,6.96652423e-05,0.00014550105,0.000248108205,0.000363672705,0.000501214992,0.000722439028,0.00112402521,0.00176361063,0.00256869593,0.00331538636,0.00375143532,0.0037930971,0.00357660488,0.00327964057,0.00294440356,0.0025304202,0.00208065123,0.00174496684,0.0016566565,0.00184724445,0.00226738211,0.00282590697,0.00337887229,0.00372413686,0.00368884089,0.00325814658,0.0025895203,0.00188457547,0.00127459597,0.000816525659,0.00052396016,0.00036834192,0.00028695885,0.000224772346,0.000169304752,0.000143060955,0.000173340508,0.000267905096,0.000408810709,0.000556639745,0.000662123202,0.000689567358,0.000638888567,0.000542812049,0.000441012817,0.000358031102,0.000300517335,0.000264597416,0.00024200388,0.000225773096,0.000214722473,0.000214684827,0.000230811915,0.000257814623,0.000280311826,0.000282605644,0.000256512722,0.00020424134,0.000138767879,7.860396e-05,3.7410533e-05,1.90411847e-05,2.26548764e-05,4.97371875e-05,0.000103750688,0.000183576325,0.000279361499,0.000374494877,0.000449805986,0.000488464022,0.000483949145,0.000446727354,0.00039668844,0.000345587672,0.000292975164,0.000243055343,0.00021414207,0.00022298815,0.000265201495,0.000318760256,0.000359885977,0.000369058078,0.000333330565,0.000256350875,0.000165304649,9.54446514e-05,6.72927199e-05,7.79537659e-05,0.000106482046,0.000127296371,0.000127595878,0.000117762218,0.000118895274,0.000139803684,0.000169452265,0.000190238818,0.000191332336,0.000170079846,0.000131759152,9.14171542e-05,6.84606057e-05,7.34388595e-05,9.84437429e-05,0.000120786521,0.000119915792,9.46691725e-05,6.34503522e-05,5.05208809e-05,7.45355574e-05,0.000144244565,0.000251249876,0.00036243684,0.000429646228,0.000419606076,0.000338258833,0.000224969146,0.00012300683,5.49500655e-05,1.98986982e-05,5.79320067e-06,1.34077368e-06,2.25888471e-07,0,0,0,0,0,0,0,0,0,0,9.01334545e-08,5.73130421e-07,2.87077796e-06,1.09764051e-05,3.34637116e-05,8.17861583e-05,0.0001609959,0.000256030122,0.000329133443,0.00034135778,0.000284584414,0.000190252496,0.000103760365,5.45579605e-05,5.05181197e-05,8.81007509e-05,0.000153736109,0.000217664638,0.000243047849,0.00021469545,0.000154570298,0.000103246522,8.76956328e-05,0.000106564541,0.000139003445,0.000164355733,0.000174913555,0.000171257838,0.000152048509,0.000116830008,7.41893236e-05,3.77867e-05,1.51948161e-05,4.76971263e-06,1.17619663e-06,2.25888471e-07,0,0,0,5.04025266e-08,3.20550981e-07,1.64903076e-06,6.66245523e-06,2.12109626e-05,5.43393071e-05,0.000114329785,0.000202373107,0.000308675342,0.000414120936,0.000494888693,0.000531693513,0.000520953443,0.000474866538,0.00040648022,0.000320363848,0.000222616291,0.000130532368,6.25032044e-05,2.39974743e-05,7.24929214e-06,1.74868057e-06,3.30756706e-07,4.13177155e-08,0,0,0,1.88913887e-07,1.00857255e-06,4.19350135e-06,1.35791579e-05,3.42448438e-05,6.72580063e-05,0.000102877209,0.000122552083,0.0001136969,8.21491194e-05,4.62257085e-05,2.02577212e-05,6.91391551e-06,1.83773909e-06,3.8042586e-07,6.13313631e-08,0,0,0,0,0,0,0,0,0,7.44435695e-08,4.50357334e-07,2.12184523e-06,7.78567937e-06,2.22487561e-05,4.95155145e-05,8.58229178e-05,0.000115848816,0.000121788515,9.97120005e-05,6.37367775e-05,3.2435164e-05,1.59625142e-05,1.63384284e-05,3.45570115e-05,7.17280491e-05,0.000123147169,0.000176643167,0.000220598478,0.00025396506,0.000284964568,0.00031776572,0.000342186046,0.000340487604,0.000304687099,0.000242864873,0.000170956875,0.000105384403,6.01328356e-05,4.39009673e-05,5.66771596e-05,8.76606573e-05,0.000116229246,0.000121849851,9.97120005e-05,6.37680932e-05,3.25810579e-05,1.64038775e-05,1.72568525e-05,3.5107525e-05,6.74156036e-05,0.000102877209,0.000122552083,0.0001136969,8.21491194e-05,4.62257085e-05,2.02577212e-05,6.91391551e-06,1.83773909e-06,3.8042586e-07,6.13313631e-08,0,0,0,0,0,0,0,0,0,0,0,0,0,0,0,0,0,0,0,0,0,0,0,0,0,0,0,0,0,0,0,0,0,0,0,0,0,0,0,0,0,0,1.57597029e-07,8.62677894e-07,3.67769439e-06,1.22103766e-05,3.15724865e-05,6.35791803e-05,9.97120005e-05,0.000121788515,0.000115848816,8.58229178e-05,4.95155145e-05,2.22487561e-05,7.78567937e-06,2.12184523e-06,4.50357334e-07,7.44435695e-08,0,0,0,0,0,0,0,0,0,0,0,0,0,0,0,0,0,0,0,0,0,0,0,0,0,0,0,0,0,0,0,0,0,0,0,0,0,0,0,0,0,0,0,0,0,0,0,0,0,0,0,0,0,0,0,0,0,0,0,0,0,0,0,0,0,0,0,0,0,0,0,0,0,0,0,0,0,0,0,0,0,0,0,0,0,0,0,0,0,0,0,0,0,0,0,0,0,0,0,0,0,0,0,0,0,0,0,0,0,0,0,0,0,0,0,0,0,0,0,0,0,0,0,0,0,0,0,0
1.01675357e-06,4.65412768e-06,1.76844751e-05,5.48341595e-05,0.000146408245,0.000343552703,0.000715061033,0.00130780169,0.00207104674,0.00281131663,0.00326470286,0.00326436269,0.0028567859,0.00226305355,0.00173319387,0.00141997845,0.00134128181,0.00142623938,0.00160303351,0.00185703731,0.00220899237,0.00263346382,0.00300277327,0.0031456321,0.00299099274,0.0026389691,0.00225829217,0.00193263462,0.00164089969,0.00135603,0.0011080869,0.000943306659,0.000859465275,0.000807368546,0.000743936049,0.000661532802,0.000567771494,0.000468537939,0.000379473757,0.000334300916,0.000363104133,0.000467449834,0.000613628596,0.000741959375,0.000793321291,0.000744109508,0.000617738871,0.000459154282,0.000305554073,0.000180010451,9.66628722e-05,6.06548856e-05,6.68150315e-05,0.000102345635,0.000155057875,0.000222195333,0.000310190866,0.000413588044,0.000500264461,0.000531939964,0.000497616478,0.000415327784,0.000309797091,0.000202532188,0.000114911243,6.33384043e-05,5.15483916e-05,6.95962153e-05,9.74697177e-05,0.000112174559,0.000101569662,7.28140512e-05,4.49587496e-05,3.46916568e-05,5.01732247e-05,9.1660113e-05,0.000153405315,0.000225367447,0.000295403239,0.000348529924,0.000369123416,0.000350853457,0.000302216824,0.00023822322,0.000171378633,0.000113319082,7.82062489e-05,7.76663001e-05,0.000113100781,0.00017327891,0.000237256754,0.000280050735,0.000280875742,0.000237128668,0.000172316082,0.000122066667,0.000106867017,0.000119299424,0.000137541705,0.000147786486,0.000149780899,0.000145412341,0.000132630055,0.000117039708,0.000119203607,0.000161382006,0.000247394695,0.000355207711,0.000448681123,0.000500186288,0.0005050748,0.000478714966,0.000442891149,0.000413390226,0.00039290695,0.000373819465,0.000347979483,0.000311012845,0.000264945353,0.000222691277,0.000203126139,0.000210800223,0.000224188931,0.000213558102,0.000169419262,0.000108705419,5.58050051e-05,2.27725468e-05,7.36121956e-06,1.87770161e-06,3.46150756e-07,5.58056108e-08,0,0,0,0,0,0,0,0,0,0,0,0,0,8.20127255e-08,4.83898134e-07,2.22358153e-06,7.95753385e-06,2.21784067e-05,4.81402785e-05,8.14468949e-05,0.00010754793,0.000111818641,9.5046671e-05,7.60392795e-05,7.65175937e-05,0.000104036044,0.000148434643,0.000192770836,0.000227278782,0.000253280421,0.000273680984,0.000281886081,0.000265641458,0.000225064097,0.000180223447,0.000153203218,0.000146695325,0.000147923667,0.000147982777,0.000145816026,0.000137595125,0.000116821284,8.66364717e-05,6.27568734e-05,6.10141469e-05,8.43172675e-05,0.000121783713,0.00015970174,0.000196861525,0.000248922413,0.000338137936,0.000475137,0.000640811573,0.00078234676,0.000838198699,0.000777866109,0.000621168525,0.00042410387,0.00024843053,0.000134433241,8.9085901e-05,9.17242141e-05,0.000108725195,0.000111465197,9.0796013e-05,5.78509062e-05,2.87279108e-05,1.11102618e-05,3.40215229e-06,1.13110423e-06,1.81556311e-06,6.29099486e-06,1.8432569e-05,4.20609249e-05,7.47477534e-05,0.000103453189,0.000111653942,9.43932682e-05,6.45446344e-05,4.22697594e-05,4.10836292e-05,6.1666593e-05,9.17893849e-05,0.000111772628,0.000108757573,8.92008175e-05,7.37822484e-05,7.80951304e-05,9.78124954e-05,0.000112792317,0.000106112682,7.9602949e-05,5.06269716e-05,3.69853551e-05,4.62525713e-05,7.33000707e-05,0.000101687772,0.000111997229,9.63761995e-05,6.48228524e-05,3.49574948e-05,1.87124897e-05,1.99908318e-05,3.96774449e-05,7.61742485e-05,0.000121324534,0.000161845019,0.00018748088,0.000200301845,0.000217227585,0.000264881586,0.000360698032,0.000487553334,0.000593108882,0.000626058667,0.000572960591,0.000458307797,0.000320141757,0.000192380889,9.71216214e-05,4.0253668e-05,1.34526417e-05,3.55424868e-06,7.41886595e-07,2.18377764e-07,6.69729843e-07,2.92741311e-06,9.96540075e-06,2.64199425e-05,5.4550077e-05,8.77173006e-05,0.000109850364,0.000107138156,8.13791557e-05,4.81402785e-05,2.21784067e-05,7.95753385e-06,2.22358153e-06,4.83898134e-07,8.20127255e-08,0,0,0,0,0,0,0,0,0,0,0,0,0,0,0,0,0,0,0,0,0,0,0,0,0,0,0,0,0,0,0,0,0,0,0,0,0,0,0,0,0,0,0,0,0,0,0,0,0,0,0,0,0,0,0,0,0,0,0,0,0,0,0,0,0,0,0,0,0,0,0,0,0,0,0,0,0,0,0,0,0,0,0,0,0,0,0,0,0,0,0,0,0,0,0,0,0,0,0,0,0,0,0,0,0,0,0,0,0,0,0,0,0,0,0,0,0,0,0,0,0,0,0,0,0,0,0,0,0,0,0,0,0,0,0,0,0,0,0,0,0,0,0,0,0,0,0,0,0,0,0,0,0,0,0,0,0,0,0,0,0,0,0,0,0,0,0,0,0,0,0,0,0,0,0,0,0,0,0,0,0,0,0,0,0,0,0,0,0
1.56823844e-05,5.23909221e-05,0.000144240592,0.000340564089,0.000712989655,0.00135493954,0.00234872289,0.00368086994,0.00515732402,0.00640560128,0.00701339962,0.00676437747,0.00581758562,0.00462330226,0.00359765999,0.00288069248,0.00240516127,0.00211630762,0.00206112443,0.00228815083,0.00270347018,0.0030558377,0.00310711586,0.00281624962,0.00232870341,0.0018153711,0.00136320712,0.000992499292,0.000711208559,0.000532247068,0.00045489578,0.000449661806,0.000473066204,0.00049296004,0.000491968531,0.00045976651,0.000398948789,0.000332046533,0.000283633795,0.000256865518,0.000236428285,0.000211683306,0.000186721649,0.000167881371,0.000150232343,0.000124936807,9.55275609e-05,7.82976058e-05,8.46121329e-05,0.000106462154,0.000122822967,0.000120411307,0.000108991189,0.000112032198,0.000142190605,0.000186615536,0.000216064436,0.000208169251,0.000164052835,0.000104888779,5.41697918e-05,2.30707301e-05,1.08161885e-05,1.36498402e-05,3.08082926e-05,6.1400613e-05,9.639989e-05,0.000118831944,0.000117429328,0.000101176425,9.47764274e-05,0.00011729027,0.000164849684,0.00021298707,0.000236812135,0.000231538215,0.000213034931,0.000199152186,0.000194506851,0.000194498556,0.000195165456,0.000196929323,0.000204137221,0.000221980823,0.000249400327,0.000278469815,0.00030223385,0.000315943878,0.000309531635,0.000270979217,0.000204104814,0.000134780712,9.32591429e-05,9.18476508e-05,0.000119333388,0.000153232962,0.000176563524,0.000185230805,0.000182973541,0.000176827903,0.000175638779,0.000183961602,0.000195864763,0.000198866823,0.000183023396,0.000147095867,0.000100397454,5.93581171e-05,3.88857261e-05,4.68987564e-05,8.35856117e-05,0.000139789379,0.000196182067,0.00023216405,0.000239465357,0.000224996591,0.000198879265,0.000163826058,0.000119928634,7.40141695e-05,3.71017995e-05,1.47838336e-05,4.63868901e-06,1.13406281e-06,2.17796668e-07,0,0,0,0,0,0,0,0,0,0,0,0,0,0,0,0,0,0,0,0,0,0,4.8597002e-08,3.09068156e-07,1.53082465e-06,5.90504169e-06,1.77397269e-05,4.15046961e-05,7.56264926e-05,0.000107319094,0.000118605945,0.000102085083,6.84296756e-05,3.57234239e-05,1.45240601e-05,4.59885132e-06,1.13406281e-06,2.66393641e-07,3.09068156e-07,1.53082465e-06,5.90504169e-06,1.78115042e-05,4.19389216e-05,7.76723246e-05,0.000114825874,0.000140057702,0.000149826854,0.000151178232,0.000147422295,0.000131949855,0.000100738958,6.24357053e-05,3.0659292e-05,1.17729742e-05,3.54595159e-06,8.31774912e-07,2.78397124e-07,7.09678375e-07,3.1020295e-06,1.05598237e-05,2.79958585e-05,5.7803918e-05,9.29495218e-05,0.000116402793,0.000113528811,8.62333109e-05,5.10117825e-05,2.35013213e-05,8.43219095e-06,2.35621519e-06,5.12762028e-07,8.69046772e-08,0,0,0,0,0,3.98376265e-08,2.59773969e-07,1.31924105e-06,5.21769971e-06,1.60716463e-05,3.85538733e-05,7.20281168e-05,0.000104800296,0.000118754288,0.000104800296,7.20281168e-05,3.85538733e-05,1.60716463e-05,5.21769971e-06,1.31924105e-06,2.59773969e-07,3.98376265e-08,0,0,0,0,0,0,0,0,0,0,0,0,0,0,5.91343436e-08,3.6679819e-07,1.85881208e-06,7.17900593e-06,2.18882633e-05,5.30019934e-05,0.000102707687,0.000160635813,0.000204395314,0.000212720726,0.000181251482,0.00012596765,7.089664e-05,3.20391409e-05,1.15322673e-05,3.28417627e-06,7.09678375e-07,1.26445556e-07,0,0,0,0,0,0,0,0,0,0,0,0,0,0,0,0,0,0,0,0,0,0,0,0,0,0,0,0,0,0,0,0,0,0,0,0,0,0,0,0,0,0,0,0,0,0,0,0,0,0,0,0,0,0,0,0,0,0,0,0,0,0,0,0,0,0,0,0,0,0,0,0,0,0,0,0,0,0,0,0,0,0,0,0,0,0,0,0,0,0,0,0,0,0,0,0,0,0,0,0,0,0,0,0,0,0,0,0,0,0,0,0,0,0,0,0,0,0,0,0,0,0,0,0,0,0,0,0,0,0,0,0,0,0,0,0,0,0,0,0,0,0,0,0,0,0,0,0,0,0,0,0,0,0,0,0,0,0,0,0,0,0,0,0,0,0,0,0,0,0,0,0,0,0,0,0,0,0,0,0,0,0,0,0,0,0,0,0,0,0,0,0,0,0,0,0,0,0,0,0,0,0,0,0,0,0,0,0,0,0
0,0,0,0,8.67409611e-08,5.24752238e-07,2.47235448e-06,9.0718022e-06,2.59955086e-05,5.81382919e-05,0.000102141385,0.000143042009,0.000165860911,0.000171940512,0.000177831243,0.00019599541,0.000226786899,0.000269028766,0.000326962705,0.000420852331,0.000648886664,0.00128564087,0.00277758879,0.00546265347,0.00905469991,0.012385075,0.0139489304,0.0129937399,0.0100884521,0.00660229055,0.00371356425,0.00187475863,0.000941487146,0.000558342959,0.000428665138,0.00039574696,0.000406535488,0.00043891705,0.000453126675,0.000410401291,0.000316327671,0.000219330643,0.000163772274,0.0001521144,0.000152432025,0.000134750415,9.6120064e-05,5.39099092e-05,2.36041105e-05,8.05603031e-06,2.1413166e-06,4.43268704e-07,7.14627362e-08,0,0,0,0,0,0,0,0,0,0,0,0,0,0,0,0,0,0,0,0,0,0,0,0,0,0,0,0,0,0,0,0,0,0,0,0,0,0,0,0,0,0,0,0,0,0,0,0,0,0,0,0,0,0,0,0,0,0,0,0,0,0,0,0,0,0,0,0,0,0,0,0,0,0,0,0,0,0,5.87285598e-08,3.73503042e-07,1.8499727e-06,7.13613144e-06,2.14381253e-05,5.01576433e-05,9.13931872e-05,0.0001296931,0.000143333047,0.000123367892,8.26959658e-05,4.31710832e-05,1.75520527e-05,5.55762517e-06,1.37049346e-06,2.63203162e-07,0,0,0,0,0,0,0,5.87285598e-08,3.73503042e-07,1.8499727e-06,7.13613144e-06,2.14381253e-05,5.01576433e-05,9.13931872e-05,0.0001296931,0.000143333047,0.000123367892,8.26959658e-05,4.31710832e-05,1.75520527e-05,5.55762517e-06,1.37049346e-06,2.63203162e-07,0,8.67409611e-08,9.40762447e-07,4.80550352e-06,1.89978346e-05,5.92486394e-05,0.000145881873,0.000285649294,0.000449654646,0.000580019609,0.000632666284,0.000609432638,0.000542997965,0.000470647065,0.000436442642,0.000488991675,0.000634294527,0.000792481995,0.000840631023,0.000720641401,0.000491273473,0.000264764385,0.000112597016,3.77074794e-05,9.93274807e-06,2.0165312e-06,2.31862629e-07,0,0,0,0,0,0,0,0,0,0,0,0,0,0,1.83630604e-07,1.00518434e-06,4.28521571e-06,1.42274175e-05,3.67879693e-05,7.41406038e-05,0.000116557007,0.000143756828,0.000142122095,0.000121438199,0.000107852662,0.000117317235,0.000138764895,0.000145805403,0.000123892634,8.27827171e-05,4.31710832e-05,1.75520527e-05,5.55762517e-06,1.37049346e-06,2.63203162e-07,0,0,0,0,0,0,0,0,0,0,0,0,0,0,0,0,0,0,0,0,0,0,0,0,0,0,0,0,0,0,0,0,0,0,0,0,0,0,0,0,0,0,0,0,0,0,0,0,0,0,0,0,0,0,0,0,0,0,0,0,0,0,0,0,0,0,0,0,0,0,0,0,0,0,0,0,0,0,0,0,0,0,0,0,0,0,0,0,0,0,0,0,0,0,0,0,0,0,0,0,0,0,0,0,0,0,0,0,0,0,0,0,0,0,0,0,0,0,0,0,0,0,0,0,0,0,0,0,0,0,0,0,0,0,0,0,0,0,0,0,0,0,0,0,0,0,0,0,0,0,0,0,0,0,0,0,0,0,0,0,0,0,0,0,0,0,0,0,0,0,0,0,0,0,0,0,0,0,0,0,0,0,0,0,0,0,0,0,0,0,0,0,0,0,0,0,0,0,0,0,0,0,0,0,0,0,0,0,0,0,0,0,0,0,0,0,0,0,0,0,0,0,0,0,0,0,0,0,0
5.40931569e-06,2.49550594e-05,9.29711096e-05,0.000277739804,0.000697392155,0.00151902298,0.00293983659,0.00508990232,0.0078206528,0.0105585977,0.0124877412,0.0129810339,0.0119079752,0.00965898298,0.00696517993,0.00456494652,0.00286356523,0.00184663059,0.00128209102,0.000953348761,0.000739922049,0.0005909584,0.000480637595,0.000393483264,0.000329779228,0.0003007052,0.00030203769,0.000300383632,0.000262044894,0.000187529775,0.000107110463,4.83245931e-05,1.71545325e-05,4.78635775e-06,1.04764297e-06,1.48537893e-07,0,0,0,0,0,0,0,0,0,0,0,0,0,0,0,1.23296275e-07,7.09521032e-07,3.17985268e-06,1.10987767e-05,3.01696018e-05,6.38690472e-05,0.000105302257,0.000135210779,0.000135210779,0.000105302257,6.38690472e-05,3.01696018e-05,1.10987767e-05,3.17985268e-06,7.09521032e-07,1.23296275e-07,0,0,0,0,0,0,0,0,0,0,0,0,0,0,0,0,0,0,0,0,0,0,0,0,0,0,0,0,0,0,0,0,4.67979859e-08,3.05161194e-07,1.54973645e-06,6.12932672e-06,1.88796548e-05,4.52899367e-05,8.46127441e-05,0.000123110818,0.000139502823,0.000123110818,8.46127441e-05,4.52899367e-05,1.88796548e-05,6.12932672e-06,1.54973645e-06,3.05161194e-07,4.67979859e-08,0,0,0,0,0,0,0,0,0,0,0,0,0,0,0,0,0,0,0,0,0,0,0,0,0,0,0,0,0,0,0,0,0,0,0,0,0,0,0,0,0,0,0,0,0,0,0,0,0,0,0,0,0,0,0,0,0,0,0,0,0,0,0,0,0,0,0,0,0,0,0,0,0,0,0,0,0,0,0,0,0,0,0,0,0,0,0,0,0,0,0,0,0,0,0,0,0,0,0,0,0,0,0,0,0,0,0,0,0,0,0,0,0,0,0,0,0,0,0,0,0,0,0,0,0,0,0,0,0,0,0,0,0,0,0,0,0,0,0,0,0,0,0,0,0,0,0,0,0,0,0,0,0,0,0,0,0,0,0,0,0,0,0,0,0,0,0,0,0,0,0,0,0,0,0,0,0,0,0,0,0,0,0,0,0,0,0,0,0,0,0,0,0,0,0,0,0,0,0,0,0,0,0,0,0,0,0,0,0,0,0,0,0,0,0,0,0,0,0,0,0,0,0,0,0,0,0,0,0,0,0,0,0,0,0,0,0,0,0,0,0,0,0,0,0,0,0,0,0,0,0,0,0,0,0,0,0,0,0,0,0,0,0,0,0,0,0,0,0,0,0,0,0,0,0,0,0,0,0,0,0,0,0,0,0,0,0,0,0,0,0,0,0,0,0,0,0,0,0,0,0,0,0,0,0,0,0,0,0,0,0,0,0,0,0,0,0,0,0,0,0,0,0,0,0,0,0,0,0,0,0,0,0,0,0,0,0,0,0,0,0,0,0,0,0
6.85991211e-08,2.55515465e-06,1.5317979e-05,7.1506809e-05,0.000260475383,0.000753715343,0.00174315891,0.00324690272,0.00491658971,0.00611941935,0.00633359607,0.00550845684,0.00405618222,0.00254018628,0.00136256008,0.000649941037,0.00032120847,0.000216248343,0.000196731722,0.000188242062,0.000180841162,0.0001876241,0.000212397979,0.000252561644,0.000321659521,0.00044328018,0.000617151731,0.000808781129,0.000975644332,0.00109664188,0.00118513766,0.00129438308,0.00150556304,0.00188302156,0.00241412036,0.00297526363,0.00337133091,0.00346501265,0.00329897692,0.00306061353,0.00288730883,0.0027224035,0.00240462716,0.00188347802,0.00129411602,0.000817457738,0.000523086346,0.000361268729,0.000254370272,0.0001636495,8.91624586e-05,3.95790994e-05,1.40605762e-05,3.94372137e-06,8.52590858e-07,1.4815808e-07,0,0,0,0,0,5.62344624e-08,3.66694763e-07,1.86222962e-06,7.36526135e-06,2.29437192e-05,5.57950225e-05,0.000107381755,0.000166416808,0.000214240674,0.000239475092,0.000241692789,0.000221218826,0.000177430964,0.000119172306,6.47765919e-05,2.7937971e-05,9.46625005e-06,2.50120956e-06,5.17769308e-07,8.34735445e-08,0,0,0,0,0,0,0,0,0,0,0,0,0,0,0,0,0,0,0,0,0,0,3.07439961e-07,1.60083357e-06,6.56029943e-06,2.09383197e-05,5.25877876e-05,0.000104930274,0.000169143706,0.000226010845,0.000258244458,0.000258244458,0.000226010845,0.000169143706,0.000104930274,5.25877876e-05,2.09383197e-05,6.56029943e-06,1.60083357e-06,3.07439961e-07,0,0,0,0,0,0,2.57116625e-07,1.37269296e-06,5.70746215e-06,1.84815799e-05,4.66081074e-05,9.15398632e-05,0.000140101969,0.000167929145,0.000160447235,0.000134200454,0.000131489724,0.000191339423,0.000314406585,0.000445450481,0.000502160576,0.000443083438,0.000305047288,0.000163783479,6.86654021e-05,2.29914276e-05,8.58237763e-06,1.20336208e-05,3.20191539e-05,7.39848983e-05,0.000137922165,0.000211110644,0.00027367234,0.000313420169,0.000333250762,0.000344621629,0.000354055141,0.000355511671,0.000337762554,0.000302377914,0.000271791127,0.00027304588,0.000313755183,0.000374605646,0.000418357202,0.000408065331,0.000332778727,0.000220330825,0.000116550516,4.96257926e-05,2.08288802e-05,2.06417626e-05,4.37739327e-05,8.66577175e-05,0.000135710565,0.000165757272,0.000157673188,0.000116807176,6.73918767e-05,3.02811222e-05,1.05965082e-05,2.88788533e-06,6.12947815e-07,1.01319593e-07,0,0,0,0,0,0,0,0,0,0,0,5.62344624e-08,3.66694763e-07,1.86222962e-06,7.36526135e-06,2.26866014e-05,5.44223294e-05,0.00010167429,0.000147935221,0.000167632563,0.000148036546,0.000102287246,5.73102152e-05,3.32831078e-05,3.76463831e-05,6.92541144e-05,0.00011717387,0.000157729432,0.000165757272,0.000135710565,8.65328839e-05,4.2970958e-05,1.66186328e-05,5.00543592e-06,1.17412662e-06,3.37167478e-07,7.23810615e-07,3.32601371e-06,1.190281e-05,3.31742667e-05,7.20078096e-05,0.000121726225,0.000160256328,0.000164313213,0.000131206776,8.15955282e-05,3.95187199e-05,1.49061589e-05,4.37879908e-06,1.00177613e-06,1.78489501e-07,0,0,0,8.34735445e-08,5.17769308e-07,2.71570343e-06,1.05841418e-05,3.25767141e-05,7.95329979e-05,0.000154777998,0.000241277259,0.000302507076,0.000305775757,0.000249213073,0.000163471515,8.62401503e-05,3.78508121e-05,1.93344622e-05,2.58316031e-05,5.50352779e-05,0.000101775615,0.000147935221,0.000167632563,0.000147935221,0.00010167429,5.44223294e-05,2.26866014e-05,7.36526135e-06,1.86222962e-06,3.66694763e-07,5.62344624e-08,0,0,0,0,0,0,0,0,0,0,0,0,0,0,0,0,0,0,0,0,0,0,0,0,0,0,0,0,0,0,0,0,0,0,0,0,0,0,0,0,0,0,0,0,0,0,0,0,0,0,0,0,0,0,0,0,0,0,0,0,0,0,0,0,0,0,0,0,0,0,0,0,0,0,0,0,0,0,0,0,0,0,0,0,0,0,0,0,0,0,0,0,0,0,0,0,0,0,0,0,0,0,0,0,0,0,0,0,0,0,0,0,0,0,0,0,0,0,0,0,0,0,0,0,0,0,0,0,0,0,0,0,0,0,0,0,0,0,0,0,0,0,0,0,0,0,0,0,0,0,0,0,0,0,0,0,0,0,0,0,0,0,0,0,0,0,0,0,0,0,0,0,0,0,0,0,0,0,0,0,0,0,0,0,0,0,0,0,0,0,0,0,0,0
3.2822328e-07,3.66067457e-06,2.21553364e-05,9.75901567e-05,0.000341028615,0.00095806946,0.00217451202,0.00400977209,0.00604562927,0.00750889722,0.00775165623,0.00672075758,0.00494903186,0.003126089,0.00170241459,0.00079700147,0.000317127007,0.000105394407,2.88442425e-05,8.03066541e-06,8.78602805e-06,2.48301494e-05,6.33961317e-05,0.000131727516,0.000229262834,0.000350327522,0.000497430738,0.000681859208,0.000900626706,0.00111962564,0.00130319758,0.00145802554,0.00162540982,0.00182197057,0.00200922857,0.0021267042,0.00214256695,0.00208451157,0.00202884036,0.00203041104,0.00204783399,0.00197173259,0.00174313376,0.00140852446,0.0010548,0.000736534363,0.000477048481,0.000294976984,0.000200743831,0.000176284011,0.000177465641,0.000162570126,0.000121420315,7.15083079e-05,3.28978567e-05,1.18036351e-05,3.29830118e-06,7.17779756e-07,1.21651794e-07,0,0,0,0,0,0,0,6.80275463e-08,4.32642935e-07,2.14289457e-06,8.26605537e-06,2.4832605e-05,5.80995293e-05,0.000105864245,0.000150228501,0.000166028185,0.000142901787,9.57899247e-05,5.00067254e-05,2.06360965e-05,8.28008069e-06,9.38636185e-06,2.6296002e-05,6.84023471e-05,0.000142442324,0.000235821819,0.000313146098,0.000340467843,0.000317418802,0.000274839229,0.000237572924,0.000202353564,0.000157674585,0.000110506575,8.34860621e-05,9.18218284e-05,0.0001271496,0.000160609023,0.000163856879,0.000132977366,9.14238844e-05,6.92182657e-05,8.16123211e-05,0.000120176242,0.00015747454,0.000165270947,0.000137878116,9.7828226e-05,7.66751182e-05,9.28517256e-05,0.000142155885,0.000202698313,0.000248968747,0.000264693372,0.000245291827,0.000195548899,0.000130615881,7.11726825e-05,3.10222458e-05,1.06852194e-05,2.86382328e-06,6.07840661e-07,1.0047539e-07,0,0,0,0,0,0,0,8.27780369e-08,5.13455177e-07,2.62729304e-06,1.02987478e-05,3.19723331e-05,7.97103785e-05,0.000162619719,0.000278286112,0.000410987413,0.000538413471,0.000635838427,0.000677896664,0.000648198416,0.00055384665,0.000426308339,0.000306285569,0.000225722411,0.000193318643,0.000188532314,0.000179703668,0.000155442831,0.000136310176,0.000151505825,0.00020775132,0.000281421468,0.000341114268,0.000378440251,0.000413447764,0.000463157485,0.000506823009,0.000498276495,0.000418232958,0.000303254055,0.000213640262,0.000178609538,0.0001776102,0.000170057741,0.000135730195,8.59588108e-05,4.26129191e-05,1.6480164e-05,4.96373013e-06,1.16434364e-06,2.12706382e-07,0,0,1.21651794e-07,7.17779756e-07,3.29830118e-06,1.18036351e-05,3.28978567e-05,7.14078342e-05,0.000120711993,0.000158921059,0.000162944139,0.000130113549,8.091567e-05,3.91894464e-05,1.47819601e-05,4.42509236e-06,1.50688436e-06,2.65737185e-06,9.33161027e-06,2.73415499e-05,6.23901578e-05,0.000110875451,0.000153455025,0.000165406746,0.000138851858,9.07771391e-05,4.6219764e-05,1.83275897e-05,5.65990695e-06,1.36125561e-06,2.5497431e-07,0,0,0,0,0,0,0,0,0,0,0,0,0,0,0,0,0,0,0,0,0,0,0,0,0,0,0,0,0,0,0,0,0,0,0,0,0,0,0,0,0,0,0,8.27780369e-08,5.13455177e-07,2.4803694e-06,9.33161027e-06,2.73415499e-05,6.23901578e-05,0.000110875451,0.000153455025,0.000165406746,0.000138851858,9.07771391e-05,4.6219764e-05,1.83275897e-05,5.65990695e-06,1.36125561e-06,2.5497431e-07,0,0,0,0,0,0,0,0,0,0,0,0,0,0,0,0,0,0,0,0,0,0,0,0,0,0,0,0,0,0,0,0,0,0,0,0,0,0,0,0,0,0,0,0,0,0,0,0,0,0,0,0,0,0,0,0,0,0,0,0,0,0,0,0,0,0,0,0,0,0,0,0,0,0,0,0,0,0,0,0,0,0,0,0,0,0,0,0,0,0,0,0,0,0,0,0,0,0,0,0,0,0,0,0,0,0,0,0,0,0,0,0,0,0,0,0,0,0,0,0,0,0,0,0,0,0,0,0,0,0,0,0,0,0,0,0,0,0,0,0,0,0,0,0,0,0,0,0,0,0,0,0,0,0,0,0,0,0,0,0,0,0,0,0,0,0,0,0,0,0,0,0,0,0,0,0,0,0,0,0,0,0,0,0,0,0,0,0,0,0,0,0,0,0,0,0,0,0
5.62343239e-08,1.96597944e-06,1.47683104e-05,7.58028473e-05,0.000300227694,0.000947840046,0.0023966264,0.00487509836,0.00801455788,0.01070017,0.0116623212,0.0104454709,0.00777595397,0.00492911646,0.00279515912,0.00152555085,0.000842527254,0.000466477213,0.00027215734,0.000217996218,0.000261082809,0.000335393677,0.000381408521,0.000378387893,0.000343751919,0.000303798297,0.000272718695,0.000250414421,0.000227353172,0.0001976372,0.000178651404,0.000211426493,0.000329743722,0.000520422531,0.000713028829,0.000823766226,0.000835920218,0.000842126436,0.000988053391,0.00135013589,0.00185160828,0.0022962261,0.00249737082,0.00238718046,0.00201887987,0.00150568748,0.000974046241,0.000534033461,0.000242787413,8.99054357e-05,2.67189189e-05,6.31542753e-06,1.12860198e-06,1.01319344e-07,0,0,0,0,0,0,0,0,0,0,0,0,0,0,0,0,0,0,0,0,0,0,0,0,0,0,0,0,0,0,0,0,0,0,0,0,0,0,0,0,0,0,0,0,0,0,0,0,0,0,0,0,0,0,0,0,0,0,0,0,0,0,0,0,0,0,0,0,0,0,0,0,0,0,0,0,0,0,0,0,0,0,0,0,0,0,0,0,0,0,0,0,1.22673626e-07,7.23808853e-07,3.63344475e-06,1.36262843e-05,4.03896775e-05,9.5835625e-05,0.000184055476,0.000290024618,0.000380422542,0.000420355122,0.000393341616,0.000310584903,0.000204700118,0.00011101531,4.88558835e-05,1.72455057e-05,4.81506549e-06,1.07037249e-06,1.7848906e-07,0,0,0,0,0,0,0,0,6.85989505e-08,6.50770062e-07,3.33501771e-06,1.33409112e-05,4.16597832e-05,0.000101558391,0.000193286134,0.000287200586,0.000333179603,0.000301774882,0.000213401407,0.000117818476,5.07830409e-05,1.70881667e-05,4.63686547e-06,1.7729742e-06,4.22979656e-06,1.49375619e-05,4.2744683e-05,9.72495836e-05,0.000176962145,0.000259069173,0.000306576752,0.000293958146,0.000228237957,0.000143006459,7.19242744e-05,2.88622268e-05,9.18807746e-06,2.30905198e-06,4.36276991e-07,6.85989505e-08,0,0,0,0,0,0,0,0,0,0,0,0,2.57115971e-07,1.37268955e-06,5.70744805e-06,1.84815344e-05,4.6607991e-05,9.15396377e-05,0.00014001815,0.00016679609,0.00015474399,0.000111806767,6.29142087e-05,2.75712082e-05,9.40999234e-06,2.50120343e-06,5.17768001e-07,8.34733385e-08,0,0,0,0,0,2.57115971e-07,1.37268955e-06,5.70744805e-06,1.84815344e-05,4.6607991e-05,9.15396377e-05,0.00014001815,0.00016679609,0.00015474399,0.000111806767,6.29142087e-05,2.75712082e-05,9.40999234e-06,2.50120343e-06,5.17768001e-07,8.34733385e-08,0,0,0,0,0,0,0,0,0,0,0,0,0,0,0,0,0,0,0,0,0,0,0,0,0,0,0,0,0,0,0,0,0,0,0,0,0,0,0,0,0,0,0,0,0,0,0,0,0,0,0,0,0,0,0,0,0,0,0,0,0,0,0,0,0,0,0,0,0,0,0,0,0,0,0,0,0,0,0,0,0,0,0,0,0,0,0,0,0,0,0,0,0,0,0,0,0,0,0,0,0,0,0,0,0,0,0,0,0,0,0,0,0,0,0,0,0,0,0,0,0,0,0,0,0,0,0,0,0,0,0,0,0,0,0,0,0,0,0,0,0,0,0,0,0,0,0,0,0,0,0,0,0,0,0,0,0,0,0,0,0,0,0,0,0,0,0,0,0,0,0,0,0,0,0,0,0,0,0,0,0,0,0,0,0,0,0,0,0,0,0,0,0,0,0,0,0,0,0,0,0,0,0,0,0,0,0
3.45114756e-07,4.63548622e-06,2.99786388e-05,0.000134550035,0.000476942078,0.00135380169,0.0030921807,0.00570516428,0.00853450969,0.0103876079,0.0103204679,0.00839686673,0.00561754359,0.00312052667,0.00149034918,0.000690294895,0.000402104226,0.000337431586,0.000337988109,0.000338629965,0.000312695862,0.000256126921,0.000187629499,0.000138756688,0.000129968364,0.000153709567,0.000183241413,0.000207117977,0.000257621839,0.000400406105,0.000684880244,0.0010963548,0.00155468995,0.00196778192,0.00227246457,0.00240989611,0.00230916543,0.00196101889,0.00148338941,0.0010541419,0.000785590848,0.000680035504,0.000669126806,0.00066756201,0.000619915605,0.000524057425,0.000413333066,0.000315001729,0.000231839731,0.000159958421,0.000110040986,0.000103901126,0.000153492816,0.000240698675,0.000315569108,0.00032670435,0.000264332688,0.000166885104,8.21706126e-05,3.15531688e-05,9.53187555e-06,2.72019224e-06,2.88226147e-06,9.33159117e-06,2.73414935e-05,6.23900269e-05,0.000110875226,0.000153454719,0.000165406396,0.000138851567,9.07769572e-05,4.62196695e-05,1.83275515e-05,5.65989558e-06,1.36125277e-06,2.5497377e-07,0,0,0,1.77001951e-07,9.93427193e-07,4.3423056e-06,1.47819292e-05,3.92898401e-05,8.15233434e-05,0.000132977089,0.000173452005,0.000188949474,0.000187541984,0.000187241385,0.000189256913,0.000176179456,0.00013787784,8.6529486e-05,4.27344858e-05,1.64801313e-05,4.96371968e-06,1.16434126e-06,2.12705956e-07,0,0,0,0,0,0,0,0,0,0,0,0,0,0,0,0,0,0,0,0,0,0,0,0,0,0,1.36054823e-07,1.2906961e-06,6.61446302e-06,2.64595183e-05,8.26253745e-05,0.000201536008,0.000384078739,0.000573308906,0.000675483141,0.000643948908,0.000533327286,0.000443593599,0.000418957032,0.000424461992,0.000408171269,0.000353707495,0.000274166319,0.000187896541,0.000110397479,5.37000451e-05,2.10584531e-05,6.54912947e-06,1.58749208e-06,3.04877716e-07,0,0,0,0,1.77001951e-07,9.93427193e-07,4.3423056e-06,1.51058557e-05,4.1028281e-05,8.90470183e-05,0.000158120834,0.000238084147,0.000315944373,0.000376306154,0.000395472482,0.000352939474,0.000257996493,0.000150814129,6.95665149e-05,2.51508773e-05,7.08749667e-06,1.5632636e-06,2.68574865e-07,0,0,0,0,2.5497377e-07,1.36125277e-06,5.65989558e-06,1.83275515e-05,4.62196695e-05,9.07769572e-05,0.000138851567,0.000165406396,0.000153454719,0.000110875226,6.23900269e-05,2.73414935e-05,9.33159117e-06,2.48036417e-06,5.13454154e-07,8.27778663e-08,0,0,0,0,0,0,0,0,0,0,0,0,0,0,0,0,0,0,0,0,0,0,0,0,0,0,0,0,0,0,0,0,0,0,0,0,0,0,0,0,0,0,0,0,0,0,2.93846625e-07,1.69097052e-06,7.57840417e-06,2.64512291e-05,7.19018935e-05,0.000152216322,0.000250962272,0.000322241947,0.000322241947,0.000250962272,0.000152216322,7.19018935e-05,2.64512291e-05,7.57840417e-06,1.69097052e-06,2.93846625e-07,0,0,0,0,0,0,0,0,0,0,0,0,0,0,0,0,0,0,0,0,0,0,0,0,0,0,0,0,0,0,0,0,0,0,0,0,0,0,0,0,0,0,0,0,0,0,0,0,0,0,0,0,0,0,0,0,0,0,0,0,0,0,0,0,0,0,0,0,0,0,0,0,0,0,0,0,0,0,0,0,0,0,0,0,0,0,0,0,0,0,0,0,0,0,0,0,0,0,0,0,0,0,0,0,0,0,0,0,0,0,0,0,0,0,0,0,0,0,0,0,0,0,0,0,0,0,0,0,0,0,0,0,0,0,0,0,0,0,0,0,0,0,0,0,0,0,0,0,0,0,0,0,0,0,0,0,0,0,0,0,0,0,0,0,0,0,0,0,0,0,0,0,0,0,0,0,0,0,0,0,0,0,0,0,0,0,0,0,0,0,0,0,0,0,0,0,0,0,0,0,0,0,0,0,0,0,0
2.21716891e-06,1.02183867e-05,3.83421648e-05,0.000122336249,0.000346273533,0.000870554126,0.00190143404,0.00351833017,0.00542102056,0.00690000923,0.00724906474,0.00632240996,0.00465475349,0.00301462039,0.00187002588,0.00124066463,0.000920239894,0.000740689633,0.000655986485,0.000678685145,0.000808797544,0.00102418242,0.00129884353,0.00158898346,0.00180232082,0.00182326534,0.00160500314,0.00122829468,0.000846931827,0.000578964187,0.000457026239,0.000457725924,0.000549678865,0.000708356441,0.000908729562,0.00111994345,0.00130428688,0.00142229011,0.00144514418,0.00136693788,0.00120918371,0.00101912511,0.000849227479,0.000724149402,0.00063152198,0.000546609575,0.000458955736,0.00037629396,0.000309493043,0.000258158165,0.000217113629,0.000194707085,0.000209719248,0.00026143837,0.000313818688,0.000320355466,0.000266218209,0.000180504474,0.000109053493,8.1657483e-05,0.000100035599,0.000142798744,0.000181268915,0.000203321033,0.000225825323,0.00027074464,0.000326186942,0.000347049179,0.000304977613,0.000224467018,0.000159545307,0.000142140299,0.000158932176,0.00017118761,0.000152236869,0.000106824016,5.85886155e-05,2.50416488e-05,8.3356399e-06,2.16093349e-06,4.36284978e-07,6.86002082e-08,0,0,0,0,0,0,0,0,1.48160424e-07,8.52604387e-07,3.82110784e-06,1.33369767e-05,3.62536593e-05,7.67489983e-05,0.000126537707,0.000162477634,0.000162477634,0.000126537707,7.67489983e-05,3.62536593e-05,1.33369767e-05,3.82110784e-06,8.52604387e-07,1.48160424e-07,0,0,0,0,0,0,0,0,0,0,0,0,0,0,6.86002082e-08,4.36284978e-07,2.16093349e-06,8.3356399e-06,2.50416488e-05,5.85886155e-05,0.000106755419,0.000151493135,0.000167425824,0.000144104735,9.71532208e-05,5.36725966e-05,3.47050045e-05,5.54293692e-05,0.000134679969,0.000286493741,0.000491821964,0.000687586027,0.000807277916,0.000834860723,0.000799046014,0.000727763982,0.000638608413,0.000558847038,0.0005134159,0.000493806496,0.000464804994,0.00040573749,0.000333346281,0.00028308254,0.000274463324,0.000300149113,0.000341440697,0.00037980749,0.000397374795,0.000383883918,0.000344306754,0.000290039519,0.000227406708,0.000164108511,0.000118438584,0.000108433174,0.000131972542,0.000162054566,0.000166761689,0.000135891227,8.65342517e-05,4.29716383e-05,1.66188966e-05,5.00551505e-06,1.17414515e-06,4.28993928e-07,1.38864209e-06,6.17966043e-06,2.16244116e-05,5.96591381e-05,0.000130120679,0.000225409705,0.000314187142,0.000363383617,0.00037259268,0.000372554205,0.000380376528,0.000372619921,0.000317848171,0.000221825336,0.000123150909,5.37784799e-05,1.83948032e-05,4.92692561e-06,1.03126683e-06,1.22675871e-07,0,0,0,0,0,0,0,0,0,0,0,0,0,0,0,0,0,0,0,0,0,0,0,0,0,0,0,0,0,0,0,0,0,0,0,0,0,0,0,0,0,0,0,1.48160424e-07,8.52604387e-07,3.82110784e-06,1.33369767e-05,3.62536593e-05,7.67489983e-05,0.000126537707,0.000162578959,0.00016309059,0.000129425636,8.73456811e-05,6.65352636e-05,8.07299293e-05,0.000120630131,0.000158528303,0.000165908059,0.000135712718,8.65342517e-05,4.29716383e-05,1.66188966e-05,5.00551505e-06,1.17414515e-06,2.14496964e-07,0,0,0,0,0,0,0,0,0,0,0,0,0,0,0,0,0,0,0,0,0,0,0,0,0,0,0,0,0,0,0,0,0,0,0,0,0,0,0,0,0,0,0,0,0,0,0,0,0,0,0,0,0,0,0,0,0,0,0,0,0,0,0,0,0,0,0,0,0,0,0,0,0,0,0,0,0,0,0,0,0,0,0,0,0,0,0,0,0,0,0,0,0,0,0,0,0,0,0,0,0,0,0,0,0,0,0,0,0,0,0,0,0,0,0,0,0,0,0,0,0,0,0,0,0,0,0,0,0,0,0,0,0,0,0,0,0,0,0,0,0,0,0,0,0,0,0,0,0,0,0,0,0,0,0,0,0,0,0,0,0,0,0,0,0,0,0,0,0,0,0,0,0,0,0,0,0,0,0,0,0,0,0,0,0,0,0,0,0,0,0,0,0,0,0,0,0,0,0,0,0,0,0
9.45416218e-07,9.10891595e-06,4.94554624e-05,0.000205901917,0.000688382541,0.00186239975,0.00407706667,0.00722687459,0.0103942836,0.0121777086,0.0116897542,0.00927122496,0.0061540138,0.00350403739,0.00181168201,0.000961382408,0.000605475623,0.000443515339,0.000323730143,0.000219755486,0.000170695741,0.000211722014,0.00034207257,0.000517806213,0.000674218812,0.000767554215,0.000797699729,0.000789436628,0.000767628895,0.000762128388,0.000823341776,0.00101471459,0.00137217133,0.00184174289,0.00225655502,0.00241643726,0.00223063468,0.0017882504,0.00128860283,0.000901877473,0.000677917909,0.0005622725,0.000480163464,0.00039920368,0.000324797962,0.000261812616,0.000200711234,0.000135794384,7.62266791e-05,3.43378633e-05,1.21912217e-05,3.64439347e-06,2.13234898e-06,5.92981814e-06,1.87975711e-05,4.74049957e-05,9.31049799e-05,0.000142412493,0.000169648338,0.000157390139,0.000113718677,6.39900536e-05,2.80426793e-05,9.57090469e-06,2.54397446e-06,5.26621932e-07,8.49007478e-08,0,0,0,0,0,0,0,0,0,0,0,0,0,0,0,0,0,0,0,0,0,0,0,0,0,0,0,0,0,0,0,0,0,0,0,0,0,0,0,0,0,0,0,0,0,0,0,0,0,0,0,0,0,0,0,0,0,0,0,2.61512696e-07,1.39616282e-06,5.80504638e-06,1.87975711e-05,4.74049957e-05,9.31049799e-05,0.000142412493,0.000169648338,0.000157390139,0.000113718677,6.39900536e-05,2.80426793e-05,9.57090469e-06,2.54397446e-06,5.26621932e-07,8.49007478e-08,0,0,0,0,0,0,0,0,0,1.81541253e-07,1.01890407e-06,4.45366641e-06,1.51610193e-05,4.0194398e-05,8.29906203e-05,0.000133450099,0.000167122591,0.000162996337,0.000123807462,7.32389744e-05,3.37414713e-05,1.21063204e-05,3.38288078e-06,7.36186109e-07,1.24771361e-07,1.03051917e-07,6.23427809e-07,2.93726134e-06,1.07776832e-05,3.07988594e-05,6.85441191e-05,0.00011880431,0.000160369033,0.00016859133,0.000138030911,8.80123916e-05,4.37056624e-05,1.69027735e-05,5.0910171e-06,1.19420133e-06,2.18160906e-07,0,0,0,0,0,0,0,0,0,0,0,0,0,0,0,0,0,0,0,0,0,0,0,0,0,0,0,0,0,0,0,0,0,0,0,0,0,0,0,0,0,0,0,0,0,0,0,0,0,0,0,0,0,0,0,0,0,0,0,0,0,0,0,0,0,0,0,0,0,0,0,0,0,0,0,0,0,0,0,0,0,0,0,0,0,0,0,0,0,0,0,0,0,0,0,0,0,0,0,0,0,0,0,0,0,0,0,0,0,0,0,0,0,0,0,0,0,0,0,0,0,0,0,0,0,0,0,0,0,0,0,0,0,0,0,0,0,0,0,0,0,0,0,0,0,0,0,0,0,0,0,0,0,0,0,0,0,0,0,0,0,0,0,0,0,0,0,0,0,0,0,0,0,0,0,0,0,0,0,0,0,0,0,0,0,0,0,0,0,0,0,0,0,0,0,0,0,0,0,0,0,0,0,0,0,0,0,0,0,0,0,0,0,0,0,0,0,0,0,0,0,0,0,0,0,0,0,0,0,0,0,0,0,0,0,0,0,0,0,0,0,0,0,0,0,0,0,0,0,0,0,0,0,0,0,0,0,0,0,0,0,0,0,0,0,0,0,0,0,0,0,0,0,0,0,0,0,0
4.05074957e-07,4.74060744e-06,2.84705056e-05,0.000125525563,0.000440843287,0.00124398409,0.00282775308,0.0051911776,0.00771894259,0.00933311787,0.00922633056,0.00752039906,0.00513410708,0.00303839799,0.00168409012,0.00099868176,0.000702151156,0.00056552887,0.000481970725,0.000418995769,0.000367293367,0.000329843751,0.00032619937,0.000371337286,0.000443582889,0.000488364371,0.000468939746,0.000413445756,0.000413622038,0.000573730737,0.00095288147,0.00152469624,0.00217234739,0.00273374002,0.00307012652,0.00310936174,0.00285846344,0.00241020112,0.00191112864,0.00147733651,0.00114734762,0.000923591142,0.000812410377,0.00078997243,0.00077805086,0.000703341328,0.000563685142,0.000408605614,0.000276007369,0.000174421555,0.000106265405,7.86917517e-05,9.27491419e-05,0.000132023924,0.000164862213,0.000164134122,0.000128310348,8.09348712e-05,5.03871634e-05,5.63896392e-05,0.000110307643,0.000212642131,0.000339876307,0.000441014767,0.000464080018,0.000395633222,0.000272511359,0.000151028755,6.70211593e-05,2.36993728e-05,6.64849085e-06,1.44337207e-06,2.16311278e-07,0,0,0,0,0,0,0,0,0,0,0,0,0,0,0,0,0,0,1.23713505e-07,7.29944475e-07,3.35419986e-06,1.20036793e-05,3.34553988e-05,7.26180297e-05,0.000122757789,0.0001616144,0.000165705671,0.000132318673,8.22869988e-05,3.98536176e-05,1.50324795e-05,4.41590691e-06,1.01026546e-06,1.8000209e-07,0,0,0,0,0,0,0,0,0,0,0,0,0,0,0,0,2.16311278e-07,1.18407661e-06,5.04785385e-06,1.67594662e-05,4.33351124e-05,8.72661985e-05,0.000136860632,0.000167161968,0.000159009374,0.000117797048,6.80321609e-05,3.09777133e-05,1.28655183e-05,1.13185051e-05,2.58716027e-05,5.91863572e-05,0.000107658401,0.000152774533,0.000168841972,0.000145323633,9.74133436e-05,5.11135186e-05,2.20601105e-05,1.23025429e-05,2.02525989e-05,4.73131295e-05,9.2315604e-05,0.000141205077,0.000168209997,0.000156055743,0.00011293454,6.44577958e-05,3.22208325e-05,2.46716518e-05,4.32358429e-05,8.66625924e-05,0.000145852653,0.00020226599,0.000239012559,0.000250365818,0.000236469961,0.000197307338,0.0001396117,8.07523757e-05,3.72902505e-05,1.3573499e-05,3.8534281e-06,9.28996485e-07,5.89388833e-07,2.17921161e-06,8.40614666e-06,2.5253461e-05,5.9084181e-05,0.000107658401,0.000152774533,0.000168841972,0.000145323633,9.74133436e-05,5.08542253e-05,2.0675785e-05,6.54671385e-06,1.61439971e-06,3.10045323e-07,0,0,0,0,0,0,0,0,0,0,0,0,0,0,0,0,0,0,0,0,0,0,0,0,0,0,0,0,0,0,0,0,0,0,0,0,0,0,0,0,0,0,0,0,0,0,0,0,0,0,0,0,0,0,2.16311278e-07,1.18407661e-06,5.04785385e-06,1.67594662e-05,4.33351124e-05,8.72661985e-05,0.000136860632,0.000167161968,0.000159009374,0.000117797048,6.79629811e-05,3.05377362e-05,1.06863072e-05,2.91235847e-06,6.18142167e-07,1.02178213e-07,0,0,0,0,0,0,0,0,0,0,0,0,0,0,0,0,0,0,0,0,0,0,0,0,0,0,0,0,0,0,0,0,0,0,0,0,0,0,0,0,0,0,0,0,0,0,0,0,0,0,0,0,0,0,0,0,0,0,0,0,0,0,0,0,0,0,0,0,0,0,0,0,0,0,0,0,0,0,0,0,0,0,0,0,0,0,0,0,0,0,0,0,0,0,0,0,0,0,0,0,0,0,0,0,0,0,0,0,0,0,0,0,0,0,0,0,0,0,0,0,0,0,0,0,0,0,0,0,0,0,0,0,0,0,0,0,0,0,0,0,0,0,0,0,0,0,0,0,0,0,0,0,0,0,0,0,0,0,0,0,0,0,0,0,0,0,0,0,0,0,0,0,0,0,0,0,0,0,0,0,0,0,0,0,0,0,0,0,0,0,0,0,0,0,0,0,0,0,0,0,0,0,0,0,0
0,0,1.5050486e-07,1.21762457e-06,6.59788338e-06,2.82123419e-05,9.52186892e-05,0.000259827881,0.000577975065,0.00106082356,0.00162699621,0.00211717864,0.002380413,0.00236880826,0.00215770863,0.00187848439,0.00163410197,0.00147686899,0.00144462276,0.00158342288,0.0019142126,0.00239816797,0.00294572278,0.00343216374,0.00369944773,0.00360261369,0.00311625563,0.00239070831,0.00167976983,0.00119252596,0.000980629353,0.000932800409,0.000878832303,0.000722565048,0.000490223058,0.000268407341,0.000118499505,4.71601452e-05,3.69766312e-05,8.39367058e-05,0.000207443809,0.000425259379,0.000710475957,0.000970462337,0.00108684157,0.000998763251,0.000756581081,0.000487760204,0.000307706447,0.00025351494,0.000280421169,0.000307713752,0.000280822365,0.000204551659,0.000125818711,9.29552407e-05,0.000135348688,0.000258655433,0.000428944302,0.00056606764,0.00058834051,0.000485232129,0.000331706658,0.000223975643,0.000207129022,0.000255055726,0.000300723565,0.000290176657,0.000221693757,0.000139123906,9.13150725e-05,0.000106010877,0.000187293161,0.00031735329,0.000460465701,0.000582062348,0.000670211914,0.000730697007,0.000759512826,0.000729489897,0.00061712967,0.000441214041,0.000260017609,0.000128418847,6.77188073e-05,7.3635696e-05,0.000133104913,0.000220029717,0.000289654621,0.000300184009,0.000253489037,0.000203958727,0.000219984155,0.000330015842,0.000489153608,0.000596931437,0.000573556579,0.000430081593,0.000251341058,0.000114411632,4.05668252e-05,1.12038124e-05,2.41020825e-06,4.03865812e-07,0,0,0,0,0,3.21820949e-07,1.80622692e-06,8.11626705e-06,2.81812208e-05,7.72501153e-05,0.000168579805,0.000296383048,0.000426092622,0.00050842145,0.00050842145,0.000426092622,0.000296383048,0.000168579805,7.72501153e-05,2.81812208e-05,8.11626705e-06,1.80622692e-06,3.21820949e-07,4.63587583e-07,2.47499929e-06,1.02906952e-05,3.33227435e-05,8.40355642e-05,0.000165048623,0.000252456812,0.000300738204,0.000279007916,0.000202145166,0.000116322488,6.14163873e-05,5.39321736e-05,9.54306597e-05,0.000175418099,0.000261776993,0.000309763156,0.00030001768,0.0002637328,0.000252753787,0.000281719054,0.000311289914,0.000292842218,0.000220262009,0.00012995553,5.98140214e-05,2.16822427e-05,7.30193278e-06,7.30193278e-06,2.22365652e-05,6.2700361e-05,0.000141719211,0.000257546228,0.000385073945,0.00048952928,0.000550986908,0.00057049602,0.000555001025,0.000503644405,0.000412394584,0.000291645731,0.000171371867,8.13738443e-05,3.07504233e-05,9.14861084e-06,2.11697898e-06,3.86737184e-07,2.67132663e-07,1.92397965e-06,9.00642044e-06,3.3732369e-05,9.91661582e-05,0.000233286657,0.00044612732,0.000710242544,0.000968440319,0.00115808507,0.00122404483,0.00113913452,0.000939905527,0.000714862719,0.000529244775,0.000383713021,0.000255531981,0.000144844642,6.65657935e-05,2.4046516e-05,6.88944192e-06,1.53724227e-06,2.67132663e-07,0,0,0,0,0,3.86737184e-07,2.11697898e-06,9.02492411e-06,2.99638032e-05,7.74776927e-05,0.00015602092,0.000244689494,0.000299251202,0.000286405615,0.00021963114,0.000151473025,0.000132075307,0.000175126683,0.000249896431,0.000299969601,0.000284471316,0.000210606217,0.000121509212,5.45976072e-05,1.91057643e-05,5.20692811e-06,1.10515998e-06,1.82681717e-07,0,0,0,0,0,0,0,0,0,0,0,0,0,0,0,0,0,0,0,0,0,0,0,0,0,0,0,0,0,0,0,0,0,0,0,0,0,0,0,0,0,0,0,0,0,0,0,0,3.21820949e-07,1.80622692e-06,7.89508249e-06,2.68761723e-05,7.12532274e-05,0.000147118742,0.000236569045,0.000296260783,0.000288946088,0.000219475376,0.000129831853,5.98140214e-05,2.14610591e-05,5.99688474e-06,1.30504839e-06,2.21184095e-07,0,0,0,0,0,0,0,0,0,0,0,0,0,0,0,0,0,0,0,0,0,0,0,0,0,0,0,0,0,0,0,0,0,0,0,0,0,0,0,0,0,0,0,0,0,0,0,0,0,0,0,0,0,0,0,0,0,0,0,0,0,0,0,0,0,0,0,0,0,0,0,0,0,0,0,0,0,0,0,0,0,0,0,0,0,0,0,0,0,0,0,0,0,0,0,0,0,0,0,0,0,0,0,0,0,0,0,0,0,0,0,0,0,0,0,0,0,0,0,0,0,0,0,0,0,0,0,0,0,0,0,0,0,0,0,0,0,0,0,0,0,0,0,0,0,0,0,0,0,0,0,0,0,0,0,0,0,0,0,0,0,0,0,0,0,0,0,0,0,0,0,0
2.13402072e-05,6.76200289e-05,0.000173936161,0.00037822462,0.000733755704,0.00132217084,0.00221871445,0.00336861517,0.00449290778,0.00519212428,0.00519412896,0.00451210095,0.00341062923,0.0022547422,0.0013459085,0.00081018405,0.000591043732,0.000544729526,0.000575209386,0.000697018346,0.000964827661,0.00134493061,0.00169707357,0.00189144362,0.00193062937,0.00193098129,0.00198949454,0.00207547797,0.00205885246,0.0018499865,0.0015015956,0.00116596126,0.000956598204,0.000862089859,0.000787679281,0.000657766592,0.000476631307,0.000311404146,0.00023461126,0.000280947075,0.000438754156,0.000671699934,0.000942260784,0.00119779969,0.00134249043,0.0012752288,0.000993766706,0.000622464053,0.000309872179,0.00012262883,4.166707e-05,2.54456154e-05,5.36715634e-05,0.000130566317,0.000260184199,0.000419407268,0.000560414512,0.000640340731,0.000640340731,0.000560414512,0.000419407268,0.000260184199,0.00013039622,5.19184759e-05,1.62668621e-05,4.7317385e-06,4.7317385e-06,1.60967647e-05,5.08366866e-05,0.000125038074,0.000239515517,0.000357315206,0.000415141025,0.000375635107,0.000264705595,0.000145273516,6.20920691e-05,2.06686527e-05,5.66232848e-06,2.87654598e-06,8.4172525e-06,2.98814739e-05,8.4372703e-05,0.000188024555,0.000334901037,0.000487262994,0.000597732782,0.000639096019,0.000605195295,0.000500862021,0.000350718008,0.000201160758,9.23768384e-05,3.35123077e-05,9.47463559e-06,2.11407678e-06,3.67371484e-07,0,0,0,0,0,0,0,5.31856415e-07,2.91135393e-06,1.24114349e-05,4.12074187e-05,0.000106550411,0.000214566186,0.00033664619,0.000411919522,0.000395582669,0.000307896902,0.000223357813,0.000210029946,0.000278385705,0.000373979681,0.000417180127,0.000367070112,0.00025211068,0.000134945134,5.62534988e-05,1.82628373e-05,4.61756827e-06,9.09253174e-07,1.39438484e-07,0,0,0,0,0,0,0,0,0,0,0,0,0,0,0,0,0,0,0,0,0,0,0,0,0,0,0,0,0,0,0,0,0,0,0,0,0,0,0,0,0,0,0,0,0,4.42581012e-07,2.48399533e-06,1.08576323e-05,3.71312817e-05,9.90720655e-05,0.000207681733,0.000346007844,0.000469728693,0.000544097624,0.000573820667,0.000582876208,0.000586433802,0.000604923291,0.000670271984,0.000775241235,0.000840363093,0.000778426474,0.000588266004,0.000355846918,0.000170864834,6.49888607e-05,1.95004814e-05,4.60695719e-06,7.62325442e-07,0,0,0,0,0,0,0,0,0,0,0,0,0,0,0,0,0,0,0,0,0,0,0,0,0,0,0,0,0,0,0,3.67371484e-07,2.11407678e-06,9.47463559e-06,3.30697258e-05,8.98928338e-05,0.000190303137,0.000313756813,0.000402871752,0.000402871752,0.000313756813,0.000190303137,8.98928338e-05,3.30697258e-05,9.64473293e-06,3.1958682e-06,5.7255188e-06,2.06686527e-05,6.20920691e-05,0.000145273516,0.000265343144,0.000379038829,0.000429293199,0.000403141923,0.000355084601,0.000352019531,0.000398025324,0.000429683918,0.000387672189,0.000277998101,0.000156001915,6.83654944e-05,2.3332992e-05,6.20197761e-06,1.28385625e-06,2.06980275e-07,0,0,0,0,0,0,0,0,0,0,0,0,0,0,0,0,0,0,0,0,0,0,0,0,0,0,0,0,0,0,0,0,0,0,0,0,0,0,0,0,0,0,0,0,0,0,0,0,0,0,0,0,0,0,0,0,0,0,0,0,0,0,0,0,0,0,0,0,0,0,0,0,0,0,0,0,0,0,0,0,0,0,0,0,0,0,0,0,0,0,0,0,0,0,0,0,0,0,0,0,0,0,0,0,0,0,0,0,0,0,0,0,0,0,0,0,0,0,0,0,0,0,0,0,0,0,0,0,0,0,0,0,0,0,0,0,0,0,0,0,0,0,0,0,0,0,0,0,0,0,0,0,0,0,0,0,0,0,0,0,0,0,0,0,0,0,0,0,0,0,0,0,0,0,0,0,0,0,0,0,0,0,0,0,0,0,0,0,0,0,0,0,0,0,0,0,0,0,0
1.06462558e-05,4.22425001e-05,0.000136768198,0.000363617524,0.000820101472,0.00161772047,0.00285112951,0.00450508762,0.00630073529,0.00766366627,0.00800516363,0.00714560132,0.00544978725,0.00355043239,0.00196713,0.000918202393,0.000356885314,0.000116538125,4.19132411e-05,4.88000078e-05,0.000113119291,0.000234593521,0.000395677256,0.000547817908,0.000632407842,0.000618184335,0.000524815114,0.000417895179,0.000368597888,0.000407193671,0.000518254878,0.00069251383,0.000948760717,0.0012721481,0.00155504665,0.00165171816,0.00150531484,0.00120423757,0.000921492872,0.00078736525,0.000791949686,0.000811563281,0.000747775834,0.000621768238,0.000516114465,0.000457867223,0.000402048812,0.000309091323,0.000195471002,0.00010818836,8.47148258e-05,0.000147995292,0.000309837604,0.000547030824,0.000784416508,0.000936927274,0.000978039112,0.00094184163,0.000857689127,0.000721043383,0.000532907317,0.00033171277,0.000169051898,6.91846944e-05,2.26174816e-05,5.83887049e-06,1.14109787e-06,1.83965099e-07,0,0,0,0,0,0,0,0,0,0,0,0,0,0,0,0,0,0,0,0,0,3.93368197e-07,2.20778747e-06,9.65031813e-06,3.28512833e-05,8.70942458e-05,0.000179826195,0.000289163087,0.000362125487,0.000353184616,0.000268269156,0.000158696072,7.3111878e-05,2.62322828e-05,7.33011257e-06,1.59518686e-06,2.70357759e-07,0,0,0,2.2329553e-07,1.35085918e-06,6.6910543e-06,2.52323607e-05,7.51568514e-05,0.000177915703,0.000337325386,0.000516634085,0.000644176616,0.000657163328,0.000548781944,0.000373571151,0.000205767734,9.09285518e-05,3.19801657e-05,8.89381954e-06,1.87900207e-06,3.26521615e-07,0,0,0,0,0,0,0,0,0,0,0,0,0,0,0,0,0,0,0,0,0,0,0,0,0,0,0,0,0,0,0,0,0,0,0,0,0,0,0,0,0,2.70357759e-07,1.71912052e-06,8.40861867e-06,3.19315877e-05,9.66740918e-05,0.000234926745,0.000461320975,0.000735957932,0.000956818461,0.00101399643,0.000877632468,0.000633185904,0.000419711636,0.000326569163,0.000340454251,0.000376273325,0.000356351695,0.000269747979,0.000163458419,9.14822813e-05,8.14200248e-05,0.000136449933,0.000236866836,0.000334136741,0.00036897941,0.000318056234,0.000215470238,0.000122165802,8.18092594e-05,0.00010900943,0.000194235545,0.000299766456,0.000365307991,0.000347491703,0.000257428212,0.000148523148,6.67357526e-05,2.33533592e-05,6.36453296e-06,1.35085918e-06,2.2329553e-07,0,0,0,0,0,0,0,0,0,0,0,0,0,0,0,0,0,0,0,0,5.66652375e-07,3.02524109e-06,1.25785227e-05,4.07310581e-05,0.000102718353,0.000201742238,0.000308583025,0.000367598317,0.000341036968,0.000246408541,0.000138655276,6.0763592e-05,2.07384801e-05,5.51234871e-06,1.14109787e-06,1.83965099e-07,0,0,0,0,0,0,0,0,0,0,0,0,0,0,0,0,0,0,6.7755866e-07,3.52803409e-06,1.43068846e-05,4.51839005e-05,0.000111134461,0.000212882587,0.00031758353,0.00036897941,0.000333866366,0.000235271669,0.000129119828,5.5187742e-05,1.83704014e-05,4.762348e-06,9.61501541e-07,1.51183755e-07,0,0,0,0,0,0,0,0,0,0,0,0,0,0,0,0,0,0,0,0,0,0,0,0,0,0,0,0,0,0,0,0,0,0,0,0,0,0,0,0,0,0,0,0,0,0,0,0,0,0,0,0,0,0,0,0,0,0,0,0,0,0,0,0,0,0,0,0,0,0,0,0,0,0,0,0,0,0,0,0,0,0,0,0,0,0,0,0,0,0,0,0,0,0,0,0,0,0,0,0,0,0,0,0,0,0,0,0,0,0,0,0,0,0,0,0,0,0,0,0,0,0,0,0,0,0,0,0,0,0,0,0,0,0,0,0,0,0,0,0,0,0,0,0,0,0,0,0,0,0,0,0,0,0,0,0,0,0,0,0,0,0,0,0,0,0,0,0,0,0,0,0,0,0,0,0,0,0,0,0,0,0,0
2.44871728e-07,1.91726826e-06,9.54092866e-06,3.71996612e-05,0.000119996621,0.000322417181,0.000756377878,0.00159827492,0.00305673061,0.00518066296,0.00754774129,0.00924144592,0.00943703018,0.0081367325,0.0061761844,0.00445992779,0.00332912849,0.00263512554,0.00215699314,0.0018166065,0.001636061,0.00166644773,0.00192485924,0.00231224974,0.00260269525,0.00258759037,0.00223172619,0.00166847045,0.00108500465,0.000626919849,0.000360954436,0.000270322227,0.000275583268,0.000284574431,0.000245923497,0.000168250888,9.03727341e-05,3.97645599e-05,2.19607591e-05,3.55642696e-05,8.59115535e-05,0.000178967806,0.000303161185,0.000422267534,0.000493832922,0.000500138442,0.000461413409,0.000415064569,0.000377315999,0.000330894312,0.000256631029,0.000165166304,8.74351244e-05,4.62257958e-05,4.82251198e-05,9.25935892e-05,0.000168552695,0.000244503404,0.000277058658,0.000244503404,0.000168044571,8.99477745e-05,3.74958108e-05,1.21731082e-05,3.07784353e-06,6.06063338e-07,9.29428268e-08,0,0,0,0,0,0,0,0,0,0,0,0,0,0,0,0,0,0,0,0,0,0,0,0,0,0,0,0,0,0,0,5.08128608e-07,2.64581513e-06,1.07293099e-05,3.38852296e-05,8.33442173e-05,0.000159649251,0.000238168708,0.000276712555,0.000250379846,0.000176439717,9.68321692e-05,4.13875168e-05,1.37767056e-05,3.57147678e-06,7.21068773e-07,1.13378803e-07,0,0,0,0,0,0,0,0,0,0,0,0,0,0,0,0,0,0,0,0,0,0,0,0,0,0,0,0,0,0,0,0,0,0,0,0,0,0,0,0,0,0,0,0,0,0,0,0,0,0,0,0,0,0,5.08128608e-07,3.15394368e-06,1.33751255e-05,4.46145386e-05,0.000117229443,0.000242993468,0.00039781793,0.00051488122,0.00052709243,0.000426819577,0.000273566897,0.000140042845,6.34144526e-05,4.68956714e-05,8.79774161e-05,0.000189875136,0.000343904569,0.000510197424,0.000629448623,0.000659936748,0.000599068822,0.000473525608,0.000322112726,0.000184258621,8.65017864e-05,3.26891786e-05,9.78765092e-06,2.26875045e-06,4.24955516e-07,0,0,0,0,0,0,0,0,0,0,0,0,0,0,0,0,0,0,0,0,0,0,0,0,0,0,0,0,0,0,0,0,0,0,0,0,0,0,0,0,0,0,0,0,0,0,0,0,0,0,0,0,0,0,0,0,0,0,0,0,0,0,0,0,0,0,0,0,0,0,0,0,0,0,0,0,0,0,0,0,0,0,0,0,0,0,0,0,0,0,0,0,0,0,0,0,0,0,0,0,0,0,0,0,0,0,0,0,0,0,0,0,0,0,0,0,0,0,0,0,0,0,0,0,0,0,0,0,0,0,0,0,0,0,0,0,0,0,0,0,0,0,0,0,0,0,0,0,0,0,0,0,0,0,0,0,0,0,0,0,0,0,0,0,0,0,0,0,0,0,0,0,0,0,0,0,0,0,0,0,0,0,0,0,0,0,0,0,0,0,0,0,0,0,0,0,0,0,0,0,0,0,0,0,0,0,0,0,0,0,0,0,0,0,0,0,0,0,0,0,0,0,0,0,0,0,0,0,0,0,0,0,0,0,0,0,0,0,0,0,0,0,0,0,0,0,0,0,0,0,0,0,0,0,0,0,0,0,0,0,0,0,0,0
0,2.08545117e-07,1.23047482e-06,6.01884631e-06,2.22307335e-05,6.49053254e-05,0.000150760141,0.000280607841,0.000423563441,0.000527480152,0.000565752853,0.00057824183,0.000660939666,0.000894186553,0.00126842503,0.00167167513,0.00196292414,0.0020767427,0.00209323387,0.00219145976,0.00249495613,0.00295454846,0.003419291,0.00378244882,0.00398798939,0.00394228194,0.00355335535,0.00288234674,0.00216241856,0.0016211702,0.00131000904,0.00112661638,0.000961747079,0.00079239998,0.000649125432,0.000551463512,0.000489479222,0.00044767154,0.000422081008,0.000417440227,0.000443725323,0.000531848345,0.000718253898,0.000968816457,0.00114279822,0.00109865528,0.000839050801,0.000511108781,0.000268831878,0.000171912456,0.000191887477,0.000263829221,0.000330657087,0.000377399061,0.000435960916,0.000535043015,0.000650944887,0.000719640113,0.000694234623,0.000579939922,0.000425188366,0.000293999998,0.000233835191,0.000246135372,0.000283210858,0.000285602058,0.000231449041,0.000147473998,7.44998324e-05,3.47473651e-05,3.11816584e-05,6.36260957e-05,0.000130835528,0.000215110122,0.000276206876,0.000276206876,0.000215110122,0.000130470886,6.16300822e-05,2.26724405e-05,6.74763078e-06,2.89880109e-06,6.74763078e-06,2.26724405e-05,6.16300822e-05,0.000130470886,0.000215110122,0.000276206876,0.000276206876,0.000215110122,0.000130470886,6.20671781e-05,2.50060129e-05,1.61984226e-05,3.28679998e-05,7.96020613e-05,0.000156359019,0.000241704314,0.000297723629,0.000305634749,0.00028967025,0.000288434967,0.000304404617,0.000300615618,0.000249225559,0.000165090853,8.58673884e-05,3.48533795e-05,1.10358615e-05,2.72140983e-06,5.2264653e-07,0,0,9.5598331e-08,6.23379435e-07,3.16578189e-06,1.25209108e-05,3.85671192e-05,9.25177083e-05,0.00017284583,0.000251489197,0.000284974609,0.000251489197,0.000172962449,9.3259383e-05,4.22406411e-05,2.66912357e-05,4.57357964e-05,0.000100222183,0.000181576441,0.000257533567,0.000284618611,0.000244973518,0.000164210651,8.57254781e-05,3.48533795e-05,1.10358615e-05,2.72140983e-06,5.2264653e-07,0,0,0,0,0,0,0,0,0,0,0,0,1.16618196e-07,7.41670704e-07,3.6735189e-06,1.41703258e-05,4.25700164e-05,9.95988012e-05,0.000181480849,0.000257533567,0.000284618611,0.000244973518,0.000164306257,8.63488603e-05,3.80191595e-05,2.35567713e-05,4.12885311e-05,9.30403548e-05,0.000173149281,0.000253192207,0.000292418554,0.000276829611,0.000240027483,0.000231229744,0.000261826586,0.000293291669,0.000282485475,0.00023344635,0.000199139366,0.000235413696,0.000350928778,0.000491879357,0.000580170483,0.000588396681,0.000583178713,0.000677400443,0.000929134723,0.00127657363,0.00156223879,0.00163341069,0.00144720403,0.00109093171,0.000704697391,0.000392009766,0.000191649407,9.81629273e-05,9.07952126e-05,0.000144907186,0.000224281393,0.000279540283,0.00027243502,0.000206934041,0.000122412952,5.63961075e-05,2.02347237e-05,5.65420851e-06,1.23047482e-06,2.08545117e-07,0,0,0,0,4.37097071e-07,2.33357196e-06,9.70265955e-06,3.14186036e-05,7.92335704e-05,0.000155617352,0.000238030814,0.000283553294,0.000263064721,0.000190071471,0.000106954139,4.68710423e-05,1.59969823e-05,4.25204507e-06,8.80205448e-07,1.4190465e-07,0,0,0,0,2.51868073e-07,1.44940054e-06,6.49576305e-06,2.26724405e-05,6.17467012e-05,0.000131212553,0.000218783636,0.000290377211,0.000318776874,0.000314708916,0.000311951735,0.000319163635,0.000307291048,0.000251564896,0.00016628344,8.91431264e-05,4.73742875e-05,4.96029825e-05,9.52391201e-05,0.000173368477,0.000251489197,0.000284974609,0.000251489197,0.00017284583,9.25177083e-05,3.85671192e-05,1.25209108e-05,3.16578189e-06,6.23379435e-07,9.5598331e-08,0,0,0,0,0,0,0,0,0,0,0,0,0,0,0,0,0,0,0,0,0,0,0,0,0,0,0,0,0,0,0,0,0,0,0,0,0,0,0,0,0,0,0,0,0,0,0,0,0,0,0,0,0,0,0,0,0,0,0,0,0,0,0,0,0,0,0,0,0,0,0,0,0,0,0,0,0,0,0,0,0,0,0,0,0,0,0,0,0,0,0,0,0,0,0,0,0,0,0,0,0,0,0,0,0,0,0,0,0,0,0,0,0,0,0,0,0,0,0,0,0,0,0,0,0,0,0,0,0,0,0,0,0,0,0,0,0,0,0,0,0,0,0,0,0,0,0,0,0,0,0,0,0,0,0,0,0,0,0,0,0,0,0,0,0,0,0,0,0,0,0,0,0,0,0,0,0,0,0,0,0,0,0,0,0,0,0,0,0,0,0,0,0,0,0,0,0,0,0,0
0,0,1.17401534e-07,1.511699e-06,1.09694238e-05,5.34329229e-05,0.000202520838,0.00061859499,0.00153077475,0.00307819271,0.00504306564,0.00674939994,0.00742164021,0.00684435666,0.00565422699,0.00486832997,0.00502325129,0.00573094888,0.00607815245,0.00549343834,0.00419548014,0.00281762984,0.00177530001,0.00109064765,0.000633061631,0.000323660643,0.000137286581,4.67566424e-05,1.27447074e-05,3.33263802e-06,3.79461176e-06,1.35528207e-05,4.28024214e-05,0.000105276966,0.000201662333,0.000300844869,0.000350173679,0.000319611601,0.000236424166,0.000165116813,0.000157555958,0.000219064503,0.000305356196,0.000350442657,0.000316412712,0.000222871357,0.000122314392,5.2278996e-05,1.74021643e-05,4.51134201e-06,9.10824269e-07,1.43215416e-07,0,0,0,0,3.09311844e-07,1.77996674e-06,7.97725716e-06,2.78433654e-05,7.56861045e-05,0.000160227501,0.000264170492,0.000339201622,0.000339201622,0.000264170492,0.000160227501,7.56861045e-05,2.78433654e-05,8.51404366e-06,4.64575851e-06,1.22248666e-05,3.85842723e-05,9.73044444e-05,0.000191109139,0.000292318728,0.000348223548,0.000323062151,0.000233421233,0.00013134726,5.75609665e-05,1.96454293e-05,5.2218129e-06,1.08095469e-06,1.74268976e-07,0,0,0,2.11526427e-07,1.2796603e-06,6.02908176e-06,2.21224891e-05,6.3218351e-05,0.000140695032,0.000243860093,0.000329176692,0.000346053945,0.000283325004,0.000180656003,8.97111167e-05,3.4694971e-05,1.04499231e-05,2.82387691e-06,2.53922462e-06,9.14168504e-06,3.11198128e-05,8.25038223e-05,0.000170348212,0.000273922342,0.000343039166,0.000334569544,0.000254129671,0.000150331776,6.92584144e-05,2.48496744e-05,6.94376877e-06,1.51111033e-06,2.56108194e-07,0,0,0,0,0,0,0,0,0,0,0,0,0,0,0,0,0,0,0,0,0,0,0,0,0,0,0,0,0,0,0,0,0,0,0,0,0,0,0,0,0,0,0,0,0,0,0,0,0,0,0,0,0,0,0,0,0,0,2.11526427e-07,1.2796603e-06,6.14648297e-06,2.34349482e-05,7.02785328e-05,0.000171057181,0.000345520704,0.000598531507,0.000914356788,0.00124678726,0.00150872965,0.00159809703,0.00146252639,0.0011429094,0.000752556021,0.000411062501,0.00018326992,6.58492136e-05,1.88549329e-05,4.14545229e-06,7.4831263e-07,0,0,0,0,0,0,0,0,0,0,0,0,0,0,0,0,0,0,0,0,3.72635213e-07,2.09142286e-06,9.14168504e-06,3.11198128e-05,8.25038223e-05,0.000170348212,0.000273922342,0.000343039166,0.000334569544,0.000254129671,0.000150331776,6.92584144e-05,2.48496744e-05,6.94376877e-06,1.51111033e-06,2.56108194e-07,0,0,0,0,0,0,0,0,1.74268976e-07,1.08095469e-06,5.2218129e-06,1.96454293e-05,5.75609665e-05,0.00013134726,0.000233421233,0.000323062151,0.000348223548,0.000292318728,0.000191109139,9.73044444e-05,3.85842723e-05,1.19155548e-05,2.86579166e-06,5.36786217e-07,0,0,0,0,0,0,0,0,0,0,0,0,0,0,0,0,0,0,0,0,0,0,0,0,0,0,0,0,0,0,0,0,0,0,0,0,0,0,0,0,0,0,0,0,0,0,0,0,0,0,0,0,0,0,0,0,0,0,0,0,0,0,0,0,0,0,0,0,0,0,0,0,0,0,0,0,0,0,0,0,0,0,0,0,0,0,0,0,0,0,0,0,0,0,0,0,0,0,0,0,0,0,0,0,0,0,0,0,0,0,0,0,0,0,0,0,0,0,0,0,0,0,0,0,0,0,0,0,0,0,0,0,0,0,0,0,0,0,0,0,0,0,0,0,0,0,0,0,0,0,0,0,0,0,0,0,0,0,0,0,0,0,0,0,0,0,0,0,0,0,0,0,0,0,0,0,0,0,0,0,0,0,0,0,0,0,0,0,0,0,0,0,0,0,0,0,0,0,0,0,0,0,0,0
0,6.02852197e-07,3.64704329e-06,1.71829361e-05,6.30492868e-05,0.000180172865,0.000400982099,0.000695003429,0.000939985795,0.000995781855,0.000847380725,0.000643844542,0.000585500093,0.000772501342,0.00114287029,0.00151802611,0.00171072874,0.00162581913,0.00130865141,0.000929930655,0.000718392723,0.000860950851,0.00141681603,0.00227201963,0.00317049166,0.00381854456,0.00400469499,0.00368404342,0.00302842562,0.0023616266,0.00194379315,0.00179614965,0.00174954289,0.00162144343,0.00133286463,0.00093055825,0.000535090279,0.000247994001,9.12875985e-05,2.64620467e-05,5.96057362e-06,1.06201367e-06,0,0,0,0,0,0,0,0,0,0,4.08165192e-07,2.59585704e-06,1.28573638e-05,4.9596325e-05,0.000148995605,0.000348597096,0.000635915203,0.00090567756,0.00101595873,0.000928232272,0.000772126543,0.000728487154,0.000846259121,0.000992151676,0.000987189705,0.000782510382,0.000485493889,0.000235136627,8.86917405e-05,2.60538818e-05,5.96057362e-06,1.06201367e-06,0,0,0,0,6.02852197e-07,3.64704329e-06,1.71829361e-05,6.30492868e-05,0.000180172865,0.000400982099,0.000695003429,0.000938156445,0.000986256753,0.000807478733,0.000514871208,0.000255677471,9.88809697e-05,2.97823735e-05,6.98606027e-06,1.27623809e-06,0,0,0,0,0,0,0,0,0,0,0,0,0,0,0,0,0,0,3.34595398e-07,2.18183618e-06,1.10802775e-05,4.3823351e-05,0.000134985414,0.000323813176,0.000604962639,0.000880215492,0.000997414812,0.000880215492,0.000604962639,0.000323813176,0.000134985414,4.3823351e-05,1.10802775e-05,2.18183618e-06,3.34595398e-07,0,0,0,0,0,0,0,0,0,0,0,0,0,8.81541496e-07,5.07292089e-06,2.27352539e-05,7.93538347e-05,0.000215706081,0.000456649781,0.000752888212,0.000966727617,0.000966727617,0.000752888212,0.000456649781,0.000215706081,7.93538347e-05,2.27352539e-05,5.07292089e-06,8.81541496e-07,0,0,0,0,0,0,0,0,0,0,0,0,0,0,0,1.06201367e-06,6.36873892e-06,3.04790083e-05,0.00011107407,0.000323358603,0.000756476773,0.00142931845,0.00218865159,0.00271826796,0.00274393964,0.00228290609,0.00167223078,0.00130383403,0.00132713129,0.00158506457,0.00178411719,0.0017149538,0.00136701157,0.000892390497,0.000471803884,0.000199962684,6.73559698e-05,1.79128456e-05,3.64704329e-06,6.02852197e-07,0,0,0,0,0,0,0,0,0,0,0,0,0,0,0,0,0,0,0,0,0,0,0,0,0,0,0,0,0,0,0,0,0,0,0,0,0,0,0,0,0,0,0,0,0,0,0,0,0,0,0,0,0,0,0,0,0,0,0,0,0,0,0,0,0,0,0,0,0,0,0,0,0,0,0,0,0,0,0,0,0,0,0,0,0,0,0,0,0,0,0,0,0,0,0,0,0,0,0,0,0,0,0,0,0,0,0,0,0,0,0,0,0,0,0,0,0,0,0,0,0,0,0,0,0,0,0,0,0,0,0,0,0,0,0,0,0,0,0,0,0,0,0,0,0,0,0,0,0,0,0,0,0,0,0,0,0,0,0,0,0,0,0,0,0,0,0,0,0,0,0,0,0,0,0,0,0,0,0,0,0,0,0,0,0,0,0,0,0,0,0,0,0,0,0,0,0,0,0,0,0,0,0,0,0,0,0,0,0,0,0,0,0,0,0,0,0,0,0,0,0,0,0,0,0,0,0,0,0,0,0,0,0,0,0,0,0,0,0,0,0,0,0,0,0,0,0,0,0,0,0,0,0,0,0,0,0,0,0,0,0,0,0
0,0,1.50505244e-07,1.15473779e-06,6.60021624e-06,2.77329855e-05,9.25228742e-05,0.000248879252,0.000544570619,0.00098254066,0.00148713205,0.0019314168,0.00221158168,0.00229840493,0.00222497177,0.00204725866,0.00182460796,0.00162506977,0.00152781419,0.00160502421,0.00189051917,0.00236048386,0.00292986841,0.00345046725,0.00373253855,0.00362646161,0.00312732626,0.0024006411,0.0016935583,0.00119985093,0.000968909124,0.000905589026,0.000855569029,0.000717835268,0.000500658934,0.000281957036,0.000128259679,5.4770233e-05,4.89153899e-05,0.000106239284,0.000238069799,0.000447673636,0.000702234858,0.000926304609,0.00103059807,0.000962863618,0.000751145475,0.000496127526,0.000307846261,0.000238286651,0.000260933302,0.000301447901,0.000295176316,0.000231419282,0.000151913191,0.000112295784,0.000151236294,0.000276347215,0.000447920116,0.000578802137,0.00058838597,0.000476343965,0.000327463174,0.000236758569,0.000235750354,0.000282229186,0.000305826572,0.000267377793,0.000183876036,0.000101232581,5.39143803e-05,5.64251459e-05,0.000116845084,0.000239845453,0.000409247034,0.000578059524,0.000692623493,0.000729312247,0.000703972182,0.000647155743,0.000575662823,0.000485658908,0.000370448979,0.000242500551,0.000130856293,5.67147326e-05,1.94925524e-05,5.33062757e-06,1.89178479e-06,4.07884681e-06,1.55834878e-05,4.80364542e-05,0.000117340031,0.000229445854,0.000364617677,0.000478918373,0.000531346537,0.000512997794,0.000454984518,0.000403609039,0.000377160934,0.000349905284,0.000288725714,0.000196376248,0.000106421932,4.5397479e-05,1.58157873e-05,7.79232869e-06,1.58157873e-05,4.5273795e-05,0.000105635307,0.000192480074,0.000273142214,0.00030242317,0.000262707268,0.000185867902,0.000127886931,0.000127886931,0.000185867902,0.000262707268,0.000302809902,0.000275259197,0.000201505027,0.000135599184,0.000122628,0.000171050488,0.000248586293,0.000299651816,0.00028441305,0.000210606755,0.000121509518,5.45977455e-05,1.91058134e-05,5.2069413e-06,1.10516282e-06,1.82682172e-07,0,2.67133345e-07,1.53724613e-06,7.1565928e-06,2.55838222e-05,7.22548284e-05,0.000162607743,0.000294618105,0.000436532689,0.000540200621,0.000575692568,0.000552835292,0.000504119671,0.000446714432,0.000371120026,0.000270375342,0.000163839068,8.23727896e-05,4.38975294e-05,5.20465364e-05,0.00010926697,0.00021399415,0.000346015673,0.000466162834,0.000538297929,0.000553440303,0.000529533543,0.000488081016,0.000431050838,0.000346902234,0.000239242916,0.000135140508,6.09193376e-05,2.16437966e-05,5.99689974e-06,1.30505168e-06,2.21184663e-07,1.01392381e-07,9.28294696e-07,4.89490048e-06,2.05559791e-05,6.75136689e-05,0.000175108216,0.000363455358,0.000614262361,0.000867618481,0.00105712342,0.00113938411,0.00109019666,0.00090769236,0.00063813274,0.000368840207,0.000172039538,6.40023645e-05,1.88067879e-05,4.3740838e-06,7.75507885e-07,0,0,0,0,0,0,1.82682172e-07,1.56875149e-06,7.68194695e-06,2.9396535e-05,8.79205691e-05,0.000205545308,0.0003756558,0.000536746753,0.000599604158,0.000523698691,0.000357612676,0.000190914332,7.9675694e-05,2.59914777e-05,6.62673847e-06,1.32029129e-06,1.50505244e-07,0,0,0,0,0,0,0,0,0,0,0,0,0,0,0,0,0,0,0,0,0,0,0,0,0,0,0,0,0,0,0,0,0,0,0,0,0,0,0,0,0,0,0,0,0,0,0,0,0,0,0,0,0,0,0,3.86738151e-07,2.11698443e-06,9.02494685e-06,2.99638796e-05,7.74778891e-05,0.000156021313,0.000244690105,0.000298865198,0.000284289359,0.000210606755,0.000121509518,5.45977455e-05,1.91058134e-05,5.2069413e-06,1.10516282e-06,1.82682172e-07,0,0,0,0,0,0,0,0,0,0,0,0,0,0,0,0,0,0,0,0,0,0,0,0,0,0,0,0,0,0,0,0,0,0,0,0,0,0,0,0,0,0,0,0,0,0,0,0,0,0,0,0,0,0,0,0,0,0,0,0,0,0,0,0,0,0,0,0,0,0,0,0,0,0,0,0,0,0,0,0,0,0,0,0,0,0,0,0,0,0,0,0,0,0,0,0,0,0,0,0,0,0,0,0,0,0,0,0,0,0,0,0,0,0,0,0,0,0,0,0,0,0,0,0,0,0,0,0,0,0,0,0,0,0,0,0,0,0,0,0,0,0,0,0,0,0,0,0,0,0,0,0,0,0,0,0,0,0,0,0,0,0,0,0,0,0,0,0,0,0,0,0,0,0
3.36998564e-05,9.44129133e-05,0.000216778019,0.00042436138,0.00074890058,0.00125231815,0.00200992194,0.00301411306,0.00407613022,0.00486220606,0.00506875524,0.00459679076,0.00360981328,0.00244959909,0.00145936804,0.00082243525,0.000522016722,0.000429185166,0.000436612492,0.00052711973,0.000727932493,0.00100792723,0.00125884486,0.00138323545,0.00138761732,0.0013661253,0.00139537803,0.00145970157,0.00147995225,0.00140602503,0.00126575143,0.00112554932,0.00101732055,0.000916038232,0.000782167655,0.000606593268,0.000417780277,0.000263335853,0.000186732461,0.000210834725,0.000329211238,0.000513466133,0.000724060286,0.000906730478,0.000988552114,0.000911432144,0.000691690657,0.000423833611,0.000207164296,8.03666189e-05,2.55342984e-05,1.10715382e-05,2.07140602e-05,5.76022394e-05,0.000133252994,0.000247644552,0.00037531968,0.000473165972,0.000504657743,0.000458023365,0.000350722112,0.00022250865,0.000114693605,4.72808388e-05,1.59748706e-05,6.78448714e-06,1.24949811e-05,3.71002534e-05,9.0947593e-05,0.000174213827,0.000259896507,0.000301956665,0.000273221667,0.00019253607,0.000105666033,4.51632404e-05,1.50335354e-05,3.89729757e-06,9.10573078e-07,9.10573078e-07,3.89729757e-06,1.5355452e-05,4.69699953e-05,0.00011356343,0.000219543843,0.000345282635,0.000453015877,0.000511568505,0.000515724765,0.000485644501,0.000449052372,0.000414799753,0.000364675419,0.000281918357,0.000180212475,9.24035776e-05,3.81316058e-05,1.62191955e-05,1.98586549e-05,5.02807598e-05,0.000113469432,0.000201649993,0.000279476604,0.000303498528,0.000264445611,0.000206777768,0.000198537178,0.000280346809,0.000429392589,0.000562111207,0.000590689771,0.00049892324,0.00035924415,0.00026594568,0.000256810657,0.000293463672,0.000306959439,0.000260866072,0.000174337561,9.0947593e-05,3.6976533e-05,1.17081299e-05,2.88718911e-06,5.54484473e-07,0,0,0,0,0,0,0,0,2.6721105e-07,1.53769327e-06,6.89146327e-06,2.40535701e-05,6.53843817e-05,0.000138685951,0.000229751618,0.000299923937,0.000317086058,0.000293598307,0.000276837498,0.000293598307,0.000317086058,0.000299923937,0.000229751618,0.000138868694,6.64898689e-05,2.9262028e-05,2.60028337e-05,5.61513225e-05,0.000121812074,0.000210668004,0.000284372043,0.000298952131,0.000244761293,0.000156066701,7.77676396e-05,3.1510288e-05,1.59190349e-05,2.61711702e-05,6.57712299e-05,0.000138418749,0.000228213918,0.000293032499,0.000293032499,0.000228213918,0.000138418749,6.53843817e-05,2.40535701e-05,7.04201238e-06,2.47151797e-06,4.77827689e-06,1.69714658e-05,4.97262736e-05,0.000113838061,0.000203849035,0.000289339863,0.000338287355,0.000359801343,0.000406672159,0.000515891181,0.00065744872,0.000765940174,0.000811579695,0.000806147174,0.000749866653,0.00062381872,0.00043915023,0.00025191062,0.000115405528,4.17821466e-05,1.19147608e-05,2.67208475e-06,3.86850644e-07,0,0,0,0,0,0,0,2.6721105e-07,1.53769327e-06,6.89146327e-06,2.40535701e-05,6.53843817e-05,0.000138418749,0.000228213918,0.000293032499,0.000293032499,0.000228213918,0.000138418749,6.53843817e-05,2.40535701e-05,6.89146327e-06,1.53769327e-06,2.6721105e-07,0,1.23722188e-07,7.86850876e-07,3.89729757e-06,1.50335354e-05,4.51632404e-05,0.000105666033,0.00019253607,0.000273488899,0.000303494366,0.000266787974,0.0001982674,0.000156331967,0.000175395267,0.000239922054,0.000295919686,0.000293586956,0.000228213918,0.000138418749,6.53843817e-05,2.40535701e-05,7.57643556e-06,5.31885007e-06,1.65595702e-05,5.47998752e-05,0.000143891797,0.000294967002,0.000472457497,0.00059197488,0.000584465044,0.000468261045,0.000338131795,0.000277067127,0.000288616808,0.000311360578,0.000287112634,0.000211140461,0.000121544865,5.46136289e-05,1.91113704e-05,5.20845606e-06,1.10548422e-06,1.8273532e-07,0,0,0,0,0,0,0,0,0,0,0,0,0,0,0,0,0,0,0,0,0,0,0,0,0,0,0,0,0,0,0,0,0,0,0,0,0,0,0,0,0,0,0,0,0,0,0,0,0,0,0,0,0,0,0,0,0,0,0,0,0,0,0,0,0,0,0,0,0,0,0,0,0,0,0,0,0,0,0,0,0,0,0,0,0,0,0,0,0,0,0,0,0,0,0,0,0,0,0,0,0,0,0,0,0,0,0,0,0,0,0,0,0,0,0,0,0,0,0,0,0,0,0,0,0,0,0,0,0,0,0,0,0,0,0,0,0,0,0,0,0,0,0,0,0,0,0,0,0,0,0,0,0,0,0,0,0,0,0,0,0,0,0,0,0,0,0,0,0,0,0,0,0,0,0,0,0,0,0,0,0,0,0,0,0,0,0,0,0,0,0,0,0,0,0,0,0,0,0
1.57499235e-05,6.05375972e-05,0.000186501027,0.00047363856,0.00101814931,0.00190294208,0.00314238691,0.00460239407,0.00594377425,0.00670992443,0.0065764864,0.00559118995,0.00417540269,0.00284512388,0.00188627362,0.00127263297,0.000844100956,0.000506721379,0.000263498776,0.000143440775,0.000162514378,0.000332162977,0.0006463725,0.00102845859,0.00132075034,0.00137877068,0.00119788211,0.000934164331,0.000773491978,0.000778350106,0.000865266367,0.00092785625,0.0009432488,0.000935134129,0.000882586988,0.000740616873,0.000532654405,0.000361976709,0.000327516987,0.000444978214,0.000628214388,0.000737506663,0.000682467537,0.00049283565,0.000277321029,0.000121531768,4.14785245e-05,1.16781821e-05,6.04042771e-06,1.72107866e-05,5.87872928e-05,0.000159800431,0.000338297512,0.000557758322,0.000716175884,0.000716175884,0.000557758322,0.000338297512,0.000159800431,5.87872928e-05,1.68428414e-05,3.75814602e-06,6.530679e-07,0,0,0,0,0,0,0,0,0,0,0,0,0,0,0,0,0,0,0,0,0,0,0,0,0,0,5.40735925e-07,3.190494e-06,1.46607781e-05,5.24665447e-05,0.000146229271,0.000317404134,0.000536558568,0.000706395891,0.000724278274,0.000578348001,0.000359665952,0.000174195069,6.57050477e-05,1.95492412e-05,6.03209992e-06,8.99531187e-06,3.24654284e-05,0.000100000558,0.000239888861,0.000448171399,0.000652085524,0.000738909701,0.000652085524,0.000448539329,0.00024217114,0.000111025671,7.39439492e-05,0.000129740321,0.000278937398,0.000493083498,0.000682099664,0.000735224399,0.000617189333,0.000403499696,0.000205444463,8.14651867e-05,2.5157995e-05,6.05071045e-06,1.13334761e-06,0,0,0,0,0,0,0,0,0,0,0,0,0,3.02378936e-07,1.92307562e-06,9.52505525e-06,3.6742189e-05,0.000110379646,0.000258249405,0.000470561092,0.000667757937,0.000737986702,0.000635191042,0.00042578124,0.000222277304,9.03712062e-05,2.86148479e-05,7.05633465e-06,1.35516848e-06,0,0,0,0,0,0,0,0,0,0,0,0,1.35516848e-06,7.05633465e-06,2.9267916e-05,9.4129362e-05,0.000239120156,0.000485355296,0.000799407193,0.00109558553,0.00129122124,0.00136093202,0.00133409118,0.00124648598,0.00109931803,0.000875721336,0.000597268983,0.000334549317,0.00014998742,5.31196129e-05,1.46607781e-05,3.190494e-06,5.40735925e-07,3.67944097e-07,2.28228168e-06,1.10251131e-05,4.14785245e-05,0.000121531768,0.000277321029,0.00049283565,0.000682099664,0.000735224399,0.000617189333,0.000403499696,0.000205444463,8.14651867e-05,2.5157995e-05,6.05071045e-06,1.13334761e-06,0,0,0,0,0,0,0,0,0,0,0,0,0,0,0,0,0,0,0,0,0,0,0,0,0,0,0,0,0,0,0,0,0,0,0,0,0,0,0,0,0,0,0,0,0,0,0,0,0,0,0,0,0,0,0,0,0,0,0,0,0,0,0,0,0,0,0,0,0,0,0,0,0,0,0,0,0,0,0,0,0,0,0,0,0,0,0,0,0,0,0,0,0,0,0,0,0,0,0,0,0,0,0,0,0,0,0,0,0,0,0,0,0,0,0,0,0,0,0,0,0,0,0,0,0,0,0,0,0,0,0,0,0,0,0,0,0,0,0,0,0,0,0,0,0,0,0,0,0,0,0,0,0,0,0,0,0,0,0,0,0,0,0,0,0,0,0,0,0,0,0,0,0,0,0,0,0,0,0,0,0,0,0,0,0,0,0,0,0,0,0,0,0,0,0,0,0,0,0,0,0,0,0,0,0,0,0,0,0,0,0,0,0,0,0,0,0,0,0,0,0,0,0,0,0,0,0,0,0,0,0,0,0,0,0,0,0,0,0,0,0,0,0,0,0,0,0,0,0,0,0,0,0,0,0
4.47452578e-07,2.54663109e-06,1.18588814e-05,4.39945688e-05,0.000134708898,0.000346859888,0.000788877835,0.00163748185,0.00310706068,0.00524567906,0.00761661213,0.00928667001,0.00942745898,0.00806186441,0.00606867857,0.0043818769,0.00331514445,0.00265605631,0.00214995397,0.00173981907,0.00150030479,0.00152438157,0.00183454703,0.00230211555,0.00266101118,0.00267667463,0.00231389003,0.00172608474,0.00111935125,0.00064349029,0.000362348044,0.000261063367,0.000265487382,0.000284121576,0.000257334468,0.000185043245,0.000104150764,4.66751299e-05,2.09317277e-05,2.47254302e-05,6.30767681e-05,0.000149155414,0.000283859641,0.000432777044,0.000534015824,0.000546927156,0.000491506362,0.000423858,0.000373172399,0.000321445812,0.000245625735,0.00015533324,8.07166361e-05,4.28119602e-05,4.69290062e-05,9.22166291e-05,0.000168469705,0.000244503666,0.000277058949,0.000244503666,0.000168044746,8.99478764e-05,3.74958508e-05,1.21731209e-05,3.07784694e-06,6.0606402e-07,9.29429262e-08,0,0,0,0,0,0,0,0,0,0,0,0,0,0,0,0,0,0,0,0,0,0,0,0,0,0,0,0,0,0,0,0,0,0,0,0,0,0,4.24955971e-07,2.26875295e-06,9.43315172e-06,3.05458962e-05,7.70327242e-05,0.000151294807,0.000231419108,0.000275677128,0.000255757652,0.000184791905,0.000103983308,4.55691188e-05,1.55526395e-05,4.13393718e-06,8.55756241e-07,1.37963013e-07,0,0,0,0,0,0,0,0,0,0,0,0,0,0,0,0,0,0,0,0,0,0,0,0,0,0,0,0,0,0,0,0,0,0,0,0,0,0,0,0,0,2.44872012e-07,1.40914108e-06,6.31533203e-06,2.20426755e-05,5.99181985e-05,0.000126846833,0.000209135076,0.000268627686,0.000269140815,0.000212212923,0.000139019961,9.74140567e-05,0.00011199055,0.000174360088,0.000245912815,0.000277303829,0.000244596624,0.000168650819,9.31931791e-05,5.09770398e-05,5.6097706e-05,0.00011777653,0.000243335249,0.000421295787,0.000604974048,0.000721957302,0.000713577087,0.000579114654,0.000381701364,0.000202207171,8.53743186e-05,2.85515925e-05,7.53066342e-06,1.55080591e-06,2.02752418e-07,0,0,0,0,0,0,0,0,0,0,0,0,0,0,0,0,0,0,0,0,0,0,0,0,0,0,0,0,0,0,0,0,0,0,0,0,0,0,0,0,0,0,0,0,0,0,0,0,0,0,0,0,0,0,0,0,0,0,0,0,0,0,0,0,0,0,0,0,0,0,0,0,0,0,0,0,0,0,0,0,0,0,0,0,0,0,0,0,0,0,0,0,0,0,0,0,0,0,0,0,0,0,0,0,0,0,0,0,0,0,0,0,0,0,0,0,0,0,0,0,0,0,0,0,0,0,0,0,0,0,0,0,0,0,0,0,0,0,0,0,0,0,0,0,0,0,0,0,0,0,0,0,0,0,0,0,0,0,0,0,0,0,0,0,0,0,0,0,0,0,0,0,0,0,0,0,0,0,0,0,0,0,0,0,0,0,0,0,0,0,0,0,0,0,0,0,0,0,0,0,0,0,0,0,0,0,0,0,0,0,0,0,0,0,0,0,0,0,0,0,0,0,0,0,0,0,0,0,0,0,0,0,0,0,0,0,0,0,0,0,0,0,0,0,0,0,0,0,0,0,0,0,0,0,0,0,0,0,0,0,0,0,0,0
5.00335118e-05,9.59629542e-05,0.000143818193,0.000170865009,0.000169947918,0.000172140702,0.000242562048,0.000452673499,0.000837348227,0.00134550151,0.00182149245,0.00207775901,0.0020291761,0.00175879162,0.00144107989,0.00121661695,0.00114548043,0.0012380078,0.00148811564,0.00188968587,0.00244305935,0.00313055143,0.00386191951,0.00443982612,0.00462517003,0.00429427298,0.0035499956,0.00265632733,0.00186345284,0.00129789533,0.000970757799,0.000824856164,0.000776623841,0.000759795425,0.000754330133,0.000765207631,0.000776998932,0.000749460305,0.000658361358,0.000525027514,0.000399627315,0.000322396576,0.000305027002,0.000347703288,0.000457928487,0.000635869335,0.000841447792,0.000991351902,0.00100487808,0.000868736708,0.000653209921,0.000450297346,0.000302390632,0.000198671798,0.000119742806,6.21503859e-05,2.97452734e-05,2.44243638e-05,4.89332087e-05,0.000108215208,0.000198923895,0.000297445687,0.000367684319,0.000385854073,0.000353779295,0.000287945237,0.000206177443,0.000126284009,6.47118213e-05,3.00015581e-05,2.34828512e-05,4.7837646e-05,0.000109100969,0.000201828676,0.000292676239,0.000332155643,0.000297512655,0.000218763336,0.000153853616,0.000141498036,0.000180145653,0.0002433466,0.00030778267,0.000366857101,0.000419241464,0.000449463347,0.000430488173,0.000351094379,0.000235563464,0.000127243053,5.46195697e-05,1.85061272e-05,5.19345485e-06,2.61155151e-06,6.56277643e-06,2.03421077e-05,5.00335118e-05,9.58412347e-05,0.00014297833,0.000166117112,0.000150308973,0.000105920946,5.81306485e-05,2.48459073e-05,8.2704837e-06,2.14404236e-06,4.32874685e-07,6.806399e-08,0,0,1.21716951e-07,7.18164245e-07,3.30006787e-06,1.1809957e-05,3.29154791e-05,7.14460839e-05,0.000121031771,0.000160623269,0.000170056359,0.000154183581,0.000145540937,0.000176280737,0.00024454188,0.000308766204,0.000320026535,0.000264649163,0.000173358407,8.97797727e-05,3.66928034e-05,1.18183061e-05,2.9954283e-06,5.96552638e-07,8.28223747e-08,0,0,0,0,0,3.05041652e-07,1.58834564e-06,6.44105921e-06,2.03421077e-05,5.00335118e-05,9.58412347e-05,0.00014297833,0.000166117112,0.000150308973,0.000105920946,5.81306485e-05,2.48459073e-05,8.2704837e-06,2.24457153e-06,1.04104095e-06,2.93342123e-06,1.05138452e-05,3.00449028e-05,6.68661596e-05,0.000115895979,0.000156443202,0.000164464218,0.000134651898,8.58578496e-05,4.26357437e-05,1.64889916e-05,4.96638904e-06,1.16496733e-06,2.12820325e-07,1.77097121e-07,9.93961294e-07,4.40043641e-06,1.51537124e-05,4.10581415e-05,8.82668173e-05,0.000152869965,0.000218023182,0.00026423196,0.000282430527,0.000277495128,0.000263137365,0.000252610305,0.000250127487,0.000255885767,0.000280022708,0.000343643769,0.000463356584,0.000631565053,0.000808471581,0.000941605598,0.00100406189,0.00100699463,0.000972807931,0.000907114008,0.000803489354,0.000667927205,0.000528559904,0.00041650256,0.00034101971,0.000286516704,0.000230880352,0.000165307021,9.93291396e-05,4.83885669e-05,1.8770279e-05,5.73100306e-06,1.36198469e-06,2.55110876e-07,0,0,1.21716951e-07,7.18164245e-07,3.30006787e-06,1.1809957e-05,3.29154791e-05,7.14460839e-05,0.000120776655,0.000159006173,0.000163031422,0.000130266068,8.14727391e-05,4.16921393e-05,2.41264843e-05,3.17008344e-05,6.34175376e-05,0.000111111935,0.000153537228,0.000165495338,0.000138926232,9.08257643e-05,4.62445205e-05,1.83374068e-05,5.96798054e-06,2.95033033e-06,6.6961702e-06,2.03421077e-05,5.00335118e-05,9.58412347e-05,0.00014297833,0.000166117112,0.000150308973,0.000105920946,5.83857582e-05,2.64207119e-05,1.52754874e-05,2.64417995e-05,6.75110277e-05,0.00014831945,0.000263994501,0.000381106249,0.00044818467,0.000430409476,0.000337325706,0.000214999003,0.00011082759,4.59110197e-05,1.51890445e-05,3.99105647e-06,1.12373505e-06,1.71006252e-06,6.44105921e-06,2.03421077e-05,5.00335118e-05,9.58412347e-05,0.00014297833,0.000166117112,0.000150308973,0.000105920946,5.81306485e-05,2.48459073e-05,8.2704837e-06,2.14404236e-06,4.32874685e-07,6.806399e-08,0,0,0,0,0,0,0,0,0,0,0,0,0,0,0,0,0,0,0,0,0,0,0,0,0,0,0,0,0,0,0,0,0,0,0,0,0,0,0,0,0,0,0,0,0,0,0,1.00529206e-07,6.0816626e-07,2.86535715e-06,1.05138452e-05,3.00449028e-05,6.68661596e-05,0.000115895979,0.000156443202,0.000164464218,0.000134651898,8.58578496e-05,4.26357437e-05,1.64889916e-05,4.96638904e-06,1.16496733e-06,2.12820325e-07,0,0,0,0,0,0,0,0,0,0,0,0,0,0,0,0,0,0,0,0,0,0,0,0,0,0,0,0,0,0,0,0,0,0,0,0,0,0,0,0,0,0,0,0,0,0,0,0,0,0,0,0,0,0,0,0,0,0,0,0,0,0,0,0,0,0,0,0,0,0,0,0,0,0,0,0,0,0,0,0,0,0,0,0,0,0,0,0,0,0,0,0,0,0,0,0,0,0,0,0,0,0,0,0,0,0,0,0,0,0,0,0,0,0,0,0,0,0,0,0,0,0,0,0,0,0
0.000158603652,0.000255054387,0.000338740734,0.000396949414,0.00046687611,0.000616331236,0.000876775652,0.00120895857,0.00154903578,0.00185659807,0.00208294578,0.00213871757,0.00196958194,0.00165364239,0.00135652185,0.00118546141,0.00112332555,0.00110800774,0.00113012176,0.00124502066,0.00149796274,0.00185002026,0.00218079193,0.00236613373,0.00234955084,0.00214879168,0.00182773569,0.00147751614,0.00118731568,0.000995517941,0.0008768111,0.000790997758,0.000733679102,0.000730078958,0.000800439215,0.000936616212,0.0010993093,0.00123195513,0.00129089155,0.00127099524,0.0012040548,0.00113404763,0.00109100295,0.00107802101,0.00107069907,0.00103551673,0.000966251479,0.00089503685,0.000845070928,0.000784643926,0.00066091842,0.000472394051,0.000276337814,0.000130829721,5.31222795e-05,2.9825098e-05,4.40490512e-05,8.44989409e-05,0.000134943999,0.000168905128,0.000164734854,0.00012512799,7.40201431e-05,3.41013583e-05,1.23395976e-05,4.04903994e-06,3.79843482e-06,1.17344571e-05,3.47282403e-05,8.35535175e-05,0.000164682089,0.000271989382,0.000386762695,0.000485752011,0.000551055477,0.000575172424,0.000557410822,0.000501010974,0.000420454598,0.000343755702,0.000292601821,0.000267265044,0.000258003041,0.000258856715,0.000266857329,0.000282033288,0.000311331562,0.00036155319,0.000429573556,0.000500219699,0.000549345626,0.000554225117,0.000512612518,0.000448018749,0.000387950975,0.000339661987,0.000290625088,0.000227945828,0.000154399502,8.66256232e-05,3.91804897e-05,1.40864177e-05,3.98563634e-06,8.76417403e-07,1.52298512e-07,0,0,0,0,2.64302003e-07,1.41105431e-06,6.01926195e-06,2.0190515e-05,5.34840219e-05,0.00011448063,0.000202272669,0.000302186498,0.000388434943,0.000430180895,0.000404420221,0.000317106547,0.000209195263,0.000131293811,0.00010988806,0.000135622162,0.00017606988,0.000202117662,0.000208848884,0.000209022604,0.000206251367,0.000187472586,0.000144648468,9.01580715e-05,4.46566155e-05,1.84941127e-05,1.1012281e-05,2.05096003e-05,4.98839436e-05,0.000102039499,0.000171882639,0.000248561351,0.000326527021,0.000403417158,0.000463376316,0.000477304566,0.000429011707,0.000332558091,0.000222415081,0.000133838243,8.98676371e-05,9.47710359e-05,0.000131299559,0.00016614591,0.000169169434,0.000135056966,8.49055723e-05,4.51242813e-05,3.06454531e-05,4.51242813e-05,8.49055723e-05,0.000135056966,0.000168905128,0.000164734854,0.000125198509,7.44686113e-05,3.63226463e-05,2.08039e-05,2.9160019e-05,6.09690178e-05,0.000109863162,0.000155724294,0.00017210198,0.000148129548,9.92942005e-05,5.19219248e-05,2.16072312e-05,9.24422602e-06,1.14043642e-05,2.9454357e-05,6.90010202e-05,0.000132614587,0.000216866916,0.000323662622,0.000470380532,0.00067040039,0.000893351273,0.00105873088,0.00109015778,0.000979284407,0.000789298152,0.000598220387,0.000447015191,0.000333171367,0.000237654109,0.000152211418,8.41126384e-05,4.60224837e-05,4.58619143e-05,8.93564429e-05,0.000174058368,0.00027338363,0.00033683682,0.000324629451,0.000244610535,0.000144100777,6.63641695e-05,2.38911816e-05,6.72245687e-06,1.4782421e-06,2.5399379e-07,0,0,0,0,0,0,0,0,2.2048782e-07,1.2069388e-06,5.14531803e-06,1.70830572e-05,4.42576347e-05,8.9483372e-05,0.000142074263,0.000180062518,0.000190421328,0.000184744044,0.000184206816,0.00019019621,0.000182350443,0.000146900056,9.47281078e-05,4.80147719e-05,1.89980674e-05,5.86696297e-06,1.41105431e-06,2.64302003e-07,2.64302003e-07,1.41105431e-06,5.86696297e-06,1.89980674e-05,4.80147719e-05,9.47281078e-05,0.000146900056,0.000182350443,0.00019019621,0.000184206816,0.000184848192,0.000191051397,0.000183031108,0.000152966895,0.000120610741,0.000113532849,0.000137154537,0.000167224847,0.000171596461,0.000139875934,8.98275539e-05,4.80996605e-05,3.07925329e-05,4.24115351e-05,8.00995185e-05,0.000130292363,0.000167015605,0.000167015605,0.000130071872,7.88925827e-05,3.72662143e-05,1.37094748e-05,3.92783022e-06,8.76417403e-07,1.52298512e-07,0,0,0,0,0,0,0,0,0,0,0,0,0,0,0,0,0,0,0,0,0,0,0,0,0,0,0,0,0,0,0,0,0,0,0,0,0,0,0,0,0,0,0,0,0,0,0,0,0,0,0,0,0,0,0,0,0,0,0,0,0,0,0,0,0,0,0,0,0,0,0,0,0,0,0,0,0,0,0,0,0,0,0,0,0,0,0,0,0,0,0,0,0,0,0,0,0,0,0,0,0,0,0,0,0,0,0,0,0,0,0,0,0,0,0,0,0,0,0,0,0,0,0,0,0,0,0,0,0,0,0,0,0,0,0,0,0,0,0,0,0,0,0,0,0,0,0,0,0,0,0,0,0,0,0,0,0,0,0,0,0,0,0,0,0,0,0,0,0,0,0,0,0,0,0,0,0,0,0,0,0,0,0,0,0,0,0,0
0,8.07586531e-08,1.06550112e-06,6.70839972e-06,3.12079355e-05,0.000114619521,0.000338946207,0.00081556401,0.0016117281,0.00264590257,0.00365727581,0.00432660524,0.0044727982,0.00415312778,0.00357646565,0.00293329707,0.00231710356,0.00177745079,0.00137533515,0.00116121024,0.00113457697,0.0012548957,0.0014704403,0.00171573739,0.00190419459,0.00195986591,0.00186066388,0.00164007035,0.00135569205,0.00106396631,0.000802915893,0.000580123567,0.000387396751,0.000226513715,0.000110638786,4.38369716e-05,1.57417035e-05,1.29938426e-05,3.69760564e-05,0.000108637323,0.000258199201,0.0004900762,0.000747896556,0.000929836358,0.000967053173,0.000882317836,0.000754434208,0.000636056706,0.000525766285,0.000405517232,0.000277388695,0.000162684795,8.17364562e-05,4.23467791e-05,4.39019386e-05,8.54741156e-05,0.000162024138,0.000251377496,0.000316011079,0.000329740345,0.000301352207,0.000261226873,0.000225576936,0.000186439691,0.000135393173,8.09921403e-05,3.85881831e-05,1.44757569e-05,4.23638312e-06,9.69194389e-07,4.214385e-07,1.32804757e-06,5.77058745e-06,1.92749012e-05,5.1036146e-05,0.000108706408,0.00018959037,0.000278397434,0.000356279517,0.000411057321,0.000436084985,0.000423762482,0.000368356879,0.000277591666,0.000176158908,9.20016755e-05,3.91158574e-05,1.45364929e-05,9.96096514e-06,2.39670535e-05,6.62976745e-05,0.000149678133,0.00027212064,0.000405441853,0.000509133853,0.000561032328,0.000570695265,0.000564935792,0.000564293296,0.000567033654,0.000552320329,0.000504152791,0.000430863583,0.000358675548,0.000310411589,0.000294308091,0.00030075229,0.000305556809,0.000284303271,0.000229276411,0.000155016503,8.59024876e-05,3.88953522e-05,1.67329799e-05,1.64630037e-05,4.06540894e-05,9.7887867e-05,0.000186930061,0.000278588326,0.000323552114,0.000292835262,0.000206538069,0.000113520437,4.8623293e-05,1.62296765e-05,4.22152334e-06,8.55697749e-07,1.35164157e-07,0,6.63680098e-08,4.22088561e-07,2.09061818e-06,8.14516352e-06,2.47277403e-05,5.91020398e-05,0.000112385627,0.000173238208,0.000222846036,0.000247586286,0.000243164584,0.000210158425,0.000155299771,9.48431916e-05,4.66409947e-05,1.81779251e-05,5.52183292e-06,1.32804757e-06,2.48754162e-07,0,0,0,0,0,0,0,1.7268431e-07,9.69194389e-07,4.23638312e-06,1.44213518e-05,3.82334147e-05,7.89417172e-05,0.000126939412,0.000158969095,0.000155044152,0.000117767209,6.97465803e-05,3.25962392e-05,1.39355443e-05,1.23218024e-05,2.76722585e-05,6.25355897e-05,0.000114451192,0.000169754217,0.000211392384,0.000234353298,0.000246971147,0.00025982465,0.000282748835,0.000327997579,0.000408258435,0.00053801242,0.000737364637,0.00100852398,0.00128972577,0.00145615963,0.00140189531,0.00113086542,0.000757896982,0.000421957171,0.00020257142,0.000105321815,9.53316267e-05,0.000127507185,0.000158141454,0.000157309405,0.000122420257,7.42516422e-05,3.50739901e-05,1.29030004e-05,3.6967715e-06,8.24861218e-07,1.43339392e-07,0,0,0,0,0,2.97440778e-07,1.54876807e-06,6.28056478e-06,1.98352336e-05,4.87868056e-05,9.34531126e-05,0.000139415672,0.000161977907,0.00014656366,0.000103281673,5.668218e-05,2.42268106e-05,8.06440403e-06,2.09061818e-06,4.22088561e-07,6.63680098e-08,0,0,0,0,0,9.80242731e-08,5.93012317e-07,2.79395977e-06,1.04245519e-05,3.02654535e-05,6.94364135e-05,0.000127429492,0.000190778461,0.000239307919,0.000258408836,0.00024400765,0.000203414311,0.000160094947,0.000155784262,0.000235681946,0.000418372336,0.000662436709,0.000862482819,0.000906550209,0.000764541444,0.000515200431,0.000276560488,0.00011921917,4.65755475e-05,3.2395892e-05,5.48124663e-05,9.86895611e-05,0.000143123776,0.000162180484,0.000143123776,9.83674399e-05,5.26522963e-05,2.19487429e-05,7.12571364e-06,1.80166251e-06,3.54768389e-07,1.08810994e-07,3.54768389e-07,1.80166251e-06,7.12571364e-06,2.19487429e-05,5.26522963e-05,9.83674399e-05,0.000143242476,0.000162880766,0.000146341627,0.000109883127,8.4747604e-05,9.16145655e-05,0.000124892918,0.00015684581,0.000159323885,0.000126993807,7.89417172e-05,3.82334147e-05,1.44213518e-05,4.23638312e-06,9.69194389e-07,1.7268431e-07,0,0,0,0,0,0,0,0,0,0,0,0,0,0,0,0,0,0,0,0,0,0,0,0,0,0,0,0,0,0,0,0,0,0,0,0,0,0,0,0,0,0,0,0,0,0,0,0,0,0,0,0,0,0,0,0,0,0,0,0,0,0,0,0,0,0,0,0,0,0,0,0,0,0,0,0,0,0,0,0,0,0,0,0,0,0,0,0,0,0,0,0,0,0,0,0,0,0,0,0,0,0,0,0,0,0,0,0,0,0,0,0,0,0,0,0,0,0,0,0,0,0,0,0,0,0,0,0,0,0,0,0,0,0,0,0,0,0,0,0,0,0,0,0,0,0,0,0,0,0,0,0,0,0,0,0,0,0,0,0,0,0,0,0,0,0,0,0,0,0,0,0,0,0
0,2.65111225e-07,1.79953759e-06,8.99802035e-06,3.59202131e-05,0.00011818808,0.000325059373,0.000753789092,0.00147967681,0.00246713171,0.00350978342,0.00428618072,0.00454197172,0.00426676357,0.0036829242,0.00303800893,0.00243428326,0.00187301543,0.00139446184,0.00111335039,0.00113222073,0.00145579875,0.00198103138,0.00254273019,0.0029487547,0.00301679294,0.00266920356,0.00202199677,0.00132616016,0.000790708233,0.000472420827,0.000310475705,0.000220020229,0.000150522726,9.33567717e-05,6.07769289e-05,6.38932979e-05,0.000105299376,0.000182834337,0.000299630628,0.00046840444,0.000691066787,0.000926095992,0.00109637552,0.00114578044,0.00108064176,0.000948596862,0.000790620164,0.000622270047,0.000449350046,0.000286440743,0.00015590954,7.24264028e-05,3.6116493e-05,4.13309317e-05,8.56806873e-05,0.000162793134,0.000245605566,0.000291932345,0.000278597639,0.000228750272,0.000191162137,0.000193962536,0.000224605421,0.000249174773,0.00024167505,0.000198354421,0.00013561896,7.76559609e-05,4.38770585e-05,4.64467921e-05,9.56709337e-05,0.000196975685,0.000333187432,0.000457196787,0.000519368215,0.000508055033,0.000458204508,0.000419699412,0.000425007078,0.000475000212,0.000537692569,0.000563268724,0.000518262736,0.000410823006,0.000280539185,0.000170097832,0.000107932079,0.000105103529,0.00015404135,0.000226241697,0.000281286892,0.000292676297,0.000269538781,0.000244528695,0.000239021989,0.000246356853,0.000245301257,0.00022027822,0.000170915606,0.000111601468,6.24490713e-05,3.93679948e-05,5.12367442e-05,0.000101305173,0.000180137999,0.000255913939,0.00028749404,0.00025937063,0.000199693168,0.000154549794,0.000145313083,0.00015670342,0.000162723794,0.000157308576,0.000153744186,0.000158339972,0.000157225993,0.000134409216,9.29195812e-05,5.06751712e-05,2.15935397e-05,7.34178002e-06,2.72723423e-06,4.15213117e-06,1.2913014e-05,3.40777333e-05,7.03613478e-05,0.000113142058,0.000141690354,0.00013819203,0.000104966806,6.20936771e-05,2.86067916e-05,1.02640161e-05,2.86808381e-06,6.24155462e-07,1.05784018e-07,0,0,0,0,0,0,0,0,0,0,0,0,0,0,0,0,0,0,0,0,0,0,0,0,0,0,0,0,1.35861796e-07,8.44764145e-07,4.09611312e-06,1.54887693e-05,4.5896777e-05,0.000106226369,0.000193661195,0.000281345187,0.000335899298,0.000351555034,0.000358135148,0.000387927517,0.000443231431,0.000505183474,0.000566484581,0.000649634865,0.000783526863,0.000958140416,0.00110536965,0.00113884686,0.00102325657,0.00080434914,0.000569596537,0.000382722967,0.000253966893,0.000163497534,9.67608576e-05,5.58267711e-05,5.01364884e-05,8.61851149e-05,0.000159382194,0.000242081675,0.000289798016,0.000275735423,0.000218892717,0.000166747821,0.000148430525,0.000152289969,0.000147289262,0.00011793054,7.47654485e-05,3.70546622e-05,1.43305579e-05,4.31628087e-06,1.01247133e-06,1.8496182e-07,0,0,0,0,0,0,0,0,1.05784018e-07,6.24155462e-07,2.86808381e-06,1.02640161e-05,2.86067916e-05,6.20936771e-05,0.000104966806,0.00013819203,0.000141690354,0.000113142058,7.03613478e-05,3.40777333e-05,1.28538595e-05,3.77592028e-06,9.35830997e-07,6.00397016e-07,2.15683986e-06,8.11443169e-06,2.37752265e-05,5.42522357e-05,9.64132996e-05,0.000133544745,0.000144583653,0.000124343846,9.24955093e-05,8.02983777e-05,0.000109292407,0.000176069501,0.000248489814,0.000282123132,0.000253871491,0.000182343545,0.000110522793,7.2907329e-05,7.83826108e-05,0.000113441893,0.000153411689,0.000178872782,0.000187760976,0.000187387122,0.000177013324,0.000148818406,0.000104500934,5.89771262e-05,2.62658923e-05,9.13756685e-06,2.49027767e-06,5.2855637e-07,8.73697772e-08,0,0,0,0,0,0,0,0,0,0,0,0,0,0,0,0,0,0,0,0,0,0,0,0,0,0,0,0,0,0,0,0,0,0,0,0,0,0,0,0,0,0,0,0,0,0,0,0,0,0,0,0,0,0,0,0,0,0,0,0,0,0,0,0,0,0,0,0,0,0,0,0,0,0,0,0,0,0,0,0,0,0,0,0,0,0,0,0,0,0,0,0,0,0,0,0,0,0,0,0,0,0,0,0,0,0,0,0,0,0,0,0,0,0,0,0,0,0,0,0,0,0,0,0,0,0,0,0,0,0,0,0,0,0,0,0,0,0,0,0,0,0,0,0,0,0,0,0,0,0,0,0,0,0,0,0,0,0,0,0,0,0,0,0,0,0,0,0,0,0,0,0,0,0,0,0,0,0,0,0,0,0,0,0,0,0,0,0,0,0,0,0
3.0235762e-07,2.03818399e-06,9.42271618e-06,3.45703047e-05,0.000105878804,0.000272018631,0.000614103104,0.00124599528,0.00228424487,0.00372146838,0.0052643884,0.00636560237,0.00656436617,0.00584125984,0.0046068877,0.00338060968,0.00250066328,0.0020386856,0.00188583462,0.00190250773,0.00201082206,0.00218081987,0.00237608561,0.00253838254,0.00259392289,0.0024702996,0.00213513616,0.00163948815,0.00111762772,0.000717400806,0.000511760591,0.000466426485,0.000489522587,0.00050567498,0.000484555552,0.000426455459,0.000355581054,0.000314345292,0.000340529659,0.000435903959,0.000558021013,0.00064283039,0.000644927961,0.000569569529,0.000465952297,0.000387053937,0.000353385811,0.000345896318,0.00032809205,0.00028000446,0.000215936714,0.000169648905,0.000159518138,0.000170361614,0.000169322477,0.000138913834,9.02375468e-05,4.58376198e-05,1.8176057e-05,5.61311117e-06,1.35000073e-06,2.52866187e-07,0,0,0,0,0,0,0,5.53048416e-08,3.60632868e-07,1.91353843e-06,7.75271474e-06,2.48941978e-05,6.35668184e-05,0.000131065608,0.000222805218,0.000321758998,0.000408817752,0.000469015096,0.000485702592,0.000441855023,0.000340291066,0.00021499893,0.000109089677,4.41328593e-05,1.52307566e-05,9.01892599e-06,1.88390477e-05,4.61038726e-05,9.11813186e-05,0.000142928868,0.000181957439,0.000200831244,0.000215224252,0.000244934694,0.000285130547,0.000306041416,0.000281991524,0.000215773442,0.00013485158,6.80404919e-05,2.74674348e-05,8.80052721e-06,2.22482186e-06,4.29065864e-07,6.74650948e-08,0,0,0,0,0,0,0,0,0,0,0,0,0,0,0,0,0,0,0,0,0,0,0,0,0,0,0,0,0,0,0,0,0,0,0,0,0,0,0,0,0,0,0,0,0,0,0,0,0,0,0,0,0,0,0,0,0,0,0,0,0,0,0,0,0,5.53048416e-08,3.60632868e-07,1.83144482e-06,7.51198331e-06,2.40854697e-05,6.2368701e-05,0.000134148358,0.000249566365,0.00041728621,0.000635872246,0.000871142838,0.00104982802,0.00110343006,0.00102461758,0.000865587499,0.000682479586,0.000499799266,0.000327136484,0.000182387943,8.33392405e-05,3.05245558e-05,8.80121752e-06,1.99321335e-06,3.56656585e-07,0,0,0,0,0,0,0,0,0,0,0,0,0,0,0,0,0,0,0,0,0,0,0,0,0,1.45708853e-07,8.38496533e-07,3.75788068e-06,1.31162924e-05,3.56537785e-05,7.54790526e-05,0.000124443919,0.000159789168,0.000159789168,0.000124443919,7.54790526e-05,3.56537785e-05,1.31162924e-05,3.75788068e-06,8.93801371e-07,5.06341735e-07,1.83144482e-06,7.24350502e-06,2.23115658e-05,5.35226645e-05,0.000100246361,0.00014683968,0.000170474523,0.000163918608,0.000147483472,0.000150736741,0.000184575838,0.000237283399,0.000293637597,0.000343021122,0.000367689063,0.000343957217,0.000268199597,0.000169576,8.65938637e-05,3.9576953e-05,2.88336323e-05,4.84720076e-05,9.05377601e-05,0.000137771291,0.000164039157,0.000152186272,0.000109958739,6.18743215e-05,2.71154895e-05,9.50732192e-06,3.80986262e-06,6.12232134e-06,1.82581516e-05,4.60131596e-05,9.10118179e-05,0.000142010234,0.000178698901,0.000191051688,0.000190205392,0.000190912091,0.000188712424,0.000166861544,0.00012217382,7.13266418e-05,3.27079542e-05,1.19589085e-05,4.62103162e-06,6.32495676e-06,1.82967033e-05,4.58376198e-05,9.00266023e-05,0.000137703828,0.000164039157,0.000152186272,0.000109958739,6.18743215e-05,2.71154895e-05,9.25445602e-06,2.45986166e-06,5.0920994e-07,8.20936279e-08,0,0,0,0,0,0,0,0,0,0,0,0,0,0,0,0,0,0,0,0,0,0,0,0,0,0,0,0,0,0,0,0,0,0,0,0,0,0,0,0,0,0,0,0,0,0,0,0,0,0,0,0,0,0,0,0,0,0,0,0,0,0,0,0,0,0,0,0,0,0,0,0,0,0,0,0,0,0,0,0,0,0,0,0,0,0,0,0,0,0,0,0,0,0,0,0,0,0,0,0,0,0,0,0,0,0,0,0,0,0,0,0,0,0,0,0,0,0,0,0,0,0,0,0,0,0,0,0,0,0,0,0,0,0,0,0,0,0,0,0,0,0,0,0,0,0,0,0,0,0,0,0,0,0,0,0,0,0,0,0,0,0,0
7.09720698e-05,0.000117598531,0.000154223744,0.000167487291,0.000175580615,0.000233561252,0.000408602151,0.000740279676,0.00120271603,0.00169353455,0.0020723273,0.0022407989,0.0022057367,0.00205922313,0.00189138693,0.00173330412,0.00159221771,0.0015131972,0.00157636555,0.00183212745,0.00225176476,0.00273905019,0.00317166792,0.00343459635,0.00345708057,0.0032565447,0.0029295506,0.00256658066,0.00218729326,0.00177981879,0.00137443817,0.00103590777,0.000797353277,0.00064680184,0.000569829543,0.000563301437,0.000602612447,0.000638345431,0.000635146804,0.000594502373,0.00054073846,0.000498338952,0.00047949783,0.000479974959,0.000487363781,0.000499533024,0.000528650533,0.000577121973,0.000615892466,0.000604359549,0.000530749909,0.000421206496,0.00031082661,0.000224755335,0.000186185789,0.000221719893,0.000337702659,0.000489436556,0.000589648494,0.000569681812,0.000438484625,0.000272595265,0.000150123626,0.000102248436,0.000113645896,0.000146741426,0.00016748684,0.000166568498,0.000160041702,0.000163383971,0.000169226289,0.00015789691,0.000126899205,0.000101995087,0.000121312514,0.00021105331,0.000361500774,0.000514919113,0.000590354204,0.000545148214,0.000414891168,0.000281753775,0.000203898235,0.000178609815,0.000165883306,0.000135658251,8.97872305e-05,4.74485605e-05,2.27952987e-05,2.0139596e-05,4.2417716e-05,9.51592883e-05,0.000178062328,0.000274509512,0.000353074574,0.000383982289,0.000355402328,0.000279049214,0.00018369891,9.98082542e-05,4.40736731e-05,1.56185142e-05,4.38136476e-06,9.76827778e-07,1.64793718e-07,0,0,0,0,0,0,0,0,0,0,0,0,0,0,2.83849602e-07,1.47799915e-06,5.99358236e-06,1.89288894e-05,4.6557554e-05,8.91828895e-05,0.000133045251,0.000154576526,0.000139866621,9.85623483e-05,5.42569542e-05,2.40447062e-05,1.1738719e-05,1.57574777e-05,3.68891888e-05,7.53979184e-05,0.000121139077,0.000151705215,0.00014795961,0.000112385984,6.64825347e-05,3.06287548e-05,1.09894891e-05,3.07080359e-06,6.68271525e-07,1.1326096e-07,0,0,0,0,0,0,5.19195069e-08,3.38557697e-07,1.71933789e-06,6.80011317e-06,2.09458231e-05,5.02464172e-05,9.38726662e-05,0.000136697199,0.000155438131,0.00013965473,0.000104862156,8.0875172e-05,8.74283578e-05,0.000119384131,0.000150762979,0.000156665134,0.000136534451,0.000115008312,0.00011647302,0.000139625598,0.000159747564,0.000156283015,0.00013596678,0.000124441591,0.00013580198,0.000155514994,0.000156673472,0.000130653585,9.87315871e-05,9.75653093e-05,0.000159598378,0.000301412714,0.00051784364,0.000777707726,0.00101930019,0.0011586271,0.00113401609,0.000965100538,0.000746644684,0.000564407441,0.000431712571,0.000316698482,0.000204204945,0.000108730907,4.6385052e-05,1.5610849e-05,4.15483737e-06,8.66306664e-07,1.1326096e-07,0,0,0,0,7.7068492e-08,4.78040022e-07,2.30928799e-06,8.68796997e-06,2.5455689e-05,5.80868509e-05,0.000103227911,0.000142870602,0.000153997942,0.00012927466,8.45158647e-05,4.30317923e-05,1.70634594e-05,5.26951999e-06,1.26736415e-06,2.37387653e-07,0,0,1.1326096e-07,6.68271525e-07,3.07080359e-06,1.09894891e-05,3.06287548e-05,6.64825347e-05,0.000112385984,0.00014795961,0.000151705215,0.000121139077,7.53865024e-05,3.68249457e-05,1.55336438e-05,1.11814779e-05,2.36419892e-05,5.75498816e-05,0.00011670262,0.000194555367,0.000273724727,0.000337819627,0.000382145896,0.000410968234,0.00042817861,0.000437095878,0.000446386402,0.000467479549,0.000503076415,0.000542144931,0.000563882524,0.000544596347,0.000470760628,0.000353202311,0.000224765958,0.00011921626,5.20630747e-05,1.92243642e-05,9.2318669e-06,1.48464205e-05,3.68824585e-05,7.64186188e-05,0.000125760431,0.000167048667,0.000187633326,0.000192279069,0.000191779836,0.000183667216,0.000156564187,0.000110915185,6.2889063e-05,2.80708664e-05,9.78342177e-06,2.66629354e-06,5.659154e-07,9.35451823e-08,0,0,0,0,0,0,0,0,0,0,0,0,0,0,0,0,0,0,0,0,0,0,0,0,0,0,0,0,0,0,0,0,0,0,0,0,0,0,0,0,0,0,0,0,0,0,0,0,0,0,0,0,0,0,0,0,0,0,0,0,0,0,0,0,0,0,0,0,0,0,0,0,0,0,0,0,0,0,0,0,0,0,0,0,0,0,0,0,0,0,0,0,0,0,0,0,0,0,0,0,0,0,0,0,0,0,0,0,0,0,0,0,0,0,0,0,0,0,0,0,0,0,0,0,0,0,0,0,0,0,0,0,0,0,0,0,0,0,0,0,0,0,0,0,0,0,0,0,0,0,0,0,0,0,0,0,0,0,0,0,0,0,0,0,0,0,0,0,0,0,0,0,0,0,0,0,0,0,0,0,0,0,0,0,0
9.20383911e-08,5.56799819e-07,2.89401805e-06,1.17219124e-05,3.79921548e-05,0.000101644873,0.000230423189,0.000451744767,0.00077362865,0.00116048893,0.00152730476,0.00178399275,0.00190314057,0.00193750591,0.00196105009,0.0020032532,0.00205633603,0.00213280297,0.00229315041,0.00261076819,0.00311779277,0.00376926945,0.00442817016,0.0048825941,0.0049154195,0.00442822138,0.00354463188,0.00256932527,0.00178792991,0.00129863655,0.00102827826,0.000866557995,0.000752987922,0.000676904107,0.000639600155,0.000631209929,0.000635092496,0.000643653795,0.000660726975,0.000696785748,0.000764522178,0.000863496971,0.000958203571,0.000988929067,0.00092102011,0.000773890933,0.000598736457,0.000441312237,0.000331645802,0.00028652203,0.000298787578,0.000330099487,0.000337332458,0.000309960509,0.000269666343,0.000236965803,0.000215086984,0.000202132927,0.000195775487,0.000187192549,0.000168170372,0.000146925158,0.000140963239,0.000152425273,0.000160535768,0.000145370621,0.000112180991,8.95570556e-05,0.000108336149,0.000184010321,0.000307600625,0.000441958953,0.000530399906,0.000526062795,0.000426939921,0.000280698179,0.000148216976,6.24289605e-05,2.08690253e-05,5.48201888e-06,1.14580666e-06,1.3458633e-07,0,0,0,0,5.10832052e-08,3.95419562e-07,2.087957e-06,8.65353377e-06,2.81803841e-05,7.21844626e-05,0.000145581464,0.000231520753,0.000290800614,0.000290448224,0.000236803506,0.00017308211,0.000140537173,0.000144502381,0.000156850292,0.000147363622,0.000110906076,6.54116593e-05,3.01353975e-05,1.08124741e-05,3.02134026e-06,6.57507258e-07,1.11436599e-07,0,0,0,0,0,0,0,0,0,1.94845271e-07,1.06657274e-06,4.5469219e-06,1.50963124e-05,3.90346795e-05,7.86061937e-05,0.000123279038,0.000150573367,0.000143229816,0.000106107262,6.12185613e-05,2.75072744e-05,9.62583363e-06,2.62334584e-06,6.07883067e-07,4.2514273e-07,1.69164332e-06,6.74166267e-06,2.09415393e-05,5.11287108e-05,9.90511762e-05,0.000154992318,0.000201713963,0.00022682031,0.000227214827,0.000203986041,0.000163540331,0.000124096827,0.000108279914,0.000122506681,0.000147310944,0.000153209039,0.000127525447,8.32055957e-05,4.23386518e-05,1.67886083e-05,5.18464003e-06,1.24694986e-06,2.3356391e-07,0,7.58271028e-08,4.70339955e-07,2.2720908e-06,8.54802693e-06,2.50456578e-05,5.71512064e-05,0.000101657191,0.000141126075,0.000154140755,0.000136818184,0.000110661786,0.00010355722,0.000122895872,0.00014841446,0.000151820321,0.000123674748,7.97954781e-05,4.47908387e-05,3.67679459e-05,6.96493444e-05,0.000159796604,0.000320005784,0.000542679627,0.000789857411,0.000999682234,0.00110833917,0.00107969576,0.000926374225,0.00070630142,0.000495541375,0.000358519173,0.000323746732,0.000367457396,0.000422657991,0.000423474004,0.000351059338,0.000237726548,0.000130947563,5.84586305e-05,2.10236503e-05,6.05129389e-06,1.38509222e-06,2.3356391e-07,0,0,0,0,0,0,0,6.23152232e-08,3.96313567e-07,1.962954e-06,7.57194857e-06,2.2747392e-05,5.32208651e-05,9.69747416e-05,0.000137613693,0.000152086664,0.000130902205,8.80256484e-05,4.72618158e-05,2.45210285e-05,2.45210285e-05,4.72618158e-05,8.80256484e-05,0.000130902205,0.000152086664,0.000137613693,9.69747416e-05,5.33323e-05,2.34048985e-05,1.05932886e-05,1.27754283e-05,3.05317117e-05,6.54739706e-05,0.000110575711,0.000145576327,0.000149261599,0.000119187811,7.41211188e-05,3.58986763e-05,1.35407072e-05,4.21125105e-06,2.15696014e-06,5.34677974e-06,1.67886083e-05,4.23386518e-05,8.31545112e-05,0.000127192354,0.000151517408,0.000140569289,0.000101565158,5.71512064e-05,2.50456578e-05,8.54802693e-06,2.2720908e-06,4.70339955e-07,7.58271028e-08,0,0,0,0,0,0,0,0,0,0,0,0,0,0,0,0,0,0,0,0,0,0,0,0,0,0,0,0,0,0,0,0,0,0,0,0,0,0,1.11436599e-07,6.57507258e-07,3.02134026e-06,1.08124741e-05,3.01353975e-05,6.54116593e-05,0.000110575711,0.000145576327,0.000149261599,0.000119187811,7.41211188e-05,3.58986763e-05,1.35407072e-05,3.9776869e-06,9.10010158e-07,1.62139287e-07,1.3458633e-07,7.74490786e-07,3.47102696e-06,1.21150742e-05,3.29321847e-05,6.97174401e-05,0.000114944625,0.000147591825,0.000147591825,0.000114944625,6.97174401e-05,3.29321847e-05,1.21150742e-05,3.47102696e-06,7.74490786e-07,1.3458633e-07,0,0,0,0,0,0,0,0,0,0,0,0,0,0,0,0,0,0,0,0,0,0,0,0,0,0,0,0,0,0,0,0,0,0,0,0,0,0,0,0,0,0,0,0,0,0,0,0,0,0,0,0,0,0,0,0,0,0,0,0,0,0,0,0,0,0,0,0,0,0,0,0,0,0,0,0,0,0,0,0,0,0,0,0,0,0,0,0,0,0,0,0,0,0,0,0,0,0,0,0,0,0,0,0,0,0,0,0,0,0,0,0,0,0,0,0,0,0,0,0,0,0,0,0,0,0,0,0,0,0,0,0,0,0
1.50052628e-07,4.79152231e-06,3.27789967e-05,0.000153310786,0.000566658331,0.00166933949,0.00392772164,0.00739237433,0.0111532705,0.0135418838,0.0133619867,0.0109839002,0.00794197433,0.00551247224,0.00395145034,0.00290457136,0.0020597456,0.0013372479,0.000768445432,0.000381907215,0.000159425239,5.45681251e-05,1.49632097e-05,3.44597447e-06,2.03577201e-06,6.95799099e-06,2.6442227e-05,7.90659033e-05,0.000188380378,0.000360607053,0.000560817134,0.000720751239,0.000785633689,0.000754996145,0.000671903545,0.000576630642,0.000480131101,0.000379590638,0.000286558585,0.000226978242,0.000211786653,0.000217167646,0.000204809257,0.000159430929,9.84562212e-05,4.82521755e-05,2.18059649e-05,2.09771006e-05,5.06891847e-05,0.000121655285,0.000232247519,0.000346126501,0.000401990867,0.000363827305,0.000256609084,0.000141041208,6.04110392e-05,2.01642379e-05,5.24494726e-06,1.06314462e-06,1.67932001e-07,0,0,0,0,0,0,0,0,0,0,0,0,0,0,3.09059658e-07,1.6500062e-06,6.86049088e-06,2.22152521e-05,5.6023935e-05,0.000110032859,0.000168305211,0.000200492941,0.000186006029,0.000134394446,7.56244044e-05,3.31412593e-05,1.13110382e-05,3.00650709e-06,6.22369726e-07,1.00336976e-07,0,0,0,0,0,0,0,0,0,0,0,0,0,0,0,0,0,0,0,0,0,0,0,3.09059658e-07,1.6500062e-06,6.86049088e-06,2.22152521e-05,5.6023935e-05,0.000110032859,0.000168305211,0.000200492941,0.000186006029,0.000134394446,7.56244044e-05,3.31412593e-05,1.13110382e-05,3.00650709e-06,6.22369726e-07,1.00336976e-07,0,0,0,0,0,0,0,0,0,0,0,0,0,0,0,0,0,0,0,0,0,0,0,0,0,0,0,0,0,0,0,0,0,0,0,0,0,0,0,0,0,0,0,0,0,3.09059658e-07,1.6500062e-06,6.86049088e-06,2.22152521e-05,5.6023935e-05,0.000110032859,0.000168305211,0.000200492941,0.000186006029,0.000134394446,7.56244044e-05,3.31412593e-05,1.13110382e-05,3.00650709e-06,6.22369726e-07,1.00336976e-07,0,0,0,0,0,0,0,0,0,0,0,0,0,0,0,0,0,0,0,0,0,0,0,0,0,0,0,0,0,0,0,0,0,0,0,0,0,0,0,0,0,0,0,0,0,0,0,0,0,0,0,0,0,0,0,0,0,0,0,0,0,0,0,0,0,0,0,0,0,0,0,0,0,0,0,0,0,0,0,0,0,0,0,0,0,0,0,0,0,0,0,0,0,0,0,0,0,0,0,0,0,0,0,0,0,0,0,0,0,0,0,0,0,0,0,0,0,0,0,0,0,0,0,0,0,0,0,0,0,0,0,0,0,0,0,0,0,0,0,0,0,0,0,0,0,0,0,0,0,0,0,0,0,0,0,0,0,0,0,0,0,0,0,0,0,0,0,0,0,0,0,0,0,0,0,0,0,0,0,0,0,0,0,0,0,0,0,0,0,0,0,0,0,0,0,0,0,0,0,0,0,0,0,0,0,0,0,0,0,0,0,0,0,0,0,0,0,0,0,0,0,0,0,0,0,0,0,0,0,0,0,0,0,0,0,0,0,0,0,0,0,0,0,0,0,0,0,0,0,0,0,0,0,0,0,0,0,0,0,0,0,0,0,0,0,0,0,0,0,0
0,1.22609958e-06,1.56949518e-05,8.19085471e-05,0.000332205906,0.00106315466,0.00268865842,0.00538076181,0.00854099356,0.010789372,0.0108997915,0.0088741472,0.00591756823,0.00338721788,0.00190979126,0.00132996845,0.00116293004,0.00102366821,0.000799755973,0.000572192133,0.000430982909,0.000373726391,0.000338304701,0.00029029866,0.000253145728,0.000264183094,0.000323393935,0.000389431836,0.00041846247,0.000408617663,0.000417823176,0.000537440763,0.000826726086,0.00125645718,0.00170965807,0.00204899465,0.00220114528,0.00220320513,0.00217218255,0.00220034365,0.00225604745,0.00220686523,0.00195421628,0.00152854633,0.00105577358,0.000660878199,0.000403490849,0.00026754156,0.000195695015,0.000139650714,8.59634747e-05,4.27860796e-05,1.68509341e-05,5.18464367e-06,1.24695077e-06,2.33564066e-07,0,0,0,0,0,0,0,0,0,0,0,0,0,0,0,0,0,0,0,0,0,0,0,0,0,0,0,0,0,0,0,0,0,0,0,0,0,0,0,0,0,0,0,0,0,0,0,0,0,0,0,0,0,0,0,0,0,0,0,0,0,0,0,0,0,0,0,0,0,0,0,0,0,0,0,0,0,0,0,0,0,9.20384551e-08,5.56800217e-07,2.62334765e-06,9.62583999e-06,2.75072925e-05,6.1218605e-05,0.000106107334,0.000143229918,0.000150573469,0.000123279126,7.86062446e-05,3.9034705e-05,1.50963233e-05,4.54692508e-06,1.06657353e-06,1.94845398e-07,0,2.33564066e-07,1.24695077e-06,5.18464367e-06,1.67886192e-05,4.23386846e-05,8.31545694e-05,0.000127192441,0.00015151751,0.000140569391,0.000101565223,5.71512464e-05,2.50456742e-05,8.54803329e-06,2.27209239e-06,4.70340268e-07,7.58271526e-08,0,7.58271526e-08,4.70340268e-07,2.36413075e-06,9.10483323e-06,2.76690243e-05,6.67770873e-05,0.000129072519,0.000201899427,0.000258282351,0.0002734437,0.000244540541,0.000195753237,0.000160806565,0.00015479514,0.000161919699,0.000154042194,0.000120254474,7.43160126e-05,3.58987018e-05,1.35407163e-05,3.97768963e-06,9.10010783e-07,1.62139401e-07,0,0,0,0,0,0,0,0,0,0,0,0,0,0,0,0,0,6.23152658e-08,3.96313851e-07,1.96295537e-06,7.57195403e-06,2.27474084e-05,5.32209015e-05,9.69748071e-05,0.000137613795,0.000152086766,0.000130902292,8.77464263e-05,4.58076538e-05,1.86240013e-05,5.89704405e-06,1.45419301e-06,2.79277657e-07,0,0,0,0,0,0,0,0,0,0,0,0,0,0,0,0,0,0,0,0,0,0,0,0,0,0,0,0,9.20384551e-08,5.56800217e-07,2.62334765e-06,9.62583999e-06,2.75072925e-05,6.1218605e-05,0.000106107334,0.000143229918,0.000150573469,0.000123279126,7.86062446e-05,3.9034705e-05,1.50963233e-05,4.54692508e-06,1.06657353e-06,1.94845398e-07,0,0,0,0,0,0,0,0,0,0,0,0,0,0,0,0,0,0,0,0,0,0,0,0,0,0,0,0,0,0,0,0,0,0,0,0,0,0,0,0,0,0,0,0,0,0,0,0,0,0,0,0,0,0,0,0,0,0,0,0,0,0,0,0,0,0,0,0,0,0,0,0,0,0,0,0,0,0,0,0,0,0,0,0,0,0,0,0,0,0,0,0,0,0,0,0,0,0,0,0,0,0,0,0,0,0,0,0,0,0,0,0,0,0,0,0,0,0,0,0,0,0,0,0,0,0,0,0,0,0,0,0,0,0,0,0,0,0,0,0,0,0,0,0,0,0,0,0,0,0,0,0,0,0,0,0,0,0,0,0,0,0,0,0,0,0,0,0,0,0,0,0,0,0,0,0,0,0,0,0,0,0,0,0,0,0,0,0,0,0
2.6388434e-06,3.38815116e-05,0.000176001326,0.000711959379,0.00225218968,0.00557320146,0.0107923765,0.0163618065,0.0194297507,0.0180833749,0.0131995808,0.007562079,0.00340325199,0.00120427774,0.000335409597,7.36025831e-05,1.20581562e-05,2.0336422e-06,6.13112707e-06,1.93632804e-05,4.76259847e-05,9.12295218e-05,0.000136098461,0.000158123847,0.000143076366,0.000100824218,5.53335049e-05,2.36503656e-05,7.87252247e-06,2.04087473e-06,4.12045523e-07,6.47888712e-08,0,0,0,0,0,0,0,0,0,0,0,0,0,0,0,0,0,0,0,0,0,0,0,0,0,0,0,0,0,0,0,0,0,0,0,0,0,0,0,0,0,0,0,0,0,0,0,0,0,0,0,0,0,0,0,0,0,0,0,0,0,0,0,0,0,0,0,0,0,0,0,0,0,0,0,0,0,0,0,0,0,0,0,0,0,0,0,0,0,0,0,0,0,0,0,0,0,0,0,0,0,0,0,0,0,0,0,0,0,0,0,0,0,0,0,0,0,0,0,0,0,0,0,0,0,0,0,0,0,0,0,0,0,0,0,0,0,0,0,0,0,0,0,0,0,0,0,0,0,0,0,0,0,0,0,0,0,0,0,0,0,0,0,0,0,0,0,0,0,0,0,0,0,0,0,0,0,0,0,0,0,0,0,0,0,0,0,0,0,0,0,0,0,0,0,0,0,0,0,0,0,0,0,0,0,0,0,0,0,0,0,0,0,0,0,0,0,0,0,0,0,0,0,0,0,0,0,0,0,0,0,0,0,0,0,0,0,0,0,0,0,0,0,0,0,0,0,0,0,0,0,0,0,0,0,0,0,0,0,0,0,0,0,0,0,0,0,0,0,0,0,0,0,0,0,0,0,0,0,0,0,0,0,0,0,0,0,0,0,0,0,0,0,0,0,0,0,0,0,0,0,0,0,0,0,0,0,0,0,0,0,0,0,0,0,0,0,0,0,0,0,0,0,0,0,0,0,0,0,0,0,0,0,0,0,0,0,0,0,0,0,0,0,0,0,0,0,0,0,0,0,0,0,0,0,0,0,0,0,0,0,0,0,0,0,0,0,0,0,0,0,0,0,0,0,0,0,0,0,0,0,0,0,0,0,0,0,0,0,0,0,0,0,0,0,0,0,0,0,0,0,0,0,0,0,0,0,0,0,0,0,0,0,0,0,0,0,0,0,0,0,0,0,0,0,0,0,0,0
1.52842702e-07,2.51711413e-06,1.55002417e-05,6.96265051e-05,0.000249222823,0.0007200361,0.00168602599,0.00321608246,0.00503352331,0.00653269282,0.00713469461,0.0066857636,0.00550602935,0.00409354083,0.00282418123,0.00186982215,0.00127751858,0.0010523987,0.00117177144,0.00153599051,0.0019330217,0.0021078838,0.0019388498,0.001540725,0.00115459913,0.000934986107,0.000859296415,0.00081627263,0.000739938347,0.000653987518,0.000617341429,0.000654286589,0.000738625065,0.000822249509,0.000862814253,0.00083595945,0.000742766075,0.000615831348,0.000512312166,0.000486187259,0.000551575969,0.000660689198,0.000728048733,0.000695299415,0.000577006547,0.000437723007,0.000331562624,0.000272803649,0.000250997837,0.000252185797,0.000262659363,0.000267618685,0.000262171554,0.000261062611,0.00028482487,0.00033309625,0.000379893609,0.000394588278,0.000360987004,0.000283886824,0.000187436963,0.000103813007,5.50169098e-05,4.53517387e-05,6.5570981e-05,9.76834199e-05,0.000119087395,0.00011592068,9.50758622e-05,7.8824989e-05,8.42168592e-05,0.000108321728,0.000133341789,0.000146002465,0.000148607229,0.000148232153,0.000142490375,0.000125368533,0.000103306265,9.32897092e-05,0.00010301212,0.000119428223,0.000121679048,0.000103778213,8.15504391e-05,7.64293509e-05,9.55798823e-05,0.000127003179,0.000152903391,0.000165155478,0.000165155478,0.000152903391,0.000127003179,9.57630982e-05,7.74075015e-05,8.55579492e-05,0.000116578776,0.000153327579,0.000179311668,0.000189048413,0.000187404614,0.000188636914,0.000215175314,0.000285914954,0.000396640011,0.000513167877,0.000584833848,0.000571654527,0.000471406762,0.000325319095,0.000192458989,0.000116548552,0.000114904717,0.000184545468,0.000305682479,0.000440653181,0.000543567352,0.00058310217,0.000558160129,0.000487553974,0.000389377266,0.000277241634,0.00016929768,8.55981416e-05,3.49767506e-05,1.13855067e-05,2.89448712e-06,5.89613819e-07,2.55412601e-07,9.78146318e-07,4.15440809e-06,1.3685275e-05,3.55817938e-05,7.37106384e-05,0.000123412785,0.00017016592,0.000197005967,0.00019386549,0.000161916643,0.000113141235,6.48482528e-05,2.99423427e-05,1.09907014e-05,3.17970262e-06,7.13840336e-07,2.54374214e-07,7.53911593e-07,3.38151904e-06,1.19487304e-05,3.34083416e-05,7.43088167e-05,0.00013227461,0.000189688828,0.000220446149,0.000209756516,0.000168567858,0.00012670971,0.000109105982,0.000116218012,0.000127945503,0.000126937841,0.000116706899,0.000113290815,0.000121351201,0.000126405779,0.000112324757,8.01076458e-05,4.49755826e-05,2.01234379e-05,9.02447027e-06,1.06600801e-05,2.7194812e-05,6.4247135e-05,0.000122013822,0.000184804478,0.000223529365,0.000216281856,0.000167789898,0.000106190782,6.12437507e-05,4.7892685e-05,6.42278683e-05,9.51576731e-05,0.000118324904,0.000118301672,9.99085532e-05,8.45227041e-05,8.88681388e-05,0.000108255284,0.000121225014,0.000110782697,7.97582834e-05,4.48906685e-05,2.00644263e-05,8.79851814e-06,1.00274401e-05,2.59552162e-05,6.27344343e-05,0.000121418969,0.000186336925,0.000226930642,0.000219848473,0.000171401931,0.000114446804,8.39678105e-05,9.64657447e-05,0.000143929792,0.000198080263,0.000224680611,0.000205593999,0.00015108459,8.88681388e-05,4.16934017e-05,1.5539541e-05,4.58276281e-06,1.0655607e-06,1.83214809e-07,0,0,0,0,0,0,0,0,0,8.74143424e-08,5.15769159e-07,2.37003337e-06,8.481642e-06,2.36391461e-05,5.13109444e-05,8.67390336e-05,0.000114194612,0.000117085452,9.34946365e-05,5.81429122e-05,2.81600423e-05,1.06217531e-05,3.12022166e-06,7.13840336e-07,1.27187107e-07,0,0,0,0,0,0,0,0,0,0,0,0,0,0,0,0,0,0,0,0,0,0,0,0,0,0,0,0,0,0,0,0,0,0,0,0,0,0,0,0,0,0,0,0,0,0,0,0,0,0,0,0,0,0,0,0,0,0,0,0,0,0,0,0,0,0,0,0,0,0,0,0,0,0,0,0,0,0,0,0,0,0,0,0,0,0,0,0,0,0,0,0,0,0,0,0,0,0,0,0,0,0,0,0,0,0,0,0,0,0,0,0,0,0,0,0,0,0,0,0,0,0,0,0,0,0,0,0,0,0,0,0,0,0,0,0,0,0,0,0,0,0,0,0,0,0,0,0,0,0,0,0,0,0,0,0,0,0,0,0,0,0,0,0,0,0,0,0,0,0,0,0,0,0,0,0,0,0,0,0,0,0,0,0,0,0,0,0,0,0,0,0,0,0,0,0,0,0,0,0,0,0,0,0,0,0,0,0,0,0,0,0,0,0,0,0,0,0,0
0,0,0,3.26228974e-06,3.05828144e-05,0.00015734625,0.000626650522,0.00196388806,0.00485290866,0.009476359,0.0146630788,0.018048754,0.0177740827,0.0141276605,0.00919366907,0.00501489174,0.00237876922,0.00102852273,0.000420580822,0.000161379256,5.58292377e-05,1.66877544e-05,4.18332183e-06,7.84307815e-07,1.29645215e-07,0,0,0,0,0,0,0,0,0,0,0,0,0,0,0,0,0,0,0,0,0,0,0,0,0,0,0,0,0,0,0,0,0,0,0,0,0,0,0,0,0,0,0,0,0,0,0,0,0,0,0,0,0,0,0,0,0,0,0,0,0,0,0,0,0,0,0,0,0,0,0,0,0,0,0,0,0,0,0,0,0,0,0,0,0,0,0,0,0,0,0,0,0,0,0,0,0,0,0,0,0,0,0,0,0,0,0,0,0,0,0,0,0,0,0,0,0,0,0,0,0,0,0,0,0,0,0,0,0,0,0,0,0,0,0,0,0,0,0,0,0,0,0,0,0,0,0,0,0,0,0,0,0,0,0,0,0,0,0,0,0,0,0,0,0,0,0,0,0,0,0,0,0,0,0,0,0,0,0,0,0,0,0,0,0,0,0,0,0,0,0,0,0,0,0,0,0,0,0,0,0,0,0,0,0,0,0,0,0,0,0,0,0,0,0,0,0,0,0,0,0,0,0,0,0,0,0,0,0,0,0,0,0,0,0,0,0,0,0,0,0,0,0,0,0,0,0,0,0,0,0,0,0,0,0,0,0,0,0,0,0,0,0,0,0,0,0,0,0,0,0,0,0,0,0,0,0,0,0,0,0,0,0,0,0,0,0,0,0,0,0,0,0,0,0,0,0,0,0,0,0,0,0,0,0,0,0,0,0,0,0,0,0,0,0,0,0,0,0,0,0,0,0,0,0,0,0,0,0,0,0,0,0,0,0,0,0,0,0,0,0,0,0,0,0,0,0,0,0,0,0,0,0,0,0,0,0,0,0,0,0,0,0,0,0,0,0,0,0,0,0,0,0,0,0,0,0,0,0,0,0,0,0,0,0,0,0,0,0,0,0,0,0,0,0,0,0,0,0,0,0,0,0,0,0,0,0,0,0,0,0,0,0,0,0,0,0,0,0,0,0,0,0,0,0,0,0,0,0,0,0,0,0,0,0,0
0,7.50157426e-07,6.37865969e-06,3.25711771e-05,0.000131381355,0.000419252872,0.00108055852,0.0022764192,0.00396817503,0.00578689529,0.00710756751,0.00735671353,0.00639120536,0.00464503327,0.00285052555,0.00155626342,0.000888320268,0.000684870291,0.000749812985,0.000960797537,0.00122296822,0.00142484473,0.00148401165,0.0014015577,0.00122884603,0.0010108446,0.000788135163,0.000619804545,0.000571490615,0.000679882825,0.000928991707,0.00124784315,0.00154292071,0.00174265157,0.00181202381,0.00174151827,0.00154968095,0.00129907194,0.00107529759,0.000928092049,0.000841409783,0.000773945823,0.000711450994,0.00066029944,0.000609817449,0.000533858081,0.000427754916,0.000320332561,0.000244004623,0.000204283686,0.000185043857,0.000176878573,0.00018827281,0.000230126258,0.000302196771,0.000398635748,0.000509994861,0.000606853573,0.000636689074,0.000562436588,0.000405617757,0.000234536696,0.00010758084,3.89517336e-05,1.10461115e-05,2.46932518e-06,4.11342853e-07,0,0,0,0,1.78494687e-07,9.77070499e-07,4.16536341e-06,1.38294945e-05,3.57590543e-05,7.20098978e-05,0.000112933994,0.000137937895,0.000131210589,9.72031921e-05,5.6337205e-05,2.6679676e-05,1.50539054e-05,2.33640876e-05,5.64159309e-05,0.000119952492,0.000210321901,0.000309861702,0.000397214899,0.000460389798,0.000493958767,0.0004905893,0.000449183746,0.000389226305,0.000339737308,0.000309706869,0.000280960812,0.000233088154,0.000168548577,0.000110793313,8.3700681e-05,9.31060058e-05,0.000121573634,0.000139991826,0.000128987274,9.30422393e-05,5.25038558e-05,2.37775803e-05,1.14746099e-05,1.469982e-05,3.44593973e-05,7.28687519e-05,0.0001253995,0.000179165872,0.000222196977,0.000252033933,0.000272028672,0.000282627094,0.000281647197,0.000268866366,0.000244760391,0.000207179575,0.000155753733,9.94288785e-05,5.29242243e-05,2.68430449e-05,2.40997724e-05,4.37618728e-05,8.07461256e-05,0.000119974531,0.000139324198,0.000126065745,8.88370341e-05,4.8754795e-05,2.08385281e-05,6.93654283e-06,1.79823121e-06,3.63056643e-07,5.70859946e-08,0,0,0,0,4.67965187e-08,3.05151644e-07,1.54968791e-06,6.12913436e-06,1.88790636e-05,4.52885179e-05,8.46100884e-05,0.000123106962,0.000139498457,0.000123106962,8.46100884e-05,4.52885179e-05,1.88790636e-05,6.12913436e-06,1.54968791e-06,3.05151644e-07,4.67965187e-08,0,0,0,0,0,0,0,0,0,0,0,0,1.02085309e-07,6.02332022e-07,2.76780224e-06,9.90513763e-06,2.77554464e-05,6.08300725e-05,0.000105614163,0.00014954299,0.000184055476,0.000218041081,0.000266212388,0.000322239561,0.000356540288,0.000345123,0.000290081109,0.000211683437,0.000132580157,6.96956195e-05,2.99898966e-05,1.03588227e-05,2.99309318e-06,1.57940246e-06,4.26744873e-06,1.38294945e-05,3.57590543e-05,7.20098978e-05,0.000112933994,0.000137937895,0.000131210589,9.72031921e-05,5.60813642e-05,2.51989804e-05,8.96660822e-06,3.23685163e-06,4.15397199e-06,1.24887438e-05,3.28862152e-05,6.79011864e-05,0.000109186076,0.000136736198,0.000133360183,0.000101296668,5.99225932e-05,2.76065639e-05,9.90513763e-06,2.76780224e-06,6.02332022e-07,1.02085309e-07,0,0,0,0,0,0,0,0,0,0,0,0,0,0,0,0,0,0,0,5.70859946e-08,3.63056643e-07,1.79823121e-06,7.06309311e-06,2.16324552e-05,5.26344556e-05,0.000103604289,0.000169905295,0.000240797352,0.000303594919,0.000342158659,0.00034092908,0.000302252301,0.000250798825,0.000208147321,0.000172020955,0.000130069195,8.2857543e-05,4.24334467e-05,1.70611438e-05,5.40218525e-06,1.33216247e-06,2.55841684e-07,0,0,0,2.13964213e-07,1.14231113e-06,4.74956732e-06,1.53797791e-05,3.87857726e-05,7.61765405e-05,0.00011651891,0.000138802716,0.000128773318,9.30422393e-05,5.23553208e-05,2.2943932e-05,7.830713e-06,2.0814266e-06,4.30871012e-07,6.9464015e-08,0,0,0,0,0,0,0,0,0,0,0,0,0,0,0,0,0,1.02085309e-07,6.02332022e-07,2.76780224e-06,9.90513763e-06,2.76065639e-05,5.99225932e-05,0.000101296668,0.000133360183,0.000136736198,0.000109186076,6.79011864e-05,3.28862152e-05,1.24044282e-05,3.64389643e-06,8.3364597e-07,1.48533246e-07,0,0,0,0,0,0,0,0,0,0,0,0,0,0,0,0,0,0,0,0,0,0,0,0,0,0,0,0,0,0,0,0,0,0,0,0,0,0,0,0,0,0,0,0,0,0,0,0,0,0,0,0,0,0,0,0,0,0,0,0,0,0,0,0,0,0,0,0,0,0,0,0,0,0,0,0,0,0,0,0,0,0,0,0,0,0,0,0,0,0,0,0,0,0,0,0,0,0,0,0,0,0,0,0,0,0,0,0,0,0,0,0,0,0,0,0,0,0,0,0,0,0,0,0,0,0,0,0,0,0,0,0,0,0,0,0,0,0,0,0,0,0,0,0,0,0
5.84550935e-06,1.9441959e-05,5.16341715e-05,0.000110285808,0.000191260202,0.000275052647,0.000341397797,0.000394887087,0.000465790799,0.000576564868,0.000708474428,0.000817081018,0.000875081925,0.000881969463,0.000836477091,0.00073893636,0.000632843643,0.000628601469,0.000855420716,0.00137109356,0.00209479104,0.00282437471,0.0033362573,0.00349564827,0.00331101357,0.00290264352,0.00240326254,0.00187598018,0.00134298054,0.000865552574,0.000536801585,0.000394541566,0.000387880544,0.000433039386,0.000480118673,0.000521932729,0.000561355904,0.000591574761,0.000606905262,0.000610826246,0.000607429887,0.000607274298,0.000646510336,0.000759057002,0.000905102934,0.00096942333,0.000871199241,0.00065674854,0.000449850049,0.00033057353,0.00028926009,0.000279144268,0.000273468642,0.000264947739,0.000243170609,0.000199483678,0.000146919861,0.00011840948,0.000141050332,0.000210897284,0.000287354429,0.000318561302,0.000285484159,0.000218998524,0.000165991209,0.000149201296,0.000166977523,0.000220697562,0.000317578495,0.000437527458,0.000519958558,0.000511004007,0.000422442768,0.000322654261,0.000267005147,0.000257254607,0.000269424083,0.000303816167,0.000383071863,0.000501386763,0.000603389984,0.000636623416,0.000610941206,0.000577828381,0.000559655775,0.000533793413,0.000488357793,0.000461815478,0.000502940326,0.000601883628,0.000681568752,0.000665462983,0.000551535108,0.000413062022,0.00032957588,0.000323142478,0.000356269127,0.000375430158,0.00035295586,0.000299622945,0.000247794611,0.000219915572,0.00021061096,0.00019735664,0.000164890458,0.000118804652,7.86796008e-05,6.2361687e-05,7.33975758e-05,0.000100745856,0.000130484448,0.000162508426,0.000210564787,0.000278738997,0.000343642198,0.000376007083,0.000374951254,0.000362736522,0.000348451053,0.000319820363,0.000271722354,0.000224686257,0.000205802266,0.000216361557,0.000228337783,0.000216128537,0.000187609839,0.000173411987,0.000187844897,0.000209805497,0.000205431425,0.000163867211,0.000105291656,5.88111798e-05,4.08818341e-05,5.12812221e-05,7.78446265e-05,0.000101347985,0.000106077881,9.3325325e-05,8.24958552e-05,9.482514e-05,0.000133726819,0.000178819872,0.000199759757,0.000180174509,0.000130102548,7.49775063e-05,3.43696956e-05,1.24921507e-05,3.74950514e-06,1.67201347e-06,3.70916405e-06,1.15757721e-05,2.94374149e-05,5.86621427e-05,9.33319679e-05,0.000123206642,0.000145776197,0.000170048239,0.000200319919,0.000221798386,0.000214698375,0.000181509837,0.000148204606,0.000136509203,0.000145037498,0.00015943397,0.000171753636,0.00018711455,0.000219303343,0.000279981032,0.000358563295,0.000413344678,0.000399779296,0.000314197241,0.00019994899,0.000109088956,6.78906727e-05,7.40611285e-05,0.000110045694,0.000155427348,0.000196898822,0.000237114509,0.000291781151,0.000372813811,0.000469139748,0.000548407144,0.00058104028,0.000559307227,0.000497597968,0.000422771845,0.00035775156,0.000304619229,0.000249198842,0.000188722959,0.000144809906,0.000142823948,0.000185657613,0.000246714597,0.000285546324,0.000273206912,0.000212043553,0.000132046,6.53901661e-05,2.5717778e-05,8.60591626e-06,5.03277397e-06,1.07625374e-05,2.69144748e-05,5.41990994e-05,8.50011056e-05,0.000103820581,9.87571912e-05,7.3161129e-05,4.22103003e-05,1.89663097e-05,6.68931125e-06,2.13310136e-06,1.95052462e-06,5.95733945e-06,1.73808166e-05,4.00333047e-05,7.27719598e-05,0.000106259096,0.000129223699,0.000138805961,0.000139515367,0.000132185523,0.000112404239,8.19876805e-05,5.3970416e-05,4.4585202e-05,6.39601567e-05,0.000113798807,0.000188439342,0.000275930739,0.000358287652,0.00041338196,0.000423927733,0.00038995652,0.000329765404,0.00027015002,0.000236904918,0.000249098608,0.000306687463,0.000378600147,0.000416762196,0.000396043615,0.00033815467,0.000284867245,0.000253093574,0.00022814743,0.000196321402,0.00016707959,0.000159458563,0.000177150068,0.000205734526,0.000229062876,0.000242161725,0.000247156568,0.000242408889,0.000221754308,0.000185333527,0.000147702522,0.000129371008,0.000139792246,0.000171485386,0.000209293124,0.000237608896,0.00024091189,0.000209439851,0.000151021173,8.86283669e-05,4.34859212e-05,2.35562366e-05,2.71413901e-05,4.90911043e-05,7.94155494e-05,0.000101764803,0.000101764803,7.92545034e-05,4.80702874e-05,2.27067958e-05,8.35336323e-06,2.39327869e-06,5.34012656e-07,9.27974924e-08,0,0,0,0,0,0,0,0,0,1.11795302e-07,6.2745346e-07,2.74262175e-06,9.33633964e-06,2.47521966e-05,5.11066319e-05,8.21801877e-05,0.000102916114,0.000100375117,7.62421332e-05,4.51014457e-05,2.07784069e-05,7.45521857e-06,2.08321899e-06,4.53352328e-07,7.68357111e-08,0,0,0,5.22829104e-08,3.24300174e-07,1.56661031e-06,5.89387901e-06,1.72690216e-05,3.94058516e-05,7.00293385e-05,9.69227549e-05,0.000104471495,8.76993363e-05,5.73351717e-05,2.91925699e-05,1.15757721e-05,3.57481804e-06,8.59773991e-07,2.95388844e-07,7.3540366e-07,3.13510986e-06,1.04089322e-05,2.69144748e-05,5.41990994e-05,8.50011056e-05,0.000103820581,9.87571912e-05,7.3161129e-05,4.22103003e-05,1.89663097e-05,6.63702804e-06,1.80880113e-06,3.83914369e-07,6.34606181e-08,0,0,0,0,0,0,0,0,0,0,0,0,0,0,0,0,0,0,0,0,0,0,0,0,0,0,0,0,0,0,0,0,0,0,0,0,0,0,0,0,0,0,0,0,0,0,0,0,0,0,0,0,0,0,0,0,0,0,0,0,0,0,0,0,0,0,0,0,0,0,0,0,0,0,0,0,0,0,0,0,0,0,0,0,0,0,0,0,0,0,0,0,0,0,0,0,0,0,0,0,0,0,0,0,0,0,0,0,0,0,0,0,0,0
1.35515875e-05,3.64912448e-05,8.1217564e-05,0.00015917579,0.00029950685,0.000570722739,0.00108218228,0.00194324797,0.00319399824,0.00470666075,0.00609482685,0.00680034328,0.00645925943,0.00524316402,0.00375416991,0.00254692044,0.00178757426,0.00133023818,0.00100160262,0.000767882448,0.000690230518,0.000810179336,0.00109316653,0.00142472819,0.00163746323,0.00160312152,0.00133902137,0.000991914072,0.000703759317,0.000523006835,0.000430941029,0.000396143703,0.000390115078,0.00038319864,0.000352081726,0.000291662203,0.000220178001,0.000169531442,0.000169352745,0.000237775006,0.000382448547,0.00059128803,0.000805073592,0.00092057907,0.000862797955,0.000659209269,0.000418945972,0.000244594441,0.000174757632,0.000191287181,0.000253505772,0.0003253537,0.000386161002,0.000428496161,0.000451489817,0.000456202833,0.000442193064,0.00041066861,0.00037412814,0.000355134747,0.000364235282,0.00038098215,0.000367271627,0.000303116482,0.000206216893,0.000114850431,5.83733417e-05,4.67386853e-05,7.92420542e-05,0.000147054147,0.000224671225,0.000273954734,0.000273289887,0.000238144217,0.000200708615,0.000173232489,0.000144198959,0.000104512648,6.17585974e-05,2.89059408e-05,1.05816807e-05,3.03170214e-06,6.76464197e-07,1.17551856e-07,0,4.461765e-08,2.90943632e-07,1.4775336e-06,5.84375903e-06,1.80000443e-05,4.31798617e-05,8.06706012e-05,0.000117375035,0.000133003341,0.000117375035,8.06706012e-05,4.32771958e-05,1.8574332e-05,8.48269065e-06,1.09214834e-05,2.66121333e-05,5.71771816e-05,9.65802465e-05,0.000127231251,0.000130856017,0.000106393629,7.31471737e-05,5.54253347e-05,6.55880067e-05,9.7629134e-05,0.000131794368,0.000150155014,0.000153632165,0.000161089527,0.000190869163,0.000250690005,0.000341019506,0.000447818893,0.000527636497,0.000525910698,0.000428071362,0.000279447646,0.000145055077,5.96547179e-05,1.96299206e-05,6.42536224e-06,6.8035929e-06,1.80973766e-05,4.31798617e-05,8.06706012e-05,0.000117375035,0.000133003341,0.000117375035,8.06706012e-05,4.31798617e-05,1.80000443e-05,5.84375903e-06,1.4775336e-06,2.90943632e-07,9.90456925e-08,3.46152547e-07,1.71450472e-06,6.61357399e-06,1.98682756e-05,4.64847508e-05,8.47007323e-05,0.000120196055,0.000132837202,0.000114334034,7.68843238e-05,4.12799309e-05,2.14174252e-05,2.14174252e-05,4.12799309e-05,7.68843238e-05,0.000114334034,0.000132837202,0.000120196055,8.47453484e-05,4.67756945e-05,2.13458097e-05,1.24573335e-05,1.97145491e-05,4.35260154e-05,8.08223631e-05,0.000118193253,0.000136957024,0.000132260597,0.000124736092,0.00014616597,0.000209338294,0.000291184988,0.000348386733,0.000352546049,0.000311252341,0.000256108178,0.000212859275,0.000182797841,0.000152629553,0.000119438359,0.000103038612,0.00013589437,0.000244871393,0.000435601571,0.000677376811,0.000898833736,0.00101527083,0.000983583159,0.000834439241,0.000644577434,0.000477622933,0.000352703704,0.000257081963,0.000175237205,0.00010483541,5.29307727e-05,2.3894896e-05,1.6301452e-05,2.82058772e-05,5.84102927e-05,0.000100606099,0.000140336444,0.000164463796,0.000172759392,0.000172415414,0.000162870449,0.000136928225,9.6151598e-05,5.42650196e-05,2.41673206e-05,8.4075009e-06,2.29131138e-06,4.86326201e-07,8.0389178e-08,0,0,0,0,1.17551856e-07,6.76464197e-07,3.03170214e-06,1.05816807e-05,2.87639887e-05,6.08933697e-05,0.000100396188,0.00012891127,0.00012891127,0.000100396188,6.08933697e-05,2.87639887e-05,1.05816807e-05,3.37296387e-06,2.52088762e-06,7.90714057e-06,2.57107167e-05,6.63972096e-05,0.000134183763,0.000213068968,0.000268385746,0.000276412844,0.000251906284,0.000234028674,0.000242657945,0.000258553482,0.000248514145,0.000202376221,0.000143413723,0.000109742767,0.000130007931,0.000206389304,0.000306897011,0.000375381933,0.000367555738,0.000286217051,0.000176765301,8.63617533e-05,3.33011521e-05,1.01128244e-05,2.41398197e-06,4.32561109e-07,4.461765e-08,5.44280425e-08,3.46152547e-07,1.71450472e-06,6.61357399e-06,1.98682756e-05,4.64847508e-05,8.47007323e-05,0.000120196055,0.000132837202,0.000114334034,7.664039e-05,4.00097924e-05,1.62667675e-05,5.15065676e-06,1.27013629e-06,2.43929577e-07,0,0,0,0,0,0,0,0,0,0,0,0,0,0,0,0,0,0,0,0,0,0,0,0,0,0,0,0,0,0,0,0,0,0,0,0,0,0,0,0,0,0,0,0,0,0,0,0,0,0,0,0,0,0,0,0,0,0,0,0,0,0,0,0,0,0,0,0,0,0,0,0,0,0,0,0,0,0,0,0,0,0,0,0,0,0,0,0,0,0,0,0,0,0,0,0,0,0,0,0,0,0,0,0,0,0,0,0,0,0,0,0,0,0,0,0,0,0,0,0,0,0,0,0,0,0,0,0,0,0,0,0,0,0,0,0,0,0,0,0,0,0,0,0,0,0,0,0,0,0,0,0,0,0,0,0,0,0,0,0,0,0,0,0,0,0,0,0,0,0,0,0,0,0,0,0,0,0,0,0,0,0,0,0
0,0,2.06734668e-07,1.35091125e-06,6.17538171e-06,2.22176641e-05,6.41003644e-05,0.000152215216,0.000303125853,0.000515364984,0.000756858382,0.00096517097,0.00107577944,0.00106775318,0.000974706199,0.00084825285,0.000731132168,0.000668609689,0.00070665899,0.000855478982,0.00108485413,0.00136599399,0.00169275142,0.00203113421,0.00226682285,0.0022551408,0.00196181424,0.00153136603,0.00117356703,0.000982839847,0.000890894909,0.000778408546,0.000597101927,0.000385820953,0.000207617428,9.65978688e-05,5.31653495e-05,6.66293854e-05,0.000139188036,0.000295971957,0.000576791645,0.000988503569,0.00143385399,0.00171901844,0.00169387378,0.00139192783,0.00100333418,0.000727256527,0.00065328239,0.000729864696,0.000813747582,0.000782317016,0.000629775692,0.000448884559,0.000326353329,0.000274948106,0.000253200356,0.000220613394,0.000166313112,0.000104220031,5.40416877e-05,2.62562371e-05,2.35713942e-05,4.84178381e-05,0.000103432954,0.000179154638,0.000244697963,0.00026325931,0.000223878233,0.000154632464,0.000100352321,9.35983699e-05,0.000142508274,0.000230291946,0.000320237887,0.000374932104,0.000384049432,0.000373595685,0.000381524209,0.000420672673,0.000465566001,0.000474013475,0.00042053673,0.000314882171,0.000194479449,9.74977811e-05,4.0009043e-05,1.69030809e-05,1.79099261e-05,3.80649399e-05,7.36930742e-05,0.000112581904,0.000134112764,0.000124628976,9.11746538e-05,5.61194502e-05,4.10534303e-05,5.85471098e-05,0.000111509638,0.000189084036,0.000267905445,0.00033157476,0.000393508119,0.000484092365,0.000606546411,0.000720754964,0.000785359065,0.000796958222,0.000767847174,0.000688077998,0.000543863105,0.000361606333,0.000201365357,0.000111223511,0.000104953084,0.000170724088,0.000275962433,0.000366388354,0.00038916315,0.000332914118,0.000239691712,0.000167159829,0.000140879813,0.00014311797,0.000141770244,0.000124763479,0.000107133506,0.00010815345,0.000125944105,0.000138137388,0.000125366292,9.00709347e-05,5.05863063e-05,2.21686896e-05,7.56612417e-06,2.0110981e-06,4.16312503e-07,1.12332252e-07,2.94840987e-07,1.49732602e-06,5.92203969e-06,1.82411659e-05,4.40054791e-05,8.30383869e-05,0.000124166996,0.000151269676,0.000159493095,0.000159418269,0.000159623887,0.000152857785,0.000127728199,8.73326717e-05,4.74022818e-05,2.04268363e-05,7.98931796e-06,6.9571247e-06,1.683546e-05,4.06009058e-05,7.76670349e-05,0.000115865609,0.000134760136,0.000122611629,8.93561228e-05,5.90927375e-05,5.19094574e-05,7.23090707e-05,0.0001072343,0.00013246687,0.000128954489,9.83123537e-05,6.02006912e-05,3.62070205e-05,4.03866034e-05,8.13823572e-05,0.000160859025,0.000266021438,0.000372508221,0.000462543045,0.000531060505,0.000570620003,0.00056822598,0.000538445252,0.000548252137,0.000684799452,0.000979408273,0.00135745481,0.00166953239,0.00179095997,0.00170656317,0.00150508084,0.00129529636,0.00112328562,0.000961435842,0.000770637358,0.000567070267,0.000411183515,0.000335831923,0.000307666603,0.000269255543,0.000198985959,0.000120183693,6.59290235e-05,5.13264567e-05,7.11387765e-05,0.000106718617,0.000132326721,0.000128854124,9.7873999e-05,5.78978907e-05,2.6673777e-05,9.57045631e-06,2.72943907e-06,9.32769524e-07,1.83610757e-06,6.70216696e-06,2.01344228e-05,4.71074381e-05,8.58353524e-05,0.000121806152,0.000134616625,0.000115865609,7.76670349e-05,4.05457467e-05,1.64846715e-05,5.21965285e-06,1.3857865e-06,8.29177168e-07,2.67428209e-06,9.57045631e-06,2.6673777e-05,5.78978907e-05,9.7873999e-05,0.000128854124,0.000132288551,0.000106679137,7.10025779e-05,5.13270934e-05,6.82778045e-05,0.000132893489,0.000239263783,0.000355143973,0.00043181167,0.000436946255,0.000376615906,0.000283270056,0.000189964543,0.000123690057,0.000112113899,0.000185338038,0.00035854592,0.000599406951,0.000817493012,0.000915698998,0.000868869422,0.000738688221,0.000606177317,0.000505795295,0.000425702252,0.00034988235,0.000281309563,0.0002281294,0.000185453289,0.000141175478,9.53595663e-05,6.2497973e-05,5.84127411e-05,8.82642489e-05,0.000142630626,0.00019923487,0.000232329141,0.000226034914,0.000183040582,0.000122221536,6.64180116e-05,2.89957825e-05,1.00632979e-05,2.75574803e-06,5.81980089e-07,9.86359936e-08,0,0,0,0,0,0,0,1.43514512e-07,8.05478237e-07,3.52077427e-06,1.19853003e-05,3.17750346e-05,6.56069024e-05,0.000105496831,0.000132116067,0.000128854124,9.7873999e-05,5.78978907e-05,2.6673777e-05,9.57045631e-06,2.67428209e-06,5.81980089e-07,9.86359936e-08,5.51571375e-08,3.50789463e-07,1.73747151e-06,6.70216696e-06,2.01344228e-05,4.71074381e-05,8.58353524e-05,0.000121806152,0.000134616625,0.000115865609,7.76670349e-05,4.05457467e-05,1.64846715e-05,5.21965285e-06,1.28715055e-06,2.47197164e-07,0,0,0,0,0,0,0,0,0,0,0,0,0,0,0,0,0,0,0,0,0,0,0,0,0,0,0,0,0,0,0,0,0,0,0,0,0,0,0,0,0,0,0,0,0,0,0,0,0,0,0,0,0,0,0,0,0,0,0,0,0,0,0,0,0,0,0,0,0,0,0,0,0,0,0,0,0,0,0,0,0,0,0,0,0,0,0,0,0,0,0,0,0,0,0,0,0,0,0,0,0,0,0,0,0,0,0,0,0,0,0,0,0,0,0,0,0,0,0,0,0,0,0,0,0,0,0,0,0,0,0,0,0,0,0,0,0,0,0,0,0,0,0
1.40963365e-07,1.28507361e-06,6.58474073e-06,2.72055677e-05,8.91443924e-05,0.000235565298,0.000512386265,0.000942213461,0.00150495768,0.00212751771,0.00266895257,0.00294640334,0.00285470369,0.00248382054,0.00206153444,0.00175723748,0.00157696719,0.00145535148,0.00138943025,0.00144564314,0.00165929878,0.0019656003,0.00224267598,0.00240353192,0.00243000872,0.00233221706,0.00211193156,0.00177220569,0.00134918094,0.00092081679,0.000582189299,0.000398959819,0.000372800539,0.000445768848,0.000537521613,0.000586004346,0.000568282383,0.00050215685,0.000439685711,0.000449175714,0.000580901222,0.000820089947,0.00106487563,0.00117845181,0.00109323149,0.000863224908,0.000608811039,0.000428719155,0.000364673673,0.000404352351,0.0004848424,0.000518180896,0.000453569868,0.000317840197,0.00018380527,0.000108889959,0.000108373373,0.000163249657,0.000233156868,0.000275462866,0.000275292521,0.000255775638,0.000247283751,0.000251680525,0.000244912138,0.000209379607,0.000154675741,0.000108842338,9.40902828e-05,0.000110292582,0.000137714887,0.000156425027,0.000162492855,0.000162329234,0.000155486501,0.000133616937,9.61950718e-05,5.5692959e-05,2.54420538e-05,9.0796666e-06,2.53714029e-06,5.52135134e-07,9.35777678e-08,0,4.28966089e-08,2.79721036e-07,1.42054057e-06,5.61834713e-06,1.75018613e-05,4.25613944e-05,8.19555353e-05,0.000127225299,0.000164847006,0.000188294041,0.000201673116,0.000210263781,0.000212906278,0.000203754185,0.000177285678,0.000134211412,8.51127115e-05,4.53003522e-05,2.53754679e-05,3.07974333e-05,6.73267423e-05,0.00014050497,0.000244144554,0.00035080043,0.000419796357,0.000421637844,0.000358169607,0.000260675151,0.000170564017,0.000118278171,0.00011000847,0.000127825901,0.000146657054,0.000157549308,0.00017380678,0.000207279096,0.000243834991,0.000251235091,0.000212769315,0.000144542253,7.80706396e-05,3.33890966e-05,1.12825956e-05,3.0047072e-06,6.29423425e-07,9.35777678e-08,0,0,0,0,0,0,0,0,0,0,0,0,0,9.35777678e-08,5.52135134e-07,2.65015774e-06,9.73003807e-06,2.82206584e-05,6.51023001e-05,0.000120509329,0.000180790768,0.000221864539,0.000224025542,0.00018618122,0.000126669154,6.99151933e-05,3.09946954e-05,1.09376842e-05,3.05091476e-06,6.93267509e-07,3.92738542e-07,1.42054057e-06,5.61834713e-06,1.73057269e-05,4.15142822e-05,7.75588851e-05,0.000112899848,0.000128205793,0.000114495895,8.41134897e-05,6.17156184e-05,6.66839624e-05,0.000102798353,0.000158892202,0.000216923028,0.000261663023,0.000283400033,0.000276421633,0.000243152521,0.000200686452,0.000175478039,0.000185520606,0.000232646955,0.000310750591,0.000413905829,0.000539389323,0.000697461888,0.000902522588,0.00112079037,0.00124486978,0.00117366784,0.000920177379,0.000604190049,0.00034716379,0.000200901413,0.000155306494,0.000175755107,0.000230750258,0.000301351392,0.000369873334,0.000407351821,0.000390153,0.000327367452,0.00025570314,0.000201283518,0.000160883385,0.000122958227,9.12941905e-05,8.06715252e-05,9.56612494e-05,0.000120381046,0.000130963293,0.000118203141,9.67830929e-05,8.9874171e-05,0.000104741826,0.000125305072,0.000128131185,0.0001059598,7.42281118e-05,5.68694049e-05,6.87583815e-05,0.000110460947,0.000173488297,0.000252095953,0.000347592751,0.000454453635,0.000543077011,0.000569412718,0.000508973491,0.000380560727,0.000234557112,0.000117683259,4.7793219e-05,1.68076331e-05,9.98280484e-06,2.0255944e-05,4.97176661e-05,0.000100657846,0.000164451325,0.000218074958,0.000237809872,0.000219747817,0.00018711391,0.000173227731,0.000194524328,0.000239806264,0.00028705693,0.000327548943,0.000368662644,0.000415479444,0.000458435185,0.000480074232,0.000466308469,0.000411000539,0.000320272113,0.000214905813,0.000121798752,5.93211844e-05,3.22552332e-05,3.89488705e-05,7.74941873e-05,0.000141126729,0.000207577468,0.000243382587,0.000227322002,0.000169050967,9.99737313e-05,4.69241349e-05,1.74382876e-05,5.11792177e-06,1.18326852e-06,1.96132945e-07,1.36154839e-07,7.64171887e-07,3.34022275e-06,1.13706728e-05,3.01455548e-05,6.22424632e-05,0.000100086771,0.000125340928,0.00012224626,9.2854847e-05,5.4928787e-05,2.53058988e-05,9.0796666e-06,2.53714029e-06,5.52135134e-07,9.35777678e-08,0,0,0,0,0,0,0,0,0,0,0,0,0,0,0,0,0,0,0,0,0,0,0,0,0,0,0,0,0,0,0,0,0,0,0,0,0,0,0,0,0,0,0,0,0,0,0,4.28966089e-08,2.79721036e-07,1.42054057e-06,5.61834713e-06,1.73057269e-05,4.15142822e-05,7.75588851e-05,0.00011284752,0.000127872991,0.00011284752,7.75588851e-05,4.15142822e-05,1.73057269e-05,5.61834713e-06,1.42054057e-06,2.79721036e-07,4.28966089e-08,0,0,0,0,0,0,0,0,0,0,0,0,0,7.72883197e-08,4.67567077e-07,2.20292827e-06,8.08319783e-06,2.30989572e-05,5.14076783e-05,8.9102512e-05,0.000120275807,0.000126442479,0.000103522347,6.60087608e-05,3.27789821e-05,1.26769773e-05,3.81823202e-06,8.95643836e-07,1.63619362e-07,0,0,0,0,0,0,0,0,0,0,0,0,0,0,0,0,0,0,0,0,0,0,0,0,0,0,0,0,0,0,0,0,0,0,0,0,0,0,0,0,0,0,0,0,0,0,0,0,0,0,0,0,0,0,0,0,0,0,0,0,0,0,0,0,0,0,0,0,0,0,0,0,0,0,0,0,0,0,0
0.0028899475,0.00338557456,0.00309110107,0.00220588059,0.00125458348,0.00064147613,0.000457521528,0.000590169977,0.000868411211,0.00113208324,0.00127938355,0.00130591774,0.00130320573,0.0014272721,0.00183378148,0.00255537825,0.00339668477,0.00401715422,0.00423434749,0.00423237262,0.00438811351,0.00490094163,0.0056299963,0.00619061012,0.0061539025,0.00531152962,0.00388017716,0.00238358835,0.00126264105,0.0006244611,0.000322752283,0.000177874317,9.33245028e-05,4.17661358e-05,1.54149093e-05,6.39307154e-06,9.24419419e-06,2.57498905e-05,6.16317266e-05,0.000116467389,0.000174696252,0.00021408849,0.000227630342,0.000228745164,0.000227630342,0.00021408849,0.000174696252,0.000116467389,6.16317266e-05,2.5583231e-05,8.28512202e-06,2.09480686e-06,4.12491943e-07,6.32576871e-08,6.32576871e-08,4.12491943e-07,2.09480686e-06,8.28512202e-06,2.5519972e-05,6.12192307e-05,0.000114372582,0.000166411119,0.000188568505,0.000166411119,0.000114372582,6.12192307e-05,2.5519972e-05,8.28512202e-06,2.09480686e-06,4.12491943e-07,6.32576871e-08,0,0,1.13973577e-07,6.89499984e-07,3.31181604e-06,1.23324171e-05,3.6157795e-05,8.40936918e-05,0.000156915412,0.000238584529,0.000300831598,0.000319070852,0.000285908638,0.000214748798,0.000133066744,6.68498033e-05,2.68407384e-05,8.5264046e-06,2.09480686e-06,4.12491943e-07,6.32576871e-08,0,0,0,0,0,0,0,0,0,0,0,0,0,0,0,0,0,0,0,0,0,0,0,0,0,0,0,0,0,0,0,0,3.45836696e-07,1.80076461e-06,7.30246074e-06,2.30625792e-05,5.67247916e-05,0.000108658656,0.000162099677,0.000188332953,0.000170410683,0.000120086392,6.59048092e-05,2.81686989e-05,9.37654477e-06,2.43077784e-06,5.54023302e-07,4.89658532e-07,2.09480686e-06,8.28512202e-06,2.5519972e-05,6.12192307e-05,0.000114372582,0.000166411119,0.000188568505,0.000166411119,0.000114372582,6.12192307e-05,2.5519972e-05,8.28512202e-06,2.09480686e-06,4.12491943e-07,6.32576871e-08,0,0,0,0,0,0,0,0,0,0,0,0,0,0,0,0,0,0,0,0,0,0,0,2.00781372e-07,1.36817187e-06,6.50700122e-06,2.42345759e-05,7.21704127e-05,0.000174577654,0.000349007809,0.000586835959,0.000841852103,0.00103628205,0.00108929002,0.000965704327,0.000711463275,0.00042977347,0.000210602491,8.30426507e-05,2.61682344e-05,6.55563599e-06,1.30468959e-06,5.50486845e-07,2.09480686e-06,8.28512202e-06,2.5519972e-05,6.12192307e-05,0.000114372582,0.000166411119,0.000188568505,0.000166411119,0.000114372582,6.12192307e-05,2.5519972e-05,8.28512202e-06,2.09480686e-06,4.12491943e-07,6.32576871e-08,0,0,0,0,0,0,0,0,0,0,0,0,0,0,0,0,0,0,0,0,0,0,0,0,1.37994888e-07,8.14208647e-07,3.90806736e-06,1.43484458e-05,4.16157272e-05,9.60034085e-05,0.000177709648,0.00026660398,0.000327173591,0.000330601557,0.000276163017,0.000193967964,0.000128215208,0.000114833929,0.000165898513,0.000260131201,0.000344923727,0.000365159969,0.000305466092,0.000201579402,0.000104834842,4.29346292e-05,1.38338064e-05,3.50309028e-06,6.96408051e-07,9.38987128e-08,0,0,0,0,0,0,0,0,0,0,0,0,0,0,0,0,0,0,0,0,0,0,0,0,0,0,0,0,0,0,0,0,0,0,0,0,0,0,0,0,0,0,0,0,0,0,0,0,0,0,0,0,0,0,0,0,0,0,0,0,0,0,0,0,0,0,0,0,0,0,0,0,0,0,0,0,0,0,0,0,0,0,0,0,0,0,0,0,0,0,0,0,0,0,0,0,0,0,0,0,0,0,0,0,0,0,0,0,0,0,0,0,0,0,0,0,0,0,0,0,0,0,0,0,0,0,0,0,0,0,0,0,0,0,0,0,0,0,0,0,0,0,0,0,0,0,0,0,0,0,0,0,0,0,0,0,0,0,0,0,0,0,0,0,0,0,0,0,0,0,0,0,0,0,0,0,0,0,0,0,0,0,0,0,0,0,0,0,0,0,0,0,0,0,0,0,0,0
0,8.41572714e-08,5.3522507e-07,2.6509872e-06,1.07609012e-05,3.40578372e-05,8.70504009e-05,0.000185293466,0.000339464488,0.000551376143,0.000804286043,0.00105524343,0.00126066385,0.00142587244,0.00160280627,0.00180536183,0.00194336323,0.00188507535,0.00160354318,0.00124261715,0.00101805967,0.00104789762,0.00127232971,0.00151030836,0.00158035685,0.00140596705,0.00105527102,0.000687549531,0.000437105133,0.000338507205,0.000353224314,0.000444940903,0.000604176603,0.000802012684,0.000950051879,0.000946486252,0.000771316409,0.000521125039,0.000338232552,0.000323957705,0.000500777329,0.000808753422,0.00112067617,0.00129911047,0.00127530936,0.00108037365,0.000808351266,0.000556640676,0.000391616719,0.000339800434,0.000387401087,0.000491565093,0.000616325648,0.00075032498,0.000871163211,0.000910425442,0.000805065618,0.000578364357,0.000330661278,0.00014903734,5.27333141e-05,1.46190787e-05,3.17746481e-06,5.40584608e-07,0,0,0,0,0,0,0,0,0,8.46885712e-07,4.68869393e-06,2.03081418e-05,6.91431342e-05,0.000184557794,0.000388728222,0.00065234903,0.00088925747,0.00101897574,0.00102851319,0.000948622474,0.000796535984,0.00058434502,0.000357441604,0.000176825168,7.15367569e-05,3.13006858e-05,3.57726094e-05,7.28215455e-05,0.000130965273,0.000185848548,0.000205394419,0.000176784626,0.000118502263,6.18636113e-05,2.51518668e-05,7.96400582e-06,1.96389965e-06,3.77166742e-07,0,0,0,0,0,0,0,0,0,6.8988335e-08,6.68831035e-07,3.89072329e-06,1.68176466e-05,5.64964903e-05,0.00015064716,0.000320955238,0.000551098492,0.000771567109,0.000894037308,0.000874628837,0.000744334538,0.00057759101,0.000432454312,0.000319727988,0.000223533338,0.000137175215,6.96691714e-05,2.83658974e-05,9.10467679e-06,2.28457975e-06,4.49860437e-07,6.8988335e-08,0,0,0,0,0,0,0,0,0,0,0,0,0,2.63140294e-07,1.44041621e-06,6.14065902e-06,2.0387708e-05,5.27166885e-05,0.000106158375,0.000166489466,0.000203350704,0.000193433167,0.000143298821,8.26762262e-05,3.7148824e-05,1.29997761e-05,3.54285226e-06,7.51963228e-07,1.2429868e-07,1.2429868e-07,7.51963228e-07,3.54285226e-06,1.29997761e-05,3.7148824e-05,8.27786353e-05,0.000143934027,0.000196501642,0.00021527207,0.000202277763,0.000191305619,0.000215033215,0.000272160396,0.000329868897,0.000353391515,0.000332962431,0.000295249076,0.00030170806,0.000424955797,0.000714221795,0.00117413164,0.00176916958,0.00243183668,0.00304301246,0.00341367628,0.00335682975,0.00284563913,0.00208220631,0.00135830068,0.000852293451,0.000571119483,0.000434279122,0.000362978724,0.000305786176,0.000237462926,0.000158536364,8.6858985e-05,3.80367928e-05,1.31502711e-05,3.54285226e-06,9.33723243e-07,1.17025559e-06,4.68765347e-06,1.66246591e-05,4.59156327e-05,0.000100294696,0.000175621462,0.000252040772,0.000305482477,0.000321723259,0.000297504739,0.000237908389,0.00015966034,8.73638855e-05,3.8194783e-05,1.3181535e-05,3.54285226e-06,7.51963228e-07,1.2429868e-07,0,0,0,0,8.41572714e-08,5.3522507e-07,2.6509872e-06,1.02259855e-05,3.07205592e-05,7.18752635e-05,0.000130965273,0.000185848548,0.000205576172,0.000177830574,0.000123189922,7.82251227e-05,6.96270872e-05,0.000102118043,0.000157197661,0.000199701259,0.000199543065,0.000156462731,9.95259325e-05,6.28310518e-05,6.5292872e-05,0.00010707348,0.000171045875,0.000229592784,0.000263367343,0.000274067337,0.000269825687,0.00024634946,0.000196089008,0.000128814179,6.76531781e-05,2.79823762e-05,9.03568889e-06,2.28457975e-06,4.49860437e-07,6.8988335e-08,0,0,0,0,2.63140294e-07,1.44041621e-06,6.14065902e-06,2.0387708e-05,5.27166885e-05,0.000106158375,0.000166489466,0.000203350704,0.000193433167,0.000143298821,8.26762262e-05,3.7148824e-05,1.29997761e-05,3.69334816e-06,1.63993263e-06,4.2046463e-06,1.46023449e-05,4.06981308e-05,8.83390385e-05,0.0001493335,0.000196602152,0.00020157914,0.00016096422,0.000100101242,4.84814918e-05,1.8286848e-05,5.37190226e-06,1.228977e-06,2.1897057e-07,0,0,0,0,0,0,0,0,0,3.15430185e-07,1.68401709e-06,7.00190367e-06,2.26731663e-05,5.7178735e-05,0.000112300928,0.000171774431,0.000204625627,0.00018984011,0.000137164665,7.71832274e-05,3.38243881e-05,1.1544189e-05,3.06847915e-06,6.35198376e-07,1.02405188e-07,0,0,0,0,0,0,0,0,0,0,0,0,0,0,0,0,0,0,0,0,0,0,0,0,0,0,0,0,0,0,0,0,0,0,0,0,0,0,0,0,0,0,0,0,0,0,0,0,0,0,0,0,0,0,0,0,0,0,0,0,0,0,0,0,0,0,0,0,0,0,0,0,0,0,0,0,0,0,0,0,0,0,0,0,0,0,0,0,0,0,0,0,0,0,0,0,0,0,0,0,0,0,0,0,0,0,0,0,0,0,0,0,0,0,0,0,0,0,0,0,0,0,0,0,0,0,0,0,0,0,0,0,0,0,0,0,0,0,0,0,0
1.05950755e-06,7.9842257e-06,3.95251664e-05,0.000153213201,0.000466349098,0.00111852144,0.00212693843,0.00325260009,0.0041240016,0.00460352795,0.00493333302,0.00538367685,0.00584251154,0.00590906478,0.00534448633,0.00429988187,0.00314008375,0.0021702731,0.00152020506,0.0011830685,0.00111645763,0.00130937051,0.00175062672,0.00233424758,0.00282822666,0.00297862315,0.00268336083,0.00207316549,0.00140494609,0.000875735772,0.000539144909,0.000358329038,0.000287259259,0.000296274869,0.000356735283,0.00043064772,0.000478083413,0.000478259666,0.000442850549,0.000408021879,0.000410860201,0.00047181765,0.000583508692,0.000700626755,0.000752142572,0.000687801337,0.00052208401,0.000324388151,0.000164486919,7.19179079e-05,4.02747064e-05,5.29635472e-05,9.42259576e-05,0.000142563265,0.000169648454,0.000157390255,0.000113718757,6.39900973e-05,2.80426993e-05,9.57091106e-06,2.54397628e-06,5.26622273e-07,8.49008046e-08,0,1.81541381e-07,1.01890475e-06,4.45366959e-06,1.51610302e-05,4.01944271e-05,8.29906785e-05,0.000133450201,0.000167122707,0.000162996439,0.000123807549,7.32390254e-05,3.37414931e-05,1.21063285e-05,3.38288328e-06,7.36186621e-07,1.24771447e-07,0,0,1.81541381e-07,1.01890475e-06,4.45366959e-06,1.51610302e-05,4.01944271e-05,8.29906785e-05,0.000133450201,0.000167122707,0.000162996439,0.000123807549,7.33897105e-05,3.46086636e-05,1.59927095e-05,1.72603832e-05,3.92373477e-05,8.47875126e-05,0.000149551837,0.000216542219,0.000263499474,0.0002752656,0.000248345867,0.000190953928,0.000122143843,6.3475818e-05,2.63365837e-05,8.62872366e-06,2.41831071e-06,1.75464413e-06,6.15399995e-06,2.20428337e-05,6.23423693e-05,0.000137719253,0.000237722037,0.000321844651,0.000345645181,0.00030733773,0.000256748463,0.000248030206,0.000286744762,0.000327341259,0.000319347571,0.000252790749,0.000159868141,8.04420342e-05,3.20721119e-05,1.01062369e-05,2.51054394e-06,4.4373769e-07,6.97720566e-08,0,0,0,0,0,0,0,0,0,0,0,0,0,0,0,0,0,0,0,0,0,0,1.50691349e-07,8.67168751e-07,3.88638091e-06,1.35648015e-05,3.68729525e-05,7.80600458e-05,0.000128880798,0.000166272031,0.000169706778,0.000143860278,0.000118254466,0.000119863638,0.000147015002,0.000171009102,0.000163863602,0.000123958234,7.34205605e-05,3.47604e-05,1.65599977e-05,1.8543913e-05,4.09306122e-05,8.31154539e-05,0.000133450201,0.000167207603,0.000163523073,0.00012635153,8.28099292e-05,6.17841943e-05,7.66272788e-05,0.000119924043,0.000169820152,0.000207585792,0.000237780332,0.000281257962,0.000339711754,0.000381943566,0.000380699057,0.000349095149,0.000322565465,0.00031477958,0.000307751412,0.000277139305,0.00021678918,0.000142051707,7.60353651e-05,3.26929512e-05,1.11506561e-05,2.99445924e-06,6.23428207e-07,1.03051988e-07,0,0,0,0,0,0,0,0,0,0,0,0,0,0,1.50691349e-07,8.67168751e-07,3.88638091e-06,1.35648015e-05,3.68729525e-05,7.80600458e-05,0.000128699248,0.000165253121,0.000165253121,0.000128699248,7.80600458e-05,3.68729525e-05,1.35648015e-05,3.88638091e-06,8.67168751e-07,1.50691349e-07,0,0,0,0,0,0,0,0,0,0,0,1.03051988e-07,6.23428207e-07,2.93726339e-06,1.07776905e-05,3.07988812e-05,6.85441701e-05,0.00011880439,0.000160369149,0.000168591447,0.000138030999,8.80124571e-05,4.37056915e-05,1.69027844e-05,5.09102074e-06,1.19420224e-06,2.18161063e-07,0,0,0,0,0,0,0,0,0,0,0,0,0,0,0,0,0,0,0,0,0,0,0,0,0,0,0,0,0,0,0,0,0,0,0,0,0,0,0,0,0,0,0,0,0,0,0,0,0,0,0,0,0,0,0,0,0,0,0,0,0,0,0,0,0,0,0,0,0,0,0,0,0,0,0,0,0,0,0,0,0,0,0,0,0,0,0,0,0,0,0,0,0,0,0,0,0,0,0,0,0,0,0,0,0,0,0,0,0,0,0,0,0,0,0,0,0,0,0,0,0,0,0,0,0,0,0,0,0,0,0,0,0,0,0,0,0,0,0,0,0,0,0,0,0,0,0,0,0,0,0,0,0,0,0,0,0,0,0,0,0,0,0,0,0,0,0,0,0,0,0,0,0,0,0,0,0,0,0,0,0,0,0,0,0,0,0,0,0,0,0,0,0,0,0,0,0,0,0,0,0
0,0,0,0,5.92811375e-07,6.07671291e-06,3.33781318e-05,0.000138413088,0.000458321156,0.00121914048,0.00261776824,0.00456475187,0.00653506489,0.00783643406,0.00815826189,0.00779048866,0.00723037124,0.00667292811,0.00596766965,0.00497174216,0.00381673453,0.00282752118,0.00224874169,0.00206095772,0.00203520246,0.00193611579,0.00167917123,0.00133130269,0.00100273115,0.000756137539,0.000590697455,0.000471400941,0.000363521336,0.000256621803,0.000167033373,0.000119110176,0.000119653487,0.000147962841,0.000167695936,0.000153887086,0.00011101109,6.2822568e-05,2.94843339e-05,1.75976002e-05,2.73128735e-05,5.86127644e-05,0.000105946623,0.000150227948,0.000166027559,0.000142901248,9.57895681e-05,5.00065398e-05,2.03311411e-05,6.43758722e-06,1.58748935e-06,3.04877204e-07,0,0,0,0,0,0,0,0,0,0,0,0,0,0,0,0,0,0,0,0,0,0,0,3.04877204e-07,1.58748935e-06,6.43758722e-06,2.03311411e-05,5.00065398e-05,9.57895681e-05,0.000142901248,0.000166027559,0.000150227948,0.000105863852,5.8099311e-05,2.48325141e-05,8.26602536e-06,2.14288661e-06,4.32641343e-07,6.80272976e-08,0,0,0,0,0,0,0,0,0,0,0,0,0,0,0,0,0,0,0,0,0,0,0,0,0,0,0,0,0,0,0,0,0,0,0,0,0,0,0,0,0,0,0,0,0,0,3.04877204e-07,1.58748935e-06,6.43758722e-06,2.03311411e-05,5.00065398e-05,9.57895681e-05,0.000142901248,0.000166027559,0.000150227948,0.000105863852,5.8099311e-05,2.49541645e-05,8.98380222e-06,5.44117529e-06,1.22362326e-05,3.29657596e-05,7.1407565e-05,0.000120711542,0.000158920462,0.000162943543,0.000130113069,8.09153644e-05,3.91893009e-05,1.50867827e-05,5.92978813e-06,7.43101282e-06,2.05081433e-05,5.00065398e-05,9.57895681e-05,0.000142901248,0.000166027559,0.000150227948,0.000105863852,5.8099311e-05,2.48882789e-05,8.62966317e-06,4.16659486e-06,9.06317473e-06,2.88727188e-05,7.78033937e-05,0.000172610002,0.000319454586,0.000499025278,0.000661143335,0.000744040473,0.000720157113,0.000631327392,0.000557973748,0.000538026798,0.000530770863,0.000472564832,0.000353342359,0.000223564537,0.000140354707,0.000122288591,0.00014530863,0.000166857819,0.000156785391,0.0001158335,6.68301145e-05,3.00287065e-05,1.05081781e-05,2.8638126e-06,6.07838388e-07,1.00475013e-07,0,0,8.27777313e-08,5.13453301e-07,2.48036008e-06,9.3315748e-06,2.7341448e-05,6.2389925e-05,0.000110875044,0.000153454457,0.00016540612,0.000138851334,9.07768044e-05,4.62195931e-05,1.83275224e-05,5.65988603e-06,1.3612505e-06,2.54973344e-07,0,0,0,0,0,0,0,0,0,0,0,0,0,0,0,0,0,0,0,0,0,0,0,0,0,0,0,0,0,0,0,0,0,0,0,0,0,0,0,0,0,0,0,0,0,0,0,0,0,0,0,0,0,0,0,0,0,0,0,0,0,0,0,0,0,0,0,0,0,0,0,0,0,0,0,0,0,0,0,0,0,0,0,0,0,0,0,0,0,0,0,0,0,0,0,0,8.27777313e-08,5.13453301e-07,2.48036008e-06,9.3315748e-06,2.7341448e-05,6.2389925e-05,0.000110875044,0.000153454457,0.00016540612,0.000138851334,9.07768044e-05,4.62195931e-05,1.83275224e-05,5.65988603e-06,1.3612505e-06,2.54973344e-07,0,0,0,0,0,0,0,0,0,0,0,0,0,0,0,0,0,0,0,0,0,0,0,0,0,0,0,0,0,0,0,0,0,0,0,0,0,0,0,0,0,0,0,0,0,0,0,0,0,0,0,0,0,0,0,0,0,0,0,0,0,0,0,0,0,0,0,0,0,0,0,0,0,0,0,0,0,0,0,0,0,0,0,0,0,0,0,0,0,0,0,0,0,0,0,0,0,0,0,0,0,0,0,0,0,0,0,0,0,0,0,0,0,0,0,0,0,0,0,0,0,0,0,0,0
0,0,0,5.57657529e-08,9.20330933e-07,6.27464306e-06,2.9087294e-05,0.000105811523,0.000307004433,0.000715769012,0.00135286408,0.00210048701,0.00272899331,0.00304223131,0.00299647939,0.00268088956,0.00222640368,0.00175673096,0.00138329656,0.00120553561,0.00130617316,0.00172769499,0.00241819117,0.00319178449,0.00376804848,0.00389618636,0.00349630602,0.00271508051,0.00184622803,0.00115748076,0.000754662848,0.00058085483,0.000524668023,0.000515491934,0.000538538094,0.000595881895,0.00066671666,0.000706331281,0.000688681321,0.000642222003,0.000632391777,0.000705015147,0.000853476522,0.00103204197,0.0011886654,0.0012839298,0.00129465538,0.00121855829,0.00107753638,0.000907041307,0.00073260261,0.000559573178,0.000388204528,0.00023312174,0.000116448216,4.72359498e-05,1.5269894e-05,3.99578494e-06,1.29829448e-06,2.58083742e-06,9.33158299e-06,2.73414698e-05,6.23899759e-05,0.000110875138,0.000153454588,0.000165406265,0.00013885145,9.07768845e-05,4.62196294e-05,1.84280107e-05,6.26772999e-06,4.22506673e-06,1.07631604e-05,3.0028732e-05,6.68301727e-05,0.000115833594,0.00015635899,0.000164375699,0.00013457943,8.59886422e-05,4.36062255e-05,2.08224192e-05,1.9745632e-05,4.03536724e-05,8.11281425e-05,0.000130113171,0.000162943674,0.000158920593,0.000120711644,7.17125076e-05,3.4541019e-05,1.86048328e-05,2.5476158e-05,5.81110107e-05,0.000118922268,0.000199350456,0.000276307779,0.000325294386,0.000339375081,0.00033391788,0.000332464551,0.000349773007,0.000383504143,0.000413303293,0.000414967217,0.000387067092,0.000356664939,0.000347426365,0.000351979397,0.00034870801,0.000334993296,0.000328178721,0.000337367062,0.000347568915,0.000338339829,0.000308711606,0.000272914913,0.000236836902,0.000192251508,0.000135658105,7.87353783e-05,3.64643747e-05,1.33083822e-05,3.7891989e-06,8.45484578e-07,2.93846398e-07,8.45484578e-07,3.7891989e-06,1.32256037e-05,3.59509177e-05,7.61080955e-05,0.000125481034,0.000161120843,0.000161120843,0.000125481034,7.61080955e-05,3.59509177e-05,1.32256037e-05,3.7891989e-06,8.45484578e-07,1.46923199e-07,0,0,0,0,0,0,0,0,0,0,0,3.34357225e-07,1.882118e-06,8.26200812e-06,2.84964244e-05,7.66748999e-05,0.000162182972,0.00027177119,0.000365909102,0.000405114319,0.000380526209,0.000312121294,0.000225577067,0.000141123688,7.40362884e-05,3.18596976e-05,1.21446019e-05,9.13337681e-06,2.32207931e-05,6.37565026e-05,0.00014040056,0.000244091701,0.000339352293,0.000389942579,0.000395990908,0.00039318169,0.000411426154,0.000447667291,0.000480884715,0.000507053337,0.000548924436,0.0006254529,0.00071883935,0.000786955818,0.000806621276,0.000788924517,0.000752814522,0.000700128556,0.000625356159,0.00053830666,0.000460375421,0.000399141514,0.000342557818,0.000282454508,0.000230874706,0.000205225195,0.000204460419,0.0002103718,0.000212946106,0.000219259557,0.000235623316,0.000254110841,0.000260950968,0.000246093492,0.000205811448,0.000146593287,8.58791536e-05,4.03536724e-05,1.49946236e-05,4.34230196e-06,9.93426283e-07,1.77001795e-07,6.80273544e-08,5.79564869e-07,2.98837313e-06,1.20552313e-05,3.80581405e-05,9.41060425e-05,0.000182335672,0.00027755581,0.00033445243,0.000326519716,0.000275239407,0.000226941527,0.000203105927,0.000186616337,0.000155377187,0.000113780807,8.70134099e-05,9.39051315e-05,0.000128015527,0.000160767304,0.000163307326,0.000130168934,8.09154371e-05,3.91893336e-05,1.47819173e-05,4.34230196e-06,9.93426283e-07,1.77001795e-07,0,0,0,0,0,0,0,0,0,0,0,0,0,0,0,0,0,0,0,0,0,3.0487746e-07,1.58749071e-06,6.43759267e-06,2.03311592e-05,5.00065798e-05,9.57896482e-05,0.000142901379,0.000166027705,0.000150228065,0.000105863939,5.80993619e-05,2.48325341e-05,8.26603173e-06,2.14288843e-06,4.32641713e-07,6.80273544e-08,0,0,0,0,0,0,0,0,0,0,0,0,0,0,0,0,0,0,0,0,0,0,0,0,0,0,0,0,0,0,0,0,0,0,0,0,0,0,0,0,0,0,0,0,0,0,0,0,0,0,0,0,0,0,0,0,0,0,0,0,0,0,0,0,0,0,0,0,0,0,0,0,0,0,0,0,0,0,0,0,0,0,0,0,0,0,0,0,0,0,0,0,0,0,0,0,0,0,0,0,0,0,0,0,0,0,0,0,0,0,0,0,0,0,0,0,0,0,0,0,0,0,0,0,0,0,0,0,0,0,0,0,0,0,0,0,0,0,0,0,0,0,0,0,0,0,0,0,0,0,0,0,0,0,0,0,0,0,0,0,0,0,0,0,0,0,0,0,0,0,0,0,0,0,0,0,0,0,0,0,0,0,0
1.37409352e-05,3.19832798e-05,6.02324835e-05,9.72270645e-05,0.00015072267,0.000251316524,0.000445658254,0.000766712881,0.00120674795,0.00171407475,0.00219718693,0.00253585936,0.00263164542,0.00248498446,0.00220584357,0.00192328589,0.00169699092,0.00153774617,0.00148973463,0.00165518757,0.00211987272,0.00284850411,0.00364369829,0.00421706168,0.00434100116,0.00398203405,0.00330915139,0.00256607612,0.00191754743,0.00140008237,0.000987593201,0.000668880006,0.000462023687,0.000379101577,0.000391211594,0.000431044027,0.00043826559,0.000405795028,0.000380791171,0.000419842778,0.000539590896,0.000699752127,0.000834821141,0.000900708605,0.000888809271,0.000808566925,0.000682336453,0.000551260018,0.000460170122,0.000424392725,0.000419114891,0.000407088781,0.000374892465,0.000339938764,0.000322005537,0.000313893048,0.000287865638,0.000231431943,0.00016469328,0.000117844989,9.88032698e-05,9.1204347e-05,7.69210528e-05,5.34614373e-05,3.07024384e-05,1.90001538e-05,2.38015509e-05,4.81002171e-05,9.23677508e-05,0.000151475382,0.000214523636,0.000269140641,0.000306782546,0.000327308604,0.000339909544,0.0003537226,0.000365473097,0.000362413091,0.000339628546,0.000310976175,0.000298347644,0.000308298884,0.000321726606,0.000313825556,0.000283318863,0.000255569641,0.000257694832,0.000293694931,0.000342372223,0.000375614007,0.000377073768,0.00034565985,0.000293681805,0.000245896634,0.00022708856,0.000237654705,0.000248572207,0.000228722216,0.000174333123,0.000107756023,5.36113039e-05,2.14098654e-05,6.83051439e-06,1.73421643e-06,3.30469021e-07,5.00356698e-08,0,0,0,7.31663903e-08,4.21043495e-07,1.88698607e-06,6.65939478e-06,1.84512428e-05,4.05541505e-05,7.2514893e-05,0.000110107176,0.000151368484,0.000199041169,0.000251663791,0.00029462832,0.000308211718,0.000285805058,0.000240287933,0.000191740604,0.000153049477,0.000127874024,0.000114434071,0.000105677667,9.15854544e-05,6.80422381e-05,4.10856956e-05,1.96677538e-05,7.36125821e-06,2.16242643e-06,5.44752766e-07,4.78988682e-07,1.92087055e-06,7.3954061e-06,2.23152892e-05,5.2796735e-05,9.79792021e-05,0.000142660501,0.000163002027,0.000146194172,0.000103062135,5.78482541e-05,2.87061357e-05,2.07163412e-05,3.1155294e-05,5.31826336e-05,7.48727762e-05,8.27141339e-05,7.14202324e-05,4.92253384e-05,3.13533528e-05,3.19318497e-05,6.19624989e-05,0.000127662046,0.000220647256,0.000310250296,0.000356436969,0.000338299898,0.000268956501,0.000181253432,0.000104015155,5.07054319e-05,2.17608358e-05,1.1914778e-05,1.67109392e-05,3.36382545e-05,5.78052241e-05,7.82227871e-05,8.36382751e-05,7.36948205e-05,6.2704763e-05,6.94165719e-05,0.000103045888,0.000156424023,0.000208850543,0.000237526678,0.000232469261,0.000202609663,0.00016565132,0.000135391718,0.000123086065,0.000143671379,0.000206690587,0.000297916995,0.000376959302,0.000404270162,0.000372630806,0.000309741707,0.000249860575,0.00020882985,0.000187095313,0.000185365672,0.000207581106,0.00024953956,0.000292693585,0.000315524347,0.000310820615,0.000288082432,0.000257222215,0.000216443019,0.000161930395,0.000102520251,5.59306391e-05,3.42005478e-05,3.75532363e-05,5.68123251e-05,7.67770616e-05,8.27012555e-05,7.05728962e-05,5.043903e-05,3.80122037e-05,4.26634469e-05,6.17378319e-05,8.31902726e-05,9.56003496e-05,9.80889454e-05,9.79481993e-05,9.76397423e-05,9.05777415e-05,7.1618626e-05,4.57858769e-05,2.31228751e-05,9.12694395e-06,2.81857342e-06,7.510572e-07,5.75788818e-07,2.10195185e-06,7.72132353e-06,2.26076245e-05,5.3221087e-05,0.000101730693,0.000159481395,0.000206642188,0.000223071984,0.000204780867,0.000172148633,0.000157823015,0.000180387084,0.000226887001,0.000264026516,0.000268127187,0.00024455844,0.00022051156,0.000226180215,0.000276180217,0.000355223106,0.000420368247,0.000429805281,0.000373687682,0.000275980448,0.000172637403,9.05496781e-05,3.9238188e-05,1.38313126e-05,3.90584182e-06,8.5897932e-07,1.54745322e-07,0,0,0,0,0,0,0,0,0,0,0,0,0,0,0,0,0,0,0,0,0,0,0,0,0,0,0,0,0,0,0,0,0,0,0,0,0,0,0,0,0,0,0,0,0,0,0,0,0,0,0,0,0,0,0,0,0,0,0,0,0,0,0,0,0,0,0,0,0,0,0,0,0,0,0,0,0,0,0,0,0,0,0,0,0,0,0,0,0,0,0,0,0,0,0,0,0,0,0,0,0,0,0,0,0,0,0,0,0,0,0,0,0,0,0,0,0,0,0,0,0,0,0,0,0,0,0,0,0,0,0,0,0,0,0,0,0,0,0,0,0,0,0,0,0,0,0,0,0,0,0,0,0,0,0,0,0,0,0,0,0,0,0,0,0,0,0,0,0,0,0,0,0,0,0,0,0,0,0,0,0,0,0,0,0,0,0,0,0,0,0,0,0,0,0,0,0,0,0
0,5.80107098e-07,3.75558307e-06,1.79883828e-05,6.57422715e-05,0.000192770007,0.000459356466,0.000900564948,0.0014797902,0.00208232622,0.00257331482,0.00286763138,0.00296857161,0.00296572642,0.00297601242,0.00303071481,0.00303684128,0.00289064692,0.00260324799,0.0022923518,0.00210808474,0.00216845144,0.00247437903,0.00285261543,0.00303721172,0.00285324198,0.00232184655,0.00161951582,0.000956599426,0.00047327971,0.000200061142,9.50684553e-05,0.000106308828,0.000198214315,0.000329696573,0.000433420151,0.000444392179,0.00035485439,0.00022067863,0.000106880085,4.07970838e-05,1.4551998e-05,1.4551998e-05,4.07970838e-05,0.000107362815,0.000223387979,0.00036669703,0.000484706543,0.000540631998,0.000552124111,0.000560255663,0.000574115489,0.000583991758,0.000614854041,0.000708183856,0.000839383167,0.000903017877,0.000812479237,0.000591628894,0.000350239134,0.000188722814,0.000146509701,0.000210994986,0.000332872063,0.00043400022,0.000444392179,0.000355549768,0.000224391144,0.000122316167,9.02985776e-05,0.000137896292,0.000250282843,0.000379168807,0.000451108353,0.000418512849,0.000302386965,0.000170154613,7.45677025e-05,2.54497918e-05,6.76462923e-06,1.40032944e-06,2.25757816e-07,0,0,1.52088532e-07,9.91741786e-07,5.03648062e-06,1.99196675e-05,6.13568918e-05,0.000147187529,0.000274982507,0.000400097197,0.000453595276,0.000401497527,0.000281747169,0.00017263733,0.000135924609,0.000190074279,0.000307423441,0.000419504562,0.00045126045,0.000378686091,0.000247573509,0.000126053637,4.99842317e-05,1.54360787e-05,3.71250735e-06,6.95382994e-07,0,6.95382994e-07,3.71250735e-06,1.54360787e-05,4.99842317e-05,0.000126053637,0.000247573509,0.000378686091,0.000451108353,0.000418512849,0.000302386965,0.000170154613,7.45677025e-05,2.54497918e-05,6.76462923e-06,1.40032944e-06,2.25757816e-07,0,0,0,0,0,0,0,0,0,0,3.31776931e-07,1.95757707e-06,8.99534825e-06,3.21916632e-05,8.97212376e-05,0.000194748223,0.000329213828,0.000433420151,0.000444392179,0.00035485439,0.00022067863,0.000106880085,4.03143495e-05,1.18426515e-05,2.70934675e-06,4.8273256e-07,0,0,0,0,0,0,0,0,0,0,0,0,0,0,0,0,0,0,0,0,3.31776931e-07,1.95757707e-06,8.99534825e-06,3.21916632e-05,8.97212376e-05,0.000194748223,0.000329213828,0.000433820824,0.000447463681,0.000369543995,0.000276130158,0.000272691686,0.000433481735,0.000754359178,0.00112654408,0.00137981109,0.00140372268,0.00122911914,0.000967990956,0.000702645862,0.00046147668,0.00026193104,0.000124005106,5.28159435e-05,3.89872075e-05,7.77431851e-05,0.000170734711,0.000302386965,0.000418512849,0.000451108353,0.000378686091,0.000247573509,0.000126053637,4.99842317e-05,1.54360787e-05,3.71250735e-06,6.95382994e-07,0,0,0,0,0,0,0,0,0,0,0,0,0,0,0,0,0,0,0,0,0,0,0,0,0,0,0,0,0,0,0,0,0,0,0,0,0,5.80107098e-07,3.17547597e-06,1.35374175e-05,4.49458093e-05,0.000116216812,0.000234217441,0.000368215056,0.000454141962,0.000448977691,0.000383635226,0.000340717146,0.000370616675,0.000438371935,0.000460613606,0.00039138904,0.000261518726,0.000136381685,5.54486578e-05,1.7557084e-05,4.32952356e-06,8.31484613e-07,0,0,0,0,0,0,0,0,0,0,0,0,0,0,0,0,0,0,0,0,0,0,0,0,0,0,0,0,0,0,0,0,0,0,0,0,0,0,0,0,0,0,0,0,0,0,0,0,0,0,0,0,1.52088532e-07,9.91741786e-07,5.03648062e-06,1.99196675e-05,6.13568918e-05,0.000147187529,0.000274982507,0.000400097197,0.000453369517,0.000400097197,0.000274982507,0.000147187529,6.13568918e-05,1.99196675e-05,5.03648062e-06,9.91741786e-07,1.52088532e-07,0,0,0,0,0,0,0,0,0,0,0,0,0,0,0,0,0,0,0,0,0,0,0,0,0,0,0,0,0,0,0,0,0,0,0,0,0,0,0,0,0,0,0,0,0,0,0,0,0,0,0,0,0,0,0,0,0,0,0,0,0,0,0,0,0,0,0,0,0,0,0,0,0,0,0,0,0,0,0,0,0,0,0,0,0,0,0,0,0,0,0,0,0,0,0,0,0,0,0,0,0,0,0,0,0,0,0,0,0,0,0,0,0,0,0,0,0,0,0,0,0,0,0,0,0,0
1.79422041e-05,4.4130702e-05,8.48478448e-05,0.000128176966,0.000157853297,0.000178280563,0.000244452531,0.000468193466,0.000986270956,0.00186939421,0.00298770703,0.00396896247,0.00441022357,0.00420719059,0.00361312344,0.00294801011,0.00235133572,0.00184736738,0.0015155843,0.00149543292,0.00184794667,0.00246533635,0.00312734465,0.00364462007,0.00392336491,0.00390403485,0.00352320727,0.00280093099,0.00192060915,0.00114554784,0.000648414018,0.00043420936,0.0003949971,0.000403624901,0.00037640208,0.000293600897,0.000186494828,9.9513818e-05,6.20915162e-05,9.08001894e-05,0.000202740208,0.000405240833,0.000660991645,0.000877297134,0.000953802199,0.000860386412,0.000661140773,0.000454951922,0.000298530533,0.00019125278,0.000114051618,5.87063078e-05,2.47417593e-05,8.23510254e-06,2.18891432e-06,4.531218e-07,7.30512326e-08,0,0,0,3.17371786e-07,1.7736661e-06,7.72442854e-06,2.62152353e-05,6.93323091e-05,0.000143162877,0.000230903766,0.000292931159,0.000298320199,0.000258289598,0.000216209752,0.000204351076,0.000223952957,0.000263582217,0.000313707715,0.000358135236,0.000373091199,0.000347095367,0.000289413816,0.000216694592,0.000142730205,7.97465036e-05,3.65319429e-05,1.33996828e-05,3.83207225e-06,8.76696618e-07,1.56203711e-07,0,0,0,0,0,0,0,0,0,4.92131562e-08,3.2091009e-07,1.78591961e-06,7.32234776e-06,2.3686076e-05,6.06722861e-05,0.000123788981,0.000202073381,0.000266521791,0.000289435848,0.000270284334,0.000235796062,0.000212059502,0.000203935997,0.000208266822,0.000233513492,0.000289878837,0.000362055493,0.000407724874,0.000392008165,0.000322014559,0.000242059032,0.000191927465,0.000173114793,0.000157931543,0.00012553118,8.06931857e-05,4.0861778e-05,1.61740118e-05,4.99484167e-06,1.20130164e-06,2.25013622e-07,0,0,1.07357138e-07,8.58450903e-07,4.112037e-06,1.54114932e-05,4.52062159e-05,0.000103805796,0.000186638179,0.000262783171,0.000289768126,0.000250247947,0.000169254767,8.96435231e-05,3.71737988e-05,1.20671748e-05,3.06561105e-06,6.09325525e-07,7.30512326e-08,0,0,0,0,0,0,0,0,0,0,0,0,0,0,0,0,0,0,0,0,0,0,0,0,0,0,4.92131562e-08,4.98248198e-07,2.92756272e-06,1.29706286e-05,4.48697574e-05,0.000123222024,0.00026947711,0.000473864726,0.000680373865,0.000821247639,0.000874438439,0.000873655139,0.000858661486,0.000832870719,0.000772413448,0.000662646373,0.000520281144,0.000380240177,0.000264828035,0.000173833629,0.000102116908,5.06633223e-05,2.05991018e-05,7.47317927e-06,6.01018473e-06,1.48645786e-05,3.77845754e-05,7.64747238e-05,0.000122110025,0.000156732756,0.000169713094,0.00016938812,0.000169714229,0.000168689076,0.000151462256,0.000113264054,6.77016433e-05,3.18152779e-05,1.16715673e-05,3.34395986e-06,7.46138312e-07,1.29659398e-07,0,0,0,0,0,2.25013622e-07,1.30865885e-06,5.62827881e-06,1.90847477e-05,5.12053775e-05,0.000109142602,0.000185553188,0.00025249843,0.000275670405,0.000241644535,0.000169883613,9.55364885e-05,4.30886612e-05,1.66348818e-05,9.96635572e-06,1.8891953e-05,4.44165635e-05,8.52802987e-05,0.000129454114,0.000158298004,0.000164936006,0.000163500663,0.000172425949,0.000193323373,0.000213797219,0.000224937045,0.000228018951,0.000231357015,0.000247556774,0.000283046713,0.000322676002,0.000338468963,0.000318741339,0.000275814993,0.000223899726,0.000166611455,0.000107669133,5.74865335e-05,2.45992651e-05,8.29513647e-06,2.18891432e-06,4.531218e-07,7.30512326e-08,0,0,0,1.87712388e-07,1.07674089e-06,4.70137866e-06,1.61733842e-05,4.40513541e-05,9.5582589e-05,0.000166393351,0.000234040679,0.000267450872,0.000248925237,0.000188441845,0.000115479757,5.69007352e-05,2.23813149e-05,6.98206804e-06,1.71838496e-06,3.2091009e-07,4.92131562e-08,0,0,0,0,0,0,0,0,0,0,0,0,0,0,0,0,0,0,0,0,0,0,0,0,0,0,0,0,0,0,0,0,0,0,0,0,0,0,0,0,0,0,1.29659398e-07,7.46138312e-07,3.34395986e-06,1.16715673e-05,3.17266058e-05,6.71652306e-05,0.000110736742,0.000142188801,0.000142188801,0.000110736742,6.71652306e-05,3.17266058e-05,1.16715673e-05,3.34395986e-06,7.46138312e-07,1.29659398e-07,0,0,0,0,0,0,0,0,0,0,0,0,0,0,0,0,0,0,0,0,0,0,0,0,0,0,0,0,0,0,0,0,0,0,0,0,0,0,0,0,0,0,0,0,0,0,0,0,0,0,0,0,0,0,0,0,0,0,0,0,0,0,0,0,0,0,0,0,0,0,0,0,0,0,0,0,0,0,0,0,0,0,0,0,0,0,0,0,0,0,0,0,0,0,0,0,0,0,0,0,0,0,0,0,0,0,0,0,0,0,0,0,0,0,0,0,0,0,0
2.81426168e-07,1.74680645e-06,7.7656523e-06,2.79561482e-05,8.2502338e-05,0.000207688106,0.000461646792,0.00092595024,0.00167339377,0.00267448509,0.00370733021,0.00440604379,0.00448543485,0.00395158818,0.00308558531,0.00223108754,0.00161208841,0.00129958102,0.00125201279,0.00136137323,0.00152612873,0.00173518737,0.00204386888,0.0024262704,0.00269029173,0.00261799898,0.00218822761,0.00160165853,0.00108945137,0.000752345892,0.000570492819,0.000485168654,0.000438023941,0.00037970097,0.000289412099,0.000185158933,0.000103955608,7.14655253e-05,9.33850388e-05,0.000162417229,0.000263123598,0.00037277455,0.000465707679,0.000522555958,0.000540525885,0.000529885001,0.000495482062,0.000429702341,0.000333357893,0.000236675376,0.000189204482,0.000226961361,0.000346422807,0.000499755843,0.000619497674,0.000663013489,0.000639937643,0.000592795201,0.000557334104,0.000544885464,0.000546245254,0.000540029723,0.000506237207,0.0004414859,0.000360070786,0.000284062,0.000237305561,0.000236329928,0.000271616969,0.000303279812,0.000290702039,0.000230444406,0.000160195239,0.000127987252,0.00016079846,0.000251385121,0.000367880042,0.000482798321,0.000594508601,0.000708169013,0.000799619302,0.000817661174,0.000728830113,0.000552118348,0.000348895584,0.000180984411,7.60919575e-05,2.56322583e-05,6.81156462e-06,1.41794374e-06,2.28368307e-07,1.12293961e-07,6.62565924e-07,3.04458581e-06,1.08956629e-05,3.03672532e-05,6.59913276e-05,0.000111900416,0.000148985928,0.000159023781,0.000145343176,0.000132282294,0.000138521442,0.000155295682,0.000156784183,0.000129725435,8.7075161e-05,5.47302734e-05,5.37244377e-05,9.44420244e-05,0.000174477624,0.000272948528,0.000354873628,0.000394181669,0.000393669383,0.000380166399,0.000376765704,0.000377796707,0.000353378709,0.000284248992,0.000187017431,9.81824633e-05,4.06861727e-05,1.31956976e-05,3.3643505e-06,6.70302995e-07,7.64104939e-08,0,0,0,0,0,0,0,0,0,0,0,0,0,0,0,0,0,0,0,0,0,0,0,0,0,0,0,1.12293961e-07,6.62565924e-07,3.04458581e-06,1.08956629e-05,3.03672532e-05,6.59149227e-05,0.00011142646,0.000146808641,0.000151072556,0.000123149395,8.5587053e-05,6.65421248e-05,7.98412366e-05,0.000116900133,0.000153555768,0.000169403458,0.000166776532,0.000165753474,0.000178759001,0.000200719733,0.000226678356,0.000262555026,0.000305493624,0.000330050883,0.000314767414,0.000280623179,0.000284349022,0.000372818235,0.000545737334,0.000753775996,0.000924759952,0.00100030773,0.0009598693,0.000818468281,0.00061386585,0.000398423988,0.000225530428,0.00012771356,0.000104048901,0.000125424558,0.00015090355,0.000149098341,0.000115828982,7.02538309e-05,3.3185559e-05,1.22082847e-05,3.49773222e-06,7.80449511e-07,1.35621804e-07,0,0,0,0,0,0,0,0,0,0,0,0,0,0,0,0,0,0,0,0,0,0,0,0,0,0,0,0,0,0,0,0,0,0,0,3.11771402e-07,1.73050228e-06,7.57689577e-06,2.62427038e-05,7.16113063e-05,0.000157046292,0.000281693414,0.000427033956,0.000569125055,0.000688531902,0.000761191652,0.00075422629,0.000650410482,0.000475382636,0.000288467942,0.000143006997,5.71402416e-05,1.82559288e-05,4.57939996e-06,8.73321369e-07,1.3920517e-07,0,0,0,1.12293961e-07,6.62565924e-07,3.04458581e-06,1.08956629e-05,3.03672532e-05,6.59149227e-05,0.00011142646,0.000146696359,0.000150409978,0.000120104814,7.46913865e-05,3.61748753e-05,1.36448862e-05,4.00829049e-06,9.17011562e-07,1.63386744e-07,0,0,0,0,0,0,0,0,0,0,0,0,1.35621804e-07,7.80449511e-07,3.49773222e-06,1.22082847e-05,3.3185559e-05,7.02538309e-05,0.000115828982,0.000148727369,0.000148727369,0.000115828982,7.02538309e-05,3.3185559e-05,1.22082847e-05,3.49773222e-06,7.80449511e-07,1.35621804e-07,0,0,0,0,0,0,0,0,0,0,0,0,1.96344359e-07,1.07477877e-06,4.5819047e-06,1.52124603e-05,3.93350019e-05,7.92109713e-05,0.000124227532,0.000151731845,0.000144331789,0.000106923631,6.16895632e-05,2.77189083e-05,9.69989287e-06,2.64352911e-06,5.61083709e-07,9.27465109e-08,0,0,1.96344359e-07,1.07477877e-06,4.5819047e-06,1.52124603e-05,3.93350019e-05,7.92109713e-05,0.000124227532,0.000151731845,0.000144331789,0.000106923631,6.16895632e-05,2.77189083e-05,9.69989287e-06,2.64352911e-06,5.61083709e-07,9.27465109e-08,0,0,0,0,0,0,0,0,0,0,0,0,0,0,0,0,0,0,0,0,0,0,0,0,0,0,0,0,0,0,0,0,0,0,0,0,0,0,0,0,0,0,0,0,0,0,0,0,0,0,0,0,0,0,0,0,0,0,0,0,0,0,0,0,0,0,0,0,0,0,0,0,0,0,0,0,0,0,0,0,0,0,0,0,0,0,0,0,0,0,0,0,0,0,0,0,0,0,0,0,0,0,0,0,0,0,0,0,0
0,0,8.28637212e-07,5.07281311e-06,2.40306144e-05,8.93035758e-05,0.000267391326,0.000653633499,0.00131645019,0.00220332341,0.0030880433,0.0036623159,0.00375317503,0.00348199252,0.00317169633,0.00304664695,0.00302709779,0.00285977637,0.00245071878,0.00201363722,0.001872033,0.00216512196,0.00276251649,0.00339002768,0.00377882225,0.00377909909,0.00343020842,0.00291282171,0.00241354294,0.00204715598,0.00184934598,0.0017615821,0.00166465086,0.00150053215,0.00131707895,0.00115964573,0.000989695312,0.000756698253,0.00048599561,0.000253169419,0.00010514212,3.46360903e-05,9.00603936e-06,1.84164242e-06,2.67933274e-07,0,0,0,0,0,0,0,0,0,0,0,0,0,0,0,0,0,0,0,0,0,0,0,0,0,0,0,1.81406051e-07,1.15370983e-06,5.98229508e-06,2.36636279e-05,7.38568415e-05,0.000182953227,0.000362380029,0.000578821287,0.000751629181,0.000798026624,0.000693773385,0.000492228777,0.00028304712,0.00013080088,4.81802308e-05,1.40495649e-05,3.10490373e-06,5.67214727e-07,0,0,6.79928689e-07,3.63000004e-06,1.50930236e-05,4.88733713e-05,0.00012325219,0.000242071386,0.000370270078,0.000441082841,0.000409211731,0.000295666658,0.000166373065,7.29105013e-05,2.55641171e-05,1.02442909e-05,1.64622325e-05,4.90941093e-05,0.00012325219,0.000242071386,0.000370270078,0.000441082841,0.000409211731,0.000295666658,0.000166373065,7.29105013e-05,2.48841916e-05,6.61429112e-06,1.36920823e-06,2.20740532e-07,0,0,0,0,0,0,0,0,0,0,0,0,0,2.20740532e-07,1.36920823e-06,6.61429112e-06,2.48841916e-05,7.29105013e-05,0.000166373065,0.000295666658,0.000409211731,0.000441082841,0.000370270078,0.000242071386,0.00012325219,4.88733713e-05,1.50930236e-05,3.63000004e-06,6.79928689e-07,0,0,0,0,0,0,0,0,3.91794714e-07,2.25462281e-06,1.0104518e-05,3.52682328e-05,9.58689925e-05,0.000202954674,0.000334615674,0.000429655076,0.000429655076,0.000334615674,0.000202954674,9.58689925e-05,3.52682328e-05,1.0104518e-05,2.25462281e-06,3.91794714e-07,0,0,0,0,1.08093889e-06,5.85420548e-06,2.48037231e-05,8.29180863e-05,0.000217057241,0.000448745355,0.000738832401,0.000982949045,0.0010810137,0.00101145159,0.000824845047,0.000589065719,0.000361656334,0.000185323996,7.7169112e-05,2.56328112e-05,6.61429112e-06,1.36920823e-06,2.20740532e-07,0,0,0,0,0,0,0,0,0,0,0,0,0,0,0,0,0,0,0,0,0,0,0,0,0,0,0,0,0,0,0,0,0,0,0,0,0,0,0,0,0,0,0,0,0,0,0,0,0,8.13005556e-07,4.45404385e-06,1.85361005e-05,6.08306473e-05,0.000158234907,0.000328349241,0.000547442876,0.00073840667,0.000809819379,0.0007233863,0.000525201496,0.000308291375,0.000145294922,5.45877301e-05,1.6246735e-05,3.81140626e-06,6.79928689e-07,0,0,0,0,0,0,0,0,0,0,0,0,0,0,0,0,0,0,0,0,0,0,0,0,0,0,0,0,0,0,0,0,0,0,0,0,0,0,0,0,0,0,0,0,0,0,0,0,0,0,0,0,0,0,0,0,0,0,0,0,0,0,0,0,0,0,0,0,0,0,0,0,0,0,0,0,0,0,0,0,0,0,0,0,0,0,0,0,0,0,0,0,0,0,0,0,0,0,0,0,0,0,0,0,0,0,0,0,0,0,0,0,0,0,0,0,0,0,0,0,0,0,0,0,0,0,0,0,0,0,0,0,0,0,0,0,0,0,0,0,0,0,0,0,0,0,0,0,0,0,0,0,0,0,0,0,0,0,0,0,0,0,0,0,0,0,0,0,0,0,0,0,0,0,0,0,0,0,0,0,0,0,0,0,0,0,0,0,0,0,0,0,0,0,0,0,0,0,0
6.66724663e-05,0.000121718396,0.000181226598,0.000236726395,0.00031398749,0.000478753325,0.000816401036,0.00139785279,0.00225008442,0.00330093969,0.0043147509,0.00493147224,0.00488610193,0.00423467299,0.00331587042,0.0024762731,0.00187337713,0.00151548896,0.00139276881,0.0015242066,0.00189061312,0.00235855975,0.00270698057,0.00276849233,0.00253256015,0.0021108787,0.00163884903,0.00121390948,0.000880377658,0.000638124067,0.000464844226,0.00033535916,0.000230381833,0.000145382568,9.14529228e-05,8.1250997e-05,0.000117397576,0.000192705484,0.000305531226,0.000473884924,0.000714123133,0.00098388386,0.00116713508,0.00116035633,0.000978388125,0.000743573182,0.000565727416,0.000459885196,0.000386742933,0.000337031815,0.000350034097,0.000452860462,0.000599055726,0.000683864171,0.000632090028,0.00046457522,0.000270224729,0.000124214566,4.50691696e-05,1.28979082e-05,2.908841e-06,4.95565189e-07,0,1.86457854e-07,1.0464986e-06,4.57428314e-06,1.56303631e-05,4.16660296e-05,8.71835873e-05,0.000144758349,0.000195476256,0.000225018724,0.000236920008,0.00024265195,0.000246684154,0.000250903831,0.000263007503,0.000286221941,0.000306995818,0.000303012115,0.00026208107,0.000192201682,0.00011691187,5.93266777e-05,3.14428908e-05,3.73441944e-05,8.20813148e-05,0.000166889018,0.000270904071,0.000349126436,0.000365735643,0.000333903095,0.000306995586,0.000330070237,0.000408128748,0.000508598285,0.000575835409,0.000557787949,0.00044613416,0.000288975047,0.000151440618,6.99978555e-05,4.60594929e-05,6.63245082e-05,0.000112558599,0.000158381939,0.000174897476,0.000151049448,0.000103770602,6.51600203e-05,6.41761217e-05,0.00012149923,0.000243963208,0.000405439816,0.000541785732,0.000589873525,0.00053782016,0.000427515246,0.000313879165,0.000234327425,0.000200523471,0.000196151435,0.000187930083,0.000154068897,0.000101931779,5.4240234e-05,2.73795831e-05,2.60881679e-05,5.03611482e-05,9.59476602e-05,0.000146269376,0.000174242843,0.000161652672,0.000116798474,6.57230703e-05,2.88021474e-05,9.83010887e-06,2.61287187e-06,5.40884173e-07,8.72000783e-08,0,0,0,0,0,0,0,0,0,0,0,0,5.8744952e-08,3.83065213e-07,1.94536551e-06,7.69407052e-06,2.36994056e-05,5.68519172e-05,0.000106213367,0.000154539535,0.000175116234,0.000154539535,0.000106213367,5.68519172e-05,2.36994056e-05,7.69407052e-06,1.94536551e-06,3.83065213e-07,5.8744952e-08,0,0,0,1.54772337e-07,8.90653268e-07,3.99163127e-06,1.39321619e-05,3.81362479e-05,8.18110057e-05,0.000140340315,0.000201178133,0.000264498201,0.000358212477,0.000510450162,0.000699597003,0.000849129166,0.000884142763,0.000786022982,0.000595706108,0.000381596503,0.000203604548,8.90109441e-05,3.14409917e-05,8.7605149e-06,1.97692952e-06,4.68407251e-07,7.56123882e-07,3.47449782e-06,1.24341905e-05,3.4655277e-05,7.52224732e-05,0.000127160485,0.00016741069,0.000171648688,0.000137064271,8.52382218e-05,4.1282965e-05,1.55716189e-05,4.57428314e-06,1.0464986e-06,1.86457854e-07,1.0584283e-07,6.40311782e-07,3.01680984e-06,1.1069571e-05,3.16329715e-05,7.04004706e-05,0.000122021833,0.000164712241,0.000173157212,0.000141769138,9.03959954e-05,4.48893225e-05,1.73605422e-05,5.22889468e-06,1.22654342e-06,2.24069254e-07,0,0,0,0,0,0,0,0,0,0,2.24069254e-07,1.22654342e-06,5.22889468e-06,1.73605422e-05,4.48893225e-05,9.03959954e-05,0.000141769138,0.000173157212,0.000164783909,0.000122701647,7.3884381e-05,4.55694972e-05,5.45892835e-05,0.000109109365,0.000202555864,0.00030012877,0.000348054687,0.000315247889,0.000222928895,0.000123078586,5.30502912e-05,1.78510818e-05,4.68911003e-06,9.61476871e-07,1.0584283e-07,0,0,0,0,0,1.54772337e-07,8.90653268e-07,3.99163127e-06,1.39321619e-05,3.78715413e-05,8.01740534e-05,0.000132184665,0.000169728475,0.000169787221,0.000132567729,8.21194189e-05,4.55656118e-05,3.76315693e-05,6.08435475e-05,0.000107104017,0.000154694309,0.000175116234,0.000154539535,0.000106213367,5.68519172e-05,2.36994056e-05,7.69407052e-06,1.94536551e-06,3.83065213e-07,5.8744952e-08,0,0,0,0,0,0,0,0,0,0,0,0,0,0,0,0,0,0,0,0,0,0,0,0,0,0,0,0,0,0,0,0,0,0,0,0,0,0,0,0,0,0,0,0,0,0,0,0,0,0,0,0,0,0,0,0,0,0,0,0,0,0,0,0,0,0,0,0,0,0,0,0,0,0,0,0,0,0,0,0,0,0,0,0,0,0,0,0,0,0,0,0,0,0,0,0,0,0,0,0,0,0,0,0,0,0,0,0,0,0,0,0,0,0,0,0,0,0,0,0,0,0,0,0,0,0,0,0,0,0,0,0,0,0,0,0,0,0,0,0,0,0,0,0,0,0,0,0,0,0,0,0,0,0,0,0,0,0,0,0,0,0,0,0,0,0,0,0,0,0
0,0,0,0,0,0,0,0,0,0,0,0,0,1.34586358e-07,7.74491014e-07,3.47102787e-06,1.24863936e-05,3.56553865e-05,8.35296451e-05,0.000169049556,0.000317695463,0.00058481266,0.00103747577,0.00167190447,0.00232637487,0.00272008148,0.00264663645,0.00215339195,0.00150735781,0.0009774192,0.000667991524,0.000542173162,0.000538767898,0.000626833644,0.000776053872,0.000922514126,0.0009872847,0.000928054098,0.000767913065,0.000569753523,0.000389452907,0.00025514036,0.000178502247,0.000165246674,0.00020837535,0.000280986395,0.000344988424,0.000369356276,0.00034124119,0.000269129552,0.000178250775,9.73529313e-05,4.31460721e-05,1.53243927e-05,4.31079252e-06,9.61093633e-07,1.6213933e-07,0,0,0,0,0,0,0,0,0,0,0,0,0,0,0,0,0,0,0,0,0,0,0,0,0,0,0,0,0,0,0,0,0,0,0,0,0,0,0,0,0,0,0,0,0,0,0,0,0,0,0,0,0,0,0,0,0,0,0,0,0,0,0,0,0,0,0,0,0,0,0,0,0,0,0,0,0,0,0,0,0,0,0,0,0,0,0,0,0,0,0,0,0,0,0,0,0,0,0,0,0,0,0,0,0,0,0,0,0,0,0,0,0,1.11436627e-07,6.57507428e-07,3.02134117e-06,1.09470639e-05,3.09098978e-05,6.90258312e-05,0.000123767997,0.000184996199,0.000248042896,0.000338108977,0.000527890748,0.000936908182,0.00170295325,0.0029049255,0.00446382677,0.00609185966,0.0073530036,0.007832665,0.00735011557,0.00608657394,0.0045017302,0.00306234742,0.0020007384,0.0012930166,0.000812677084,0.000471357402,0.000242976821,0.00012130689,8.68085044e-05,0.000106536201,0.00014149562,0.00015996494,0.000153836896,0.00014209513,0.000148075836,0.000175598238,0.000213164822,0.000254919316,0.000300166605,0.000331953313,0.000319403072,0.00025227727,0.000158792187,7.89129481e-05,3.22922788e-05,1.6785365e-05,2.55167415e-05,5.67624193e-05,0.000109562388,0.000176846181,0.000247331423,0.000311009237,0.000353032548,0.000350171264,0.000290621654,0.000195283515,0.000104445258,4.53267603e-05,2.09531154e-05,2.42630394e-05,5.02779367e-05,9.31315371e-05,0.000137539857,0.000163955949,0.000168547151,0.000172622167,0.000203461939,0.000267677824,0.000348112604,0.000421594712,0.000473675143,0.000498512876,0.000492421736,0.000457456132,0.000415281247,0.000404299732,0.000445166806,0.000511163147,0.000546366908,0.000516655389,0.000439670839,0.000366256601,0.000332495169,0.000327468559,0.000309659721,0.000252657803,0.000168928134,9.06521891e-05,3.86834363e-05,1.30845692e-05,3.49168113e-06,7.33334559e-07,1.11436627e-07,0,0,0,0,0,0,0,0,0,0,0,0,0,0,0,0,0,0,0,0,0,0,0,0,0,0,0,0,0,0,0,0,0,0,0,0,0,0,0,0,0,0,0,0,0,0,0,0,0,0,0,0,0,0,0,0,0,0,0,0,0,0,0,0,0,0,0,0,0,0,0,0,0,0,0,0,0,0,0,0,0,0,0,0,0,0,0,0,0,0,0,0,0,0,0,0,0,0,0,0,0,0,0,0,0,0,0,0,0,0,0,0,0,0,0,0,0,0,0,0,0,0,0,0,0,0,0,0,0,0,0,0,0,0,0,0,0,0,0,0,0,0,0,0,0,0,0,0,0,0,0,0,0,0,0,0,0,0,0,0,0,0,0,0,0,0,0,0,0,0,0,0,0,0,0,0,0,0,0,0,0,0,0,0,0,0,0,0,0,0,0,0,0,0,0,0,0,0
0,0,0,0,0,0,0,0,0,0,0,0,0,0,2.06735379e-07,1.22284484e-06,5.41814552e-06,1.91879353e-05,5.51058511e-05,0.000132209592,0.000275309314,0.000521150243,0.000920117542,0.0014968348,0.00216148351,0.00267114653,0.00276537566,0.00239071413,0.00175324094,0.00113043294,0.00067651784,0.000405331433,0.000273231009,0.000230194841,0.000228332574,0.000228773162,0.000209251259,0.000168342478,0.000122262005,9.69268804e-05,0.000111864858,0.00016882761,0.000252344762,0.000343742111,0.000433295383,0.000514111016,0.000564732763,0.00055200333,0.000461905613,0.000321805535,0.000183275828,8.42584777e-05,3.10019932e-05,9.05910019e-06,2.09495784e-06,3.66324969e-07,0,0,0,0,0,0,0,0,0,0,0,0,0,0,0,0,0,0,0,0,0,0,0,0,0,0,0,0,0,0,0,0,0,0,0,0,0,0,0,0,0,0,0,0,0,0,0,0,0,0,0,0,0,2.47198017e-07,1.28715499e-06,5.21967104e-06,1.64847279e-05,4.05458886e-05,7.76673041e-05,0.000115866009,0.00013461709,0.000121806581,8.58356507e-05,4.71076055e-05,2.01344938e-05,6.70219015e-06,1.73747753e-06,3.50790685e-07,5.51573294e-08,0,0,0,0,0,0,0,0,0,0,0,0,0,0,0,0,0,0,0,0,0,0,0,0,0,0,0,0,0,0,0,0,0,0,0,0,0,0,0,0,0,0,0,9.86363347e-08,5.81982079e-07,2.77292747e-06,1.0152472e-05,2.93481589e-05,6.74685798e-05,0.000124548198,0.000187240279,0.000232928796,0.000249767414,0.000258326036,0.000331471325,0.000594340789,0.00120363582,0.00229607499,0.00390159246,0.00582483178,0.00757467607,0.00849792268,0.00815849658,0.00668270979,0.00469560781,0.00287654507,0.00157594099,0.000790688035,0.000364481821,0.000150802603,5.49957076e-05,2.27101518e-05,2.78863445e-05,6.68411594e-05,0.000143914076,0.00025074053,0.000355885539,0.000423488265,0.000443075638,0.000436741015,0.000435770373,0.000453166896,0.000478973991,0.000495536951,0.000495167333,0.000482489238,0.000468549115,0.000462986238,0.000464585115,0.00045607629,0.000416215596,0.000339325255,0.000241154004,0.000147032333,7.78559697e-05,4.3254222e-05,4.37781709e-05,7.52503256e-05,0.00013018366,0.000199537564,0.000277554267,0.000357746176,0.000417290663,0.000420488592,0.000353975513,0.000251504011,0.000169090577,0.000139290554,0.000153710367,0.000184576071,0.000214996457,0.000249233213,0.000303040957,0.000391086796,0.000515718246,0.00065133872,0.000742392323,0.00073861127,0.000640892249,0.000502540148,0.000381511112,0.000299193576,0.000244215509,0.000202694675,0.00017979875,0.000191337167,0.000234018269,0.000271989411,0.000264088623,0.000204057069,0.000123624341,5.84490153e-05,2.15558321e-05,6.19507773e-06,1.38746316e-06,2.42151344e-07,0,0,0,0,0,2.06735379e-07,1.10371786e-06,4.58910199e-06,1.48601694e-05,3.74753872e-05,7.3602896e-05,0.000112582289,0.00013411323,0.000124422673,8.98987855e-05,5.05864846e-05,2.2168766e-05,7.56615054e-06,2.01110515e-06,4.16313952e-07,6.71171563e-08,0,0,0,0,0,0,0,0,0,0,0,0,0,0,0,0,0,0,0,0,0,0,0,0,0,0,0,0,0,0,0,0,0,0,0,0,0,0,0,0,0,0,0,0,0,0,0,0,0,0,0,0,0,0,0,0,0,0,0,0,0,0,0,0,0,0,0,0,0,0,0,0,0,0,0,0,0,0,0,0,0,0,0,0,0,0,0,0,0,0,0,0,0,0,0,0,0,0,0,0,0,0,0,0,0,0,0,0,0,0,0,0,0,0,0,0,0,0,0,0,0,0,0,0,0,0,0,0,0,0,0,0,0,0,0,0,0,0,0,0,0,0,0,0,0,0,0,0,0,0,0,0,0,0,0,0,0,0,0,0,0,0,0,0,0,0,0,0,0,0,0,0,0,0,0,0,0,0,0
0,5.74611761e-07,4.12648569e-06,1.9996578e-05,7.61834672e-05,0.000228931123,0.000542930909,0.0010298338,0.00159415544,0.00209921179,0.00252136169,0.0030002282,0.00369458133,0.00459242938,0.00544392271,0.00587584032,0.00564771006,0.00486158626,0.00390576595,0.00317588565,0.00284029217,0.00281914626,0.00292337127,0.0029909634,0.00292692217,0.00268116803,0.00225186371,0.00170812872,0.00116676593,0.000722871104,0.000408541178,0.000211952036,0.000112623871,9.22429463e-05,0.000130000612,0.000193068146,0.000241320711,0.000252825237,0.000242697002,0.000240968395,0.000251520978,0.000246329,0.000203393167,0.000134508053,6.99167795e-05,2.83690424e-05,8.98268263e-06,2.35529978e-06,1.27355702e-06,4.11152268e-06,1.53790243e-05,4.53614994e-05,0.000106272157,0.000200245588,0.000307857146,0.000395599083,0.000441373326,0.000455899921,0.000472581363,0.000505880744,0.000522529415,0.000472941349,0.00035255542,0.000213343214,0.000115393392,8.54525424e-05,0.000116252326,0.000177324036,0.000225206823,0.000224819654,0.000175089721,0.000106197287,5.01640425e-05,1.84543205e-05,5.49226024e-06,2.35949051e-06,5.49226024e-06,1.84543205e-05,5.01640425e-05,0.000106197287,0.000175089721,0.000224819654,0.000224819654,0.000175089721,0.000106197287,5.01640425e-05,1.84543205e-05,5.2872515e-06,1.17974525e-06,2.05008988e-07,0,0,0,0,0,0,4.25410178e-07,2.21510209e-06,8.98268263e-06,2.83690424e-05,6.97765863e-05,0.000133754831,0.000200095747,0.000235260188,0.000224144518,0.000193901054,0.000196787674,0.000263435912,0.000368871493,0.000444276928,0.000431667286,0.000333151955,0.000203436488,9.85014049e-05,3.92511465e-05,1.90953033e-05,2.82138044e-05,6.49178837e-05,0.000126665342,0.000193746106,0.000230799313,0.000214122556,0.0001547094,8.70557342e-05,3.85066451e-05,1.49202251e-05,1.13584865e-05,2.62897393e-05,6.46079789e-05,0.000126665342,0.000193746106,0.000230799313,0.000214122556,0.000154787209,8.75631376e-05,4.07276711e-05,2.32122493e-05,3.48528265e-05,7.60215989e-05,0.000141229451,0.000206915734,0.000240938869,0.000233069659,0.000210465136,0.000208965052,0.000230788995,0.000241857866,0.000212197265,0.000148224441,8.1146638e-05,3.46500274e-05,1.17809723e-05,4.37625067e-06,6.66270898e-06,2.07208413e-05,5.46827614e-05,0.000112905196,0.000181553158,0.00022736314,0.000221749549,0.000168434766,9.96384915e-05,4.59038311e-05,1.64701305e-05,4.60226465e-06,1.00154978e-06,1.69746102e-07,0,0,7.78126363e-08,9.7394684e-07,5.20301001e-06,2.20755956e-05,7.27569059e-05,0.00018868169,0.000386353873,0.000628873997,0.00082275318,0.000882561377,0.000804187031,0.000660909514,0.000532621343,0.000459796516,0.00045349737,0.000509412959,0.000594543177,0.000644826505,0.000604842731,0.000473152555,0.000303079054,0.000157076312,6.53640382e-05,2.16760818e-05,5.69873646e-06,1.17129582e-06,1.69746102e-07,0,0,0,0,0,0,0,0,0,0,0,0,0,0,0,0,0,0,0,0,0,0,0,0,0,0,0,0,0,0,0,0,0,0,0,0,0,0,0,0,0,0,0,0,0,0,0,0,0,0,0,0,0,0,0,0,0,0,0,0,0,0,0,0,0,0,0,0,0,0,0,0,0,0,0,0,0,0,0,0,0,0,0,0,0,0,0,0,0,0,0,0,0,0,0,0,0,0,0,0,0,0,0,0,0,0,0,0,0,0,0,0,0,0,0,0,0,0,0,0,0,0,0,0,0,0,0,0,0,0,0,0,0,0,0,0,0,0,0,0,0,0,0,0,0,0,0,0,0,0,0,0,0,0,0,0,0,0,0,0,0,0,0,0,0,0,0,0,0,0,0,0,0,0,0,0,0,0,0,0,0,0,0,0,0,0,0,0,0,0,0,0,0,0,0,0,0,0,0,0,0,0,0,0,0,0,0,0,0,0,0,0,0,0,0,0,0,0,0,0,0,0,0,0,0,0,0,0,0,0,0,0,0,0,0,0,0,0,0,0,0,0,0,0,0,0,0,0,0,0,0,0,0,0,0,0,0,0,0,0,0,0,0,0,0
0,0,1.52620146e-07,2.0110308e-06,1.23116752e-05,5.36545085e-05,0.000187342463,0.000530264457,0.00122913939,0.00236048666,0.00382023561,0.00533500919,0.00662189256,0.00751353707,0.00790103059,0.00764772575,0.00668724626,0.00520400936,0.00363506516,0.0024566222,0.00194574625,0.00207097991,0.00254438911,0.00299946428,0.00317884749,0.0030116213,0.0025746061,0.0020142612,0.00147717912,0.00105109601,0.000746707898,0.00052702846,0.00035353878,0.000211804552,0.000107228261,4.44057587e-05,1.4637636e-05,3.76763228e-06,7.79928371e-07,3.94601273e-07,1.5089995e-06,6.59589068e-06,2.2453507e-05,5.95279998e-05,0.000122909318,0.000197639936,0.000247508957,0.000241397967,0.000183359152,0.000108467095,4.99712005e-05,1.79294893e-05,5.01005479e-06,1.09029338e-06,1.84786686e-07,0,0,0,0,1.84786686e-07,1.09029338e-06,5.01005479e-06,1.79294893e-05,4.99712005e-05,0.000108467095,0.000183359152,0.000241397967,0.000247508957,0.000197639936,0.000122909318,5.95279998e-05,2.2453507e-05,6.59589068e-06,1.73217359e-06,1.55314115e-06,6.07883248e-06,2.18581063e-05,6.21487052e-05,0.000140640084,0.00025533195,0.000375086674,0.000449164218,0.000440287957,0.000353113981,0.000230558362,0.000121603509,5.13689192e-05,1.72460532e-05,4.57326541e-06,9.23298046e-07,1.52620146e-07,0,0,0,0,0,0,0,0,0,0,0,0,0,0,0,0,0,0,0,0,0,0,0,0,0,0,0,0,0,0,0,0,0,0,0,0,0,0,0,0,0,0,0,0,0,0,0,0,0,0,0,0,0,0,0,0,0,0,0,0,0,0,0,1.25738211e-07,7.79928371e-07,3.76763228e-06,1.41745322e-05,4.15312752e-05,9.4769428e-05,0.000168417639,0.000233095183,0.000251249585,0.000210913247,0.000137888695,7.02069156e-05,2.7839249e-05,8.59728789e-06,2.06772052e-06,3.87300958e-07,0,0,2.23174098e-07,1.28427814e-06,5.7557354e-06,2.00894901e-05,5.46088959e-05,0.000116033465,0.000193029569,0.00025553492,0.000282329129,0.000293052231,0.000334205659,0.000419838732,0.00049796782,0.000495456217,0.000394298753,0.000247240212,0.000121572419,4.6844496e-05,1.41286955e-05,3.33467256e-06,6.15724389e-07,0,1.52620146e-07,9.23298046e-07,4.35009133e-06,1.59617757e-05,4.56131856e-05,0.000101514008,0.000175949463,0.000237506931,0.000249684177,0.000204424112,0.000130346569,6.47281922e-05,2.50330468e-05,7.53980839e-06,1.76861511e-06,3.23096828e-07,0,0,0,0,0,0,0,0,0,0,0,0,0,0,0,0,0,0,0,0,0,0,0,0,0,0,0,0,0,0,0,8.47073309e-08,5.52361143e-07,3.19242235e-06,1.3162191e-05,4.27706655e-05,0.000109816909,0.000223361349,0.000360727106,0.000463422184,0.00047408801,0.000386249594,0.0002503953,0.000128942804,5.26257463e-05,1.69796531e-05,4.31999342e-06,8.64635751e-07,1.25738211e-07,0,0,0,0,0,0,0,0,0,0,0,0,0,0,0,0,0,0,0,0,0,0,0,0,0,0,0,0,0,0,0,0,0,0,0,0,0,0,0,0,0,0,0,0,0,0,0,0,0,0,0,0,0,0,0,0,0,0,0,0,0,0,0,0,0,0,0,0,0,0,0,0,0,0,0,0,0,0,0,0,0,0,0,0,0,0,0,0,0,0,0,0,0,0,0,0,0,0,0,0,0,0,0,0,0,0,0,0,0,0,0,0,0,0,0,0,0,0,0,0,0,0,0,0,0,0,0,0,0,0,0,0,0,0,0,0,0,0,0,0,0,0,0,0,0,0,0,0,0,0,0,0,0,0,0,0,0,0,0,0,0,0,0,0,0,0,0,0,0,0,0,0,0,0,0,0,0,0,0,0,0,0,0,0,0,0,0,0,0,0,0,0,0,0,0,0,0,0,0,0,0,0
0,7.26023359e-07,1.41769542e-05,7.99847912e-05,0.000345843873,0.00117779349,0.00317251426,0.00677369069,0.0114944112,0.0155665027,0.0169345569,0.0149638476,0.0109683536,0.00696513057,0.00416740542,0.00262542721,0.00181886286,0.00128531409,0.00083549734,0.000470173283,0.000220804373,8.48355194e-05,2.63429047e-05,6.4141268e-06,1.2116376e-06,1.78941121e-07,0,0,0,0,0,0,0,0,0,0,0,0,0,0,0,0,0,0,0,0,0,0,0,0,0,0,0,0,0,0,0,0,0,0,0,0,0,0,0,0,0,0,0,0,0,0,0,0,0,0,0,0,0,0,0,0,0,0,0,0,0,0,0,0,0,0,0,0,0,0,0,0,0,0,0,0,0,0,0,0,0,0,0,0,0,0,0,0,0,0,0,0,0,0,0,0,0,0,0,0,0,0,0,0,0,0,0,0,0,0,0,0,0,0,0,0,0,0,0,0,0,0,0,0,0,0,0,0,0,0,0,0,0,0,0,0,0,0,0,0,0,0,0,0,0,0,0,0,0,0,0,0,0,0,0,0,0,0,0,0,0,0,0,0,0,0,0,0,0,0,0,0,0,0,0,0,0,0,0,0,0,0,0,0,0,0,0,0,0,0,0,0,0,0,0,0,0,0,0,0,0,0,0,0,0,0,0,0,0,0,0,0,0,0,0,0,0,0,0,0,0,0,0,0,0,0,0,0,0,0,0,0,0,0,0,0,0,0,0,0,0,0,0,0,0,0,0,0,0,0,0,0,0,0,0,0,0,0,0,0,0,0,0,0,0,0,0,0,0,0,0,0,0,0,0,0,0,0,0,0,0,0,0,0,0,0,0,0,0,0,0,0,0,0,0,0,0,0,0,0,0,0,0,0,0,0,0,0,0,0,0,0,0,0,0,0,0,0,0,0,0,0,0,0,0,0,0,0,0,0,0,0,0,0,0,0,0,0,0,0,0,0,0,0,0,0,0,0,0,0,0,0,0,0,0,0,0,0,0,0,0,0,0,0,0,0,0,0,0,0,0,0,0,0,0,0,0,0,0,0,0,0,0,0,0,0,0,0,0,0,0,0,0,0,0,0,0,0,0,0,0,0,0,0,0,0,0,0,0,0,0,0,0,0,0,0,0,0,0,0,0,0,0,0,0,0,0,0,0,0,0,0,0,0,0
0,0,0,0,0,0,0,0,0,0,0,2.31794075e-07,1.23750112e-06,5.1453535e-06,1.66613918e-05,4.2809279e-05,8.75819896e-05,0.000150004023,0.000236904903,0.000393977156,0.000711156346,0.00126194139,0.00199781009,0.00269983755,0.00307317171,0.00294445711,0.00239040283,0.00166748604,0.00102273596,0.00057584641,0.000337816629,0.000280270935,0.000367220608,0.000546850497,0.000742833014,0.000868329429,0.000861968612,0.000720150711,0.000501298637,0.000287665462,0.000134788512,5.11586404e-05,1.56134447e-05,3.7811526e-06,7.05764705e-07,9.13409721e-08,0,0,0,0,0,0,0,0,0,0,0,0,0,0,0,0,0,0,0,0,0,0,0,0,0,0,0,0,0,0,0,0,0,0,0,0,0,0,0,0,0,0,0,0,0,0,0,0,0,0,0,0,0,0,0,0,0,0,0,0,0,0,0,0,0,0,0,0,0,0,0,0,0,0,0,0,0,0,0,0,0,0,0,0,0,0,0,0,0,0,0,0,0,0,0,0,0,0,1.10592183e-07,6.52524989e-07,2.99844601e-06,1.07305432e-05,2.99070471e-05,6.49160065e-05,0.000109737826,0.000144473219,0.000148130566,0.000118284668,7.35594658e-05,3.56266573e-05,1.34381025e-05,4.03888725e-06,1.45569527e-06,2.764378e-06,9.55289397e-06,2.72988382e-05,6.07546826e-05,0.000105303239,0.00014214449,0.000149432395,0.000122344893,7.80105547e-05,3.87388936e-05,1.49819207e-05,4.70583609e-06,2.1169817e-06,4.70583609e-06,1.50925134e-05,3.98294942e-05,8.36324543e-05,0.000144670936,0.000219447247,0.000318676932,0.000469192048,0.000700128032,0.00104930834,0.0016184157,0.00258245063,0.00405278988,0.00585043197,0.00742474524,0.00809846353,0.0075171967,0.00591879664,0.00396460621,0.00229900889,0.00122392399,0.000681859034,0.000449649757,0.000339753868,0.000274105085,0.00024155376,0.000236354987,0.000247102726,0.000269739889,0.000310361356,0.000379995356,0.00048621677,0.000611207099,0.000696239294,0.000675295305,0.000542061694,0.000367926434,0.000238463661,0.000182501477,0.00016769889,0.000149115498,0.00011060106,6.49160065e-05,3.00406155e-05,1.14991644e-05,6.44317151e-06,1.26757977e-05,3.30703951e-05,7.07075815e-05,0.000120392768,0.00016734474,0.000201185845,0.00022945572,0.000267840864,0.00031714575,0.000357618061,0.000365806365,0.000332928088,0.000272319652,0.000213571606,0.000183406912,0.000185025012,0.000200205846,0.00021160199,0.000215396256,0.000214772386,0.000215712702,0.000233437066,0.000281675719,0.000348400121,0.000394705421,0.000386597094,0.000322223961,0.000229080761,0.000143983169,9.54212301e-05,9.39592501e-05,0.000129876018,0.000179179202,0.000217846609,0.000233188766,0.000223477648,0.000194123379,0.00016019438,0.000142325865,0.00014765939,0.000158657625,0.000149918167,0.000114842253,6.93227266e-05,3.26826412e-05,1.21568391e-05,4.21334744e-06,4.21334744e-06,1.21568391e-05,3.26826412e-05,6.91891546e-05,0.000114073628,0.000146473452,0.000146473452,0.000114073628,6.91891546e-05,3.26826412e-05,1.20232726e-05,3.44472528e-06,7.68622101e-07,1.33566502e-07,0,0,0,0,0,0,0,0,0,0,0,0,0,0,0,0,1.93368834e-07,1.05849085e-06,4.51246751e-06,1.49819207e-05,3.87388936e-05,7.80105547e-05,0.000122344893,0.000149432395,0.00014214449,0.000105303239,6.07546826e-05,2.72988382e-05,9.55289397e-06,2.60346746e-06,5.52580673e-07,9.13409721e-08,0,0,0,0,0,0,0,0,7.52525224e-08,4.66775958e-07,2.25487406e-06,8.48325453e-06,2.48558736e-05,5.67181451e-05,0.000100795543,0.000139504133,0.000150369277,0.000126228551,8.25244133e-05,4.2017833e-05,1.66613918e-05,5.1453535e-06,1.23750112e-06,2.31794075e-07,0,1.10592183e-07,6.52524989e-07,2.99844601e-06,1.07305432e-05,2.99070471e-05,6.49160065e-05,0.000109737826,0.000144473219,0.000148130566,0.000118284668,7.35594658e-05,3.56266573e-05,1.34381025e-05,3.94754625e-06,9.0311454e-07,1.60910673e-07,0,0,0,0,0,0,0,0,0,0,0,0,0,0,0,0,0,0,0,0,0,0,0,0,0,0,0,0,0,0,0,0,0,0,0,0,0,0,0,0,0,0,0,0,0,0,0,0,0,0,0,0,0,0,0,0,0,0,0,0,0,0,0,0,0,0,0,0,0,0,0,0,0,0,0,0,0,0,0,0,0,0,0,0,0,0,0,0,0,0,0,0,0,0,0,0,0,0,0,0,0,0,0,0,0,0,0,0,0
6.15255772e-07,3.85607564e-06,1.75253354e-05,6.42513187e-05,0.000188671751,0.000453860499,0.000915566168,0.0016091424,0.00256794249,0.00382372644,0.00529062701,0.00660639908,0.00720460387,0.00672287494,0.00536268298,0.00375073892,0.00244926615,0.00166054047,0.00130972813,0.00123915519,0.0013008893,0.00138165837,0.00141607982,0.00138475595,0.00129665341,0.00116289814,0.000986842788,0.000788035453,0.000623419473,0.000555178267,0.000593339733,0.000687780615,0.000774513173,0.000820582209,0.000826360425,0.000799101836,0.000742843433,0.000679173681,0.000652411254,0.000685704814,0.000741044816,0.000753563829,0.000713521382,0.000682517071,0.000711693719,0.000767077901,0.000767653226,0.000680461468,0.000542786031,0.000402316306,0.000276431267,0.00016830067,8.61892331e-05,3.64438747e-05,1.56249826e-05,1.76527083e-05,4.25043509e-05,9.33465635e-05,0.00016162869,0.000218175905,0.000229362035,0.000188211168,0.000121952595,6.84425831e-05,5.13647065e-05,7.67029414e-05,0.000135284994,0.000199694565,0.00023166716,0.000209698934,0.000148224906,8.3645893e-05,4.49571162e-05,4.4067845e-05,8.39715576e-05,0.000163501245,0.00027249605,0.000394076982,0.000511525839,0.000604374218,0.000643970212,0.000609850045,0.000509395089,0.000372958923,0.000235821179,0.000125706996,5.50537152e-05,1.9583591e-05,6.52394147e-06,6.63017772e-06,2.06712248e-05,6.09920098e-05,0.000143754587,0.000270669669,0.000412044843,0.000516941247,0.00055150222,0.000523084658,0.000465547462,0.000409444474,0.000364557869,0.000318743434,0.000254775514,0.000173966924,9.8818542e-05,5.26958283e-05,4.61495038e-05,7.93014187e-05,0.000141537137,0.000204841461,0.000231956918,0.000204701268,0.000140688979,7.53053901e-05,3.13919554e-05,1.01914766e-05,2.57680858e-06,5.0740374e-07,2.47559512e-07,1.00155296e-06,4.60227966e-06,1.64701833e-05,4.59039729e-05,9.96388117e-05,0.00016843529,0.000221750248,0.000227363867,0.00018155374,0.000112905553,5.4682936e-05,2.06259847e-05,6.05904188e-06,1.38617986e-06,2.46979909e-07,0,0,0,0,0,0,0,0,0,0,0,0,0,0,0,0,0,0,0,0,0,0,0,0,0,0,1.40198182e-07,8.48149568e-07,3.99603141e-06,1.46626244e-05,4.19006647e-05,9.32516414e-05,0.000161723612,0.000218779605,0.000232557126,0.000200499533,0.000159674892,0.000159188348,0.000222057017,0.000328032154,0.000426836486,0.000474679138,0.000464818528,0.000420805503,0.000363383122,0.000298629893,0.000237660439,0.000205161952,0.000212972634,0.000236835302,0.000234649313,0.000188965496,0.000119942488,5.94598714e-05,2.29955731e-05,6.92613321e-06,1.62466506e-06,2.96799527e-07,0,0,0,0,0,0,0,0,0,0,0,0,0,0,0,0,0,0,0,0,0,0,0,0,0,0,0,0,0,0,0,7.78128779e-08,5.0740374e-07,2.57680858e-06,1.01914766e-05,3.16887563e-05,7.69300532e-05,0.000147615123,0.000227696844,0.0002914168,0.000324438734,0.000328474736,0.000304667425,0.000249567878,0.000171820167,9.58284581e-05,4.24080681e-05,1.47404371e-05,3.99603141e-06,8.48149568e-07,1.40198182e-07,0,0,0,0,0,0,0,0,0,0,0,0,0,0,0,0,0,0,0,0,0,0,0,0,0,0,0,0,0,0,0,0,0,0,0,0,0,0,0,0,0,0,0,0,0,0,0,0,0,0,0,0,0,0,0,7.78128779e-08,5.0740374e-07,2.57680858e-06,1.01914766e-05,3.13919554e-05,7.53053901e-05,0.000140688979,0.000204701268,0.000231956918,0.000204701268,0.000140688979,7.53053901e-05,3.13919554e-05,1.01914766e-05,2.57680858e-06,5.0740374e-07,7.78128779e-08,0,0,0,0,0,0,0,0,0,0,0,0,0,0,0,0,0,0,0,0,0,0,0,0,0,0,0,0,0,0,0,0,0,0,0,0,0,0,0,0,0,0,0,0,0,0,0,0,0,0,0,0,0,0,0,0,0,0,0,0,0,0,0,0,0,0,0,0,0,0,0,0,0,0,0,0,0,0,0,0,0,0,0,0,0,0,0,0,0,0,0,0,0,0,0,0,0,0,0,0,0,0,0,0,0,0,0,0,0,0,0,0,0,0,0,0,0,0,0,0,0,0,0,0,0,0,0,0,0,0,0,0,0,0,0,0,0,0,0,0,0,0,0,0,0,0
2.17150387e-06,1.17037498e-05,4.88404767e-05,0.000162727098,0.000443283061,0.00099713169,0.00187218213,0.00296301884,0.00399367139,0.00464163953,0.00472706975,0.00429727277,0.00355459959,0.00273455051,0.00202434673,0.00151630118,0.00120061624,0.00101224042,0.000904455315,0.000885839167,0.00100921653,0.00131473073,0.00175776531,0.00218450162,0.00239431253,0.00225654826,0.00179904932,0.00119653344,0.000657909433,0.000306722271,0.00015532141,0.000162000972,0.000280957582,0.00045848632,0.000615634082,0.000677352189,0.000634893426,0.000560092682,0.00053302903,0.000563564012,0.000600102532,0.000603605178,0.000589673058,0.000597928534,0.000638119585,0.000673900533,0.000654351665,0.000560421089,0.00042481086,0.000313289434,0.000285417162,0.000361811602,0.00051260367,0.00066661922,0.000741907337,0.000692902657,0.000547737174,0.000393119379,0.000310692936,0.000320715946,0.000381586811,0.000438449671,0.000465665304,0.00046176571,0.000421479781,0.000338326907,0.000227735407,0.000124491125,5.43047754e-05,1.87257319e-05,5.18367278e-06,2.02146953e-06,4.71619478e-06,1.73805165e-05,5.16518521e-05,0.000119834156,0.000217052351,0.000307199283,0.000340588653,0.000299860141,0.00022370652,0.000178683389,0.000210164464,0.000315090321,0.000445956422,0.000539271394,0.000553772261,0.000491744839,0.000390199799,0.000298324274,0.000254688348,0.000271228288,0.000331255578,0.000402809266,0.000453715562,0.000467375998,0.000455477129,0.00044434701,0.00044104617,0.000427458668,0.000388166867,0.000325788802,0.000249858596,0.00016958479,9.77022137e-05,4.62253811e-05,1.83645607e-05,9.60195666e-06,1.63553523e-05,4.04128841e-05,8.29912897e-05,0.000133451176,0.00016712393,0.000162997647,0.000123808451,7.32395638e-05,3.37417405e-05,1.21064177e-05,3.38290806e-06,8.86884493e-07,9.91947445e-07,3.88640956e-06,1.35649016e-05,3.68732217e-05,7.816367e-05,0.000129323642,0.000168191618,0.000176032103,0.000159499308,0.000146605293,0.000155678485,0.00017393523,0.000172479107,0.000138899195,8.82885724e-05,4.44422039e-05,2.02858173e-05,1.71974752e-05,3.49359507e-05,7.34577188e-05,0.000123808451,0.000162997647,0.00016712393,0.000133451176,8.29912897e-05,4.01947218e-05,1.51611412e-05,4.45370233e-06,1.01891226e-06,1.81542703e-07,0,0,0,0,0,1.81542703e-07,1.01891226e-06,4.45370233e-06,1.51611412e-05,4.01947218e-05,8.29912897e-05,0.000133451176,0.000167248712,0.000163733828,0.000127191364,8.53459715e-05,6.7483481e-05,8.53459715e-05,0.000127191364,0.000163733828,0.000167318474,0.000133894908,8.518916e-05,4.86728168e-05,4.06307445e-05,6.40435828e-05,0.000109598746,0.000154551599,0.000171925029,0.000153913556,0.000124219223,0.000123814898,0.000182434203,0.000298997271,0.000442160032,0.000569802069,0.000646976288,0.000648298126,0.000562574423,0.000411240675,0.000247227319,0.000120559736,4.89255435e-05,2.28804456e-05,2.90099979e-05,6.02767541e-05,0.000108664732,0.00015408211,0.00017028708,0.000146567443,9.82470956e-05,5.12894803e-05,2.08527472e-05,6.60274645e-06,1.62821721e-06,3.12698972e-07,0,0,0,0,1.03052749e-07,6.23432811e-07,2.93728499e-06,1.07777696e-05,3.07991068e-05,6.85446721e-05,0.000118805263,0.000160370328,0.000168592684,0.000138116913,8.85397239e-05,4.62500102e-05,2.64738883e-05,3.31339652e-05,6.51847804e-05,0.000113937756,0.000157391405,0.000169649691,0.000142413628,9.31057293e-05,4.74053777e-05,1.87977221e-05,5.80509322e-06,1.39617407e-06,2.61514799e-07,0,0,0,0,0,2.18162654e-07,1.19421099e-06,5.24175039e-06,1.77700822e-05,4.77431131e-05,0.000102871236,0.000181226016,0.000271089782,0.0003639028,0.000465774123,0.000583926216,0.000694899412,0.000738405506,0.000664635445,0.000490220205,0.000290881493,0.000137457668,5.14544481e-05,1.51821196e-05,3.53538508e-06,6.26712563e-07,5.71964023e-08,0,0,0,2.61514799e-07,1.39617407e-06,5.80509322e-06,1.87977221e-05,4.74053777e-05,9.31057293e-05,0.000142413628,0.000169649691,0.000157391405,0.000113719594,6.39905702e-05,2.80429049e-05,9.57098109e-06,2.54399492e-06,5.26626138e-07,8.49014299e-08,0,0,0,0,0,0,0,0,0,0,0,0,0,0,0,0,0,0,0,0,0,0,0,0,0,0,0,0,0,0,0,0,0,0,0,0,0,0,0,0,0,0,0,0,0,0,0,0,0,0,0,0,0,0,0,0,0,0,0,0,0,0,0,0,0,0,0,0,0,0,0,0,0,0,0,0,0,0,0,0,0,0,0,0,0,0,0,0,0,0,0,0,0,0,0,0,0,0,0,0,0,0,0,0,0,0,0,0,0,0,0,0,0,0,0,0,0,0,0,0,0,0,0,0,0,0,0,0,0,0,0,0,0,0,0,0,0,0,0,0,0,0,0,0,0,0,0,0,0,0,0,0,0,0,0,0,0,0,0,0,0,0,0,0,0,0,0,0,0,0,0,0,0,0,0,0,0,0,0,0
5.5890443e-05,0.000146365273,0.000304671557,0.000512674334,0.000720969343,0.000898623315,0.00108831841,0.00141802081,0.00207454991,0.00321759353,0.00481158821,0.00650485279,0.0077582309,0.00820988324,0.00794551056,0.00740192132,0.0069868057,0.00675927754,0.00642759306,0.00565058738,0.00438400917,0.00294962851,0.00176824862,0.0010471982,0.000713203161,0.00056819024,0.000457229326,0.000327192072,0.000196081004,9.54756688e-05,3.72054747e-05,1.14786735e-05,2.72276543e-06,7.31555815e-07,1.23108771e-06,5.65702476e-06,2.02448027e-05,5.64241964e-05,0.000122473924,0.000207037112,0.000272570731,0.000279470871,0.000223162031,0.000138781121,6.72151073e-05,2.53530252e-05,7.44764657e-06,1.70386306e-06,3.03582482e-07,0,0,0,0,0,0,0,0,0,0,0,0,0,0,0,2.51993526e-07,1.45012257e-06,6.49899857e-06,2.26837328e-05,6.16607795e-05,0.000130535875,0.000215217267,0.00027634445,0.00027634445,0.000215217267,0.000131058783,6.43835447e-05,3.37250931e-05,4.1369738e-05,8.72183009e-05,0.000164544443,0.000245095551,0.000284760405,0.000257661828,0.000181571246,9.96484086e-05,4.25912185e-05,1.41773835e-05,3.67534881e-06,7.42040129e-07,1.16676283e-07,0,0,0,0,0,0,0,0,0,0,0,0,0,0,0,0,0,0,0,0,0,0,0,0,0,0,0,0,0,0,0,0,0,0,0,0,0,0,0,0,0,0,0,0,0,0,0,0,0,0,0,0,0,0,0,0,0,0,0,0,0,0,0,0,0,0,0,0,0,0,0,0,0,0,0,0,0,0,0,0,0,0,0,0,0,0,0,0,0,0,2.08648984e-07,1.75399441e-06,8.37979042e-06,3.12861594e-05,9.18178412e-05,0.000210964863,0.000382370927,0.000552536978,0.00064999942,0.000645116321,0.000565447903,0.000451623899,0.000325606088,0.000203196265,0.000105027619,4.36368427e-05,1.42940617e-05,3.67534881e-06,7.42040129e-07,1.16676283e-07,0,0,0,0,0,0,0,0,0,0,0,0,0,0,0,0,0,0,0,0,0,0,0,0,0,0,0,0,0,0,0,0,0,0,0,0,0,0,0,0,0,0,0,0,0,0,0,0,0,0,0,0,0,0,0,0,0,0,0,0,0,0,0,0,0,0,0,0,0,0,0,0,0,0,0,0,0,0,0,0,0,0,0,0,0,0,0,0,0,0,0,0,0,0,0,0,0,0,0,0,0,0,0,0,0,0,0,0,0,0,0,0,0,0,0,0,0,0,0,0,0,0,0,0,0,0,0,0,0,0,0,0,0,0,0,0,0,0,0,0,0,0,0,0,0,0,0,0,0,0,0,0,0,0,0,0,0,0,0,0,0,0,0,0,0,0,0,0,0,0,0,0,0,0,0,0,0,0,0,0,0,0,0,0,0,0,0,0,0,0,0,0,0,0,0,0,0,0,0,0,0,0,0,0,0,0,0,0,0,0,0,0,0,0,0,0,0,0,0,0,0,0,0,0,0,0,0,0,0,0,0,0,0,0,0,0,0,0,0,0,0,0,0,0,0,0,0,0,0,0,0,0,0,0,0,0,0,0,0,0,0
4.41910306e-05,0.000111187284,0.000218287314,0.000335418794,0.000410914188,0.000430825719,0.000489466882,0.000802818395,0.00164369738,0.0031796745,0.00523986667,0.00720111327,0.00826148782,0.0080354549,0.00692675775,0.00584358722,0.0054449155,0.0056023607,0.00560566643,0.00491244486,0.00363724353,0.00231610122,0.00136089849,0.000837776402,0.000611316063,0.000538221677,0.000522686052,0.000499040063,0.000431865425,0.000337149802,0.000264004775,0.000239320972,0.000245949748,0.000254268787,0.000255429535,0.000252005266,0.000235726911,0.000194865672,0.000138253148,9.4883595e-05,8.99631341e-05,0.000124916289,0.000174122048,0.000199831527,0.000180426767,0.000127087056,6.97468495e-05,2.98108462e-05,9.92316745e-06,2.57248462e-06,5.19375703e-07,8.16651635e-08,0,0,0,0,1.76377668e-07,1.01498335e-06,4.54884002e-06,1.58770108e-05,4.31581902e-05,9.13658951e-05,0.000150636886,0.000193421598,0.000193421598,0.000150636886,9.13658951e-05,4.31581902e-05,1.58770108e-05,4.54884002e-06,1.01498335e-06,1.76377668e-07,0,0,0,0,0,0,0,2.55348056e-07,1.39776182e-06,5.95881829e-06,1.97839745e-05,5.11556136e-05,0.000103014754,0.000161559292,0.000197328962,0.000187705125,0.000139176002,8.09576741e-05,3.96991782e-05,2.64222217e-05,4.46995182e-05,9.87029998e-05,0.000186221834,0.000284842128,0.000353526644,0.000357169192,0.000293795019,0.000196066976,0.000105719548,4.66443562e-05,2.07805206e-05,2.19601934e-05,4.79075061e-05,9.72830312e-05,0.000156197653,0.000195609871,0.000190780265,0.000144911362,8.57230989e-05,3.94929521e-05,1.4169932e-05,3.95951793e-06,8.61674437e-07,1.46039554e-07,0,0,0,0,0,0,0,0,0,0,0,0,0,0,0,0,0,0,0,0,0,0,0,0,0,3.06089476e-07,1.63414904e-06,6.79455934e-06,2.20017573e-05,5.54855287e-05,0.000108975408,0.000166687751,0.000198566137,0.000184218457,0.000133102862,7.48976308e-05,3.28227616e-05,1.12023354e-05,2.97761358e-06,6.16388547e-07,9.93727056e-08,0,9.93727056e-08,6.16388547e-07,2.97761358e-06,1.12023354e-05,3.28227616e-05,7.48976308e-05,0.000133102862,0.000184218457,0.000198566137,0.000166687751,0.000108975408,5.54855287e-05,2.20017573e-05,6.79455934e-06,1.63414904e-06,3.06089476e-07,0,0,1.20617884e-07,7.29695671e-07,3.50488449e-06,1.33632175e-05,4.00746503e-05,9.75412549e-05,0.0001970249,0.000341298262,0.000521390059,0.000710950582,0.000860316912,0.000911276555,0.000833970669,0.00065171672,0.000429127045,0.00023439854,0.000104505285,3.75489362e-05,1.07515743e-05,2.36384471e-06,4.26707373e-07,0,0,0,0,0,0,0,0,0,0,0,0,0,0,0,0,0,0,0,0,2.12486299e-07,1.1925838e-06,5.21282664e-06,1.77453276e-05,4.7045829e-05,9.71369882e-05,0.000156197653,0.000195609871,0.000190780265,0.000144911362,8.57230989e-05,3.94929521e-05,1.4169932e-05,3.95951793e-06,8.61674437e-07,1.46039554e-07,0,0,0,0,0,0,0,0,9.93727056e-08,6.16388547e-07,2.97761358e-06,1.12023354e-05,3.28227616e-05,7.48976308e-05,0.000133102862,0.000184218457,0.000198566137,0.000166687751,0.000108975408,5.54855287e-05,2.20017573e-05,6.79455934e-06,1.63414904e-06,3.06089476e-07,0,0,0,0,0,0,0,0,0,0,0,0,0,0,0,0,0,0,0,0,0,0,0,0,0,0,0,0,0,0,0,0,0,0,0,0,0,0,0,0,0,0,0,0,0,0,0,0,0,0,0,0,0,0,0,0,0,0,0,0,0,0,0,0,0,0,0,0,0,0,0,0,0,0,0,0,0,0,0,0,0,0,0,0,0,0,0,0,0,0,0,0,0,0,0,0,0,0,0,0,0,0,0,0,0,0,0,0,0,0,0,0,0,0,0,0,0,0,0,0,0,0,0,0,0,0,0,0,0,0,0,0,0,0,0,0,0,0,0,0,0,0,0,0,0,0,0,0,0,0,0,0,0,0,0,0,0,0,0,0,0,0,0,0,0,0,0,0,0,0,0,0,0,0,0,0,0,0,0,0,0,0,0,0,0,0,0,0,0,0,0,0,0,0,0,0,0,0,0,0,0,0,0,0
0,0,6.52992412e-07,3.75771151e-06,1.76553531e-05,6.67173881e-05,0.000201788396,0.000506495242,0.00108901598,0.00204532105,0.00336456741,0.00480903778,0.005949941,0.00647368329,0.00645253947,0.00620250171,0.00594311906,0.00572402962,0.00554209063,0.00531499134,0.00483097974,0.00394880539,0.0028204741,0.00180552085,0.0011722449,0.0009175585,0.000836338266,0.000723227859,0.000520685571,0.000297968538,0.000133461115,4.67030841e-05,1.27280746e-05,2.70150804e-06,4.46556299e-07,0,0,0,0,0,0,0,0,0,0,0,0,0,0,0,0,0,0,0,0,0,0,0,0,3.02343977e-07,1.92285324e-06,9.52395385e-06,3.67379434e-05,0.000110366891,0.000258219545,0.000470506697,0.000667680753,0.00073790137,0.000635117642,0.000425732025,0.00022225162,9.03607652e-05,2.8611541e-05,7.05551884e-06,1.35501182e-06,0,0,0,0,0,0,0,0,0,0,0,0,0,0,3.67901578e-07,2.28201793e-06,1.10238389e-05,4.14737297e-05,0.000121517725,0.000277288986,0.000492778723,0.000682020851,0.000735139416,0.00061711797,0.000403453072,0.000205420714,8.14557716e-05,2.51550864e-05,6.05001151e-06,1.13321653e-06,0,0,0,0,0,0,0,0,0,0,0,0,0,0,0,0,0,0,0,0,0,0,0,0,0,0,0,0,0,0,0,0,0,0,0,0,0,0,0,0,0,0,0,0,0,0,0,0,0,0,0,0,0,0,0,0,0,0,0,0,0,0,0,0,0,0,0,0,0,0,0,0,0,0,0,0,0,0,0,0,0,0,0,0,0,0,0,7.86675173e-07,4.71757494e-06,2.12219875e-05,7.5221411e-05,0.000210912884,0.000469991297,0.000836500665,0.00119470141,0.00137399498,0.00127439795,0.000952485017,0.00057194446,0.000274712103,0.000105019848,3.18016682e-05,7.59619252e-06,1.35501182e-06,7.86675173e-07,4.41523116e-06,1.92991338e-05,6.56974516e-05,0.000174174929,0.000359624391,0.000578281179,0.000724194571,0.000706314226,0.000536496576,0.000317367434,0.000146212376,5.24604802e-05,1.46590837e-05,3.1901252e-06,5.40673454e-07,0,0,0,0,0,0,0,0,0,0,0,0,0,0,0,0,0,0,0,0,0,0,0,0,0,0,0,0,0,0,0,0,0,0,0,0,0,0,0,0,0,0,0,0,0,0,0,0,0,0,0,0,0,0,0,0,0,0,0,0,0,0,0,0,0,0,0,0,0,0,0,0,0,0,0,0,0,0,0,0,0,0,0,0,0,0,0,0,0,0,0,0,0,0,0,0,0,0,0,0,0,0,0,2.47847936e-07,1.61617163e-06,8.20759669e-06,3.2461674e-05,9.99889962e-05,0.00023986114,0.000448119594,0.000652010145,0.00073882431,0.000652010145,0.000448119594,0.00023986114,9.99889962e-05,3.2461674e-05,8.20759669e-06,1.61617163e-06,2.47847936e-07,0,0,0,0,0,0,0,0,0,0,0,0,0,0,0,0,0,0,0,0,0,0,0,0,0,0,0,0,0,0,0,0,0,0,0,0,0,0,0,0,0,0,0,0,0,0,0,0,0,0,0,0,0,0,0,0,0,0,0,0,0,0,0,0,0,0,0,0,0,0,0,0,0,0,0,0,0,0,0,0,0,0,0,0,0,0,0,0,0,0,0,0,0,0,0,0,0,0,0,0,0,0,0,0,0,0,0,0,0,0,0,0,0,0,0,0
0.000123647362,0.000369758083,0.000873832614,0.00163760234,0.00244688359,0.00296695717,0.00309363054,0.00321185309,0.00397294154,0.00566518027,0.00775545416,0.00916430727,0.00914339349,0.00788268913,0.00621450366,0.0048465007,0.00395748205,0.00335516036,0.00280196057,0.00219827588,0.00160660455,0.00116517756,0.000959184777,0.000943310617,0.000979412114,0.000937538396,0.000770680956,0.000525443931,0.000291255797,0.000129415494,4.56763155e-05,1.27314497e-05,2.77224603e-06,4.18002287e-07,0,3.94381743e-07,3.16641263e-06,1.49343987e-05,5.54638464e-05,0.000162229306,0.000373729592,0.000677988923,0.000968223205,0.00108792982,0.000961240672,0.000667371321,0.000363819679,0.000155618938,5.21887814e-05,1.37128145e-05,2.82116343e-06,3.87268216e-07,0,0,0,1.34104042e-07,9.45386205e-07,4.97392693e-06,1.96644633e-05,6.16588513e-05,0.000153739253,0.00030549051,0.000484455115,0.000613409327,0.000619782833,0.000498971494,0.000319392973,0.000162143129,6.51137088e-05,2.06339682e-05,5.14848034e-06,9.69204621e-07,1.10483469e-07,0,0,0,0,0,0,0,0,0,0,9.07960569e-08,5.77446599e-07,2.86011164e-06,1.10326673e-05,3.3143966e-05,7.75451772e-05,0.000141296521,0.000200509297,0.00022159706,0.000190730367,0.000127850377,6.67437489e-05,2.71359841e-05,8.5922502e-06,2.11882275e-06,4.06919753e-07,0,0,0,0,0,0,0,0,0,0,0,0,0,0,0,0,0,0,0,0,0,0,0,0,0,0,0,0,0,0,0,0,0,0,0,0,0,0,0,0,0,0,0,0,0,0,0,0,0,0,0,0,0,0,0,0,0,0,0,0,0,0,0,0,0,0,0,0,0,0,0,0,0,0,0,0,0,0,0,0,0,0,0,0,0,0,0,0,0,0,0,0,0,0,0,0,0,0,0,0,0,0,0,0,0,0,0,0,0,0,0,0,0,0,0,0,0,0,0,0,0,0,0,0,0,0,0,0,0,0,0,0,0,0,0,0,0,0,0,0,0,0,0,0,0,0,0,0,0,0,0,0,0,0,0,0,0,0,0,0,0,0,0,0,0,0,0,0,0,0,0,0,0,0,0,0,0,0,0,0,0,0,0,0,0,0,0,0,0,0,0,0,0,0,0,0,0,0,0,0,0,0,0,0,0,0,0,0,0,0,0,0,0,0,0,0,0,0,0,0,0,0,0,0,0,0,0,0,0,0,0,0,0,0,0,0,0,0,0,0,0,0,0,0,0,0,0,0,0,0,0,0,0,0,0,0,0,0,0,0,0,0,0,0,0,0,0,0,0,0,0,0,0,0,0,0,0,0,0,0,0,0,0,0,0,0,0,0,0,0,0,0,0,0,0,0,0,0,0,0,0,0,0,0,0,0,0,0,0,0,0,0,0,0,0,0,0,0,0,0,0,0,0,0,0,0,0,0,0,0,0,0,0,0,0,0,0,0,0,0,0,0,0,0,0,0,0,0,0,0,0,0,0,0,0,0,0,0,0,0,0,0
0,1.97655396e-07,1.19574554e-06,6.13530528e-06,2.33496521e-05,7.02069374e-05,0.000167656734,0.00031964347,0.00049111672,0.000616943522,0.000657827768,0.000651288079,0.000698178483,0.000883692119,0.00121145078,0.00159918028,0.00193324569,0.00214215484,0.00226963568,0.00246226857,0.00283716666,0.00335459341,0.00386640918,0.00425473275,0.00444366736,0.0043238881,0.00380509906,0.00297642639,0.00211238372,0.00146676635,0.00109705178,0.000905608409,0.000784550561,0.000691268011,0.000622525578,0.000576228602,0.000542477588,0.000514131039,0.000493372208,0.000490033999,0.000519712572,0.000621288666,0.00083536189,0.00111926463,0.00131111941,0.00125276588,0.000951444905,0.000574466947,0.000293525605,0.000174903093,0.000192455453,0.00028415196,0.00039013417,0.000481575436,0.000570289209,0.000669777161,0.000755792484,0.000782566844,0.00073021854,0.000614350021,0.000467754988,0.000332851982,0.000255893072,0.000257289328,0.000305052177,0.000333209115,0.000296941871,0.00020849568,0.000114293522,4.88507576e-05,1.62610031e-05,4.21550658e-06,8.51096161e-07,1.33823946e-07,0,0,0,0,0,0,0,0,0,0,0,0,0,0,0,0,5.99757357e-07,3.12292423e-06,1.26640825e-05,3.99956152e-05,9.83733407e-05,0.000188438149,0.000281116692,0.000326611014,0.000295529841,0.000208256373,0.000114293522,4.88507576e-05,1.62610031e-05,4.21550658e-06,8.51096161e-07,1.33823946e-07,0,0,0,0,0,0,0,1.09702825e-07,7.15352314e-07,3.63285858e-06,1.43682346e-05,4.42572782e-05,0.000106167696,0.000198347363,0.000288593699,0.000327019487,0.000288593699,0.000198347363,0.000106167696,4.42572782e-05,1.43682346e-05,3.63285858e-06,7.15352314e-07,1.09702825e-07,0,0,0,0,0,0,0,0,0,0,0,0,0,0,0,0,0,0,0,0,0,0,0,0,0,0,0,0,0,0,0,1.09702825e-07,7.15352314e-07,3.63285858e-06,1.43682346e-05,4.42572782e-05,0.000106167696,0.000198695561,0.000290547963,0.000335561723,0.000317672791,0.000275440922,0.000265345181,0.000300456246,0.00033656368,0.00032416312,0.000267888798,0.000228520206,0.000270146411,0.000402570702,0.000563529495,0.00066121656,0.00065772474,0.000617028913,0.000656315242,0.000848330266,0.00116060209,0.00146330206,0.00159832509,0.00148188125,0.00116251828,0.000774316199,0.000439730793,0.000217656983,0.000112262314,0.000104232713,0.000166286656,0.000257371663,0.000320783409,0.000312629854,0.000237464905,0.000140473639,6.47167399e-05,2.32201364e-05,6.48842524e-06,1.41201792e-06,2.39313664e-07,0,0,0,0,5.01585987e-07,2.67786504e-06,1.11341815e-05,3.60540762e-05,9.09236187e-05,0.000178577,0.000273149664,0.000325388508,0.000301877066,0.000218114437,0.000122734054,5.37863561e-05,1.83571628e-05,4.87938814e-06,1.01007015e-06,1.62841133e-07,0,0,0,0,2.89028463e-07,1.66324389e-06,7.45414172e-06,2.60175111e-05,7.08567532e-05,0.000150571534,0.000251062767,0.000333219185,0.000365808955,0.000361140788,0.000357976824,0.00036625276,0.0003526285,0.000288680545,0.000190816747,0.000102295227,5.43638489e-05,5.69213626e-05,0.000109290617,0.000198947106,0.000288593699,0.000327019487,0.000288593699,0.000198347363,0.000106167696,4.42572782e-05,1.43682346e-05,3.63285858e-06,7.15352314e-07,1.09702825e-07,0,0,0,0,0,0,0,0,0,0,0,0,0,0,0,0,0,0,0,0,0,0,0,0,0,0,0,0,0,0,0,0,0,0,0,0,0,0,0,0,0,0,0,0,0,0,0,0,0,0,0,0,0,0,0,0,0,0,0,0,0,0,0,0,0,0,0,0,0,0,0,0,0,0,0,0,0,0,0,0,0,0,0,0,0,0,0,0,0,0,0,0,0,0,0,0,0,0,0,0,0,0,0,0,0,0,0,0,0,0,0,0,0,0,0,0,0,0,0,0,0,0,0,0,0,0,0,0,0,0,0,0,0,0,0,0,0,0,0,0,0,0,0,0,0,0,0,0,0,0,0,0,0,0,0,0,0,0,0,0,0,0,0,0,0,0,0,0,0,0,0,0,0,0,0,0,0,0,0,0,0,0,0,0,0,0,0,0,0,0,0,0,0,0,0,0,0,0,0,0
0,0,0,2.80734895e-07,2.76844685e-06,1.41383634e-05,5.58782049e-05,0.000175297784,0.000439782772,0.000891806558,0.0014821369,0.00205608597,0.00243636407,0.00253633596,0.00239580986,0.00212002546,0.00180711539,0.0015430015,0.00143238227,0.00156637363,0.00193515769,0.00241886009,0.00289131119,0.00328255678,0.00351351243,0.00345044723,0.00301362225,0.00231784373,0.00163850898,0.00121621927,0.00109333009,0.00111634715,0.00108087133,0.000889268238,0.000595571881,0.000319159473,0.000137489755,5.55446459e-05,5.0497245e-05,0.000117936346,0.000279660715,0.000550625846,0.000893756514,0.00120224629,0.00134385144,0.00124659203,0.000960217672,0.000629413524,0.000397127442,0.000319478713,0.000350032729,0.000389480585,0.000363472762,0.000271275145,0.000170623796,0.000126403931,0.000179893235,0.000338712067,0.000556273561,0.000726830971,0.000747112732,0.000610143645,0.00041757201,0.000291358388,0.000280653621,0.000341892155,0.000386773987,0.000355343131,0.000257522828,0.000151869477,9.19914528e-05,0.000105295941,0.000199153073,0.000362277962,0.000555968902,0.000723888283,0.000821226742,0.000830062432,0.000751528656,0.000600170286,0.000411026704,0.000234432155,0.00010876669,4.03236736e-05,1.18632288e-05,2.68694657e-06,4.90860884e-07,0,7.45388832e-07,4.13976568e-06,1.80064653e-05,6.13699449e-05,0.000163966994,0.000343561522,0.000564920425,0.000729573891,0.000742992794,0.000607174239,0.000428126834,0.000322473265,0.000324319088,0.000374706928,0.000386556174,0.000321321888,0.000209485705,0.000107249391,4.54357905e-05,2.61226469e-05,4.54357905e-05,0.000107249391,0.000209485705,0.000320427323,0.000381707825,0.000354465999,0.000257817534,0.000152721608,9.36165889e-05,0.000104498373,0.00018154952,0.000291942211,0.000377733319,0.000393352821,0.000352668285,0.000319611834,0.000338830316,0.000384647661,0.000390452158,0.000322378444,0.00020982475,0.000106660984,4.22944358e-05,1.30613234e-05,3.14135877e-06,5.88402202e-07,0,0,7.03565377e-07,3.66345034e-06,1.48560248e-05,4.69181905e-05,0.000115400122,0.00022146212,0.000332065858,0.000393162627,0.000380793354,0.000334739249,0.000320804276,0.000357568031,0.000395100476,0.000371685979,0.000279564527,0.000164944271,7.59181275e-05,2.7519889e-05,9.26787834e-06,9.26787834e-06,2.8223456e-05,7.95815722e-05,0.000179643306,0.000325484318,0.000482140982,0.000597078586,0.000630035298,0.000569870346,0.000437118346,0.000278414285,0.000144096542,5.95985366e-05,1.94839813e-05,4.94514052e-06,9.98406676e-07,1.56986644e-07,0,0,3.3905448e-07,2.35959033e-06,1.10368592e-05,4.11892834e-05,0.000120761462,0.00028247165,0.000533407554,0.000827723881,0.00107994652,0.00121118408,0.00118021143,0.000991722569,0.000703521131,0.000411261019,0.000194259992,7.31633918e-05,2.17455818e-05,5.0661597e-06,9.35431615e-07,0,0,0,0,0,0,0,0,0,0,0,0,0,0,0,0,0,0,0,0,0,0,0,0,0,0,0,0,0,0,0,0,0,0,0,0,0,0,0,0,0,0,0,0,0,0,0,0,0,0,0,0,0,0,0,0,0,0,0,0,0,0,0,0,0,0,0,0,0,0,0,0,0,0,0,0,0,0,0,0,0,0,0,0,0,0,0,0,0,0,0,0,0,0,0,0,0,0,0,0,0,0,0,0,0,0,0,0,0,0,0,0,0,0,0,0,0,0,0,0,0,0,0,0,0,0,0,0,0,0,0,0,0,0,0,0,0,0,0,0,0,0,0,0,0,0,0,0,0,0,0,0,0,0,0,0,0,0,0,0,0,0,0,0,0,0,0,0,0,0,0,0,0,0,0,0,0,0,0,0,0,0,0,0,0,0,0,0,0,0,0,0,0,0,0,0,0,0,0,0,0,0,0,0,0,0,0,0,0,0,0,0,0,0,0,0,0,0,0,0,0,0,0,0,0,0,0,0,0,0,0,0,0,0,0,0,0,0,0,0,0,0,0,0,0,0,0,0,0,0,0,0,0,0,0,0,0,0,0,0,0,0,0,0,0,0,0,0
0.000521623529,0.000857461069,0.00114737998,0.00130425568,0.00137526321,0.00153376756,0.00194594776,0.00261903624,0.00335322251,0.00384907494,0.00389625598,0.00348621397,0.00278343074,0.00202131318,0.00139383529,0.000978583586,0.000744468591,0.000632189098,0.000619999075,0.000705431215,0.00085921766,0.00102590863,0.00116951857,0.00130330108,0.00145156542,0.00157773762,0.00158163218,0.00140736299,0.00114180229,0.000963734463,0.000989819993,0.00117735122,0.00136074645,0.00138452579,0.00122874824,0.00101008324,0.000847377058,0.000753058994,0.000669764238,0.000574561127,0.000509607315,0.000519485853,0.000585989328,0.000635799312,0.000610478164,0.000518735207,0.000414981914,0.000335038843,0.000270184624,0.000199539834,0.000126382511,7.36402071e-05,6.24708773e-05,0.00010354961,0.000194687251,0.000314705016,0.000426389481,0.000503076822,0.00055037922,0.000588810071,0.000615718949,0.000603530789,0.000535925559,0.00043005895,0.00033188751,0.000301425025,0.000386728381,0.000578282867,0.000780099479,0.000860583852,0.000763117103,0.000559207634,0.000376095501,0.000281608955,0.00025061323,0.000223370458,0.000174207438,0.000124287792,0.000107875385,0.000136536852,0.000187261918,0.000218259127,0.000201651594,0.000145559432,8.20667046e-05,3.69455011e-05,1.72548644e-05,2.20085931e-05,5.61137276e-05,0.000129748762,0.000240380017,0.00035459426,0.000417459029,0.000396416115,0.000315206242,0.000236272434,0.000206071461,0.000218669869,0.000232400285,0.000218648376,0.000190764011,0.000182501812,0.00020341629,0.000224768053,0.000211447841,0.00015904101,9.38348821e-05,4.31889384e-05,1.56889218e-05,5.44004479e-06,5.91686285e-06,1.75225832e-05,4.71971907e-05,9.99164622e-05,0.000164823708,0.000212091123,0.000214336367,0.000175986483,0.000134601272,0.000131922789,0.000183034688,0.00026812646,0.000346358371,0.00038191778,0.000365444605,0.000319383718,0.000281140557,0.00027225641,0.000283213652,0.000293875171,0.000299151114,0.000305838912,0.00031876695,0.000346383022,0.000399939716,0.000467804464,0.000509864185,0.000496629742,0.00043762417,0.000357995712,0.000269692478,0.000179185139,0.000101117919,5.27175871e-05,4.23191595e-05,7.02591133e-05,0.000128225744,0.000194280379,0.000239600457,0.000253165927,0.000251636113,0.000252953148,0.000248396915,0.000216123517,0.000154882247,8.83041721e-05,3.95117167e-05,1.37953893e-05,3.86835472e-06,1.4720589e-06,3.38818268e-06,1.22507172e-05,3.58945108e-05,8.19069974e-05,0.000145752318,0.000202568684,0.000222123694,0.000199650254,0.000166371174,0.00016059466,0.000188795195,0.000218953573,0.000213310239,0.000165069127,9.99164622e-05,4.71971907e-05,1.73628778e-05,4.97454766e-06,1.10997155e-06,1.92884144e-07,0,0,2.79245029e-07,1.80781774e-06,8.04505362e-06,2.81519569e-05,7.75785375e-05,0.000168791448,0.000290779193,0.0003992368,0.000445861195,0.000428598694,0.000400399847,0.000411066954,0.00044736304,0.000448014442,0.000378181197,0.000270466582,0.000189914281,0.000172431362,0.000199512637,0.000221515395,0.000202325667,0.000145668091,8.19069974e-05,3.58945108e-05,1.22507172e-05,3.25627661e-06,6.74073817e-07,1.08672602e-07,0,0,0,0,0,0,0,0,0,0,0,0,0,0,0,0,0,0,0,0,0,0,0,0,0,0,0,0,0,0,0,0,0,0,0,0,0,0,0,0,0,0,0,0,0,0,0,0,0,0,0,0,0,0,0,0,0,0,0,0,3.34735148e-07,1.78708251e-06,7.43043483e-06,2.40608115e-05,6.09105664e-05,0.000120478173,0.000187988044,0.000236555192,0.000252907368,0.000251787074,0.000252722559,0.000249810721,0.000220885311,0.000161729302,9.44196508e-05,4.32976121e-05,1.5496038e-05,4.33007335e-06,9.42315069e-07,1.59706815e-07,0,0,0,0,0,0,0,0,0,0,0,0,0,0,0,0,0,0,0,0,0,0,0,0,0,0,0,0,0,0,0,0,0,0,0,0,0,0,0,0,0,0,0,0,0,0,0,0,0,0,0,0,0,0,0,0,0,0,0,0,0,0,0,0,0,0,0,0,0,0,0,0,0,0,0,0,0,0,0,0,0,0,0,0,0,0,0,0,0,0,0,0,0,0,0,0,0,0,0,0,0,0,0,0,0,0,0,0,0,0,0,0,0,0,0,0,0,0,0,0,0,0,0,0,0,0,0,0,0,0,0,0,0,0,0,0,0,0,0,0,0,0,0,0,0,0,0,0,0,0,0,0,0,0,0,0,0,0,0,0,0,0,0,0,0,0,0,0,0,0,0
1.88810591e-05,6.13349112e-05,0.000161388496,0.000358151417,0.000704569684,0.00128007703,0.00216117059,0.00330574275,0.00445094286,0.00519467983,0.00523881335,0.00457327953,0.00346474838,0.00229528244,0.00137556856,0.000831113022,0.000603701686,0.000550917874,0.000578253588,0.000700044679,0.00097118417,0.0013555492,0.00170927262,0.00189869618,0.00192721561,0.00191686361,0.0019694462,0.00205494487,0.00204276573,0.00184266781,0.00150343671,0.0011710301,0.000957345183,0.000857073406,0.000783121912,0.000660528371,0.000487098034,0.000324306864,0.000244962837,0.00028900514,0.000448694336,0.000687996973,0.000964868057,0.00121918658,0.00135144766,0.00126621884,0.000972335692,0.000599950028,0.00029412107,0.000114302136,3.71269307e-05,1.92879288e-05,3.93107512e-05,0.000102745209,0.000220581947,0.000381584978,0.00054236385,0.000649467751,0.000668636698,0.000594198238,0.000449068466,0.000281619112,0.000143189391,5.80470805e-05,1.8817871e-05,6.13730481e-06,8.06986554e-06,2.64139144e-05,7.50832914e-05,0.000167100938,0.000289628224,0.000390957197,0.000411001995,0.000336499972,0.000214561864,0.000106548265,4.12065856e-05,1.24111848e-05,3.16252135e-06,2.05167498e-06,7.16063096e-06,2.66418429e-05,7.71973282e-05,0.000176575399,0.000322697277,0.000480848219,0.000601301319,0.000650250469,0.000617425481,0.000509411911,0.000354957097,0.000202710478,9.28023219e-05,3.3600907e-05,9.47444369e-06,2.11403426e-06,3.67364095e-07,0,0,0,0,0,6.3753123e-07,3.40364886e-06,1.41518885e-05,4.58258401e-05,0.00011556672,0.000226976859,0.000347432884,0.00041509865,0.000390855654,0.000303504639,0.000231082056,0.000235465064,0.000312960736,0.000397159019,0.000412285823,0.000336706929,0.000214561864,0.000106548265,4.12065856e-05,1.24111848e-05,2.91129527e-06,5.31845672e-07,0,0,0,0,0,0,0,0,0,0,0,0,0,0,0,0,0,0,0,0,0,0,0,0,0,0,0,0,0,0,0,0,0,0,0,0,0,0,0,0,0,0,0,0,0,0,0,0,4.42572087e-07,2.48394508e-06,1.08574131e-05,3.71305323e-05,9.90700646e-05,0.000207677542,0.000346000859,0.000469719234,0.000544086681,0.000573809084,0.00058286445,0.000586421986,0.000604911067,0.00067025848,0.000775225577,0.000840346154,0.000778410758,0.00058825413,0.000355839729,0.000170861385,6.4987551e-05,1.95000885e-05,4.60686442e-06,7.62310037e-07,0,0,0,0,0,0,0,0,0,0,0,0,0,0,0,0,0,0,0,0,0,0,0,0,0,0,0,0,0,0,0,3.67364095e-07,2.11403426e-06,9.47444369e-06,3.306906e-05,8.98910148e-05,0.000190299295,0.000313750497,0.000402863632,0.000402863632,0.000313750497,0.000190299295,8.98910148e-05,3.306906e-05,9.6445383e-06,3.19580363e-06,5.7254033e-06,2.06682362e-05,6.20908177e-05,0.000145270591,0.000265337789,0.000379031175,0.000429284555,0.000403133803,0.000355077442,0.00035201243,0.000398017291,0.000429675245,0.00038766439,0.000277992483,0.000155998772,6.83641119e-05,2.33325209e-05,6.20185256e-06,1.28383033e-06,2.06976097e-07,0,0,0,0,0,0,0,0,0,0,0,0,0,0,0,0,0,0,0,0,0,0,0,0,0,0,0,0,0,0,0,0,0,0,0,0,0,0,0,0,0,0,0,0,0,0,0,0,0,0,0,0,0,0,0,0,0,0,0,0,0,0,0,0,0,0,0,0,0,0,0,0,0,0,0,0,0,0,0,0,0,0,0,0,0,0,0,0,0,0,0,0,0,0,0,0,0,0,0,0,0,0,0,0,0,0,0,0,0,0,0,0,0,0,0,0,0,0,0,0,0,0,0,0,0,0,0,0,0,0,0,0,0,0,0,0,0,0,0,0,0,0,0,0,0,0,0,0,0,0,0,0,0,0,0,0,0,0,0,0,0,0,0,0,0,0,0,0,0,0,0,0,0,0,0,0,0,0,0,0,0,0,0,0,0,0,0,0,0,0,0,0,0,0,0,0,0,0,0
1.23036198e-05,4.80422641e-05,0.000152543391,0.00039592004,0.000874075224,0.00170160434,0.00299404142,0.00476061832,0.00670461962,0.00818235707,0.00855092891,0.00764328893,0.00586565398,0.00386959384,0.00218123966,0.00103722385,0.00041007236,0.000135828799,4.96037173e-05,5.85607486e-05,0.000135744864,0.000281515793,0.000474818691,0.000657389755,0.000758899027,0.000741830561,0.000629786053,0.000501480536,0.000442323042,0.000488638587,0.000621913699,0.000831027108,0.0011385273,0.00152659696,0.00186607952,0.0019820868,0.0018064006,0.00144510332,0.00110580539,0.00094485021,0.00095035159,0.000973888207,0.000897342281,0.000746131293,0.00061934517,0.000549447606,0.000482464675,0.000370914262,0.000234568157,0.000129827677,0.000101659069,0.000177596594,0.000371809816,0.00065644522,0.00094131165,0.00112432684,0.00117366179,0.00113022421,0.00102923985,0.000865262991,0.000639496837,0.000398060336,0.00020286483,8.30226854e-05,2.71413192e-05,7.00673309e-06,1.36933465e-06,2.2076091e-07,0,0,0,0,0,0,0,0,0,0,0,0,0,0,0,0,0,0,0,0,0,4.72047816e-07,2.6493783e-06,1.15805269e-05,3.94220369e-05,0.000104514416,0.000215794149,0.000347000081,0.000434556074,0.000423826859,0.000321927044,0.000190437684,8.77353596e-05,3.14791359e-05,9.18807655e-06,4.16907915e-06,1.04298852e-05,3.52714924e-05,9.58778473e-05,0.000202973417,0.000334646582,0.000429694745,0.000429694745,0.000334646582,0.000202973417,9.65578438e-05,3.89018278e-05,2.51998681e-05,5.11327125e-05,0.000123655409,0.000242093738,0.000370304275,0.000441123557,0.000409249536,0.000295693957,0.000166388432,7.29172316e-05,2.4886489e-05,6.61490185e-06,1.36933465e-06,2.2076091e-07,0,0,0,0,0,0,0,0,0,0,0,0,0,0,0,0,0,0,0,0,0,0,0,0,0,0,0,0,0,0,0,0,0,0,0,0,0,0,0,1.48722222e-07,9.69790676e-07,4.9250034e-06,1.94787681e-05,5.99988271e-05,0.000143929705,0.000268896081,0.000391713518,0.000445984071,0.000402822014,0.000308318122,0.000248444121,0.000275792991,0.000366478838,0.000439481082,0.000424796657,0.000322075794,0.000190437684,8.77353596e-05,3.14791359e-05,8.79624622e-06,1.91424829e-06,3.24433415e-07,0,0,0,0,0,0,0,0,0,0,0,0,0,0,0,0,0,0,0,0,0,0,0,0,0,0,0,0,0,0,0,0,0,0,0,0,0,0,0,0,0,0,0,0,0,0,0,0,0,0,0,0,0,0,0,0,0,0,0,0,0,0,0,0,0,0,0,0,0,0,0,0,0,0,0,0,0,0,0,0,0,0,0,0,0,0,0,0,0,0,0,0,0,0,0,0,0,0,0,0,0,0,0,0,0,0,0,0,0,0,0,0,0,0,0,0,0,0,0,0,0,0,0,0,0,0,0,0,0,0,0,0,0,0,0,0,0,0,0,0,0,0,0,0,0,0,0,0,0,0,0,0,0,0,0,0,0,0,0,0,0,0,0,0,0,0,0,0,0,0,0,0,0,0,0,0,0,0,0,0,0,0,0,0,0,0,0,0,0,0,0,0,0,0,0,0,0,0,0,0,0,0,0,0,0,0,0,0,0,0,0,0,0,0,0,0,0,0,0,0,0,0,0,0,0,0,0,0,0,0,0,0,0,0,0,0,0,0,0,0,0,0,0,0,0,0,0,0,0,0,0,0,0,0,0,0,0,0,0,0,0,0,0,0,0,0,0,0,0,0
5.46044816e-07,3.10775886e-06,1.45232825e-05,5.34200044e-05,0.000162076773,0.000409736502,0.000905927096,0.00181692466,0.00333401677,0.00547456462,0.0077653327,0.00925042666,0.00913360063,0.00752611272,0.00537764793,0.00361785525,0.00252148975,0.00186787569,0.00143347529,0.00119441631,0.00121937098,0.00154642854,0.00212070602,0.002754441,0.00316330232,0.00313902018,0.00269339001,0.0020122407,0.00131506147,0.000764609489,0.000438834279,0.000323922315,0.000330285693,0.000347458321,0.000307422539,0.000215593609,0.00011852842,5.25274772e-05,2.61627101e-05,3.71920542e-05,9.20988823e-05,0.000202127223,0.000359523634,0.000520401227,0.00062245148,0.000632442767,0.00057551614,0.00050773687,0.000456451671,0.000400002376,0.000311200245,0.000200858616,0.000106508829,5.63753092e-05,5.88511684e-05,0.000112995898,0.00020569202,0.000298377912,0.000338106445,0.000298377912,0.000205071934,0.000109767097,4.57577335e-05,1.48553609e-05,3.75602349e-06,7.396049e-07,1.13422082e-07,0,0,0,0,0,0,0,0,0,0,0,0,0,0,0,0,0,0,0,0,0,0,0,0,0,0,0,0,0,0,0,0,0,0,0,0,0,0,1.68361936e-07,1.04431456e-06,5.04481386e-06,1.89795264e-05,5.56098748e-05,0.000126895116,0.000225509182,0.000312111602,0.00033642014,0.00028241027,0.000184631295,9.40062018e-05,3.72764152e-05,1.15116645e-05,2.76865262e-06,5.18591264e-07,0,0,0,0,0,0,0,0,0,0,0,0,0,0,0,0,0,0,0,0,0,0,0,0,0,0,0,0,0,0,0,0,0,0,0,0,0,0,0,0,0,0,0,0,0,0,0,0,6.2009093e-07,3.22880078e-06,1.30934332e-05,4.13515882e-05,0.000101708494,0.00019482676,0.000290647411,0.00033768409,0.000305549183,0.00021567689,0.000120393299,6.05750429e-05,5.28703567e-05,0.000106482636,0.000231574348,0.000419681368,0.000622615626,0.000768142927,0.000805348915,0.000731069129,0.000577863422,0.000393087888,0.000224858639,0.000105561805,3.98919983e-05,1.19442866e-05,2.76865262e-06,5.18591264e-07,0,0,0,0,0,0,0,0,0,0,0,0,0,0,0,0,0,0,0,0,0,0,0,0,0,0,0,0,0,0,0,0,0,0,0,0,0,0,0,0,0,0,0,0,0,0,0,0,0,0,0,0,0,0,0,0,0,0,0,0,0,0,0,0,0,0,0,0,0,0,0,0,0,0,0,0,0,0,0,0,0,0,0,0,0,0,0,0,0,0,0,0,0,0,0,0,0,0,0,0,0,0,0,0,0,0,0,0,0,0,0,0,0,0,0,0,0,0,0,0,0,0,0,0,0,0,0,0,0,0,0,0,0,0,0,0,0,0,0,0,0,0,0,0,0,0,0,0,0,0,0,0,0,0,0,0,0,0,0,0,0,0,0,0,0,0,0,0,0,0,0,0,0,0,0,0,0,0,0,0,0,0,0,0,0,0,0,0,0,0,0,0,0,0,0,0,0,0,0,0,0,0,0,0,0,0,0,0,0,0,0,0,0,0,0,0,0,0,0,0,0,0,0,0,0,0,0,0,0,0,0,0,0,0,0,0,0,0,0,0,0,0,0,0,0,0,0,0,0,0,0,0,0,0,0,0,0,0,0,0,0,0,0,0
0,0,6.32812558e-08,4.9592262e-07,3.68675455e-06,1.7557204e-05,6.61070662e-05,0.000202703479,0.000504548429,0.00102096051,0.00168287707,0.00227919291,0.00259321532,0.00259142765,0.0024359026,0.0022988976,0.0022220402,0.00216652965,0.00213529333,0.00219691591,0.00239778589,0.00268741418,0.00293987617,0.00303543196,0.00291122147,0.0025658221,0.00205669296,0.00148714578,0.000966070686,0.000562577741,0.000295887148,0.000154970359,0.000120212084,0.000169286694,0.000269778626,0.000374998228,0.000441019423,0.00045318334,0.000430893619,0.00040940402,0.0004208397,0.00047919128,0.000564551214,0.000626901456,0.000622485823,0.000547441537,0.000430405576,0.000305624766,0.00020116278,0.000141447221,0.000141690063,0.000194099586,0.000261908572,0.000296491402,0.000271065102,0.000201253424,0.000130316374,9.5014715e-05,0.000103974286,0.000137958472,0.000168384024,0.000183710581,0.000200816663,0.000241001617,0.000293570425,0.000316537567,0.000281539105,0.000208097234,0.000145444865,0.000127548366,0.000150546228,0.000187533267,0.00021966279,0.000251790887,0.000301738182,0.000381032762,0.000487771671,0.000602860353,0.00068482291,0.000683168997,0.000578044099,0.000408525841,0.000250609417,0.000164228826,0.000161526375,0.000214623971,0.00028398537,0.000346282177,0.000409589789,0.000502020121,0.000636700308,0.000785253942,0.000891662377,0.00091833144,0.00087115285,0.000775372609,0.000642377418,0.00047778798,0.000307928305,0.000178245013,0.000127688472,0.000174485831,0.00031087079,0.000491794839,0.000637023069,0.000674560259,0.000591107935,0.000434661633,0.000270971534,0.000144160396,6.89732187e-05,4.18201416e-05,5.32419581e-05,9.06603891e-05,0.000133215115,0.00015444438,0.000139747048,9.84780854e-05,5.40459187e-05,2.31000322e-05,7.68933205e-06,1.99338456e-06,4.02457403e-07,6.32812558e-08,0,0,0,0,0,0,0,0,0,6.32812558e-08,4.54332508e-07,2.33165292e-06,9.4072002e-06,2.98943323e-05,7.49738319e-05,0.000148681545,0.000233539467,0.000290911528,0.00028756907,0.000225573807,0.000140423334,6.97838695e-05,2.99845524e-05,1.92511307e-05,3.28412316e-05,6.80302473e-05,0.000117606796,0.000164881974,0.000194707201,0.000206265628,0.00020795915,0.000202624375,0.000189941784,0.000177977228,0.000175687848,0.000175478432,0.00015856039,0.000119033859,7.12758629e-05,3.35197183e-05,1.23028876e-05,3.5248363e-06,7.86497253e-07,1.36672739e-07,0,0,0,1.64652832e-07,9.24117501e-07,4.03935064e-06,1.38139021e-05,3.68576511e-05,7.72635613e-05,0.000128962027,0.000176035304,0.000208083773,0.000232747305,0.000269289478,0.000334605371,0.000440233533,0.000587760471,0.000748748134,0.000858453452,0.000855038234,0.000732885499,0.000546680996,0.000365242071,0.000233435465,0.000167347636,0.000160091426,0.000186100631,0.000215346678,0.000230337057,0.000227355296,0.000208836442,0.000184134304,0.000168885803,0.000169268285,0.000170154352,0.000150715248,0.000109018467,6.24047825e-05,2.79337037e-05,9.77505715e-06,2.66401389e-06,5.65431549e-07,9.34652107e-08,0,0,0,0,0,1.36672739e-07,7.86497253e-07,3.5248363e-06,1.23547625e-05,3.37809834e-05,7.25160935e-05,0.000123520847,0.000170807762,0.000200083319,0.000210518963,0.000207265388,0.000188080259,0.000148770036,9.74818977e-05,5.19140776e-05,2.51039401e-05,2.05449214e-05,3.81730606e-05,7.56084482e-05,0.000121087382,0.0001517122,0.000148784267,0.000116738862,8.27679396e-05,7.77959067e-05,0.000118233518,0.000195116765,0.000272034493,0.000304099434,0.000275523693,0.000220461137,0.000201861214,0.00026731554,0.000415556482,0.000589171425,0.000701943063,0.000694306626,0.000579162268,0.000428261614,0.000307480688,0.000232082893,0.00018529623,0.000158205512,0.000153625559,0.000163069417,0.000162611337,0.0001372322,9.81896446e-05,7.20149546e-05,7.69498947e-05,0.000109128116,0.000144225181,0.000154149893,0.000129164138,8.44436145e-05,4.29950051e-05,1.70488711e-05,5.26501481e-06,1.26628061e-06,2.37184707e-07,0,0,0,0,0,0,0,0,0,0,0,0,0,0,0,0,0,0,0,0,0,0,0,0,0,0,1.36672739e-07,7.86497253e-07,3.5248363e-06,1.23028876e-05,3.34427132e-05,7.07982326e-05,0.000116726544,0.000149879852,0.000149879852,0.000116726544,7.07982326e-05,3.34427132e-05,1.23028876e-05,3.5248363e-06,7.86497253e-07,1.36672739e-07,0,0,0,0,0,0,0,0,0,0,0,0,0,0,0,0,0,0,0,0,0,0,0,0,0,0,0,0,0,0,0,0,0,0,0,0,0,0,0,0,0,0,0,0,0,0,0,0,0,0,0,0,0,0,0,0,0,0,0,0,0,0,0,0,0,0,0,0,0,0,0,0,0,0,0,0,0,0,0,0,0,0,0,0,0,0,0,0,0,0,0,0,0,0,0,0,0,0,0,0,0,0,0,0,0,0,0,0,0,0,0,0,0,0,0,0,0,0,0,0,0,0,0,0,0,0,0,0,0,0,0,0,0,0,0,0,0,0,0,0,0,0,0
1.57554055e-07,1.79386711e-06,1.05478439e-05,4.67306745e-05,0.000165565245,0.000473064807,0.00110594928,0.00214747689,0.00352591882,0.00498745032,0.00617551897,0.00675997231,0.00657628896,0.00572827598,0.00454566581,0.00338602648,0.00245617609,0.00179671333,0.00136999541,0.00113672041,0.0010855936,0.00121508515,0.00148165354,0.00176507828,0.00189810037,0.00176353857,0.00138288632,0.000905751309,0.000499705202,0.000250773737,0.00015193224,0.00014574884,0.000166148762,0.000165313977,0.000131423541,8.22558068e-05,4.32871093e-05,3.12108823e-05,5.99611631e-05,0.000152034176,0.00032860809,0.000573950354,0.000809270423,0.000923576008,0.000854575133,0.000640970888,0.000388865068,0.000190111838,7.45493016e-05,2.33329974e-05,5.75604554e-06,1.08096219e-06,1.57554055e-07,0,0,0,0,0,0,0,0,0,0,0,0,0,0,1.01319593e-07,6.12947815e-07,2.88788533e-06,1.05965082e-05,3.02811241e-05,6.75703704e-05,0.000117808959,0.000162052005,0.000180663439,0.000175229303,0.000168128419,0.000174177738,0.000180931864,0.00016555973,0.000124592261,7.97289467e-05,5.92029173e-05,8.24450472e-05,0.000152990033,0.000249530305,0.00032668974,0.000346916873,0.000322050124,0.000309751369,0.000358093763,0.000459931616,0.000564527116,0.000621808984,0.000608968316,0.00052937807,0.000404818275,0.000267770462,0.000150180582,6.99954035e-05,2.65605031e-05,8.14014766e-06,1.94570316e-06,4.35293884e-07,6.71002056e-07,3.34116498e-06,1.37160841e-05,4.43262106e-05,0.000113068803,0.000228357341,0.000366879103,0.000473690685,0.000503628107,0.000468036131,0.000425208302,0.000418032199,0.000433879992,0.000430752407,0.000385173567,0.000304496934,0.000210263228,0.00012394572,6.06633585e-05,2.40550726e-05,7.59998557e-06,1.86222962e-06,3.66694763e-07,5.6234466e-08,0,0,0,0,0,0,0,0,0,0,0,0,0,0,0,0,0,0,0,0,0,0,0,0,0,0,0,0,0,0,0,0,1.22673924e-07,7.23810672e-07,3.32601394e-06,1.20812992e-05,3.4176046e-05,7.63866046e-05,0.0001366324,0.000199775051,0.00024590877,0.000262630288,0.000247197633,0.000205756995,0.000158304669,0.000137680938,0.000169511506,0.000245370727,0.00031736042,0.000331488438,0.000275760627,0.000194763095,0.000158315961,0.000224487958,0.000416005932,0.000696250412,0.0009587229,0.00107331248,0.000977224438,0.000723388162,0.000434451678,0.000210855476,8.24974268e-05,2.68540571e-05,1.13368478e-05,1.78348055e-05,4.31408771e-05,8.65328839e-05,0.000135710579,0.000165757272,0.000157673188,0.000116807183,6.73918767e-05,3.02811241e-05,1.05965082e-05,2.88788533e-06,6.12947815e-07,1.01319593e-07,0,0,0,0,0,0,0,0,0,0,0,2.57116625e-07,1.55118255e-06,6.70923873e-06,2.28603803e-05,6.15142635e-05,0.000131058594,0.000221614027,0.000298003288,0.00031905761,0.000272063364,0.000184640594,9.95790833e-05,4.25842845e-05,1.44040205e-05,3.84378336e-06,8.07284209e-07,1.22673924e-07,0,0,1.01319593e-07,7.61105923e-07,3.80907522e-06,1.48538329e-05,4.58801078e-05,0.000112694746,0.000222097049,0.000356280972,0.000475863722,0.000547349395,0.000564690796,0.000538301596,0.000472896965,0.000370236958,0.000247740682,0.000137062641,6.13385855e-05,2.20001075e-05,6.61584045e-06,3.54951953e-06,8.55000235e-06,2.50412522e-05,5.85876878e-05,0.000106753731,0.000151490734,0.000167423175,0.000144102465,9.6594762e-05,5.04268864e-05,2.05020424e-05,6.49170079e-06,1.60083357e-06,3.07439961e-07,0,0,0,0,0,0,0,0,0,0,0,0,0,0,0,0,0,0,0,0,0,0,0,0,0,0,0,0,0,0,0,0,0,0,0,0,0,0,0,0,0,0,0,0,0,0,0,0,0,0,0,0,0,0,0,0,0,0,0,0,0,0,0,0,0,0,0,0,0,0,0,0,0,0,0,0,0,0,0,0,0,0,0,0,0,0,0,0,0,0,0,0,0,0,0,0,0,0,0,0,0,0,0,0,0,0,0,0,0,0,0,0,0,0,0,0,0,0,0,0,0,0,0,0,0,0,0,0,0,0,0,0,0,0,0,0,0,0,0,0,0,0,0,0,0,0,0,0,0,0,0,0,0,0,0,0,0,0,0,0,0,0,0,0,0,0,0,0,0,0,0,0,0,0,0,0,0,0,0,0,0,0,0,0,0,0,0,0,0,0,0
0,0,0,8.57933102e-08,1.53113103e-06,9.66187145e-06,4.25895923e-05,0.000147666869,0.000406979205,0.000894638884,0.00157771737,0.00225405605,0.0026599681,0.0026997251,0.00253166328,0.00238716183,0.00234713079,0.00232407171,0.00222193869,0.00207585678,0.00204879511,0.00229110289,0.00279103103,0.00335154054,0.00370290084,0.00366740674,0.00327234901,0.00273279799,0.00228991685,0.00202893303,0.00185202074,0.00162710762,0.00133665104,0.00108068658,0.000958378485,0.000967819069,0.00102320604,0.00105588348,0.00105818338,0.001030026,0.000945128326,0.000791967264,0.0005994229,0.000408666965,0.000246741867,0.000127687934,5.47034651e-05,1.88239301e-05,5.07428604e-06,1.43151055e-06,1.9784452e-06,7.63647222e-06,2.5353982e-05,6.55580297e-05,0.000132017667,0.000207044912,0.00025288522,0.000240551875,0.000178205213,0.000102815466,4.61979653e-05,1.6166412e-05,4.40586155e-06,9.3513512e-07,1.54576796e-07,0,8.57933102e-08,5.59442697e-07,2.84108432e-06,1.12367061e-05,3.46114903e-05,8.30286517e-05,0.000155117945,0.000225695272,0.000256215309,0.000228137578,0.00016502192,0.00011446188,0.000112479691,0.000163010991,0.000238855355,0.000302184199,0.000334020966,0.000341158302,0.000330494775,0.000293930148,0.000230998572,0.000169925901,0.000149252301,0.000180576579,0.000233331753,0.000257537526,0.00022602253,0.000155117945,8.30286517e-05,3.46114903e-05,1.1462741e-05,4.1418275e-06,6.38896881e-06,2.056019e-05,5.60989356e-05,0.000120905104,0.00020740366,0.000289941498,0.00034404936,0.000364728476,0.000358246994,0.00032793908,0.000284576148,0.000255343708,0.000258117623,0.000272914971,0.000259389635,0.000202267969,0.000124877333,6.0291175e-05,2.27413711e-05,6.68045277e-06,1.52834548e-06,5.99549082e-07,1.79128961e-06,7.63647222e-06,2.5353982e-05,6.55580297e-05,0.000132017667,0.000207044912,0.00025288522,0.000240551875,0.000178205213,0.000102815466,4.64240002e-05,1.7467155e-05,1.02353879e-05,2.12821815e-05,5.54635844e-05,0.00011708917,0.000193047395,0.00024787779,0.00024787779,0.000193047395,0.00011708917,5.53090031e-05,2.03470463e-05,5.82952634e-06,1.30074318e-06,2.26035283e-07,1.54576796e-07,9.3513512e-07,4.40586155e-06,1.6166412e-05,4.61979653e-05,0.000102815466,0.000178205213,0.000240551875,0.00025288522,0.000207044912,0.000132017667,6.55580297e-05,2.5353982e-05,7.63647222e-06,1.79128961e-06,5.53274333e-07,1.30074318e-06,5.82952634e-06,2.03470463e-05,5.53090031e-05,0.00011708917,0.000193047395,0.00024787779,0.00024787779,0.000193047395,0.00011708917,5.53090031e-05,2.03470463e-05,5.82952634e-06,1.69300949e-06,2.32026491e-06,8.70750864e-06,2.81961602e-05,7.12615802e-05,0.000140591626,0.000218023109,0.000270637131,0.000282281515,0.000273664598,0.000275717961,0.000289296062,0.000289982854,0.000271152036,0.000257292675,0.000265859155,0.000276363367,0.00025392056,0.000195409972,0.000137067254,0.000122850339,0.0001729184,0.000272410398,0.000378474564,0.000440912816,0.000428887346,0.000347308262,0.000231907849,0.000126024097,5.50177174e-05,1.90944884e-05,5.22886285e-06,1.1042714e-06,1.87155734e-07,0,0,0,0,0,0,0,0,0,0,0,0,0,0,0,0,0,0,0,1.04657275e-07,6.65601419e-07,3.29674526e-06,1.27169496e-05,3.82038306e-05,8.93834731e-05,0.000162867305,0.000231119688,0.00025542677,0.000220162372,0.000149262618,8.58232816e-05,6.37942576e-05,0.00010257955,0.00020841173,0.000357545679,0.000484632619,0.000521003734,0.000463101635,0.000387529086,0.000382784463,0.000472865184,0.000603181834,0.000683486986,0.000648952555,0.000503847201,0.000315331767,0.000157294198,6.20597057e-05,1.92654443e-05,4.63237393e-06,8.86681732e-07,8.57933102e-08,0,0,0,0,0,0,0,0,0,0,0,0,0,0,0,0,0,0,0,0,0,0,0,0,0,0,0,0,0,0,0,0,0,0,0,0,0,0,0,0,0,0,0,0,0,0,0,0,0,0,0,0,0,0,0,0,0,3.27239064e-07,1.79128961e-06,7.63647222e-06,2.5353982e-05,6.55580297e-05,0.000132017667,0.000207044912,0.00025288522,0.000240551875,0.000178205213,0.000102815466,4.61979653e-05,1.6166412e-05,4.40586155e-06,9.3513512e-07,1.54576796e-07,0,0,0,0,0,0,0,0,0,0,0,0,2.26035283e-07,1.30074318e-06,5.82952634e-06,2.03470463e-05,5.53090031e-05,0.00011708917,0.000193047395,0.00024787779,0.00024787779,0.000193047395,0.00011708917,5.53090031e-05,2.03470463e-05,5.82952634e-06,1.30074318e-06,2.26035283e-07,0,0,0,0,0,0,0,0,0,0,0,0,0,0,0,0,0,0,0,0,0,0,0,0,0,0,0,0,0,0,0,0,0,0,0,0,0,0,0,0,0,0,0,0,0,0,0,0,0,0,0,0,0,0,0,0,0,0,0,0,0,0,0,0,0,0,0,0,0,0,0,0,0,0,0,0,0,0,0,0,0,0,0,0,0,0,0,0,0,0,0,0,0,0,0,0,0,0,0
0,0,0,3.02358188e-07,1.57437285e-06,6.38439678e-06,2.05208198e-05,5.24907482e-05,0.000108745779,0.00019264537,0.000315215351,0.000506042677,0.000786803663,0.00111496798,0.00137548358,0.00146707997,0.00139158941,0.00123692816,0.0010932883,0.00101354602,0.00102575531,0.00113561051,0.00131955219,0.00154529244,0.00179111923,0.00202261284,0.00216414686,0.00213553943,0.00193147699,0.00163998245,0.00136410363,0.00114693132,0.000981350895,0.00085137994,0.000735105888,0.000603882654,0.000459070841,0.000348326925,0.000326807407,0.000410579902,0.000576851366,0.000785778218,0.000990547473,0.00114362373,0.00121187035,0.00118687842,0.00108496519,0.000943477557,0.000807203818,0.000702015299,0.000625496206,0.000568809803,0.000535051455,0.000526699994,0.000528849952,0.000518403074,0.000486800302,0.000442948542,0.000393797236,0.000333074393,0.000254468381,0.000166988291,9.08874863e-05,4.00599129e-05,1.41015344e-05,3.9334268e-06,8.38498067e-07,1.45709123e-07,5.53049446e-08,4.28098758e-07,2.26051498e-06,9.36869947e-06,3.08116942e-05,7.99354166e-05,0.000165152072,0.000275564962,0.000379785692,0.000447404484,0.000468537299,0.000446644,0.000384084618,0.000288750365,0.000186738049,0.000114722941,0.000101122532,0.000155503032,0.000262959191,0.00037983706,0.000448810373,0.000436999893,0.00036395705,0.000288910058,0.000264732342,0.000295406644,0.000335980207,0.000338113197,0.000297209015,0.0002477612,0.000216194108,0.000194366658,0.000163109406,0.000125168677,0.000103826795,0.00011475374,0.000146504637,0.000169004794,0.000163036966,0.000139807002,0.000128152358,0.000142167512,0.000165452366,0.000170704297,0.0001530031,0.000140229138,0.000170255968,0.000258398039,0.000382619124,0.000494788401,0.000547079893,0.00051594252,0.00041521099,0.000291017204,0.00019692097,0.000159904623,0.000164636731,0.000171074178,0.000150394277,0.000105375642,5.87501963e-05,2.97722545e-05,2.66153875e-05,5.41070003e-05,0.000116329727,0.000204584663,0.000286041381,0.000317396858,0.000279603293,0.00019586453,0.000110945264,5.77812643e-05,4.6167952e-05,7.0747672e-05,0.000115835574,0.000155212678,0.000163017408,0.000133467358,8.51025543e-05,4.234277e-05,1.68531478e-05,7.38256585e-06,1.04091923e-05,2.73264886e-05,6.18744307e-05,0.000109958943,0.000152186549,0.000164039462,0.00013770409,9.00267696e-05,4.58377035e-05,1.81760915e-05,5.61312163e-06,1.35000323e-06,5.55224801e-07,1.57437285e-06,6.81280289e-06,2.2709326e-05,6.06676258e-05,0.000132811969,0.000243128321,0.000379076781,0.000508435478,0.00058823626,0.000591196876,0.000532186008,0.00045776082,0.000405992032,0.000386486179,0.000401699508,0.000468061509,0.000603498716,0.000799607544,0.00101664173,0.00119786116,0.00128262688,0.00123147608,0.00106235582,0.000847425486,0.000654402596,0.000505921256,0.000398984703,0.000332526688,0.000302088709,0.000292336976,0.000286831812,0.000281011104,0.00028369046,0.00030683697,0.000349616166,0.000394174102,0.0004181517,0.000410388748,0.000376264477,0.000330253126,0.000284264301,0.00024594483,0.000223730167,0.000220829796,0.000228318968,0.000233866085,0.000231893166,0.000217917928,0.000184498887,0.000132641871,7.76043744e-05,3.60829108e-05,1.31837824e-05,3.75788773e-06,8.38498067e-07,1.45709123e-07,0,0,0,0,0,0,0,0,8.20937842e-08,6.08855771e-07,3.06268248e-06,1.20946233e-05,3.75368945e-05,9.16550271e-05,0.000176236877,0.000267062947,0.000319106417,0.000300721469,0.000223747003,0.000132410903,6.67617351e-05,4.34041867e-05,6.38164711e-05,0.000124235812,0.000210075479,0.000289995078,0.00033266953,0.000337828358,0.000343064225,0.000384921237,0.000451431406,0.000484872726,0.000438378222,0.000322463631,0.000191017229,9.26963112e-05,4.44545949e-05,4.13568523e-05,7.51107145e-05,0.000137540861,0.000215650653,0.000295082427,0.000366934459,0.000423891353,0.000452505832,0.000439586409,0.000388952059,0.000325678877,0.000278020307,0.000255430175,0.00024811094,0.000243266142,0.000232216247,0.000207221383,0.000168153842,0.000131930443,0.000121396144,0.000140052871,0.000163991775,0.000163171615,0.000129340377,8.02468057e-05,3.88655026e-05,1.46597704e-05,4.30642058e-06,9.85217412e-07,1.75539185e-07,0,0,0,0,0,0,0,0,0,0,0,0,0,0,0,0,0,0,0,0,0,0,0,0,0,0,0,0,0,0,0,0,0,0,0,0,0,0,0,0,0,0,0,0,0,0,0,0,0,0,0,0,0,0,0,0,0,0,0,0,0,0,0,0,0,0,0,0,0,0,0,0,0,0,0,0,0,0,0,0,0,0,0,0,0,0,0,0,0,0,0,0,0,0,0,0,0,0,0,0,0,0,0,0,0,0,0,0,0,0,0,0,0,0,0,0,0,0,0,0,0,0,0,0,0,0,0,0,0,0,0,0,0,0,0,0,0,0,0,0,0,0,0,0,0,0,0,0,0,0,0,0,0,0,0,0,0,0,0,0,0,0,0,0,0,0,0,0,0,0,0,0,0,0,0
2.13241748e-07,1.61783782e-06,8.54428436e-06,3.44813743e-05,0.000111185276,0.000290669384,0.000629716145,0.00115336641,0.00182187266,0.00251963874,0.00308659836,0.00340563175,0.00349487178,0.00346767157,0.00336521445,0.00309379189,0.00258567417,0.00196110155,0.00147483381,0.00134121149,0.00162881555,0.00224679569,0.00297012622,0.00350847095,0.00362253841,0.0032418801,0.00250470475,0.00167802733,0.00100023125,0.000566829403,0.000335031509,0.000212569532,0.00013723041,9.52075643e-05,9.37984587e-05,0.000132420362,0.000194777065,0.000261853449,0.00032758998,0.000398408651,0.000476679037,0.000547954638,0.000589551521,0.000591210264,0.000561607711,0.000513195933,0.000451556203,0.000384157989,0.000325609173,0.000288292562,0.00027707548,0.000289645977,0.000310442992,0.0003114258,0.000272317237,0.00020032606,0.000125989391,8.25910247e-05,9.10137605e-05,0.000154150475,0.00025454993,0.000359282043,0.00044335064,0.00050575682,0.000547037227,0.000542538764,0.000464968092,0.00033094504,0.000200123672,0.00013013657,0.00014456459,0.000230298305,0.000342570303,0.000420868833,0.000422238896,0.000348138856,0.000237001892,0.000133073743,6.11982032e-05,2.28147728e-05,6.99179463e-06,2.61068567e-06,4.95421409e-06,1.66682657e-05,4.72289721e-05,0.000107091364,0.000196948313,0.000299833599,0.000389111403,0.000447103637,0.000472635904,0.000473402964,0.000460303912,0.000446008809,0.00043651255,0.000423695135,0.000393783906,0.000340582832,0.000267621508,0.000185187833,0.000108898101,5.27585216e-05,2.05680844e-05,6.35001834e-06,1.52399298e-06,2.92682728e-07,0,1.41046442e-07,1.10434894e-06,5.2410951e-06,1.93696087e-05,5.64120128e-05,0.00013002858,0.000238809022,0.000352567789,0.00042414089,0.000424694241,0.000367996487,0.000296746264,0.000244727242,0.000213369407,0.000185227371,0.000155279457,0.000138593023,0.000145958096,0.000162801429,0.000161438511,0.000130178014,8.34740131e-05,4.50769512e-05,3.00115917e-05,4.23869824e-05,7.87966928e-05,0.000125113002,0.000156426133,0.000152705004,0.000116694995,7.21890392e-05,4.42784876e-05,4.59408511e-05,7.68137543e-05,0.000123900274,0.000164880854,0.000183503813,0.000184618984,0.000184264252,0.000184617747,0.000170497457,0.000132834059,8.3190942e-05,4.10493849e-05,1.58209332e-05,4.76517334e-06,1.11776808e-06,2.04197804e-07,0,0,0,0,0,0,0,0,2.04197804e-07,1.11776808e-06,4.76517334e-06,1.58209332e-05,4.09736458e-05,8.27946133e-05,0.000131253604,0.000165736259,0.000173944078,0.000166975849,0.00016578655,0.000173046748,0.000169474675,0.000139934753,9.25417044e-05,4.83476106e-05,2.12394389e-05,1.38740925e-05,2.87858747e-05,7.69828839e-05,0.00017196023,0.000309887808,0.000455782952,0.00056374527,0.000615535828,0.000624860579,0.000599133899,0.000523063296,0.000393337978,0.000245965261,0.000132068322,7.98854817e-05,8.69048599e-05,0.000132169444,0.000187718659,0.000229543526,0.000245370757,0.000232355116,0.000192298015,0.000134652597,7.72324784e-05,3.5466619e-05,1.28665179e-05,3.63763547e-06,8.11666212e-07,1.41046442e-07,0,0,0,0,0,0,0,0,0,0,0,0,0,0,0,0,0,0,0,0,0,0,0,6.53063381e-08,4.15336558e-07,2.05717538e-06,7.98893598e-06,2.41883554e-05,5.75482991e-05,0.000108641238,0.000165816775,0.000211276303,0.000234472289,0.000235418396,0.000217954133,0.000192978652,0.000185208031,0.000222832939,0.000314106379,0.00043920934,0.000560758344,0.00063409732,0.00062001968,0.000510428043,0.000345409673,0.000188746839,8.23818191e-05,2.88224164e-05,9.80417644e-06,9.58620512e-06,2.40886511e-05,5.57754574e-05,0.000101629506,0.000144219128,0.000159386793,0.000137185489,9.19581798e-05,4.80063791e-05,1.95179364e-05,6.42487157e-06,2.83079635e-06,5.72618501e-06,1.75944569e-05,4.43708996e-05,8.71459124e-05,0.000133297566,0.000158790208,0.00014731659,0.000106440268,5.98944534e-05,2.62478443e-05,8.95833091e-06,2.38115081e-06,4.92916172e-07,7.94667869e-08,0,0,0,6.53063381e-08,4.15336558e-07,2.05717538e-06,7.93540039e-06,2.3839264e-05,5.57754574e-05,0.000101629506,0.000144219128,0.000159386793,0.000137185489,9.19581798e-05,4.80063791e-05,1.95179364e-05,6.18009653e-06,1.52399298e-06,2.92682728e-07,0,0,0,0,0,0,0,0,0,0,0,0,0,0,0,0,0,0,0,0,0,0,0,0,0,0,0,0,0,0,0,0,0,0,0,0,0,0,0,0,0,0,0,0,0,0,0,0,0,0,0,0,0,0,0,0,0,0,0,0,0,0,0,0,0,0,0,0,0,0,0,0,0,0,0,0,0,0,0,0,0,0,0,0,0,0,0,0,0,0,0,0,0,0,0,0,0,0,0,0,0,0,0,0,0,0,0,0,0,0,0,0,0,0,0,0,0,0,0,0,0,0,0,0,0,0,0,0,0,0,0,0,0,0,0,0,0,0,0,0,0,0,0,0,0,0,0,0,0,0,0,0,0,0,0,0,0,0
2.748871e-07,2.60152865e-06,1.3668001e-05,5.8387126e-05,0.000196971989,0.000541292306,0.00122291036,0.00229118741,0.00358225848,0.00468790205,0.00513493968,0.00470913248,0.0036444515,0.00245069503,0.00153264613,0.00098412612,0.000696548959,0.000565094349,0.000562110043,0.000674623763,0.000846850395,0.0010030953,0.00110927329,0.00118348678,0.00125059416,0.00129800744,0.0012732459,0.00112718111,0.000876935432,0.000625205808,0.000500123424,0.0005647004,0.000778415124,0.00103277562,0.00122045889,0.00127808691,0.00119189697,0.00100202707,0.000800090958,0.0006789334,0.000659731741,0.000687129388,0.000695520779,0.000656446209,0.000567634765,0.000441284472,0.000315031008,0.000248690747,0.000284797745,0.000407633139,0.000541286077,0.000602500164,0.000568149902,0.000485059427,0.00041460307,0.000384036946,0.000386681466,0.000401710335,0.000412076653,0.00041677538,0.000430528686,0.000463499193,0.00050017162,0.000501672679,0.000437571405,0.000317642465,0.000187031124,8.79024519e-05,3.2715081e-05,9.58242617e-06,2.18787932e-06,3.949431e-07,0,0,6.19619698e-08,4.04042794e-07,2.05189849e-06,8.11541668e-06,2.49972418e-05,6.0040853e-05,0.000112510585,0.000165691788,0.000195669694,0.000198601017,0.00020482004,0.000255298422,0.000359980331,0.000480385468,0.000558355881,0.000566890347,0.0005324292,0.00050264399,0.000496683351,0.000493335247,0.00046445083,0.00041444719,0.000389263063,0.000438655872,0.000558873173,0.000674027135,0.000693279726,0.000591472781,0.000428829284,0.000293422549,0.000231185928,0.000228027639,0.0002477901,0.000275018392,0.000314707722,0.000358204037,0.000373446819,0.000338871003,0.000274763239,0.000227178753,0.000224585849,0.000260995759,0.000316768361,0.000376374257,0.000417003466,0.000404813181,0.000326173904,0.000211197344,0.000109009292,4.86045319e-05,3.17529011e-05,5.06239558e-05,9.61035257e-05,0.000150330292,0.000186304504,0.000186847406,0.000165257123,0.000153597604,0.000167489372,0.000188254256,0.000184230623,0.00014524562,9.0093301e-05,4.4024433e-05,1.88053473e-05,1.40092652e-05,2.86955219e-05,6.49482099e-05,0.000118927113,0.000172848726,0.000205816395,0.000219317939,0.000242875074,0.000301701366,0.000384103681,0.000452413457,0.000483008684,0.000479656155,0.000449212501,0.000386587344,0.000291437347,0.00018492555,9.76043084e-05,4.79046248e-05,3.8578848e-05,6.56382035e-05,0.000122354817,0.000195962857,0.000271990139,0.000343918451,0.000405995146,0.000438933377,0.000424149883,0.000376768701,0.000340528117,0.000347082212,0.000394021248,0.000456140406,0.000504054304,0.000522406714,0.000516817381,0.000494519016,0.000447045575,0.000371680362,0.000294230471,0.000245841162,0.000226230128,0.000210997765,0.000191393119,0.000186880177,0.000216424392,0.000269703363,0.000312552031,0.000314259523,0.000267400988,0.000189478233,0.000110041423,5.15577958e-05,1.92506759e-05,5.6784902e-06,1.29371188e-06,2.36339844e-07,0,0,0,0,0,0,0,0,0,0,0,0,0,0,0,0,0,0,0,0,2.36339844e-07,1.29371188e-06,5.51524181e-06,1.83112479e-05,4.73475702e-05,9.53463023e-05,0.00014953276,0.00018263972,0.000173732275,0.00012870405,7.44190183e-05,3.43046995e-05,1.58859912e-05,1.78771388e-05,4.06208565e-05,8.46762196e-05,0.000139423428,0.000179023235,0.000179023235,0.000139423428,8.45645845e-05,3.99454766e-05,1.46951206e-05,4.21022241e-06,9.3942765e-07,1.6324806e-07,0,0,0,0,0,0,0,0,0,0,0,0,0,0,0,0,0,0,0,0,0,0,0,0,0,0,0,0,0,0,0,0,0,0,0,0,0,0,0,0,0,0,0,0,0,0,0,0,0,0,0,0,0,0,0,0,0,0,0,0,0,0,0,0,0,0,0,0,0,0,0,0,0,0,0,0,0,0,0,0,0,0,0,0,0,0,0,0,0,0,0,0,0,0,0,0,0,0,0,0,0,0,0,0,0,0,0,0,0,0,0,0,0,0,0,0,0,0,0,0,0,0,0,0,0,0,0,0,0,0,0,0,0,0,0,0,0,0,0,0,0,0,0,0,0,0,0,0,0,0,0,0,0,0,0,0,0,0,0,0,0,0,0,0,0,0,0,0,0,0,0,0,0,0,0,0,0,0,0,0,0,0,0,0,0,0,0,0,0,0,0,0,0,0,0,0,0,0,0,0,0,0,0,0,0,0,0,0,0,0,0,0,0,0,0,0,0,0,0
8.84932797e-06,3.44461951e-05,0.000109026267,0.000300236949,0.000741353957,0.0016365014,0.00315534044,0.00517418422,0.00709518604,0.00809301995,0.0077003832,0.00614818977,0.00413580891,0.0023413829,0.0011119945,0.000457154267,0.000218059271,0.000231689643,0.000382181635,0.000566223753,0.000686680374,0.000702936319,0.000658916484,0.000620887557,0.000606917951,0.000600750849,0.000605612877,0.000644097221,0.000721784367,0.000824749819,0.000950309623,0.00111724494,0.00134555472,0.00164329796,0.0019911679,0.00231460645,0.0025008088,0.00249545509,0.0023629826,0.00221072324,0.00206341688,0.00184897054,0.00150580227,0.00107448339,0.000675963704,0.000411902554,0.000292174111,0.000250182027,0.000214754065,0.000164769212,0.000125205464,0.00012498803,0.000163761768,0.000209456281,0.000230008198,0.000231144761,0.000261113892,0.000363519619,0.000516642584,0.000628934184,0.000613874523,0.00047182641,0.000284257258,0.000134138376,4.95482273e-05,1.43249717e-05,3.24109419e-06,5.73785371e-07,0,0,0,0,0,0,0,0,0,0,0,0,0,0,0,0,0,0,0,0,0,0,0,0,1.8959166e-07,1.09102461e-06,4.88963315e-06,1.70664971e-05,4.63915458e-05,9.82109123e-05,0.000161922406,0.000207912512,0.000207912512,0.000161922406,9.82109123e-05,4.63915458e-05,1.70664971e-05,4.88963315e-06,1.42004592e-06,2.10314988e-06,8.22982929e-06,2.79062606e-05,7.48739621e-05,0.000159591422,0.000271321129,0.000369210378,0.000403093116,0.000353427255,0.000249054719,0.000143019672,7.60438561e-05,6.49863141e-05,0.00011328236,0.000212969186,0.000330692972,0.000408100692,0.000398646225,0.000308010087,0.000188137419,9.07647627e-05,3.45427579e-05,1.03556758e-05,2.44193734e-06,3.93417992e-07,0,0,0,0,0,0,0,0,0,0,0,0,0,0,0,0,0,0,0,0,0,0,0,0,0,0,0,0,0,0,0,0,0,0,3.29021304e-07,1.75657749e-06,7.49319133e-06,2.47411244e-05,6.45320688e-05,0.000134206202,0.000225674128,0.00031231594,0.000363142957,0.00036302887,0.000323703163,0.000277713087,0.000253327249,0.000247612101,0.000231171522,0.000184172226,0.000118711934,6.24388267e-05,3.47224668e-05,4.42058008e-05,9.8329976e-05,0.000198909474,0.000321010069,0.000408100692,0.000408100692,0.000321010069,0.000198580441,9.65733998e-05,3.69022018e-05,1.10723686e-05,2.60680622e-06,4.81201369e-07,0,0,0,0,0,0,0,0,0,0,0,0,0,0,0,0,0,0,0,0,0,0,0,0,0,0,0,0,0,0,0,0,0,0,0,0,0,0,0,0,0,0,7.19608764e-08,4.69243872e-07,2.38301686e-06,9.42501447e-06,2.90310891e-05,6.96419665e-05,0.00013010831,0.000189306476,0.000214512344,0.000189306476,0.00013010831,6.96419665e-05,2.90310891e-05,9.42501447e-06,2.38301686e-06,4.69243872e-07,7.19608764e-08,0,0,0,0,0,0,0,0,0,0,0,0,0,0,0,0,0,0,0,0,0,0,0,0,0,0,0,0,0,0,0,0,0,0,0,0,0,0,0,0,0,0,0,0,0,0,0,0,0,0,0,0,0,0,0,0,0,0,0,0,0,0,0,0,0,0,0,0,0,0,0,0,0,0,0,0,0,0,0,0,0,0,0,0,0,0,0,0,0,0,0,0,0,0,0,0,0,0,0,0,0,0,0,0,0,0,0,0,0,0,0,0,0,0,0,0,0,0,0,0,0,0,0,0,0,0,0,0,0,0,0,0,0,0,0,0,0,0,0,0,0,0,0,0,0,0,0,0,0,0,0,0,0,0,0,0,0,0,0,0,0,0,0,0,0,0,0,0,0,0,0,0,0,0,0,0,0,0,0,0,0,0,0,0,0,0,0,0,0,0,0,0,0,0,0,0,0,0,0,0,0,0,0,0
0,5.11074404e-07,3.07808637e-06,1.48139807e-05,5.49518081e-05,0.000160071475,0.00036755894,0.000668845954,0.000971210597,0.00113458035,0.00107597862,0.000836003746,0.000543320319,0.000323872577,0.000240832102,0.000283475878,0.000390275294,0.00049549964,0.000594764017,0.000765664852,0.00110189186,0.00161464442,0.00219078199,0.00263915118,0.00280249445,0.00266871997,0.00236712024,0.0020457909,0.00177384086,0.0015423462,0.00130314974,0.00101449003,0.000687495165,0.000388782588,0.000179361625,7.05175262e-05,4.01335128e-05,6.93045877e-05,0.000158434937,0.000305860885,0.000482103409,0.000629599963,0.000693703711,0.000650415022,0.000515915279,0.000340412749,0.000183169876,7.96781896e-05,3.04358655e-05,2.13093172e-05,4.81007519e-05,0.00012040673,0.0002469717,0.000415018148,0.000596761762,0.000779861875,0.000967917906,0.00113270467,0.00119389116,0.00108256727,0.000820174115,0.00051232829,0.000270451535,0.00014957723,0.00014910243,0.000235807223,0.000350375631,0.000421369943,0.000412391528,0.000363116327,0.000360006088,0.000455912144,0.000616516627,0.000743062352,0.000748496386,0.000626328227,0.000455040194,0.000339886057,0.000339856429,0.000435793336,0.000557658845,0.00063998322,0.000655104872,0.000608519651,0.000533083861,0.000477685855,0.000466406811,0.000464887795,0.000415769144,0.000306396658,0.000179960378,8.5294887e-05,4.19183962e-05,4.94461456e-05,0.000108326713,0.000214833766,0.000336449419,0.000410940265,0.000390898465,0.000289584714,0.00016707585,7.50720137e-05,2.6477479e-05,8.44319311e-06,7.97171106e-06,2.57372394e-05,7.89165424e-05,0.000196395631,0.000398716948,0.000669665751,0.000944193976,0.00113097636,0.00116731634,0.00106469274,0.000894139579,0.000723238103,0.000586472335,0.000503835035,0.000478790491,0.000472972344,0.000426339073,0.000319904299,0.000191554354,9.0084468e-05,3.30640942e-05,9.61243586e-06,3.02281501e-06,4.98409099e-06,1.85109147e-05,5.77635183e-05,0.000142081699,0.000278338266,0.000441828422,0.000582665263,0.000656341144,0.000643728417,0.000549831137,0.000408787397,0.000283617381,0.000236165812,0.000281584216,0.00036980302,0.000417981151,0.000376102893,0.000264660513,0.000145248763,6.20814899e-05,2.06651312e-05,5.35723439e-06,1.08160702e-06,1.70068802e-07,0,0,0,0,0,0,3.673089e-07,2.11371662e-06,9.47302124e-06,3.30640942e-05,8.98775179e-05,0.000190270715,0.000313703378,0.000402803125,0.000402803125,0.000314070669,0.00019268856,0.000101144993,7.43739365e-05,0.00012885961,0.000274629041,0.000492590189,0.000704887148,0.000801900052,0.000729946827,0.000548466691,0.000388560991,0.000356138335,0.00046901984,0.00066018838,0.000837309402,0.000959691301,0.00107110012,0.00123223977,0.00141725363,0.00150773406,0.00140407227,0.00111965416,0.000759327202,0.000435214111,0.000208268233,8.19522465e-05,2.61002915e-05,6.62217872e-06,1.28363752e-06,2.06945018e-07,0,0,0,0,0,0,0,0,0,0,0,0,0,0,0,0,0,0,0,0,0,0,0,0,0,0,0,0,0,0,2.51188368e-07,1.51960114e-06,7.15955548e-06,2.62705325e-05,7.50720137e-05,0.00016707585,0.000289584714,0.000390898465,0.000410940265,0.000336449419,0.000214529631,0.000106532265,4.12003974e-05,1.24093203e-05,2.91085803e-06,5.31765806e-07,0,0,0,0,0,0,0,2.06945018e-07,1.28363752e-06,6.20092123e-06,2.33290157e-05,6.83538456e-05,0.000155975344,0.000277188548,0.000383637438,0.000413516711,0.000347129506,0.000226942779,0.000115549366,4.5818957e-05,1.4149763e-05,3.40313773e-06,6.37435505e-07,0,0,0,0,0,0,0,0,0,0,0,0,0,0,0,0,0,0,0,0,0,0,0,0,0,0,0,0,0,0,0,0,0,0,0,0,0,0,0,0,0,0,0,0,0,0,0,0,0,0,0,0,0,0,0,0,0,0,0,0,0,0,0,0,0,0,0,0,0,0,0,0,0,0,0,0,0,0,0,0,0,0,0,0,0,0,0,0,0,0,0,0,0,0,0,0,0,0,0,0,0,0,0,0,0,0,0,0,0,0,0,0,0,0,0,0,0,0,0,0,0,0,0,0,0,0,0,0,0,0,0,0,0,0,0,0,0,0,0,0,0,0,0,0,0,0,0,0,0,0,0,0,0,0,0,0,0,0,0,0,0,0,0,0,0,0,0,0,0,0,0,0,0,0,0,0,0,0,0,0,0,0,0,0,0,0,0,0,0,0,0,0,0,0,0
0.000204597643,0.000180556788,0.000124469982,6.95533527e-05,4.37303388e-05,7.33190245e-05,0.000213198611,0.000577158644,0.00132817775,0.00259601395,0.00433948636,0.00625554472,0.00785303395,0.00867233146,0.00849656947,0.00745454198,0.00597361289,0.00456645573,0.00356007135,0.00298803579,0.00271185162,0.00258956756,0.00251943525,0.00240735104,0.00216734712,0.00177798327,0.0013000929,0.000833635742,0.000462219847,0.000224101284,0.000113519498,0.000100291705,0.000148219769,0.000219744659,0.000281279557,0.000312490447,0.000308021175,0.000271286874,0.000219500929,0.000190970735,0.000231169761,0.000361261627,0.000558545988,0.000767673482,0.000925092085,0.00097492506,0.000885088928,0.000675781979,0.000424082042,0.000214976346,8.7020162e-05,2.78926036e-05,7.05602088e-06,1.37649477e-06,1.92296682e-07,0,0,0,0,0,0,0,0,0,0,0,0,0,0,0,0,0,0,0,0,0,0,0,0,0,0,1.01880502e-07,6.31943863e-07,3.05275762e-06,1.14850409e-05,3.36510857e-05,7.67877718e-05,0.000136461895,0.000188867431,0.000203577205,0.000170894331,0.000111725545,5.68857758e-05,2.25569984e-05,6.96602865e-06,1.67538894e-06,3.13814041e-07,0,0,2.61792081e-07,1.43303612e-06,6.10919687e-06,2.02832489e-05,5.24465904e-05,0.000105614461,0.000165636447,0.000202308816,0.000192442094,0.000142564619,8.22526272e-05,3.69584886e-05,1.29331702e-05,3.52470011e-06,7.48110438e-07,1.2366182e-07,0,0,0,0,0,0,0,0,0,0,0,0,0,0,0,0,0,0,0,0,0,0,0,0,0,0,0,0,0,0,0,0,0,0,0,0,0,0,0,0,0,0,0,0,0,0,0,0,0,0,0,0,0,0,0,0,0,0,0,0,0,6.86348613e-08,9.65130539e-07,5.21215134e-06,2.20609381e-05,7.32163608e-05,0.000190611085,0.000389395806,0.000624374894,0.00078590971,0.000776578614,0.000602468906,0.000367410074,0.000178636619,7.85215962e-05,5.62161767e-05,8.66829068e-05,0.000143362762,0.000192442094,0.000202308816,0.000165636447,0.000105614461,5.24465904e-05,2.02832489e-05,6.10919687e-06,1.43303612e-06,2.61792081e-07,0,0,0,0,2.17848651e-07,1.22268023e-06,5.34437913e-06,1.81931537e-05,4.82330906e-05,9.95883602e-05,0.000160139505,0.000200546332,0.000195594839,0.000148568375,8.78864303e-05,4.04896091e-05,1.4527528e-05,4.05944138e-06,8.83419887e-07,1.49725054e-07,0,0,0,0,1.49725054e-07,8.83419887e-07,4.05944138e-06,1.4527528e-05,4.04896091e-05,8.78864303e-05,0.000148568375,0.000195594839,0.000200546332,0.000160139505,9.95883602e-05,4.82330906e-05,1.81931537e-05,5.34437913e-06,1.22268023e-06,2.17848651e-07,0,0,0,0,0,0,0,0,0,0,0,0,0,0,0,0,0,0,0,0,0,0,0,0,0,0,0,0,0,0,0,0,0,0,0,0,0,0,0,0,0,0,0,0,0,0,0,0,0,0,0,0,0,0,0,0,0,0,0,0,0,0,0,0,0,0,0,0,0,0,0,0,0,0,0,0,0,0,0,0,0,0,0,0,0,0,0,0,0,0,0,0,0,0,0,0,0,0,0,0,0,0,0,0,0,0,0,0,0,0,0,0,0,0,0,0,0,0,0,0,0,0,0,0,0,0,0,0,0,0,0,0,0,0,0,0,0,0,0,0,0,0,0,0,0,0,0,0,0,0,0,0,0,0,0,0,0,0,0,0,0,0,0,0,0,0,0,0,0,0,0,0,0,0,0,0,0,0,0,0,0,0,0,0,0,0,0,0,0,0,0,0,0,0,0,0,0,0,0,0,0,0,0,0,0,0,0,0,0,0,0,0,0,0,0,0,0,0,0
0,0,0,2.08456015e-07,2.7392839e-06,1.58324801e-05,6.852566e-05,0.000234865598,0.000639876234,0.00138625083,0.00240092422,0.00336075807,0.00390214869,0.00397693971,0.00391174899,0.00403654296,0.00432659686,0.00446758606,0.00421772152,0.00364254392,0.00301496102,0.00256297691,0.00234904699,0.00232459628,0.00238763052,0.0023998036,0.00224284758,0.00189910783,0.00145751238,0.00104131014,0.000735360081,0.000565752212,0.000520416012,0.000579263375,0.00071411347,0.000863130786,0.000934872485,0.000872876146,0.000712235633,0.000544465147,0.000431507535,0.000371508097,0.000329303934,0.000274617632,0.000200122406,0.000121336656,5.94633384e-05,2.31230333e-05,7.0708943e-06,1.68401766e-06,3.1543027e-07,0,0,0,0,0,0,0,0,0,0,0,0,0,0,0,0,0,0,0,0,0,0,0,0,0,0,0,0,0,0,0,0,0,0,0,0,0,0,0,0,0,0,0,0,0,0,0,0,0,0,0,0,0,0,0,0,0,0,0,0,0,0,0,0,0,0,0,0,0,0,0,0,0,0,2.63140379e-07,1.44041667e-06,6.14066084e-06,2.03877134e-05,5.27167067e-05,0.000106158412,0.000166489524,0.000203350763,0.000193433225,0.000143298865,8.26762553e-05,3.7148835e-05,1.29997798e-05,3.54285339e-06,7.51963455e-07,1.24298722e-07,0,0,0,1.81760115e-07,1.04595711e-06,4.68765484e-06,1.63615223e-05,4.44752295e-05,9.41540638e-05,0.000155233807,0.00019932416,0.00019932416,0.000155233807,9.41540638e-05,4.44752295e-05,1.63615223e-05,4.68765484e-06,1.04595711e-06,1.81760115e-07,0,0,0,0,1.02405217e-07,6.35198546e-07,3.06848005e-06,1.15441917e-05,3.3824399e-05,7.71832492e-05,0.000137164709,0.000190751714,0.000210061509,0.000195454399,0.000193586893,0.000278731226,0.000508447352,0.000879459898,0.00131962833,0.00173871592,0.00208780007,0.0023604387,0.0025395276,0.00257316022,0.00241658208,0.00209064223,0.00167751277,0.00125847582,0.000876679551,0.000553398044,0.000308429793,0.000154718,8.91577001e-05,9.79576726e-05,0.00016082621,0.000248600205,0.000324047287,0.000353569339,0.000323896762,0.000247712247,0.000156117181,7.98392866e-05,3.26844674e-05,1.06031557e-05,2.65098788e-06,5.3522524e-07,8.41572998e-08,0,0,0,0,0,0,0,0,0,0,0,0,0,0,0,0,0,0,0,0,0,0,0,0,0,0,0,0,0,0,0,0,0,0,0,0,0,0,0,0,0,0,0,0,0,0,0,0,0,0,0,0,0,0,0,0,0,0,0,0,0,0,0,0,0,0,0,0,0,0,0,0,0,0,0,0,0,0,0,0,0,0,0,0,0,0,0,0,0,0,0,0,0,0,0,0,0,0,0,0,0,0,0,0,0,0,0,0,0,0,0,0,0,0,0,0,0,0,0,0,0,0,0,0,0,0,0,0,0,0,0,0,0,0,0,0,0,0,0,0,0,0,0,0,0,0,0,0,0,0,0,0,0,0,0,0,0,0,0,0,0,0,0,0,0,0,0,0,0,0,0,0,0,0,0,0,0,0,0,0,0,0,0,0,0,0,0,0,0,0,0,0,0,0,0,0,0,0,0,0,0,0,0,0,0,0,0,0,0,0,0,0,0,0,0,0,0,0,0,0,0,0,0,0,0,0,0,0,0,0,0,0,0,0,0,0,0,0,0,0,0,0,0,0,0,0,0,0,0,0,0,0,0,0
0.00514813792,0.00545520475,0.00454928121,0.00305637112,0.00184709381,0.00143281545,0.00188537419,0.0030703235,0.00476262765,0.00657847337,0.00794163905,0.00827509537,0.00737164356,0.00558234099,0.00360060623,0.00203127437,0.00111748045,0.000767936639,0.000752633787,0.000875487283,0.00103311636,0.00118675909,0.00132035185,0.00141276687,0.00142259849,0.00130946201,0.00108199217,0.000807672739,0.000559056818,0.000365226151,0.000221431765,0.000122802827,7.31233813e-05,7.4983087e-05,0.000119515149,0.000180638148,0.000219450463,0.000208561309,0.000154506022,8.91422242e-05,4.0054183e-05,1.40164702e-05,3.81993368e-06,8.10773201e-07,1.34019913e-07,0,0,0,0,0,4.14483367e-07,2.30076535e-06,1.01467867e-05,3.49995316e-05,9.54791103e-05,0.000207087127,0.000359751924,0.000505451811,0.000580928288,0.000552133948,0.000436963193,0.000287966948,0.000156916489,6.98904114e-05,2.513033e-05,7.21636934e-06,1.627453e-06,2.83720141e-07,0,0,0,0,0,0,0,0,0,0,0,0,9.07390927e-08,5.77084279e-07,2.8583172e-06,1.10257452e-05,3.31231713e-05,7.74965229e-05,0.000141207885,0.000200383496,0.000221458031,0.000190610706,0.000127770167,6.67018758e-05,2.71189583e-05,8.58685962e-06,2.11749352e-06,4.06664441e-07,1.34019913e-07,8.10773201e-07,3.81993368e-06,1.40164702e-05,4.01449215e-05,8.97193095e-05,0.000157648057,0.000221140144,0.000258998567,0.000278989115,0.000312508346,0.000371683971,0.00042295063,0.000416486087,0.000337884558,0.000221491617,0.000116261188,4.8641039e-05,1.61339631e-05,4.22659832e-06,8.10773201e-07,1.34019913e-07,0,0,0,0,0,0,0,0,0,0,0,0,0,0,0,0,0,0,0,0,0,0,0,0,0,0,0,0,0,0,0,0,0,0,0,0,0,0,0,0,0,0,0,0,0,0,0,0,0,0,0,0,0,0,0,0,0,0,0,7.43838129e-08,4.85043415e-07,2.9429491e-06,1.24231856e-05,4.16837502e-05,0.000111610148,0.00023928225,0.000411659072,0.000568619755,0.000629847869,0.000557963387,0.000393867231,0.000220668473,9.77500968e-05,3.41208543e-05,9.35924527e-06,2.01291664e-06,3.29995174e-07,0,0,0,0,0,0,0,0,0,0,0,0,0,0,0,0,0,0,0,0,0,0,0,0,0,0,0,0,0,0,0,0,0,0,0,0,0,0,0,7.43838129e-08,4.85043415e-07,2.46325362e-06,9.74235718e-06,3.00085721e-05,7.19868258e-05,0.000134489092,0.000195771208,0.000222312112,0.000198538793,0.000145514845,0.000105109997,0.000107505097,0.000150950233,0.000203130476,0.000223496143,0.000197305984,0.000149752377,0.000123541467,0.000141579847,0.000188097241,0.000221371985,0.000208967991,0.000154506022,8.91422242e-05,4.0054183e-05,1.40164702e-05,3.81993368e-06,8.10773201e-07,1.34019913e-07,0,0,0,0,0,0,0,0,0,0,0,0,0,0,0,0,0,0,0,0,0,0,0,0,0,0,0,0,0,0,0,0,0,0,0,0,0,0,0,0,0,0,0,0,0,0,0,0,0,0,0,0,0,0,0,0,0,0,0,0,0,0,0,0,0,0,0,0,0,0,0,0,0,0,0,0,0,0,0,0,0,0,0,0,0,0,0,0,0,0,0,0,0,0,0,0,0,0,0,0,0,0,0,0,0,0,0,0,0,0,0,0,0,0,0,0,0,0,0,0,0,0,0,0,0,0,0,0,0,0,0,0,0,0,0,0,0,0,0,0,0,0,0,0,0,0,0,0,0,0,0,0,0,0,0,0,0,0,0,0,0,0,0,0,0,0,0,0,0,0,0,0,0,0,0,0,0,0,0,0,0,0,0,0,0,0,0,0,0,0,0,0,0,0,0,0,0
0.000406493287,0.000431081105,0.000492773484,0.000944223721,0.00244719442,0.00572170177,0.0107059469,0.015711369,0.0180453453,0.0162540339,0.01155564,0.00660188543,0.00319219986,0.00149472442,0.000839137123,0.00060664973,0.000507230754,0.000473202759,0.000475671608,0.00046751686,0.000425085367,0.000382611033,0.000385489169,0.000421337929,0.00042604655,0.00035693543,0.000237385393,0.000123532853,5.0224713e-05,1.59029914e-05,3.92162929e-06,7.53148527e-07,0,0,0,0,0,0,0,0,0,0,0,0,0,0,0,0,0,0,0,0,0,0,0,0,0,0,0,0,0,0,0,0,0,0,0,0,0,0,0,0,0,0,0,0,0,0,0,0,0,0,0,0,0,0,0,0,0,0,0,0,0,0,0,0,0,0,0,0,0,0,0,0,0,0,0,0,0,0,0,0,0,0,0,0,0,0,0,0,0,0,0,0,0,0,0,0,0,0,0,0,0,0,0,0,0,0,0,0,0,0,0,0,0,0,0,0,0,0,0,0,0,0,0,0,0,0,0,0,0,0,0,0,0,0,0,0,0,0,0,0,0,0,0,0,0,0,0,0,0,0,0,0,0,0,0,0,0,0,0,0,0,0,0,0,0,0,0,0,0,0,0,0,0,0,0,0,0,0,0,0,0,0,0,0,0,0,0,0,0,0,0,0,0,0,0,0,0,0,0,0,0,0,0,0,0,0,0,0,0,0,0,0,0,0,0,0,0,0,0,0,0,0,0,0,0,0,0,0,0,0,0,0,0,0,0,0,0,0,0,0,0,0,0,0,0,0,0,0,0,0,0,0,0,0,0,0,0,0,0,0,0,0,0,0,0,0,0,0,0,0,0,0,0,0,0,0,0,0,0,0,0,0,0,0,0,0,0,0,0,0,0,0,0,0,0,0,0,0,0,0,0,0,0,0,0,0,0,0,0,0,0,0,0,0,0,0,0,0,0,0,0,0,0,0,0,0,0,0,0,0,0,0,0,0,0,0,0,0,0,0,0,0,0,0,0,0,0,0,0,0,0,0,0,0,0,0,0,0,0,0,0,0,0,0,0,0,0,0,0,0,0,0,0,0,0,0,0,0,0,0,0,0,0,0,0,0,0,0,0,0,0,0,0,0,0,0,0,0,0,0,0,0,0,0,0,0,0,0,0,0,0,0,0,0,0,0,0,0,0,0,0,0,0,0,0,0,0,0,0
