kde_age_0000_Ma,kde_age_0010_Ma,kde_age_0020_Ma,kde_age_0030_Ma,kde_age_0040_Ma,kde_age_0050_Ma,kde_age_0060_Ma,kde_age_0070_Ma,kde_age_0080_Ma,kde_age_0090_Ma,kde_age_0100_Ma,kde_age_0110_Ma,kde_age_0120_Ma,kde_age_0130_Ma,kde_age_0140_Ma,kde_age_0150_Ma,kde_age_0160_Ma,kde_age_0170_Ma,kde_age_0180_Ma,kde_age_0190_Ma,kde_age_0200_Ma,kde_age_0210_Ma,kde_age_0220_Ma,kde_age_0230_Ma,kde_age_0240_Ma,kde_age_0250_Ma,kde_age_0260_Ma,kde_age_0270_Ma,kde_age_0280_Ma,kde_age_0290_Ma,kde_age_0300_Ma,kde_age_0310_Ma,kde_age_0320_Ma,kde_age_0330_Ma,kde_age_0340_Ma,kde_age_0350_Ma,kde_age_0360_Ma,kde_age_0370_Ma,kde_age_0380_Ma,kde_age_0390_Ma,kde_age_0400_Ma,kde_age_0410_Ma,kde_age_0420_Ma,kde_age_0430_Ma,kde_age_0440_Ma,kde_age_0450_Ma,kde_age_0460_Ma,kde_age_0470_Ma,kde_age_0480_Ma,kde_age_0490_Ma,kde_age_0500_Ma,kde_age_0510_Ma,kde_age_0520_Ma,kde_age_0530_Ma,kde_age_0540_Ma,kde_age_0550_Ma,kde_age_0560_Ma,kde_age_0570_Ma,kde_age_0580_Ma,kde_age_0590_Ma,kde_age_0600_Ma,kde_age_0610_Ma,kde_age_0620_Ma,kde_age_0630_Ma,kde_age_0640_Ma,kde_age_0650_Ma,kde_age_0660_Ma,kde_age_0670_Ma,kde_age_0680_Ma,kde_age_0690_Ma,kde_age_0700_Ma,kde_age_0710_Ma,kde_age_0720_Ma,kde_age_0730_Ma,kde_age_0740_Ma,kde_age_0750_Ma,kde_age_0760_Ma,kde_age_0770_Ma,kde_age_0780_Ma,kde_age_0790_Ma,kde_age_0800_Ma,kde_age_0810_Ma,kde_age_0820_Ma,kde_age_0830_Ma,kde_age_0840_Ma,kde_age_0850_Ma,kde_age_0860_Ma,kde_age_0870_Ma,kde_age_0880_Ma,kde_age_0890_Ma,kde_age_0900_Ma,kde_age_0910_Ma,kde_age_0920_Ma,kde_age_0930_Ma,kde_age_0940_Ma,kde_age_0950_Ma,kde_age_0960_Ma,kde_age_0970_Ma,kde_age_0980_Ma,kde_age_0990_Ma,kde_age_1000_Ma,kde_age_1010_Ma,kde_age_1020_Ma,kde_age_1030_Ma,kde_age_1040_Ma,kde_age_1050_Ma,kde_age_1060_Ma,kde_age_1070_Ma,kde_age_1080_Ma,kde_age_1090_Ma,kde_age_1100_Ma,kde_age_1110_Ma,kde_age_1120_Ma,kde_age_1130_Ma,kde_age_1140_Ma,kde_age_1150_Ma,kde_age_1160_Ma,kde_age_1170_Ma,kde_age_1180_Ma,kde_age_1190_Ma,kde_age_1200_Ma,kde_age_1210_Ma,kde_age_1220_Ma,kde_age_1230_Ma,kde_age_1240_Ma,kde_age_1250_Ma,kde_age_1260_Ma,kde_age_1270_Ma,kde_age_1280_Ma,kde_age_1290_Ma,kde_age_1300_Ma,kde_age_1310_Ma,kde_age_1320_Ma,kde_age_1330_Ma,kde_age_1340_Ma,kde_age_1350_Ma,kde_age_1360_Ma,kde_age_1370_Ma,kde_age_1380_Ma,kde_age_1390_Ma,kde_age_1400_Ma,kde_age_1410_Ma,kde_age_1420_Ma,kde_age_1430_Ma,kde_age_1440_Ma,kde_age_1450_Ma,kde_age_1460_Ma,kde_age_1470_Ma,kde_age_1480_Ma,kde_age_1490_Ma,kde_age_1500_Ma,kde_age_1510_Ma,kde_age_1520_Ma,kde_age_1530_Ma,kde_age_1540_Ma,kde_age_1550_Ma,kde_age_1560_Ma,kde_age_1570_Ma,kde_age_1580_Ma,kde_age_1590_Ma,kde_age_1600_Ma,kde_age_1610_Ma,kde_age_1620_Ma,kde_age_1630_Ma,kde_age_1640_Ma,kde_age_1650_Ma,kde_age_1660_Ma,kde_age_1670_Ma,kde_age_1680_Ma,kde_age_1690_Ma,kde_age_1700_Ma,kde_age_1710_Ma,kde_age_1720_Ma,kde_age_1730_Ma,kde_age_1740_Ma,kde_age_1750_Ma,kde_age_1760_Ma,kde_age_1770_Ma,kde_age_1780_Ma,kde_age_1790_Ma,kde_age_1800_Ma,kde_age_1810_Ma,kde_age_1820_Ma,kde_age_1830_Ma,kde_age_1840_Ma,kde_age_1850_Ma,kde_age_1860_Ma,kde_age_1870_Ma,kde_age_1880_Ma,kde_age_1890_Ma,kde_age_1900_Ma,kde_age_1910_Ma,kde_age_1920_Ma,kde_age_1930_Ma,kde_age_1940_Ma,kde_age_1950_Ma,kde_age_1960_Ma,kde_age_1970_Ma,kde_age_1980_Ma,kde_age_1990_Ma,kde_age_2000_Ma,kde_age_2010_Ma,kde_age_2020_Ma,kde_age_2030_Ma,kde_age_2040_Ma,kde_age_2050_Ma,kde_age_2060_Ma,kde_age_2070_Ma,kde_age_2080_Ma,kde_age_2090_Ma,kde_age_2100_Ma,kde_age_2110_Ma,kde_age_2120_Ma,kde_age_2130_Ma,kde_age_2140_Ma,kde_age_2150_Ma,kde_age_2160_Ma,kde_age_2170_Ma,kde_age_2180_Ma,kde_age_2190_Ma,kde_age_2200_Ma,kde_age_2210_Ma,kde_age_2220_Ma,kde_age_2230_Ma,kde_age_2240_Ma,kde_age_2250_Ma,kde_age_2260_Ma,kde_age_2270_Ma,kde_age_2280_Ma,kde_age_2290_Ma,kde_age_2300_Ma,kde_age_2310_Ma,kde_age_2320_Ma,kde_age_2330_Ma,kde_age_2340_Ma,kde_age_2350_Ma,kde_age_2360_Ma,kde_age_2370_Ma,kde_age_2380_Ma,kde_age_2390_Ma,kde_age_2400_Ma,kde_age_2410_Ma,kde_age_2420_Ma,kde_age_2430_Ma,kde_age_2440_Ma,kde_age_2450_Ma,kde_age_2460_Ma,kde_age_2470_Ma,kde_age_2480_Ma,kde_age_2490_Ma,kde_age_2500_Ma,kde_age_2510_Ma,kde_age_2520_Ma,kde_age_2530_Ma,kde_age_2540_Ma,kde_age_2550_Ma,kde_age_2560_Ma,kde_age_2570_Ma,kde_age_2580_Ma,kde_age_2590_Ma,kde_age_2600_Ma,kde_age_2610_Ma,kde_age_2620_Ma,kde_age_2630_Ma,kde_age_2640_Ma,kde_age_2650_Ma,kde_age_2660_Ma,kde_age_2670_Ma,kde_age_2680_Ma,kde_age_2690_Ma,kde_age_2700_Ma,kde_age_2710_Ma,kde_age_2720_Ma,kde_age_2730_Ma,kde_age_2740_Ma,kde_age_2750_Ma,kde_age_2760_Ma,kde_age_2770_Ma,kde_age_2780_Ma,kde_age_2790_Ma,kde_age_2800_Ma,kde_age_2810_Ma,kde_age_2820_Ma,kde_age_2830_Ma,kde_age_2840_Ma,kde_age_2850_Ma,kde_age_2860_Ma,kde_age_2870_Ma,kde_age_2880_Ma,kde_age_2890_Ma,kde_age_2900_Ma,kde_age_2910_Ma,kde_age_2920_Ma,kde_age_2930_Ma,kde_age_2940_Ma,kde_age_2950_Ma,kde_age_2960_Ma,kde_age_2970_Ma,kde_age_2980_Ma,kde_age_2990_Ma,kde_age_3000_Ma,kde_age_3010_Ma,kde_age_3020_Ma,kde_age_3030_Ma,kde_age_3040_Ma,kde_age_3050_Ma,kde_age_3060_Ma,kde_age_3070_Ma,kde_age_3080_Ma,kde_age_3090_Ma,kde_age_3100_Ma,kde_age_3110_Ma,kde_age_3120_Ma,kde_age_3130_Ma,kde_age_3140_Ma,kde_age_3150_Ma,kde_age_3160_Ma,kde_age_3170_Ma,kde_age_3180_Ma,kde_age_3190_Ma,kde_age_3200_Ma,kde_age_3210_Ma,kde_age_3220_Ma,kde_age_3230_Ma,kde_age_3240_Ma,kde_age_3250_Ma,kde_age_3260_Ma,kde_age_3270_Ma,kde_age_3280_Ma,kde_age_3290_Ma,kde_age_3300_Ma,kde_age_3310_Ma,kde_age_3320_Ma,kde_age_3330_Ma,kde_age_3340_Ma,kde_age_3350_Ma,kde_age_3360_Ma,kde_age_3370_Ma,kde_age_3380_Ma,kde_age_3390_Ma,kde_age_3400_Ma,kde_age_3410_Ma,kde_age_3420_Ma,kde_age_3430_Ma,kde_age_3440_Ma,kde_age_3450_Ma,kde_age_3460_Ma,kde_age_3470_Ma,kde_age_3480_Ma,kde_age_3490_Ma,kde_age_3500_Ma,kde_age_3510_Ma,kde_age_3520_Ma,kde_age_3530_Ma,kde_age_3540_Ma,kde_age_3550_Ma,kde_age_3560_Ma,kde_age_3570_Ma,kde_age_3580_Ma,kde_age_3590_Ma,kde_age_3600_Ma,kde_age_3610_Ma,kde_age_3620_Ma,kde_age_3630_Ma,kde_age_3640_Ma,kde_age_3650_Ma,kde_age_3660_Ma,kde_age_3670_Ma,kde_age_3680_Ma,kde_age_3690_Ma,kde_age_3700_Ma,kde_age_3710_Ma,kde_age_3720_Ma,kde_age_3730_Ma,kde_age_3740_Ma,kde_age_3750_Ma,kde_age_3760_Ma,kde_age_3770_Ma,kde_age_3780_Ma,kde_age_3790_Ma,kde_age_3800_Ma,kde_age_3810_Ma,kde_age_3820_Ma,kde_age_3830_Ma,kde_age_3840_Ma,kde_age_3850_Ma,kde_age_3860_Ma,kde_age_3870_Ma,kde_age_3880_Ma,kde_age_3890_Ma,kde_age_3900_Ma,kde_age_3910_Ma,kde_age_3920_Ma,kde_age_3930_Ma,kde_age_3940_Ma,kde_age_3950_Ma,kde_age_3960_Ma,kde_age_3970_Ma,kde_age_3980_Ma,kde_age_3990_Ma,kde_age_4000_Ma,kde_age_4010_Ma,kde_age_4020_Ma,kde_age_4030_Ma,kde_age_4040_Ma,kde_age_4050_Ma,kde_age_4060_Ma,kde_age_4070_Ma,kde_age_4080_Ma,kde_age_4090_Ma,kde_age_4100_Ma,kde_age_4110_Ma,kde_age_4120_Ma,kde_age_4130_Ma,kde_age_4140_Ma,kde_age_4150_Ma,kde_age_4160_Ma,kde_age_4170_Ma,kde_age_4180_Ma,kde_age_4190_Ma,kde_age_4200_Ma,kde_age_4210_Ma,kde_age_4220_Ma,kde_age_4230_Ma,kde_age_4240_Ma,kde_age_4250_Ma,kde_age_4260_Ma,kde_age_4270_Ma,kde_age_4280_Ma,kde_age_4290_Ma,kde_age_4300_Ma,kde_age_4310_Ma,kde_age_4320_Ma,kde_age_4330_Ma,kde_age_4340_Ma,kde_age_4350_Ma,kde_age_4360_Ma,kde_age_4370_Ma,kde_age_4380_Ma,kde_age_4390_Ma,kde_age_4400_Ma,kde_age_4410_Ma,kde_age_4420_Ma,kde_age_4430_Ma,kde_age_4440_Ma,kde_age_4450_Ma,kde_age_4460_Ma,kde_age_4470_Ma,kde_age_4480_Ma,kde_age_4490_Ma,kde_age_4500_Ma,kde_age_4510_Ma,kde_age_4520_Ma,kde_age_4530_Ma,kde_age_4540_Ma,kde_age_4550_Ma,kde_age_4560_Ma,kde_age_4570_Ma,kde_age_4580_Ma,kde_age_4590_Ma,kde_age_4600_Ma
8.79055874e-08,8.16028595e-07,4.28101696e-06,1.72010461e-05,5.46624443e-05,0.000138611559,0.000283469173,0.000473694462,0.000658198466,0.00078035421,0.000824096142,0.000836676868,0.000894739663,0.00103486956,0.00121312484,0.00133720711,0.00133808918,0.00121853659,0.00105372584,0.000957503244,0.00103141262,0.00131257723,0.00172813221,0.00209367999,0.00219947499,0.00195445168,0.00145857778,0.000921951208,0.000518023704,0.000301644291,0.000227483901,0.000219234565,0.000235023191,0.000287574737,0.000402004234,0.000557065741,0.000679395617,0.000711396102,0.000683258971,0.00070268783,0.000873032115,0.00121271855,0.00163048326,0.00196003605,0.00204686835,0.00184791768,0.00146494743,0.0010727769,0.00080077327,0.00067075473,0.000629914104,0.000621289371,0.000614131016,0.000584608342,0.000506862577,0.000378452438,0.000234394755,0.000121591742,6.49196984e-05,6.32149714e-05,9.98440892e-05,0.000148100329,0.000175652589,0.000162960551,0.000117743454,6.62548143e-05,2.90351766e-05,9.90964128e-06,2.70625332e-06,1.16072717e-06,3.26139768e-06,1.28020099e-05,4.07986873e-05,0.000102174232,0.000203350746,0.000328189637,0.000446060113,0.000543919299,0.000638149495,0.000742487089,0.000837315375,0.000884430308,0.000860313257,0.000768202981,0.000631439098,0.000489155757,0.000387551898,0.000358595567,0.000397028733,0.000460854549,0.000500232686,0.000493110134,0.000458117319,0.000436438222,0.00045843809,0.000518629112,0.00057182566,0.000560874831,0.000467269033,0.000334297757,0.000229971767,0.000187818703,0.000186859952,0.000182626344,0.000151458923,0.000106768558,7.96357716e-05,9.21876175e-05,0.000145492446,0.000222266982,0.000298694358,0.000356603988,0.000384474613,0.000371577469,0.000313578069,0.000224405067,0.000134237577,7.15004851e-05,5.04980961e-05,7.41171041e-05,0.000138258481,0.000228971165,0.000321160942,0.000388111318,0.000414508212,0.000403342766,0.000376725454,0.000365535712,0.000381041579,0.000394277658,0.000361048652,0.00027195749,0.000162995397,7.67785172e-05,2.82323956e-05,8.11390117e-06,1.817207e-06,3.17153748e-07,0,0,0,0,0,0,0,0,0,0,0,0,0,2.25882139e-07,1.236467e-06,5.27120018e-06,1.75010018e-05,4.52525077e-05,9.11273611e-05,0.000142916146,0.000174558179,0.000166044875,0.000123009074,7.09700602e-05,3.18889036e-05,1.11591312e-05,3.04121809e-06,6.45492373e-07,1.06699172e-07,0,0,0,0,0,0,0,0,0,9.10277678e-07,5.15173702e-06,2.32122738e-05,8.17166497e-05,0.000226761855,0.000500036894,0.000884482858,0.00127476351,0.00153207157,0.00158143895,0.00144548468,0.00120028532,0.000932623004,0.000722418734,0.00061593722,0.000599529141,0.000612908726,0.000594317958,0.00051405502,0.000382943223,0.000241228861,0.000133434242,8.44041316e-05,9.19340754e-05,0.000132285485,0.000169598618,0.000173144152,0.00013817322,8.59278567e-05,4.16169731e-05,1.56976041e-05,4.61129215e-06,1.05496553e-06,5.11729942e-07,1.68583009e-06,6.83637836e-06,2.15906012e-05,5.31043098e-05,0.000101723472,0.0001517536,0.000176312526,0.00015953416,0.000112421831,6.16984084e-05,2.63708212e-05,8.77808309e-06,2.27563258e-06,4.59442307e-07,7.22414033e-08,0,0,1.87966426e-07,1.05496553e-06,4.7673169e-06,1.65954633e-05,4.5640902e-05,9.99727435e-05,0.000176507197,0.000254758035,0.00030604323,0.000313335893,0.000285499917,0.000251230418,0.000236544362,0.00024788694,0.00028353613,0.000351933829,0.000455853597,0.000560608654,0.000606548111,0.000564577635,0.000461222363,0.000348741356,0.000266923127,0.000227628842,0.00021476333,0.000201025656,0.000176681065,0.000158437145,0.00016318392,0.00018046154,0.000181052971,0.000149451504,0.000100128678,6.16175647e-05,5.43985217e-05,8.18415705e-05,0.000129634877,0.000169035918,0.000173037454,0.00013817322,8.59278567e-05,4.18049394e-05,1.67525703e-05,9.22258429e-06,1.67525703e-05,4.18049394e-05,8.59278567e-05,0.00013817322,0.000173037454,0.000168765159,0.0001281893,7.58310743e-05,3.49356614e-05,1.25347916e-05,3.50260903e-06,7.6224147e-07,1.29187314e-07,0,3.23763532e-07,1.68583009e-06,6.83637836e-06,2.15906012e-05,5.31043098e-05,0.000101723472,0.0001517536,0.000176312526,0.00015953416,0.000112421831,6.16984084e-05,2.63708212e-05,8.77808309e-06,2.27563258e-06,4.59442307e-07,7.22414033e-08,0,0,0,0,0,0,0,0,0,0,0,0,0,0,0,0,0,0,0,0,0,8.79055874e-08,5.45260332e-07,2.63401174e-06,9.90964128e-06,2.90351766e-05,6.62548143e-05,0.000117743454,0.000162960551,0.000175652589,0.000147452804,9.64001844e-05,4.90827711e-05,1.94628624e-05,6.01050083e-06,1.44557633e-06,2.70768263e-07,0,0,0,0,0,0,0,0,0,0,0,0,0,0,0,0,0,0,0,0,0,0,0,0,0,0,0,0,0,0,0,0,0,0,0,0,0,0,0,0,0,0,0,0,0,0,0,0,0,0,0,0,0,0,0,0,0,0,0,0,0,0,0,0,0,0,0,0,0,0,0,0,0,0,0,0,0,0,0,0,0,0,0,0,0,0,0,0,0,0,0,0,0,0,0,0,0,0,0,0,0,0,0,0,0,0,0,0,0,0,0,0,0,0,0,0,0,0,0,0,0,0,0
0.0313232522,0.031013385,0.0241278156,0.0148250545,0.00734737701,0.00318987897,0.00151439455,0.000950259312,0.000661976929,0.000402629112,0.000199020693,7.69694694e-05,2.31827575e-05,5.43798634e-06,9.93430465e-07,0,0,0,0,0,0,0,0,0,0,0,0,0,0,0,0,0,0,0,0,0,0,0,0,0,0,0,0,0,0,0,0,0,0,0,0,0,0,0,0,0,0,0,0,0,0,0,0,0,0,0,0,0,0,0,0,0,0,0,0,0,0,0,0,0,0,0,0,0,0,0,0,0,0,0,0,0,0,0,0,0,0,0,0,0,0,0,0,0,0,0,0,0,0,0,0,0,0,0,0,0,0,0,0,0,0,0,0,0,0,0,0,0,0,0,0,0,0,0,0,0,0,0,0,0,0,0,0,0,0,0,0,0,0,0,0,0,0,0,0,0,0,0,0,0,0,0,0,0,0,0,0,0,0,0,0,0,0,0,0,0,0,0,0,0,0,0,0,0,0,0,0,0,0,0,0,0,0,0,0,0,0,0,0,0,0,0,0,0,0,0,0,0,0,0,0,0,0,0,0,0,0,0,0,0,0,0,0,0,0,0,0,0,0,0,0,0,0,0,0,0,0,0,0,0,0,0,0,0,0,0,0,0,0,0,0,0,0,0,0,0,0,0,0,0,0,0,0,0,0,0,0,0,0,0,0,0,0,0,0,0,0,0,0,0,0,0,0,0,0,0,0,0,0,0,0,0,0,0,0,0,0,0,0,0,0,0,0,0,0,0,0,0,0,0,0,0,0,0,0,0,0,0,0,0,0,0,0,0,0,0,0,0,0,0,0,0,0,0,0,0,0,0,0,0,0,0,0,0,0,0,0,0,0,0,0,0,0,0,0,0,0,0,0,0,0,0,0,0,0,0,0,0,0,0,0,0,0,0,0,0,0,0,0,0,0,0,0,0,0,0,0,0,0,0,0,0,0,0,0,0,0,0,0,0,0,0,0,0,0,0,0,0,0,0,0,0,0,0,0,0,0,0,0,0,0,0,0,0,0,0,0,0,0,0,0,0,0,0,0,0,0,0,0,0,0,0,0,0,0,0,0,0,0,0,0,0,0,0,0,0,0,0,0,0,0
0.000814376228,0.00196025345,0.00384430911,0.00622864097,0.00848699358,0.00993664829,0.0102382686,0.009513438,0.00817406176,0.00669064111,0.00542255235,0.00451909146,0.00393050258,0.00353104275,0.00321389205,0.00288740683,0.00246503115,0.00193257127,0.00138097301,0.000928796924,0.000636024734,0.000495188548,0.000463147372,0.000477944239,0.000474734595,0.000418636615,0.000326511936,0.000244904831,0.000201508902,0.000182686834,0.00015795449,0.000115290133,6.73302349e-05,3.08904466e-05,1.10646266e-05,3.09179939e-06,6.72840644e-07,1.14035353e-07,0,0,0,0,0,0,0,0,0,0,0,0,0,0,0,0,0,0,0,0,0,0,0,0,0,0,0,0,0,0,0,0,0,0,0,0,0,0,0,0,0,0,0,0,0,0,0,0,0,0,0,0,0,0,0,0,0,0,0,0,0,0,0,0,0,0,0,0,0,0,0,0,0,0,0,0,0,0,0,0,0,0,0,0,0,0,0,0,0,0,0,0,0,0,0,0,0,0,0,0,0,0,0,0,0,0,0,0,0,0,0,0,0,0,0,0,0,0,0,0,0,0,0,0,0,0,0,0,0,0,0,0,0,0,0,0,0,0,0,0,0,0,0,0,0,0,0,0,0,0,0,0,0,0,0,0,0,0,0,0,0,0,0,0,0,0,0,0,0,0,0,0,0,0,0,0,0,0,0,0,0,0,0,0,0,0,0,0,0,0,0,0,0,0,0,0,0,0,0,0,0,0,0,0,0,0,0,0,0,0,0,0,0,0,0,0,0,0,0,0,0,0,0,0,0,0,0,0,0,0,0,0,0,0,0,0,0,0,0,0,0,0,0,0,0,0,0,0,0,0,0,0,0,0,0,0,0,0,0,0,0,0,0,0,0,0,0,0,0,0,0,0,0,0,0,0,0,0,0,0,0,0,0,0,0,0,0,0,0,0,0,0,0,0,0,0,0,0,0,0,0,0,0,0,0,0,0,0,0,0,0,0,0,0,0,0,0,0,0,0,0,0,0,0,0,0,0,0,0,0,0,0,0,0,0,0,0,0,0,0,0,0,0,0,0,0,0,0,0,0,0,0,0,0,0,0,0,0,0,0,0,0,0,0,0,0,0,0,0,0,0,0,0,0,0,0,0,0,0,0,0,0,0,0,0,0,0,0,0,0,0,0,0,0,0,0,0,0,0,0,0,0,0,0,0,0,0,0,0,0,0,0,0,0,0,0,0,0,0,0,0,0,0
0.000483669415,0.00117278721,0.00234450498,0.00392004266,0.00558661381,0.00696372793,0.00784436964,0.00826865407,0.00837936025,0.00825375805,0.00786918159,0.00718547919,0.00624698925,0.00520375227,0.00422663996,0.00341154929,0.00277340861,0.00228482715,0.00188933615,0.0015142825,0.00112520391,0.000762452867,0.000500575199,0.000369689226,0.000326800608,0.000299454745,0.000247265427,0.000180508421,0.000130705971,0.000111763217,0.000109320961,0.000100375211,7.62981418e-05,4.59634051e-05,2.16697411e-05,7.97185265e-06,2.28397403e-06,5.09623485e-07,8.85592875e-08,0,0,0,0,0,0,0,0,0,0,0,0,0,0,0,0,0,0,0,0,0,0,0,0,0,0,0,0,0,0,0,0,0,0,0,0,0,0,0,0,0,0,0,0,0,0,0,0,0,0,0,0,0,0,0,0,0,0,0,0,0,0,0,0,0,0,0,0,0,0,0,0,0,0,0,0,0,0,0,0,0,0,0,0,0,0,0,0,0,0,0,0,0,0,0,0,0,0,0,0,0,0,0,0,0,0,0,0,0,0,0,0,0,0,0,0,0,0,0,0,0,0,0,0,0,0,0,0,0,0,0,0,0,0,0,0,0,0,0,0,0,0,0,0,0,0,0,0,0,0,0,0,0,0,0,0,0,0,0,0,0,0,0,0,0,0,0,0,0,0,0,0,0,0,0,0,0,0,0,0,0,0,0,0,0,0,0,0,0,0,0,0,0,0,0,0,0,0,0,0,0,0,0,0,0,0,0,0,0,0,0,0,0,0,0,0,0,0,0,0,0,0,0,0,0,0,0,0,0,0,0,0,0,0,0,0,0,0,0,0,0,0,0,0,0,0,0,0,0,0,0,0,0,0,0,0,0,0,0,0,0,0,0,0,0,0,0,0,0,0,0,0,0,0,0,0,0,0,0,0,0,0,0,0,0,0,0,0,0,0,0,0,0,0,0,0,0,0,0,0,0,0,0,0,0,0,0,0,0,0,0,0,0,0,0,0,0,0,0,0,0,0,0,0,0,0,0,0,0,0,0,0,0,0,0,0,0,0,0,0,0,0,0,0,0,0,0,0,0,0,0,0,0,0,0,0,0,0,0,0,0,0,0,0,0,0,0,0,0,0,0,0,0,0,0,0,0,0,0,0,0,0,0,0,0,0,0,0,0,0,0,0,0,0,0,0,0,0,0,0,0,0,0,0,0,0,0,0,0,0,0,0,0,0,0,0,0,0,0,0,0,0
0,1.66092653e-06,1.01259902e-05,4.65277034e-05,0.000169194322,0.000494286249,0.00118296626,0.00235767949,0.00397442243,0.00573344944,0.00711782107,0.00761364116,0.00703360707,0.005691863,0.00420592215,0.00307455774,0.00241895035,0.00206966237,0.00183239932,0.00167308617,0.00168540601,0.00190694651,0.00219800114,0.00233730814,0.00220702538,0.00184992174,0.0013840614,0.000918694626,0.000530530441,0.000259868132,0.00010552772,3.54584537e-05,1.28480686e-05,1.62708334e-05,4.46561236e-05,0.000106883321,0.000202114564,0.000303813809,0.000375493256,0.000411023475,0.000445546614,0.000509643753,0.000582900982,0.000613813064,0.000582555202,0.000537265581,0.000558475239,0.000676890818,0.000826524991,0.000893402967,0.000813617475,0.00061721065,0.00038865858,0.00020202021,8.5753787e-05,2.93838813e-05,8.0416757e-06,1.66324816e-06,2.89029207e-07,1.33824287e-07,8.51098351e-07,4.2155176e-06,1.6261045e-05,4.8850883e-05,0.000114293814,0.000208256909,0.000295530599,0.000326611845,0.000281117425,0.000188438631,9.83735929e-05,3.99957183e-05,1.26641153e-05,3.12293226e-06,5.9975889e-07,0,0,0,0,0,0,0,0,0,1.33824287e-07,8.51098351e-07,4.2155176e-06,1.6261045e-05,4.90901946e-05,0.000115705836,0.000214745339,0.000318750814,0.000391328727,0.000421591417,0.000425904142,0.000411004238,0.000360540648,0.000268624424,0.000162300827,7.76935287e-05,2.90791787e-05,8.54223278e-06,1.95428111e-06,3.48200226e-07,0,0,0,0,0,0,0,0,0,0,0,0,0,0,0,0,0,0,0,0,0,0,0,0,0,0,0,0,0,0,0,0,0,0,0,0,0,0,0,0,0,0,0,0,0,0,0,0,0,0,0,0,0,0,0,0,4.18437556e-07,2.29050527e-06,9.76468581e-06,3.24199003e-05,8.38284461e-05,0.000168809762,0.000264746398,0.000323361989,0.000307591436,0.00022786935,0.000131970761,6.17507803e-05,3.18060521e-05,4.16879003e-05,9.21196036e-05,0.000179193547,0.000276040619,0.000338276947,0.000346961847,0.000342136804,0.000391615055,0.000515446013,0.000655652762,0.00073908916,0.000765160259,0.000800122219,0.000876842897,0.000936389017,0.000890396842,0.00071772536,0.000480761923,0.00026491767,0.000119045756,4.32240706e-05,1.25627214e-05,2.84071347e-06,5.0158729e-07,0,0,0,0,0,0,0,0,0,0,0,0,0,0,0,0,0,0,0,0,0,0,0,0,0,0,0,0,0,0,0,0,0,0,0,0,0,0,0,0,0,0,0,0,0,0,4.18437556e-07,2.29050527e-06,9.76468581e-06,3.24199003e-05,8.38284461e-05,0.000168809762,0.000264746398,0.000323361989,0.000307591436,0.00022786935,0.000131469175,5.90729081e-05,2.06718407e-05,5.63373389e-06,1.1957486e-06,1.97655913e-07,0,0,0,0,0,0,0,0,0,0,0,0,0,0,0,0,0,0,0,0,0,0,0,0,0,0,0,0,0,0,0,0,0,0,0,0,0,0,0,0,0,0,0,0,0,0,0,0,0,0,0,0,0,0,0,0,0,0,0,0,0,0,0,0,0,0,0,0,0,0,0,0,0,0,0,0,0,0,0,0,0,0,0,0,0,0,0,0,0,0,0,0,0,0,0,0,0,0,0,0,0,0,0,0,0,0,0,0,0,0,0,0,0,0,0,0,0,0,0,0,0,0,0,0,0,0,0,0,0,0,0,0,0,0,0,0,0,0,0,0,0,0,0,0,0,0,0,0,0,0,0,0,0,0,0,0,0,0,0,0,0,0,0,0,0,0,0,0,0,0,0,0,0,0,0,0,0,0,0,0,0,0,0,0,0,0,0,0,0,0,0,0,0,0,0,0,0,0,0,0,0,0
0.00692203223,0.0106367838,0.013565445,0.0146607745,0.0138172162,0.0117596654,0.00933119887,0.00700809346,0.00496811083,0.00332708781,0.00217092226,0.00146785503,0.00107048983,0.000823789835,0.000638358762,0.000482748701,0.000347514496,0.000229385754,0.000132680883,6.45663306e-05,2.56022468e-05,8.17307194e-06,2.05885794e-06,4.00216273e-07,6.29288699e-08,0,0,0,0,0,0,0,0,0,0,0,0,0,0,0,0,0,0,0,0,0,0,0,0,0,0,0,0,0,0,0,0,0,0,0,0,0,0,0,0,0,0,0,0,0,0,0,0,0,0,0,0,0,0,0,0,0,0,0,0,0,0,0,0,0,0,0,0,0,0,0,0,0,0,0,0,0,0,0,0,0,0,0,0,0,0,0,0,0,0,0,0,0,0,0,0,0,0,0,0,0,0,0,0,0,0,0,0,0,0,0,0,0,0,0,0,0,0,0,0,0,0,0,0,0,0,0,0,0,0,0,0,0,0,0,0,0,0,0,0,0,0,0,0,0,0,0,0,0,0,0,0,0,0,0,0,0,0,0,0,0,0,0,0,0,0,0,0,0,0,0,0,0,0,0,0,0,0,0,0,0,0,0,0,0,0,0,0,0,0,0,0,0,0,0,0,0,0,0,0,0,0,0,0,0,0,0,0,0,0,0,0,0,0,0,0,0,0,0,0,0,0,0,0,0,0,0,0,0,0,0,0,0,0,0,0,0,0,0,0,0,0,0,0,0,0,0,0,0,0,0,0,0,0,0,0,0,0,0,0,0,0,0,0,0,0,0,0,0,0,0,0,0,0,0,0,0,0,0,0,0,0,0,0,0,0,0,0,0,0,0,0,0,0,0,0,0,0,0,0,0,0,0,0,0,0,0,0,0,0,0,0,0,0,0,0,0,0,0,0,0,0,0,0,0,0,0,0,0,0,0,0,0,0,0,0,0,0,0,0,0,0,0,0,0,0,0,0,0,0,0,0,0,0,0,0,0,0,0,0,0,0,0,0,0,0,0,0,0,0,0,0,0,0,0,0,0,0,0,0,0,0,0,0,0,0,0,0,0,0,0,0,0,0,0,0,0,0,0,0,0,0,0,0,0,0,0,0,0,0,0,0,0,0,0,0,0,0,0,0,0,0,0,0,0,0,0,0,0,0,0,0,0,0,0,0
0.00589892656,0.00949112841,0.0128094524,0.0147194536,0.0146110099,0.0126941955,0.00978184307,0.00682295223,0.00449273758,0.00300288312,0.00217157679,0.00167723899,0.00129715961,0.000967336155,0.000693893422,0.000473391605,0.000294282072,0.000158025072,7.04018341e-05,2.52432851e-05,7.25751481e-06,1.62923811e-06,2.9350761e-07,0,5.26733204e-08,3.43473197e-07,1.74430076e-06,6.89884354e-06,2.12499335e-05,5.09759417e-05,9.52355948e-05,0.000138566973,0.000157016948,0.000138566973,9.52355948e-05,5.09759417e-05,2.12499335e-05,6.89884354e-06,1.74430076e-06,3.43473197e-07,5.26733204e-08,0,0,0,0,0,0,0,0,0,0,0,0,0,0,0,0,0,0,0,0,0,0,0,0,0,0,0,0,0,0,0,0,0,0,0,0,0,0,0,0,0,0,0,0,0,0,0,0,0,0,0,0,0,0,0,0,0,0,0,0,0,0,0,0,0,0,0,0,0,0,0,0,0,0,0,0,0,0,0,0,0,0,0,0,0,0,0,0,0,0,0,0,0,0,0,0,0,0,0,0,0,0,0,0,0,0,0,0,0,0,0,0,0,0,0,0,0,0,0,0,0,0,0,0,0,0,0,0,0,0,0,0,0,0,0,0,0,0,0,0,0,0,0,0,0,0,0,0,0,0,0,0,0,0,0,0,0,0,0,0,0,0,0,0,0,0,0,0,0,0,0,0,0,0,0,0,0,0,0,0,0,0,0,0,0,0,0,0,0,0,0,0,0,0,0,0,0,0,0,0,0,0,0,0,0,0,0,0,0,0,0,0,0,0,0,0,0,0,0,0,0,0,0,0,0,0,0,0,0,0,0,0,0,0,0,0,0,0,0,0,0,0,0,0,0,0,0,0,0,0,0,0,0,0,0,0,0,0,0,0,0,0,0,0,0,0,0,0,0,0,0,0,0,0,0,0,0,0,0,0,0,0,0,0,0,0,0,0,0,0,0,0,0,0,0,0,0,0,0,0,0,0,0,0,0,0,0,0,0,0,0,0,0,0,0,0,0,0,0,0,0,0,0,0,0,0,0,0,0,0,0,0,0,0,0,0,0,0,0,0,0,0,0,0,0,0,0,0,0,0,0,0,0,0,0,0,0,0,0,0,0,0,0,0,0,0,0,0,0,0,0,0,0,0,0,0,0,0,0,0,0,0,0,0,0,0,0,0,0,0,0,0,0,0,0,0,0,0,0,0,0,0,0,0,0,0,0,0,0,0,0,0,0,0,0,0,0,0,0,0
0.000425433063,0.0010137681,0.00202350399,0.00342736291,0.00500119272,0.00640287427,0.00735583648,0.00779478675,0.0078405996,0.0076416967,0.00726048964,0.00670346456,0.00600382044,0.00524981544,0.00454709748,0.00394956044,0.00342450889,0.00290184381,0.00235609349,0.00182306269,0.00135701233,0.00100276414,0.000781670341,0.000671823047,0.000613875753,0.000554593674,0.000477673977,0.000393222896,0.000315117002,0.000252751772,0.000206920698,0.000168050699,0.000125403233,7.97394057e-05,4.12452728e-05,1.69234437e-05,5.43266698e-06,1.37359328e-06,2.70476564e-07,4.14789242e-08,0,0,0,0,0,0,0,0,0,0,0,0,0,0,0,0,0,0,0,0,0,0,0,0,0,0,0,0,0,0,0,0,0,0,0,0,0,0,0,0,0,0,0,0,0,0,0,0,0,0,0,0,0,0,0,0,0,0,0,0,0,0,0,0,0,0,0,0,0,0,0,0,0,0,0,0,0,0,0,0,0,0,0,0,0,0,0,0,0,0,0,0,0,0,0,0,0,0,0,0,0,0,0,0,0,0,0,0,0,0,0,0,0,0,0,0,0,0,0,0,0,0,0,0,0,0,0,0,0,0,0,0,0,0,0,0,0,0,0,0,0,0,0,0,0,0,0,0,0,0,0,0,0,0,0,0,0,0,0,0,0,0,0,0,0,0,0,0,0,0,0,0,0,0,0,0,0,0,0,0,0,0,0,0,0,0,0,0,0,0,0,0,0,0,0,0,0,0,0,0,0,0,0,0,0,0,0,0,0,0,0,0,0,0,0,0,0,0,0,0,0,0,0,0,0,0,0,0,0,0,0,0,0,0,0,0,0,0,0,0,0,0,0,0,0,0,0,0,0,0,0,0,0,0,0,0,0,0,0,0,0,0,0,0,0,0,0,0,0,0,0,0,0,0,0,0,0,0,0,0,0,0,0,0,0,0,0,0,0,0,0,0,0,0,0,0,0,0,0,0,0,0,0,0,0,0,0,0,0,0,0,0,0,0,0,0,0,0,0,0,0,0,0,0,0,0,0,0,0,0,0,0,0,0,0,0,0,0,0,0,0,0,0,0,0,0,0,0,0,0,0,0,0,0,0,0,0,0,0,0,0,0,0,0,0,0,0,0,0,0,0,0,0,0,0,0,0,0,0,0,0,0,0,0,0,0,0,0,0,0,0,0,0,0,0,0,0,0,0,0,0,0,0,0,0,0,0,0,0,0,0,0,0,0,0,0,0,0,0,0,0
0.000551374765,0.00128072668,0.00244695085,0.00392180819,0.00541638573,0.00666720438,0.00756546726,0.00810550713,0.00827201363,0.00803567225,0.00742826786,0.00657205108,0.00562966495,0.00474469048,0.00401466181,0.00347030435,0.0030469374,0.00262798179,0.00216098495,0.00170543503,0.00134564877,0.00109750521,0.000916484123,0.000757451013,0.000604471789,0.000463192436,0.000341690909,0.000242200806,0.000167347102,0.000123739919,0.000112397417,0.000117826914,0.000116190774,9.50704122e-05,6.16990866e-05,3.13264956e-05,1.24219407e-05,3.83613075e-06,9.22621921e-07,1.72814627e-07,0,0,0,0,0,0,0,0,0,0,0,0,0,0,0,0,0,0,0,0,0,0,0,0,0,0,0,0,0,0,0,0,0,0,0,0,0,0,0,0,0,0,0,0,0,0,0,0,0,0,0,0,0,0,0,0,0,0,0,0,0,0,0,0,0,0,0,0,0,0,0,0,0,0,0,0,0,0,0,0,0,0,0,0,0,0,0,0,0,0,0,0,0,0,0,0,0,0,0,0,0,0,0,0,0,0,0,0,0,0,0,0,0,0,0,0,0,0,0,0,0,0,0,0,0,0,0,0,0,0,0,0,0,0,0,0,0,0,0,0,0,0,0,0,0,0,0,0,0,0,0,0,0,0,0,0,0,0,0,0,0,0,0,0,0,0,0,0,0,0,0,0,0,0,0,0,0,0,0,0,0,0,0,0,0,0,0,0,0,0,0,0,0,0,0,0,0,0,0,0,0,0,0,0,0,0,0,0,0,0,0,0,0,0,0,0,0,0,0,0,0,0,0,0,0,0,0,0,0,0,0,0,0,0,0,0,0,0,0,0,0,0,0,0,0,0,0,0,0,0,0,0,0,0,0,0,0,0,0,0,0,0,0,0,0,0,0,0,0,0,0,0,0,0,0,0,0,0,0,0,0,0,0,0,0,0,0,0,0,0,0,0,0,0,0,0,0,0,0,0,0,0,0,0,0,0,0,0,0,0,0,0,0,0,0,0,0,0,0,0,0,0,0,0,0,0,0,0,0,0,0,0,0,0,0,0,0,0,0,0,0,0,0,0,0,0,0,0,0,0,0,0,0,0,0,0,0,0,0,0,0,0,0,0,0,0,0,0,0,0,0,0,0,0,0,0,0,0,0,0,0,0,0,0,0,0,0,0,0,0,0,0,0,0,0,0,0,0,0,0,0,0,0,0,0,0,0,0,0,0,0,0,0,0,0,0,0,0,0,0,0
4.45170134e-05,0.000148709057,0.000401832917,0.000890160304,0.00164056992,0.00256446997,0.00348823551,0.00425911002,0.00482949026,0.00524035108,0.00553853869,0.00571837518,0.00573604387,0.00556480448,0.00522870351,0.00479435942,0.0043432861,0.0039417911,0.00361123567,0.00332530999,0.00304660291,0.00277073408,0.00251968813,0.00230040648,0.00208808753,0.00185663818,0.00160635193,0.00136295633,0.00115671148,0.00100382559,0.000897905155,0.000824914284,0.000776456242,0.000744235394,0.000710996519,0.000652539788,0.000550437296,0.000407340387,0.000253961723,0.000129744745,5.48447358e-05,2.45409576e-05,2.59992421e-05,4.97451557e-05,8.74750437e-05,0.000126251657,0.000153184071,0.000164607231,0.000163423903,0.000149081351,0.000119119167,7.91904573e-05,4.23461054e-05,1.78957494e-05,5.90638555e-06,1.53117295e-06,3.57746566e-07,3.57746566e-07,1.53117295e-06,5.90638555e-06,1.77437643e-05,4.1514142e-05,7.56436992e-05,0.000107343511,0.000118632934,0.000102108314,6.84452448e-05,3.57315515e-05,1.45273648e-05,4.59989794e-06,1.13432083e-06,2.17846223e-07,0,0,0,0,0,0,5.91477986e-08,3.66881666e-07,1.77231051e-06,6.66776123e-06,1.95364917e-05,4.45799469e-05,7.93508564e-05,0.000110358818,0.00012129163,0.000109776725,9.28656702e-05,9.08427087e-05,0.000106066374,0.000120473486,0.000114527308,8.64351282e-05,5.10233905e-05,2.35066681e-05,8.43410924e-06,2.35675137e-06,5.12878718e-07,8.69244544e-08,0,0,0,0,0,0,0,0,0,0,0,0,0,0,0,0,0,0,0,0,0,0,0,0,0,0,0,0,0,0,0,0,0,0,0,0,0,0,0,0,0,0,0,0,0,0,0,0,0,0,0,0,0,0,0,0,0,0,0,0,0,0,0,0,0,0,0,0,0,0,0,0,0,0,0,0,0,0,0,0,0,0,0,0,0,0,0,0,0,0,0,0,0,0,0,0,0,0,0,0,0,0,0,0,0,0,0,0,0,0,0,0,0,0,0,0,0,0,0,0,0,0,0,0,0,0,0,0,0,0,0,0,0,0,0,0,0,0,0,0,0,0,0,0,0,0,0,0,0,0,0,0,0,0,0,0,0,0,0,0,0,0,0,0,0,0,0,0,0,0,0,0,0,0,0,0,0,0,0,0,0,0,0,0,0,0,0,0,0,0,0,0,0,0,0,0,0,0,0,0,0,0,0,0,0,0,0,0,0,0,0,0,0,0,0,0,0,0,0,0,0,0,0,0,0,0,0,0,0,0,0,0,0,0,0,0,0,0,0,0,0,0,0,0,0,0,0,0,0,0,0,0,0,0,0,0,0,0,0,0,0,0,0,0,0,0,0,0,0,0,0,0,0,0,0,0,0,0,0,0,0,0,0,0,0,0,0,0,0,0,0,0,0,0,0,0,0,0,0,0,0,0,0,0,0,0,0,0,0,0,0,0,0,0,0,0,0,0,0,0,0,0,0,0,0,0,0,0,0,0,0,0,0,0,0,0,0,0,0,0,0,0,0,0,0,0,0,0,0,0,0,0,0,0,0,0,0,0,0,0,0
0,0,0,0,0,0,0,0,1.05588863e-06,6.70058482e-06,3.22006036e-05,0.000121239659,0.000362792547,0.000878917784,0.00175014343,0.00291307737,0.0041127772,0.00496460802,0.00513481594,0.00458793146,0.00368863427,0.00296531042,0.00271377244,0.00283586784,0.00301140886,0.0029685935,0.00262827155,0.00208039224,0.00147970386,0.000951934522,0.000556021792,0.000292668698,0.000135332674,5.31033028e-05,1.72508842e-05,4.37935658e-06,9.11755413e-07,1.50712156e-07,0,0,0,0,0,0,0,0,0,0,0,0,0,0,0,0,0,0,0,0,0,0,0,0,0,0,0,0,0,0,0,0,0,0,0,0,0,0,0,0,0,0,0,0,0,0,0,0,0,0,0,0,0,0,0,0,0,0,0,0,0,0,0,0,0,0,0,0,0,0,0,0,0,0,0,0,0,0,0,0,0,0,0,0,0,0,0,0,0,0,0,0,0,0,0,0,0,0,0,0,0,0,0,0,0,0,0,0,0,0,0,0,0,0,0,0,0,0,0,0,0,0,0,0,0,0,0,0,0,0,0,0,0,1.50712156e-07,9.11755413e-07,4.29570847e-06,1.58863952e-05,4.58967773e-05,0.000104731303,0.000193541283,0.0003025045,0.000440873566,0.000670765825,0.0011000887,0.00180455241,0.0027327205,0.00367748749,0.00436655165,0.00461329091,0.00439701547,0.00382790003,0.0030790612,0.00234896405,0.00180651153,0.00149852796,0.00132112635,0.00112195208,0.000836853444,0.000520712823,0.000263726833,0.000107420324,3.49796778e-05,9.01756464e-06,1.80766439e-06,2.20384071e-07,0,0,0,0,0,0,0,0,0,0,0,2.20384071e-07,1.2682227e-06,5.68377986e-06,1.9838341e-05,5.39261991e-05,0.000114161772,0.000188220935,0.000241680479,0.000241680479,0.000188220935,0.000114161772,5.39261991e-05,1.9838341e-05,5.8662566e-06,2.34488575e-06,5.16780532e-06,1.77053433e-05,4.9346483e-05,0.000107111091,0.000181066878,0.000238380116,0.000244414716,0.000195169124,0.000121372756,5.87838092e-05,2.21728034e-05,6.51343184e-06,1.87259372e-06,2.30737268e-06,8.75531094e-06,2.898135e-05,7.5842651e-05,0.000158337681,0.000267280677,0.000370749577,0.000431034038,0.000430565212,0.000385890966,0.000336240727,0.00030951184,0.000295824147,0.000265103416,0.000210997862,0.000164584913,0.000161219765,0.000200905225,0.000244063888,0.00024568294,0.000195389509,0.000121372756,5.87838092e-05,2.21728034e-05,6.51343184e-06,1.49013462e-06,2.6550183e-07,0,0,0,0,0,0,0,0,0,0,0,0,0,0,0,0,0,0,0,0,0,0,0,0,0,0,0,0,0,0,0,0,0,0,0,0,0,0,0,0,0,0,0,0,0,0,0,0,0,0,0,0,0,0,0,0,0,0,0,0,0,0,0,0,0,0,0,0,0,0,0,0,0,0,0,0,0,0,0,0,0,0,0,0,0,0,0,0,0,0,0,0,0,0,0,0,0,0,0,0,0,0,0,0,0,0,0,0,0,0,0,0,0,0,0,0,0,0,0,0,0,0,0,0,0,0,0,0,0,0,0,0,0,0,0,0,0,0,0,0,0,0,0,0,0,0,0,0,0,0,0,0,0,0,0,0,0,0,0,0,0,0,0,0,0,0,0,0,0,0,0,0,0,0,0,0,0,0,0,0,0,0,0,0,0,0,0,0,0,0,0,0
0,0,0,0,0,0,0,0,6.41729632e-07,4.38770949e-06,2.08174728e-05,7.81168943e-05,0.000233055288,0.000563743667,0.00112776227,0.00195550164,0.00316877781,0.0051087317,0.00811919887,0.0118478257,0.0148093484,0.0152166705,0.0126158585,0.00841517895,0.00459720195,0.00220284674,0.00109645216,0.000675353073,0.000477543153,0.000318029266,0.000180010534,8.29961615e-05,3.05367458e-05,8.90464791e-06,1.96789534e-06,3.59502041e-07,0,0,0,1.14975589e-07,7.31224026e-07,3.6217762e-06,1.41106381e-05,4.28382084e-05,0.000102388066,0.000194696279,0.000300116981,0.000386057302,0.0004289172,0.000421257049,0.00036407735,0.000269040518,0.000164305846,8.08006191e-05,3.14913428e-05,9.56599456e-06,2.30070267e-06,4.30940416e-07,0,0,0,0,0,0,0,0,0,0,0,0,0,0,0,0,0,0,0,0,0,0,0,0,0,0,0,0,0,0,0,0,0,0,0,0,0,0,0,0,0,0,0,0,0,0,0,0,0,0,0,0,0,0,0,0,0,0,0,0,0,0,0,0,0,0,0,0,0,0,0,0,0,0,0,0,0,0,0,0,0,0,0,0,0,0,0,0,0,0,0,0,0,0,0,0,0,0,0,0,0,0,0,0,0,0,1.69816746e-07,1.02733145e-06,4.84024152e-06,1.77602818e-05,5.07526888e-05,0.000112952186,0.000195774722,0.000264268222,0.000277817546,0.000227457763,0.000145033478,7.20214929e-05,2.7853667e-05,8.90464791e-06,4.65097316e-06,1.12399195e-05,3.43624566e-05,8.45180049e-05,0.000161897687,0.000241522986,0.000280609671,0.000253906113,0.000178924627,9.81959167e-05,4.19704013e-05,1.39707318e-05,3.6217762e-06,7.31224026e-07,1.14975589e-07,0,0,0,0,0,0,0,0,0,0,0,0,0,0,0,0,0,0,0,0,0,0,0,0,0,0,0,0,0,0,0,0,0,0,0,0,0,0,0,0,0,0,0,0,0,3.59502041e-07,1.96789534e-06,8.38936283e-06,2.7853667e-05,7.20214929e-05,0.000145033478,0.000227457763,0.000277817546,0.000264268222,0.000195774722,0.000112952186,5.07526888e-05,1.77602818e-05,4.84024152e-06,1.02733145e-06,1.69816746e-07,0,0,0,0,0,0,0,0,0,0,0,0,0,0,0,0,0,0,0,0,0,0,0,0,0,0,0,0,0,0,0,0,0,0,0,0,0,0,0,0,0,0,0,0,0,0,0,0,0,0,0,0,0,0,0,0,0,0,0,0,0,0,0,0,0,0,0,0,0,0,0,0,0,0,0,0,0,0,0,0,0,0,0,0,0,0,0,0,0,0,0,0,0,0,0,0,0,0,0,0,0,0,0,0,0,0,0,0,0,0,0,0,0,0,0,0,0,0,0,0,0,0,0,0,0,0,0,0,0,0,0,0,0,0,0,0,0,0,0,0,0,0,0,0,0,0,0,0,0,0,0,0,0,0,0,0,0,0,0,0,0,0,0,0,0,0,0,0,0,0,0,0,0,0,0,0,0,0,0,0,0,0,0,0,0,0,0,0,0,0,0,0,0,0,0,0,0,0,0,0,0,0,0,0,0,0,0
0,0,0,0,0,0,0,0,1.55822403e-06,1.22255217e-05,6.56669454e-05,0.000265068405,0.000851611988,0.00220742886,0.00465695591,0.00806812999,0.0115755816,0.0138531046,0.0139215339,0.0118450975,0.00865654183,0.00559217598,0.00337797311,0.00208969915,0.00144458227,0.0011220244,0.000908790842,0.000713693956,0.0005184225,0.000337945748,0.00019751188,0.000118753544,0.000109441614,0.000155735791,0.000219477106,0.000252657488,0.000228194911,0.000160806248,8.82523394e-05,3.77203679e-05,1.25560187e-05,3.25502559e-06,6.57178354e-07,1.03332858e-07,0,0,0,0,0,0,0,0,0,0,0,0,0,0,0,0,0,0,0,0,0,0,0,0,0,0,0,0,0,0,0,0,0,0,0,0,0,0,0,0,0,0,0,0,0,0,0,0,0,0,0,0,0,0,0,0,0,0,0,0,0,0,0,0,0,0,0,0,0,0,0,0,0,0,0,0,0,0,0,0,0,0,0,0,0,0,0,0,0,0,0,0,0,0,0,0,0,0,0,0,0,0,0,0,0,0,0,0,0,0,0,0,0,0,0,0,0,0,0,0,0,0,0,0,0,0,0,0,0,0,0,0,0,0,1.03332858e-07,6.57178354e-07,3.25502559e-06,1.26817577e-05,3.85002986e-05,9.21233164e-05,0.000175638005,0.000272981357,0.00035952016,0.000423204276,0.000466851772,0.000488016166,0.000469991677,0.000399862187,0.000289684262,0.00017380595,8.4556805e-05,3.29505513e-05,1.01659402e-05,2.41138228e-06,4.63105773e-07,0,0,0,0,0,0,0,0,0,0,0,0,0,0,0,0,0,0,0,0,0,0,0,0,0,0,0,0,0,0,0,0,0,0,0,0,0,0,0,0,1.52620655e-07,9.2330116e-07,4.35010591e-06,1.59618289e-05,4.56133377e-05,0.00010151435,0.000175950058,0.000237507725,0.000249685009,0.00020442479,0.000130347006,6.47284067e-05,2.50331312e-05,7.53983384e-06,1.76862108e-06,3.23097917e-07,0,0,0,0,0,0,0,0,0,0,1.25738636e-07,7.79930977e-07,3.76764497e-06,1.417458e-05,4.15314159e-05,9.47697439e-05,0.000168418206,0.000233095961,0.000251250435,0.000210913949,0.000137889161,7.02071494e-05,2.78393427e-05,8.59731674e-06,2.06772746e-06,3.87302254e-07,0,0,0,0,0,0,0,0,0,0,0,0,0,0,0,0,0,0,0,0,0,0,0,0,0,0,0,0,0,0,0,0,0,0,0,0,0,0,0,0,0,0,0,0,0,0,0,0,0,0,0,0,0,0,0,0,0,0,0,0,0,0,0,0,0,0,0,0,0,0,0,0,0,0,0,0,0,0,0,0,0,0,0,0,0,0,0,0,0,0,0,0,0,0,0,0,0,0,0,0,0,0,0,0,0,0,0,0,0,0,0,0,0,0,0,0,0,0,0,0,0,0,0,0,0,0,0,0,0,0,0,0,0,0,0,0,0,0,0,0,0,0,0,0,0,0,0,0,0,0,0,0,0,0,0,0,0,0,0,0,0,0,0,0,0,0,0,0,0,0,0,0,0,0,0,0,0,0,0,0
0,0,0,0,0,1.81406138e-07,2.92619647e-06,1.66764266e-05,7.25735503e-05,0.000248221683,0.000672947446,0.001452653,0.00250966102,0.00351041308,0.00406546323,0.00407806662,0.0038243597,0.00363317004,0.00357240151,0.00351951867,0.00344878591,0.00347616395,0.0036029578,0.00358367638,0.0031719736,0.00242024503,0.00162182091,0.00102531966,0.000703204059,0.000619101367,0.000691417045,0.000802426819,0.000844660145,0.000792296606,0.000705089716,0.000655753841,0.000668277593,0.000727159887,0.000813250433,0.000899083106,0.000926778625,0.000838501501,0.000640037933,0.000413855087,0.000263466136,0.000256717075,0.000403756787,0.000648656922,0.000880641281,0.00100113295,0.000999867258,0.000938207473,0.000852806602,0.000721828753,0.000531035716,0.000322458139,0.000157555378,6.2533639e-05,2.60199396e-05,2.88579276e-05,6.23945875e-05,0.000121110103,0.000185371131,0.000221866088,0.000210395682,0.000167542613,0.000135438983,0.000144342439,0.000186088414,0.000221522264,0.000216976276,0.000176797239,0.000139073745,0.000139073745,0.000176686867,0.000216291672,0.000218215121,0.000173646309,0.000107887167,5.24483051e-05,2.12430239e-05,1.29586462e-05,2.75421434e-05,7.52787189e-05,0.000168152774,0.000295027364,0.000405362634,0.000436481319,0.000369164314,0.000249409677,0.000148421493,0.000112535745,0.000149084366,0.000238308634,0.000348260282,0.00044698373,0.000507490456,0.000506668865,0.000434892484,0.000312433083,0.000183790264,8.71950519e-05,3.30318913e-05,9.90801804e-06,2.35265496e-06,5.40469683e-07,8.10451301e-07,3.81841716e-06,1.40109051e-05,4.00382785e-05,8.91068276e-05,0.000154444681,0.000208478504,0.000219167428,0.000179439109,0.000114489782,5.73018723e-05,2.44357485e-05,1.63567724e-05,3.15491108e-05,7.22418497e-05,0.000134435691,0.000195602776,0.000221646979,0.000195602776,0.000134435691,7.19582416e-05,2.99966572e-05,9.73848904e-06,2.46227556e-06,4.84850823e-07,7.43542813e-08,0,0,0,0,0,0,0,0,0,0,0,0,0,0,0,0,0,0,0,0,0,0,0,0,0,0,0,0,0,0,0,0,0,0,0,0,1.33966699e-07,8.10451301e-07,3.81841716e-06,1.40109051e-05,4.02742805e-05,9.04313946e-05,0.000160234408,0.000228187713,0.00027141983,0.000287488481,0.00028912682,0.000280084991,0.000257120089,0.000239201502,0.000272185417,0.000388719088,0.000564823031,0.000728202305,0.00081401304,0.000805392893,0.000717317514,0.000568754036,0.000387853373,0.000219212587,9.99416478e-05,3.61280805e-05,1.02618051e-05,2.28160369e-06,3.98204035e-07,0,0,0,3.39964499e-07,1.81500087e-06,7.83012302e-06,2.5989149e-05,6.82444154e-05,0.000143009221,0.00024195215,0.000334956952,0.000384045054,0.000367000833,0.000291860974,0.000192027266,0.000106601187,6.09795529e-05,6.26300308e-05,0.000105406178,0.000168118377,0.0002149616,0.000214827635,0.00016730792,0.00010181735,4.97495212e-05,2.51806402e-05,2.94889575e-05,6.27534412e-05,0.00012123165,0.000185135134,0.000220541521,0.000204945919,0.000149648406,9.07330911e-05,6.08919621e-05,7.40682284e-05,0.000124505101,0.000186776765,0.000225159986,0.000221028685,0.000195004205,0.000190838776,0.000233859275,0.000307522638,0.000368398643,0.000378774684,0.000328539049,0.000237387536,0.00014074496,6.74158599e-05,2.5761265e-05,7.78251825e-06,1.81500087e-06,3.39964499e-07,0,0,0,0,0,0,0,0,0,0,0,0,0,0,0,0,0,0,0,0,0,0,0,0,0,0,0,0,0,0,0,0,0,0,0,0,0,0,0,0,0,0,0,0,0,0,0,0,0,0,0,0,0,0,0,0,0,0,0,0,0,0,0,0,0,0,0,0,0,0,0,0,0,0,0,0,0,0,0,0,0,0,0,0,0,0,0,0,0,0,0,0,0,0,0,0,0,0,0,0,0,0,0,0,0,0,0,0,0,0,0,0,0,0,0,0,0,0,0,0,0,0,0,0,0,0,0,0,0,0,0,0,0,0,0,0,0,0,0,0,0,0,0,0,0,0,0,0,0,0,0,0,0,0,0,0,0,0,0,0,0,0,0,0,0,0,0,0,0,0,0,0,0,0,0,0,0,0,0,0,0,0,0,0,0,0,0,0,0,0,0,0,0,0,0,0,0,0,0,0,0,0,0,0,0,0,0,0,0,0
0,0,0,0,0,0,0,0,0,0,0,1.06362854e-06,1.73117568e-05,9.66280106e-05,0.000415793861,0.0014143783,0.00380086958,0.00806386221,0.0134982316,0.0178175953,0.0185382018,0.0151979916,0.00981527005,0.00499286431,0.00200027609,0.000631102099,0.000156804761,3.04191761e-05,2.56863455e-06,0,0,0,0,0,0,0,0,0,0,0,0,0,0,0,0,0,0,0,0,0,0,0,0,0,0,0,0,0,0,0,0,0,0,0,0,0,0,0,0,0,0,0,0,0,0,0,0,0,0,0,0,0,0,0,0,0,0,0,0,0,0,0,0,0,0,0,0,0,0,0,0,0,3.72634926e-07,2.09142138e-06,9.1416778e-06,3.1119789e-05,8.25037641e-05,0.000170348084,0.00027392215,0.000343038914,0.000334569283,0.000254129482,0.00015033167,6.92583663e-05,2.48496565e-05,6.94376375e-06,1.51110919e-06,2.56107998e-07,0,0,0,0,0,0,0,0,0,0,0,0,0,0,0,0,0,0,0,0,0,0,0,0,0,0,0,0,0,0,0,0,0,0,0,0,0,0,0,0,0,0,0,0,0,0,0,0,0,0,0,0,0,0,0,0,0,0,0,0,0,0,0,0,4.47801109e-07,2.45123982e-06,1.04499156e-05,3.46949434e-05,8.97110468e-05,0.000180655866,0.000283324785,0.000346053683,0.000329176442,0.000243859917,0.00014069493,6.32183068e-05,2.21224722e-05,6.0290771e-06,1.27965939e-06,2.11526274e-07,0,0,0,0,0,0,0,0,0,0,0,0,0,0,0,0,0,0,0,0,0,0,0,0,0,0,0,0,0,0,0,0,0,0,0,0,0,0,0,0,0,0,0,0,0,0,0,0,0,0,0,0,0,0,0,0,0,0,0,0,0,0,0,0,0,0,0,0,0,0,0,0,0,0,0,0,0,0,0,0,0,0,0,0,0,0,0,0,0,0,0,0,0,0,0,0,0,0,0,0,0,0,0,0,0,0,0,0,0,0,0,0,0,0,0,0,0,0,0,0,0,0,0,0,0,0,0,0,0,0,0,0,0,0,0,0,0,0,0,0,0,0,0,0,0,0,0,0,0,0,0,0,0,0,0,0,0,0,0,0,0,0,0,0,0,0,0,0,0,0,0,0,0,0,0,0,0,0,0,0,0,0,0,0,0,0,0,0,0,0,0,0,0,0,0,0,0,0,0,0,0,0,0,0,0,0,0,0,0,0,0,0,0,0,0,0,0,0,0,0,0,0,0,0,0,0,0,0,0,0,0,0,0,0,0,0,0,0,0,0,0,0,0,0,0,0,0,0,0,0,0,0,0,0,0,0,0,0,0,0,0,0,0
0,0,0,0,0,0,0,0,0,0,2.30754146e-07,1.50470606e-06,7.64152761e-06,3.05653558e-05,9.52174929e-05,0.00023358172,0.000457088168,0.000726747441,0.000973279224,0.00115346123,0.00127502914,0.00136035676,0.00141536653,0.00143801121,0.00143284939,0.00140542197,0.00134797959,0.00123465984,0.00103805674,0.000764670838,0.000473729982,0.000239279067,9.6591414e-05,3.08307838e-05,7.64152761e-06,1.50470606e-06,1.49231225e-06,7.83046555e-06,3.44686987e-05,0.000117335826,0.000317690088,0.000687421606,0.00119460719,0.00167469317,0.00189995483,0.00174669702,0.00130009833,0.000781221799,0.000377369591,0.000147314393,5.31779932e-05,4.71576747e-05,0.000124991586,0.000325371772,0.000670010683,0.00107716413,0.00135251094,0.00133712593,0.00107437814,0.000782720003,0.000648645763,0.000672764499,0.000711967272,0.00064099629,0.000459816003,0.000258164654,0.00011313678,3.86133316e-05,1.02635369e-05,2.12462968e-06,3.42527797e-07,0,0,4.15757783e-07,2.51518802e-06,1.18502334e-05,4.34820213e-05,0.000124256446,0.000276537807,0.000479309999,0.000647000796,0.000680173242,0.000556878737,0.000355081573,0.000176328288,6.81933854e-05,2.05394519e-05,4.81794536e-06,8.80159199e-07,3.42527797e-07,2.12462968e-06,1.02635369e-05,3.86133316e-05,0.00011313678,0.000258164654,0.00045879229,0.000635716736,0.000688912488,0.000596261351,0.000457207698,0.000432324446,0.000638116971,0.00106438488,0.00154681272,0.00184248111,0.00179244022,0.001432208,0.000942359222,0.000509340815,0.00022451921,7.99456265e-05,2.27765778e-05,5.04869935e-06,8.80159199e-07,0,0,0,0,0,0,0,0,0,0,0,0,0,0,0,0,0,0,0,0,0,0,0,0,0,0,0,0,0,0,0,0,0,0,0,2.30754146e-07,1.50470606e-06,7.64152761e-06,3.02228289e-05,9.3092864e-05,0.000223318177,0.000417213272,0.000607041728,0.000687868383,0.000607041728,0.000417213272,0.000223318177,9.3092864e-05,3.02228289e-05,7.64152761e-06,1.50470606e-06,2.30754146e-07,0,0,0,0,0,0,1.05505986e-06,5.8635031e-06,2.49248751e-05,8.37101326e-05,0.000222980606,0.00047636173,0.000831128131,0.00121229956,0.00154188456,0.0018256661,0.00217647144,0.00270790653,0.00335617276,0.00381709604,0.00376510837,0.00317235829,0.00233059879,0.0015541158,0.000963934042,0.000544804083,0.000266633528,0.000107836953,3.46199257e-05,8.86709748e-06,1.79023616e-06,2.81491648e-07,0,0,0,0,0,0,0,6.07956221e-07,3.49854631e-06,1.56793969e-05,5.47264725e-05,0.000148761968,0.000314929111,0.000519230305,0.000666704949,0.000666704949,0.000519230305,0.000314929111,0.000148761968,5.47264725e-05,1.56793969e-05,3.49854631e-06,6.07956221e-07,0,0,0,0,0,0,0,0,0,0,0,0,0,0,0,0,0,0,0,0,3.42527797e-07,2.12462968e-06,1.02635369e-05,3.86133316e-05,0.00011313678,0.000258164654,0.00045879229,0.000634982599,0.000684780191,0.000576680646,0.000385890876,0.000229866397,0.000188974629,0.00028158482,0.000464425039,0.000636037623,0.000684437658,0.000574556017,0.000375627349,0.00019125307,7.5837857e-05,2.34201678e-05,5.63274861e-06,1.05505986e-06,0,0,0,0,0,0,0,0,0,0,0,0,0,0,0,0,0,0,0,0,0,0,0,0,0,0,0,0,0,0,0,0,0,0,0,0,0,0,0,0,0,0,0,0,0,0,0,0,0,0,0,0,0,0,0,0,0,0,0,0,0,0,0,0,0,0,0,0,0,0,0,0,0,0,0,0,0,0,0,0,0,0,0,0,0,0,0,0,0,0,0,0,0,0,0,0,0,0,0,0,0,0,0,0,0,0,0,0,0,0,0,0,0,0,0,0,0,0,0,0,0,0,0,0,0,0,0,0,0,0,0,0,0,0,0,0,0,0,0,0,0,0,0,0,0,0,0,0,0,0,0,0,0,0,0,0,0,0,0,0,0,0,0,0,0,0,0,0,0,0,0,0,0,0,0,0,0,0,0,0,0,0,0,0,0,0,0,0,0,0,0,0,0,0,0,0
0,0,0,0,1.43215615e-07,9.10825503e-07,4.51134811e-06,1.74021892e-05,5.22790698e-05,0.00012231456,0.000225530982,0.000334025547,0.000434669563,0.00061722104,0.0011315789,0.00227253717,0.00407335553,0.00604895758,0.00739956161,0.00765346503,0.00709306647,0.00645649208,0.00626737164,0.00647722667,0.0066448089,0.00636162285,0.00553920575,0.00439884523,0.00326889827,0.00238923923,0.00181070163,0.0014274912,0.00110090144,0.000770759903,0.000464002651,0.00023251053,9.50366176e-05,3.15518095e-05,9.7101159e-06,8.62916007e-06,2.51058171e-05,6.92585137e-05,0.00015033199,0.000254130023,0.000334569995,0.000343039644,0.000273922733,0.000170348446,8.25039398e-05,3.11198553e-05,9.14169727e-06,2.09142583e-06,3.72635719e-07,0,0,0,0,0,0,0,0,0,0,0,0,0,0,0,0,0,0,0,0,0,0,0,0,0,0,0,0,0,0,0,0,0,0,0,0,0,0,0,0,0,0,0,0,0,0,0,0,0,0,0,5.36786959e-07,2.8657957e-06,1.1915571e-05,3.85843252e-05,9.73045775e-05,0.000191109406,0.000292319128,0.000348224043,0.000323062598,0.000233421561,0.000131347448,5.75610449e-05,1.96454568e-05,5.22182008e-06,1.08095621e-06,1.74269216e-07,0,0,0,0,0,0,0,0,0,0,0,0,0,0,0,0,0,0,0,0,0,0,0,0,2.56108543e-07,1.51111241e-06,6.94377853e-06,2.48497094e-05,6.92585137e-05,0.00015033199,0.000254130023,0.000334569995,0.000343039644,0.000273922733,0.000170348446,8.25039398e-05,3.11198553e-05,9.14169727e-06,2.09142583e-06,3.72635719e-07,0,0,0,0,0,0,0,0,0,0,0,0,0,0,0,0,0,0,0,0,0,0,0,0,0,0,0,0,0,0,0,0,0,0,0,0,0,0,0,0,0,0,0,0,0,0,0,0,0,0,0,0,0,0,0,0,0,0,0,0,0,0,0,0,0,0,0,0,0,0,0,0,0,0,0,0,0,0,0,0,0,2.11526725e-07,1.27966212e-06,6.02908994e-06,2.21225193e-05,6.32184414e-05,0.000140695229,0.000243860436,0.000329351415,0.000347135375,0.000288547236,0.000200301713,0.000147272283,0.000166042465,0.000243871497,0.000325513841,0.00034867183,0.000292319128,0.000191109406,9.73045775e-05,3.85843252e-05,1.1915571e-05,2.8657957e-06,5.36786959e-07,0,0,0,0,0,0,0,0,0,0,0,0,0,0,0,0,0,0,0,0,0,0,0,0,0,0,0,0,0,0,0,0,0,0,0,0,0,0,0,0,0,0,0,0,0,0,0,0,0,0,0,0,0,0,0,0,0,0,0,0,0,0,0,0,0,0,0,0,0,0,0,0,0,0,0,0,0,0,0,0,0,0,0,0,0,0,0,0,0,0,0,0,0,0,0,0,0,0,0,0,0,0,0,0,0,0,0,0,0,0,0,0,0,0,0,0,0,0,0,0,0,0,0,0,0,0,0,0,0,0,0,0,0,0,0,0,0,0,0,0,0,0,0,0,0,0,0,0,0,0,0,0,0,0,0,0,0,0,0,0,0,0,0,0,0,0,0,0,0,0,0,0,0,0,0,0,0,0,0,0,0,0,0,0,0,0,0,0,0,0,0,0,0,0,0,0,0
0,0,0,0,0,0,0,0,0,0,1.02480411e-06,8.38941431e-06,4.45157733e-05,0.000179254205,0.000576045867,0.00148733176,0.00309842936,0.00522549391,0.00716447966,0.00805170561,0.00759510348,0.006424765,0.00556210852,0.00550289832,0.00586597234,0.00589108097,0.00516558472,0.00387156864,0.00248484905,0.0013762438,0.000663935691,0.000294477501,0.000162221564,0.000174157239,0.000258111491,0.000354406555,0.000416574507,0.000419669592,0.000361926676,0.000263189711,0.000157846759,7.64936337e-05,2.99070181e-05,1.10986179e-05,1.09420334e-05,2.89597369e-05,7.20305464e-05,0.000141470373,0.000216391736,0.000257775829,0.000239149853,0.000172792308,9.72310726e-05,4.26100562e-05,1.45427175e-05,3.86549701e-06,8.00187088e-07,1.29004279e-07,0,0,0,0,0,0,0,0,0,0,0,0,0,0,0,0,0,0,0,0,0,0,0,0,0,0,0,0,0,0,0,0,0,0,0,0,0,0,0,0,0,0,0,0,0,0,0,0,0,0,0,0,0,0,0,0,0,0,0,0,0,0,0,0,0,0,0,0,0,0,0,0,0,0,0,0,0,0,0,0,0,0,0,0,0,0,0,0,0,0,0,0,0,0,0,0,0,0,0,0,0,0,0,0,0,0,0,0,0,0,0,0,0,0,3.97361141e-07,2.12142979e-06,8.82060343e-06,2.8562377e-05,7.20305464e-05,0.000142133354,0.000220579032,0.000276661534,0.000306988394,0.000367265787,0.000545303202,0.000876997578,0.00127675841,0.00156208995,0.00157783388,0.00131556149,0.000912700438,0.000541911497,0.000308523647,0.000225609935,0.00024311726,0.000292409241,0.000332002389,0.000368928111,0.000425169422,0.000487958747,0.000505747621,0.000442019282,0.00031612212,0.000185860107,0.000101181104,8.14155724e-05,0.000120298963,0.000191907626,0.000255735436,0.000279621323,0.000269183165,0.000259834243,0.00027080831,0.000279206485,0.000250443424,0.00018206797,0.0001044267,4.67979924e-05,1.63763842e-05,4.46308543e-06,1.10386526e-06,1.10386526e-06,4.46308543e-06,1.63763842e-05,4.67979924e-05,0.000104150848,0.000180648781,0.000244476385,0.000260035239,0.000224276766,0.000176342398,0.000163640584,0.000198475586,0.000246885508,0.000259590382,0.000216723214,0.000141470373,7.20305464e-05,2.8562377e-05,8.82060343e-06,2.12142979e-06,3.97361141e-07,0,0,0,0,0,0,0,0,0,0,0,0,0,0,0,0,0,0,0,0,0,0,0,0,0,0,0,0,0,0,0,0,0,0,0,0,0,0,0,0,0,0,0,0,0,0,0,0,0,0,0,0,0,0,0,0,0,0,0,0,0,0,0,0,0,0,0,0,0,0,0,0,0,0,0,0,0,0,0,0,0,0,0,0,0,0,0,0,0,0,0,0,0,0,0,0,0,0,0,0,0,0,0,0,0,0,0,0,0,0,0,0,0,0,0,0,0,0,0,0,0,0,0,0,0,0,0,0,0,0,0,0,0,0,0,0,0,0,0,0,0,0,0,0,0,0,0,0,0,0,0,0,0,0,0,0,0,0,0,0,0,0,0,0,0,0,0,0,0,0,0,0,0,0,0,0,0,0,0,0,0,0,0,0,0,0,0,0,0,0,0,0,0,0,0,0,0,0,0,0,0,0,0,0,0,0,0,0,0,0,0,0,0,0,0,0,0,0,0,0,0
0,0,0,0,0,0,0,0,0,2.88238088e-07,3.27190094e-06,1.73639e-05,7.24653158e-05,0.000237127999,0.000615946889,0.00128198309,0.00216856258,0.0030528602,0.00371410927,0.00412523894,0.00445249392,0.0048699985,0.00537819487,0.00578471905,0.00583573188,0.00537577915,0.00443500968,0.00322835713,0.0020692134,0.00120981636,0.000717299403,0.000495447062,0.000403214001,0.000339524286,0.000261584535,0.000171319593,9.1657927e-05,3.93221343e-05,1.4192091e-05,8.06322723e-06,1.71865645e-05,4.60192996e-05,9.96384176e-05,0.000168434631,0.000221749375,0.000227362967,0.000181630834,0.000113412516,5.72595169e-05,3.08951537e-05,3.79582524e-05,7.92680642e-05,0.000151126852,0.000236092305,0.000307261114,0.000345466699,0.000345896298,0.000309837906,0.00024628373,0.000182271713,0.000153186988,0.000172587663,0.000214969704,0.000234532819,0.000205207856,0.000140766251,7.53050925e-05,3.13918321e-05,1.01914361e-05,2.5767985e-06,5.07401727e-07,7.78125745e-08,0,0,0,0,0,0,0,0,0,0,0,0,0,0,0,0,0,0,0,0,0,0,0,0,0,4.25409851e-07,2.21510039e-06,8.98267534e-06,2.8369021e-05,6.97765322e-05,0.000133659794,0.000199396997,0.000231666256,0.000209620282,0.000147716928,8.10687681e-05,3.46500022e-05,1.15339828e-05,2.99007275e-06,6.03685295e-07,9.4921761e-08,0,0,0,0,0,0,0,0,0,0,0,0,0,0,0,0,0,0,0,0,0,0,0,0,0,0,0,0,0,0,4.25409851e-07,2.21510039e-06,8.98267534e-06,2.8369021e-05,6.97765322e-05,0.000133659794,0.000199396997,0.000231666256,0.000209620282,0.000147716928,8.10687681e-05,3.46500022e-05,1.15339828e-05,2.99007275e-06,6.03685295e-07,9.4921761e-08,0,2.46978926e-07,1.38617443e-06,6.05901811e-06,2.06259036e-05,5.47776436e-05,0.000113713809,0.000185722843,0.000244324404,0.000275701825,0.00030366342,0.000368355302,0.00047336232,0.000570298076,0.000606138431,0.000575031657,0.000519272552,0.000490965112,0.000516364101,0.00057894836,0.000628021792,0.000616389288,0.000553319009,0.000517855211,0.000606449276,0.000854029254,0.00120609402,0.00155252632,0.00178030494,0.0018223861,0.00170375433,0.00153454238,0.00141681586,0.00134651506,0.00123532338,0.00103625735,0.000822358098,0.00073203234,0.000833912458,0.00103836612,0.00115187268,0.00104251444,0.000750228188,0.000426407189,0.000191037177,6.75993308e-05,1.97407127e-05,8.70051077e-06,1.70905627e-05,4.59037941e-05,9.96384176e-05,0.000168434631,0.000221749375,0.000227362967,0.000181553026,0.000112905108,5.46827192e-05,2.06259036e-05,6.05901811e-06,1.38617443e-06,2.46978926e-07,0,0,0,0,0,0,0,0,0,0,0,0,0,0,0,0,0,0,0,0,0,0,0,0,0,0,0,0,0,0,0,0,0,0,0,0,0,0,0,0,0,0,0,0,0,0,0,0,0,0,0,0,0,0,0,0,0,0,0,0,0,0,0,0,0,0,0,0,0,0,0,0,0,0,0,0,0,0,0,0,0,0,0,0,0,0,0,0,0,0,0,0,0,0,0,0,0,0,0,0,0,0,0,0,0,0,0,0,0,0,0,0,0,0,0,0,0,0,0,0,0,0,0,0,0,0,0,0,0,0,0,0,0,0,0,0,0,0,0,0,0,0,0,0,0,0,0,0,0,0,0,0,0,0,0,0,0,0,0,0,0,0,0,0,0,0,0,0,0,0,0,0,0,0,0,0,0,0,0,0,0,0,0,0,0,0,0,0,0,0,0,0,0,0,0,0,0,0,0,0,0,0,0,0,0,0,0,0,0,0,0,0,0,0,0,0,0,0,0,0,0,0,0,0,0,0,0,0,0,0,0,0,0,0,0,0,0,0,0,0,0
0,0,0,0,0,1.37025058e-06,1.40277678e-05,7.14804943e-05,0.000283272384,0.000889158502,0.00221356587,0.00438012677,0.00691055562,0.00873982903,0.00894459602,0.00753205884,0.00537659565,0.0034324323,0.00214271263,0.00146498326,0.00118849152,0.00116059057,0.001322467,0.00163144874,0.00198244048,0.00222055626,0.00222908089,0.00201046999,0.00167444558,0.00134565115,0.00108132979,0.000866148197,0.000671923107,0.00051235584,0.000434650735,0.000466736757,0.000584118598,0.000728647276,0.000846115566,0.000905772194,0.000898828475,0.00083512611,0.000734722638,0.000612847332,0.000478758155,0.000352936599,0.000266655697,0.00023127294,0.000220300011,0.00019522553,0.000143915119,8.45171607e-05,3.98719805e-05,1.89951768e-05,2.12708306e-05,4.71997787e-05,9.67075473e-05,0.000158993992,0.000211595782,0.000239619103,0.000252693278,0.000271552424,0.000300556774,0.000323242322,0.000321107658,0.000291037748,0.000252804762,0.000242383212,0.000282484211,0.000350599528,0.000388290612,0.000353264607,0.000260227492,0.000164715689,0.000115626162,0.000124185004,0.000164807123,0.000194802126,0.000184518649,0.000138142428,8.61973572e-05,5.92469198e-05,7.11938342e-05,0.000116062879,0.000168834324,0.000195444884,0.000176738876,0.00012454579,6.83521785e-05,2.92147419e-05,9.72474198e-06,2.52104468e-06,5.89022342e-07,5.89022342e-07,2.52104468e-06,9.72474198e-06,2.92147419e-05,6.83521785e-05,0.00012454579,0.000176738876,0.000195326679,0.000168119233,0.000112693684,5.88312625e-05,2.39190065e-05,7.57363708e-06,1.86763584e-06,3.58679313e-07,1.1820598e-07,7.15104507e-07,3.36919358e-06,1.23625706e-05,3.53279134e-05,7.86237173e-05,0.000136274798,0.000183951729,0.000193383138,0.000158328718,0.000101097974,5.09771394e-05,2.3268713e-05,1.9726251e-05,4.00730548e-05,8.42591936e-05,0.000142013679,0.000186965378,0.000191698412,0.000153074299,9.51946144e-05,4.61050917e-05,1.73904881e-05,5.10858986e-06,1.16873667e-06,2.08237377e-07,0,0,6.56067571e-08,4.27809799e-07,2.17259735e-06,8.59278947e-06,2.64676541e-05,6.36654547e-05,0.000119614485,0.000177048678,0.000211130523,0.000214885979,0.000208158729,0.00021111732,0.000216021553,0.000198146686,0.000149797323,8.99667286e-05,4.23607975e-05,1.55595315e-05,4.45788041e-06,9.94687559e-07,1.72850789e-07,0,0,0,0,0,3.58679313e-07,1.86763584e-06,7.57363708e-06,2.39190065e-05,5.88312625e-05,0.000112693684,0.000168119233,0.000195326679,0.000176738876,0.00012454579,6.83521785e-05,2.92147419e-05,9.72474198e-06,2.52104468e-06,5.08990157e-07,3.95880984e-07,1.79762161e-06,8.01226244e-06,2.798116e-05,7.66003468e-05,0.00016444745,0.000276948523,0.000365973941,0.000379522707,0.000308865593,0.000197243523,9.88205165e-05,3.90804662e-05,1.33317951e-05,8.72736667e-06,1.99343855e-05,5.01983029e-05,0.000100954851,0.000158328718,0.000193383138,0.000183951729,0.000136274798,7.86237173e-05,3.53279134e-05,1.23625706e-05,3.36919358e-06,7.15104507e-07,1.1820598e-07,0,0,0,0,0,0,0,0,0,0,0,0,0,0,0,0,0,3.58679313e-07,1.86763584e-06,7.57363708e-06,2.39190065e-05,5.88312625e-05,0.000112693684,0.00016821662,0.000195930742,0.000179656964,0.000135524116,0.000100518609,0.000102614705,0.000140166054,0.000183055815,0.000195104568,0.000163434646,0.000106796314,5.43760271e-05,2.15618049e-05,6.65869406e-06,1.60147229e-06,2.9996885e-07,0,0,0,0,0,0,0,0,0,0,0,0,0,0,0,0,0,0,0,0,0,1.1820598e-07,7.15104507e-07,3.36919358e-06,1.23625706e-05,3.53279134e-05,7.86237173e-05,0.000136274798,0.000183951729,0.000193383138,0.000158328718,0.000100954851,5.01326949e-05,1.93883705e-05,5.83966466e-06,1.36981188e-06,2.50242051e-07,0,0,0,0,0,0,0,0,0,0,0,0,0,0,0,0,0,0,0,0,0,0,0,0,0,0,0,0,0,0,0,0,0,0,0,0,0,0,0,0,0,0,0,0,0,0,0,0,0,0,0,0,0,0,0,0,0,0,0,0,0,0,0,0,0,0,0,0,0,0,0,0,0,0,0,0,0,0,0,0,0,0,0,0,0,0,0,0,0,0,0,0,0,0,0,0,0,0,0,0,0,0,0,0,0,0,0,0,0,0,0,0,0,0,0,0,0,0,0,0,0,0,0,0,0,0,0,0,0,0,0,0,0,0,0,0,0,0,0,0,0,0,0,0,0,0,0,0,0,0,0,0,0,0,0,0,0,0,0,0,0,0,0,0,0,0,0,0,0,0,0,0,0,0,0,0,0,0,0,0
0,0,0,4.15741819e-07,2.25752374e-06,9.86028314e-06,3.4172594e-05,9.62752369e-05,0.000228500898,0.000470426675,0.000865383422,0.00144683845,0.0022126721,0.00309429346,0.00393914843,0.00452591546,0.00465736427,0.00432014208,0.00377100215,0.00340106685,0.00345937336,0.00387575115,0.00432984408,0.00448284741,0.00417604219,0.00348916211,0.00265788328,0.00192698283,0.00141856648,0.00110194572,0.000880807553,0.000707267603,0.000601793615,0.000582877958,0.000611921614,0.000622877135,0.000583727493,0.000522075631,0.000488476372,0.000497496606,0.000513822171,0.000503337137,0.000479455375,0.000476433532,0.000488855885,0.000469217904,0.000390077805,0.000284565167,0.00021731189,0.000227368453,0.000301382174,0.000391659571,0.000456706186,0.000491063076,0.000516426401,0.000539952525,0.000532792353,0.000469048064,0.000377312556,0.000327367221,0.000357696164,0.000428615145,0.000456718378,0.000394248138,0.000268451054,0.000143185542,5.97566852e-05,1.94935804e-05,4.97004686e-06,9.90217064e-07,1.12878769e-07,0,3.54244764e-07,2.05483554e-06,9.3036291e-06,3.32977732e-05,9.28885482e-05,0.000204194919,0.000356344562,0.000499642752,0.00057288589,0.000548814943,0.000447561917,0.000312743688,0.000185447747,9.14420676e-05,3.66975692e-05,1.17854374e-05,2.92211918e-06,5.89965706e-07,9.27645317e-08,0,0,1.12878769e-07,7.92928448e-07,4.26232983e-06,1.72347357e-05,5.53243654e-05,0.000141578504,0.000289506782,0.000475129512,0.000630023422,0.000684753276,0.000629408623,0.000517189281,0.00040552234,0.000314682235,0.000247251668,0.000214130833,0.000219291309,0.000237003973,0.000228117151,0.000178781641,0.000110580554,5.34399783e-05,2.01571512e-05,5.92131848e-06,1.35467168e-06,2.41365985e-07,0,0,0,0,0,0,0,0,0,9.27645317e-08,5.89965706e-07,2.92211918e-06,1.1271857e-05,3.38625326e-05,7.92263674e-05,0.000144359855,0.000204856369,0.000226401317,0.000194865423,0.000130622189,6.81907633e-05,2.77242955e-05,8.77853153e-06,2.16475914e-06,4.15741819e-07,0,0,0,0,0,0,0,0,2.00349724e-07,1.152933e-06,5.16708727e-06,1.80349066e-05,4.90239565e-05,0.000103783724,0.000171110427,0.00021971015,0.00021971015,0.000171110427,0.000104025084,5.03786331e-05,2.39562251e-05,2.53242392e-05,5.48342783e-05,0.000111894204,0.000183348293,0.00024259436,0.000271504456,0.000280867226,0.000294958127,0.000320496372,0.000343144809,0.000346531371,0.000320548611,0.000261736265,0.000180702535,0.000101871656,4.5839354e-05,1.62617001e-05,4.49766853e-06,1.32647844e-06,2.02213972e-06,7.71802968e-06,2.49920853e-05,6.30267418e-05,0.000123786604,0.000189342811,0.000225553899,0.000209256167,0.000151193303,8.50772071e-05,3.72838073e-05,1.27248806e-05,3.38231062e-06,7.00163854e-07,1.12878769e-07,0,0,0,0,0,0,0,0,0,0,0,0,0,0,0,0,0,0,0,0,0,0,0,0,0,1.12878769e-07,7.00163854e-07,3.38231062e-06,1.27248806e-05,3.72838073e-05,8.51532474e-05,0.000151689168,0.000211774398,0.00023551371,0.000220021212,0.000197380288,0.000200517827,0.000225040444,0.000234402516,0.000201904608,0.000137838781,7.35936794e-05,3.0678409e-05,9.95982148e-06,2.51823716e-06,4.95870316e-07,7.60441753e-08,0,0,0,0,0,0,0,0,0,0,0,0,0,0,0,0,0,0,0,0,0,0,0,0,0,0,0,0,0,0,2.00349724e-07,1.152933e-06,5.16708727e-06,1.80349066e-05,4.90239565e-05,0.000103783724,0.000171110427,0.00021971015,0.00021971015,0.000171110427,0.000103783724,4.90239565e-05,1.80349066e-05,5.16708727e-06,1.152933e-06,2.00349724e-07,0,0,0,0,0,0,0,0,0,0,0,0,0,0,0,0,0,0,0,0,0,0,0,0,0,0,0,0,0,0,0,0,0,0,0,0,0,0,0,0,0,0,0,0,0,0,0,0,0,0,0,0,0,0,0,0,0,0,0,0,0,0,0,0,0,0,0,0,0,0,0,0,0,0,0,0,0,0,0,0,0,0,0,0,0,0,0,0,0,0,0,0,0,0,0,0,0,0,0,0,0,0,0,0,0,0,0,0,0,0,0,0,0,0,0,0,0,0,0,0,0,0,0,0,0,0,0,0,0,0,0,0,0,0,0,0,0,0,0,0,0,0,0,0,0,0,0,0,0,0,0,0,0,0,0,0,0,0,0,0,0,0,0,0,0,0,0,0,0
4.92935238e-06,3.46391666e-05,0.000163992308,0.000610506093,0.0018215419,0.00437029432,0.00845413184,0.0132221939,0.0167786772,0.0173696594,0.0147959512,0.0105037916,0.00631577671,0.00326741905,0.00146693486,0.000569507833,0.000187995589,5.10326174e-05,1.138118e-05,1.9465204e-06,1.6220619e-07,0,0,0,0,0,0,0,0,0,0,0,0,0,0,0,0,0,0,0,0,0,0,0,0,0,0,0,0,0,0,0,0,0,0,0,0,0,0,0,0,0,0,0,0,0,0,0,0,0,0,0,0,0,0,0,0,0,0,0,0,0,0,0,0,0,0,0,0,0,0,0,0,0,0,0,0,0,0,0,0,0,0,0,0,0,0,0,0,0,0,0,0,0,0,0,0,0,0,0,0,0,0,0,0,0,0,0,0,0,0,0,0,0,0,0,0,0,0,0,0,0,0,0,0,0,0,0,0,0,0,0,0,0,0,0,0,0,0,0,0,0,0,0,0,0,0,0,0,0,0,0,0,0,0,0,0,0,0,0,0,0,0,0,0,0,0,0,0,0,0,0,0,0,0,0,0,0,0,0,0,0,0,0,0,0,0,0,0,0,0,0,0,0,0,0,0,0,0,0,0,0,0,0,0,0,0,0,0,0,0,0,0,0,0,0,0,0,0,0,0,0,0,0,0,0,0,0,0,0,0,0,0,0,0,0,0,0,0,0,0,0,0,0,0,0,0,0,0,0,0,0,0,0,0,0,0,0,0,0,0,0,0,0,0,0,0,0,0,0,0,0,0,0,0,0,0,0,0,0,0,0,0,0,0,0,0,0,0,0,0,0,0,0,0,0,0,0,0,0,0,0,0,0,0,0,0,0,0,0,0,0,0,0,0,0,0,0,0,0,0,0,0,0,0,0,0,0,0,0,0,0,0,0,0,0,0,0,0,0,0,0,0,0,0,0,0,0,0,0,0,0,0,0,0,0,0,0,0,0,0,0,0,0,0,0,0,0,0,0,0,0,0,0,0,0,0,0,0,0,0,0,0,0,0,0,0,0,0,0,0,0,0,0,0,0,0,0,0,0,0,0,0,0,0,0,0,0,0,0,0,0,0,0,0,0,0,0,0,0,0,0,0,0,0,0,0,0,0,0,0,0,0,0,0,0,0,0,0,0,0
1.80987666e-06,1.60848843e-05,8.02019694e-05,0.000319136741,0.00100793858,0.00254753575,0.00520922256,0.00874440152,0.0122954825,0.0148103593,0.0155334446,0.0142056444,0.0111688375,0.00738808555,0.00402877474,0.00178344543,0.000633988663,0.000179289317,4.03932903e-05,6.47568569e-06,3.49784938e-07,0,0,0,0,0,0,0,0,0,0,0,0,0,0,0,0,0,0,0,0,0,0,0,0,0,0,0,0,0,0,0,0,0,0,0,0,0,0,0,0,0,0,0,0,0,0,0,0,0,0,0,0,0,0,0,0,0,0,0,0,0,0,0,0,0,0,0,0,0,0,0,0,0,0,0,0,0,0,0,0,0,0,0,0,0,0,0,0,0,0,0,0,0,0,0,0,0,0,0,0,0,0,0,0,0,0,0,0,0,0,0,0,0,0,0,0,0,0,0,0,0,0,0,0,0,0,0,0,0,0,0,0,0,0,0,0,0,0,0,0,0,0,0,0,0,0,0,0,0,0,0,0,0,0,0,0,0,0,0,0,0,0,0,0,0,0,0,0,0,0,0,0,0,0,0,0,0,0,0,0,0,0,0,0,0,0,0,0,0,0,0,0,0,0,0,0,0,0,0,0,0,0,0,0,0,0,0,0,0,0,0,0,0,0,0,0,0,0,0,0,0,0,0,0,0,0,0,0,0,0,0,0,0,0,0,0,0,0,0,0,0,0,0,0,0,0,0,0,0,0,0,0,0,0,0,0,0,0,0,0,0,0,0,0,0,0,0,0,0,0,0,0,0,0,0,0,0,0,0,0,0,0,0,0,0,0,0,0,0,0,0,0,0,0,0,0,0,0,0,0,0,0,0,0,0,0,0,0,0,0,0,0,0,0,0,0,0,0,0,0,0,0,0,0,0,0,0,0,0,0,0,0,0,0,0,0,0,0,0,0,0,0,0,0,0,0,0,0,0,0,0,0,0,0,0,0,0,0,0,0,0,0,0,0,0,0,0,0,0,0,0,0,0,0,0,0,0,0,0,0,0,0,0,0,0,0,0,0,0,0,0,0,0,0,0,0,0,0,0,0,0,0,0,0,0,0,0,0,0,0,0,0,0,0,0,0,0,0,0,0,0,0,0,0,0,0,0,0,0,0,0,0,0,0,0,0,0,0,0,0
0,3.8109672e-07,2.75047118e-06,2.04806698e-05,0.000101340938,0.000397134553,0.0012842288,0.00339019396,0.00723782662,0.0124206737,0.0170763006,0.018783296,0.0165304589,0.0116509298,0.00658815745,0.00299609322,0.00109911434,0.000326339019,7.84964907e-05,1.41611887e-05,1.5169222e-06,1.25593837e-07,0,0,0,0,0,0,0,0,0,0,0,0,0,0,0,0,0,0,0,0,0,0,0,0,0,0,0,0,0,0,0,0,0,0,0,0,0,0,0,0,0,0,0,0,0,0,0,0,0,0,0,0,0,0,0,0,0,0,0,0,0,0,0,0,0,0,0,0,0,0,0,0,0,0,0,0,0,0,0,0,0,0,0,0,0,0,0,0,0,0,0,0,0,0,0,0,0,0,0,0,0,0,0,0,0,0,0,0,0,0,0,0,0,0,0,0,0,0,0,0,0,0,0,0,0,0,0,0,0,0,0,0,0,0,0,0,0,0,0,0,0,0,0,0,0,0,0,0,0,0,0,0,0,0,0,0,0,0,0,0,0,0,0,0,0,0,0,0,0,0,0,0,0,0,0,0,0,0,0,0,0,0,0,0,0,0,0,0,0,0,0,0,0,0,0,0,0,0,0,0,0,0,0,0,0,0,0,0,0,0,0,0,0,0,0,0,0,0,0,0,0,0,0,0,0,0,0,0,0,0,0,0,0,0,0,0,0,0,0,0,0,0,0,0,0,0,0,0,0,0,0,0,0,0,0,0,0,0,0,0,0,0,0,0,0,0,0,0,0,0,0,0,0,0,0,0,0,0,0,0,0,0,0,0,0,0,0,0,0,0,0,0,0,0,0,0,0,0,0,0,0,0,0,0,0,0,0,0,0,0,0,0,0,0,0,0,0,0,0,0,0,0,0,0,0,0,0,0,0,0,0,0,0,0,0,0,0,0,0,0,0,0,0,0,0,0,0,0,0,0,0,0,0,0,0,0,0,0,0,0,0,0,0,0,0,0,0,0,0,0,0,0,0,0,0,0,0,0,0,0,0,0,0,0,0,0,0,0,0,0,0,0,0,0,0,0,0,0,0,0,0,0,0,0,0,0,0,0,0,0,0,0,0,0,0,0,0,0,0,0,0,0,0,0,0,0,0,0,0,0,0,0,0,0,0,0,0,0,0
0.00049382414,0.000790881939,0.00104818704,0.00127407115,0.00173347462,0.00292624436,0.00530818761,0.00886068769,0.0127496099,0.0154630084,0.0156616239,0.013201816,0.00927271312,0.00545254328,0.00270396752,0.00115409096,0.000473859063,0.000276721511,0.000281429059,0.000320286475,0.000308870646,0.00023820369,0.000145498569,7.01941359e-05,2.67140998e-05,8.0086991e-06,1.88850466e-06,3.04255017e-07,0,0,0,0,0,0,0,0,0,0,0,0,0,0,0,0,0,0,0,0,0,0,0,0,0,0,0,0,0,0,0,0,0,0,0,0,0,0,0,0,0,0,0,0,0,0,0,0,0,0,0,0,0,0,0,0,0,0,0,0,0,0,0,0,0,0,0,0,0,0,0,0,0,0,0,0,0,0,0,0,0,0,0,0,0,0,0,0,0,0,0,0,0,0,0,0,0,0,0,0,0,0,0,0,0,0,0,0,0,0,0,0,0,0,0,0,0,0,0,0,0,0,0,0,0,0,0,0,0,0,0,0,0,0,0,0,0,0,0,0,0,0,0,0,0,0,0,0,0,0,0,0,0,0,0,0,0,0,0,0,0,0,0,0,0,0,0,0,0,0,0,0,0,0,0,0,0,0,0,0,0,0,0,0,0,0,0,0,0,0,0,0,0,0,0,0,0,0,0,0,0,0,0,0,0,0,0,0,0,0,0,0,0,0,0,0,0,0,0,0,0,0,0,0,0,0,0,0,0,0,0,0,0,0,0,0,0,0,0,0,0,0,0,0,0,0,0,0,0,0,0,0,0,0,0,0,0,0,0,0,0,0,0,0,0,0,0,0,0,0,0,0,0,0,0,0,0,0,0,0,0,0,0,0,0,0,0,0,0,0,0,0,0,0,0,0,0,0,0,0,0,0,0,0,0,0,0,0,0,0,0,0,0,0,0,0,0,0,0,0,0,0,0,0,0,0,0,0,0,0,0,0,0,0,0,0,0,0,0,0,0,0,0,0,0,0,0,0,0,0,0,0,0,0,0,0,0,0,0,0,0,0,0,0,0,0,0,0,0,0,0,0,0,0,0,0,0,0,0,0,0,0,0,0,0,0,0,0,0,0,0,0,0,0,0,0,0,0,0,0,0,0,0,0,0,0,0,0,0,0,0,0,0,0,0,0,0,0,0,0,0,0,0,0,0,0,0,0,0,0,0,0,0
6.43450386e-08,2.7654995e-06,1.83059832e-05,8.48171211e-05,0.000313221393,0.00092340481,0.00221512204,0.00440688253,0.00742997897,0.0108305649,0.0137922715,0.0152980023,0.0146024249,0.0118426277,0.00809402035,0.00464895476,0.00224432384,0.000910035045,0.000309037144,8.69533845e-05,1.9640052e-05,4.2741471e-06,4.77354026e-06,1.52602978e-05,4.14817882e-05,8.78169523e-05,0.000144785672,0.000185908494,0.000185908494,0.000144785672,8.78169523e-05,4.14817882e-05,1.52602978e-05,4.37214854e-06,9.75558193e-07,3.39053207e-07,9.75558193e-07,4.37214854e-06,1.52602978e-05,4.14817882e-05,8.78169523e-05,0.000144785672,0.000185908494,0.000185908494,0.000144785672,8.78169523e-05,4.14817882e-05,1.52602978e-05,4.37214854e-06,9.75558193e-07,1.69526603e-07,0,0,0,0,0,0,0,0,0,0,0,0,0,0,0,0,0,0,0,0,0,0,0,0,0,0,0,0,0,0,0,0,0,0,0,0,0,0,0,0,0,0,0,0,0,0,0,0,0,0,0,0,0,0,0,0,0,0,0,0,0,0,0,0,0,0,0,0,0,0,0,0,0,0,0,0,0,0,0,0,0,0,0,0,0,0,0,0,0,0,0,0,0,0,0,0,0,0,0,0,0,0,0,0,0,0,0,0,0,0,0,0,0,0,0,0,0,0,0,0,0,0,0,0,0,0,0,0,0,0,0,0,0,0,0,0,0,0,0,0,0,0,0,0,0,0,0,0,0,0,0,0,0,0,0,0,0,0,0,0,0,0,0,0,0,0,0,0,0,0,0,0,0,0,0,0,0,0,0,0,0,0,0,0,0,0,0,0,0,0,0,0,0,0,0,0,0,0,0,0,0,0,0,0,0,0,0,0,0,0,0,0,0,0,0,0,0,0,0,0,0,0,0,0,0,0,0,0,0,0,0,0,0,0,0,0,0,0,0,0,0,0,0,0,0,0,0,0,0,0,0,0,0,0,0,0,0,0,0,0,0,0,0,0,0,0,0,0,0,0,0,0,0,0,0,0,0,0,0,0,0,0,0,0,0,0,0,0,0,0,0,0,0,0,0,0,0,0,0,0,0,0,0,0,0,0,0,0,0,0,0,0,0,0,0,0,0,0,0,0,0,0,0,0,0,0,0,0,0,0,0,0,0,0,0,0,0,0,0,0,0,0,0,0,0,0,0,0,0,0,0,0,0,0,0,0,0,0,0,0,0,0,0,0,0,0,0,0,0,0,0,0,0,0,0,0,0,0,0,0,0,0,0,0,0,0,0,0,0,0,0,0,0,0,0,0,0,0,0,0,0,0,0,0,0,0,0,0,0,0
9.73711854e-05,0.000171008491,0.000280389901,0.000522418961,0.00113829634,0.00246422214,0.00472188626,0.00780513443,0.0112526135,0.0142879743,0.015856168,0.0150463402,0.0119208691,0.00775082556,0.00410191238,0.00176753302,0.000624574212,0.000183660874,4.54420507e-05,8.67954063e-06,1.15875609e-06,2.06459106e-07,0,0,0,0,0,0,0,0,0,0,0,0,0,0,0,0,0,0,0,0,0,0,0,0,0,0,0,0,0,0,0,0,0,0,0,0,0,0,0,0,0,0,0,0,0,0,0,0,0,0,0,0,0,0,0,0,0,0,0,0,0,0,0,0,0,0,0,0,0,0,0,0,0,0,0,0,0,0,0,0,0,0,0,0,0,0,0,0,0,0,0,0,0,0,0,0,0,0,0,0,0,0,0,0,0,0,0,0,0,0,0,0,0,0,0,0,0,0,0,0,0,0,0,0,0,0,0,0,0,0,0,0,0,0,0,0,0,0,0,0,0,0,0,0,0,0,0,0,0,0,0,0,0,0,0,0,0,0,0,0,0,0,0,0,0,0,0,0,0,0,0,0,0,0,0,0,0,0,0,0,0,0,0,0,0,0,0,0,0,0,0,0,0,0,0,0,0,0,0,0,0,0,0,0,0,0,0,0,0,0,0,0,0,0,0,0,0,0,0,0,0,0,0,0,0,0,0,0,0,0,0,0,0,0,0,0,0,0,0,0,0,0,0,0,0,0,0,0,0,0,0,0,0,0,0,0,0,0,0,0,0,0,0,0,0,0,0,0,0,0,0,0,0,0,0,0,0,0,0,0,0,0,0,0,0,0,0,0,0,0,0,0,0,0,0,0,0,0,0,0,0,0,0,0,0,0,0,0,0,0,0,0,0,0,0,0,0,0,0,0,0,0,0,0,0,0,0,0,0,0,0,0,0,0,0,0,0,0,0,0,0,0,0,0,0,0,0,0,0,0,0,0,0,0,0,0,0,0,0,0,0,0,0,0,0,0,0,0,0,0,0,0,0,0,0,0,0,0,0,0,0,0,0,0,0,0,0,0,0,0,0,0,0,0,0,0,0,0,0,0,0,0,0,0,0,0,0,0,0,0,0,0,0,0,0,0,0,0,0,0,0,0,0,0,0,0,0,0,0,0,0,0,0,0,0,0,0,0,0
1.96951235e-06,1.20571175e-05,5.39777566e-05,0.000196626764,0.000576466508,0.00138700808,0.00282131755,0.00501732534,0.00800759268,0.0115099957,0.0146121076,0.0159452598,0.0146425318,0.0111788844,0.00705347498,0.00366519094,0.00156347528,0.000549436822,0.000173411173,8.63597482e-05,0.000110876868,0.000165213045,0.000201278717,0.000191462236,0.000141838719,8.18338202e-05,3.67703056e-05,1.28673181e-05,3.50675332e-06,7.44301283e-07,1.23032174e-07,0,0,0,0,0,0,0,0,0,0,0,0,0,0,0,0,0,0,0,0,0,0,0,0,0,0,0,0,0,0,0,0,0,0,0,0,0,0,0,0,0,0,0,0,0,0,0,0,0,0,0,0,0,0,0,0,0,0,0,0,0,0,0,0,0,0,0,0,0,0,0,0,0,0,0,0,0,0,0,0,0,0,0,0,0,0,0,0,0,0,0,0,0,0,0,0,0,0,0,0,0,0,0,0,0,0,0,0,0,0,0,0,0,0,0,0,0,0,0,0,0,0,0,0,0,0,0,0,0,0,0,0,0,0,0,0,0,0,0,0,0,0,0,0,0,0,0,0,0,0,0,0,0,0,0,0,0,0,0,0,0,0,0,0,0,0,0,0,0,0,0,0,0,0,0,0,0,0,0,0,0,0,0,0,0,0,0,0,0,0,0,0,0,0,0,0,0,0,0,0,0,0,0,0,0,0,0,0,0,0,0,0,0,0,0,0,0,0,0,0,0,0,0,0,0,0,0,0,0,0,0,0,0,0,0,0,0,0,0,0,0,0,0,0,0,0,0,0,0,0,0,0,0,0,0,0,0,0,0,0,0,0,0,0,0,0,0,0,0,0,0,0,0,0,0,0,0,0,0,0,0,0,0,0,0,0,0,0,0,0,0,0,0,0,0,0,0,0,0,0,0,0,0,0,0,0,0,0,0,0,0,0,0,0,0,0,0,0,0,0,0,0,0,0,0,0,0,0,0,0,0,0,0,0,0,0,0,0,0,0,0,0,0,0,0,0,0,0,0,0,0,0,0,0,0,0,0,0,0,0,0,0,0,0,0,0,0,0,0,0,0,0,0,0,0,0,0,0,0,0,0,0,0,0,0,0,0,0,0,0,0,0,0,0,0,0,0,0,0,0,0,0,0,0,0,0,0,0,0,0,0,0,0,0,0,0,0,0,0,0,0,0,0,0,0,0,0,0,0,0
7.08730799e-07,9.41410717e-06,4.91140217e-05,0.000203665296,0.000664633406,0.00172371151,0.00359617879,0.0061731022,0.00901826482,0.0116723512,0.0137573559,0.0147011214,0.0138094902,0.0110063775,0.00725170397,0.00388906512,0.00168342268,0.000585173855,0.000163277805,3.60007368e-05,5.77625692e-06,4.46303505e-07,0,0,0,0,0,0,0,0,0,0,0,0,0,0,0,0,0,0,0,0,0,0,0,0,0,0,0,0,0,0,0,0,0,0,0,0,0,0,0,0,0,0,0,0,0,0,0,0,0,0,0,0,0,0,0,0,0,0,0,0,0,0,0,0,0,0,0,0,0,0,0,0,0,0,0,0,0,0,0,0,0,0,0,0,0,0,0,0,0,0,0,0,0,0,0,0,0,0,0,0,0,0,0,0,0,0,0,0,0,0,0,0,0,0,0,0,0,0,0,0,0,0,0,0,0,0,0,0,0,0,0,0,0,0,0,0,0,0,0,0,0,0,0,0,0,0,0,0,0,0,0,0,0,0,0,0,0,0,0,0,0,0,0,0,0,0,0,0,0,0,0,0,0,0,0,0,0,0,0,0,0,0,0,0,0,0,0,0,0,0,0,0,0,0,0,0,0,0,0,0,0,0,0,0,0,0,0,0,0,0,0,0,0,0,0,0,0,0,0,0,0,0,0,0,0,0,0,0,0,0,0,0,0,0,0,0,0,0,0,0,0,0,0,0,0,0,0,0,0,0,0,0,0,0,0,0,0,0,0,0,0,0,0,0,0,0,0,0,0,0,0,0,0,0,0,0,0,0,0,0,0,0,0,0,0,0,0,0,0,0,0,0,0,0,0,0,0,0,0,0,0,0,0,0,0,0,0,0,0,0,0,0,0,0,0,0,0,0,0,0,0,0,0,0,0,0,0,0,0,0,0,0,0,0,0,0,0,0,0,0,0,0,0,0,0,0,0,0,0,0,0,0,0,0,0,0,0,0,0,0,0,0,0,0,0,0,0,0,0,0,0,0,0,0,0,0,0,0,0,0,0,0,0,0,0,0,0,0,0,0,0,0,0,0,0,0,0,0,0,0,0,0,0,0,0,0,0,0,0,0,0,0,0,0,0,0,0,0,0,0,0,0,0,0,0,0,0,0,0,0,0,0,0,0,0,0,0,0,0
2.76773822e-05,0.000125999581,0.000455147649,0.00131914989,0.00309720176,0.00596055596,0.00954324385,0.0129360536,0.0150921364,0.0153023967,0.0134737787,0.0102027603,0.00655602597,0.00353122855,0.00157954285,0.000582333002,0.000176106722,4.32076328e-05,8.13212268e-06,1.08020936e-06,7.9680158e-08,0,0,0,0,0,0,0,0,0,0,0,0,0,0,0,0,0,0,0,0,0,0,0,0,0,0,0,0,0,0,0,0,0,0,0,0,0,0,0,0,0,0,0,0,0,0,0,0,0,0,0,0,0,0,0,0,0,0,0,0,0,0,0,0,0,0,0,0,0,0,0,0,0,0,0,0,0,0,0,0,0,0,0,0,0,0,0,0,0,0,0,0,0,0,0,0,0,0,0,0,0,0,0,0,0,0,0,0,0,0,0,0,0,0,0,0,0,0,0,0,0,0,0,0,0,0,0,0,0,0,0,0,0,0,0,0,0,0,0,0,0,0,0,0,0,0,0,0,0,0,0,0,0,0,0,0,0,0,0,0,0,0,0,0,0,0,0,0,0,0,0,0,0,0,0,0,0,0,0,0,0,0,0,0,0,0,0,0,0,0,0,0,0,0,0,0,0,0,0,0,0,0,0,0,0,0,0,0,0,0,0,0,0,0,0,0,0,0,0,0,0,0,0,0,0,0,0,0,0,0,0,0,0,0,0,0,0,0,0,0,0,0,0,0,0,0,0,0,0,0,0,0,0,0,0,0,0,0,0,0,0,0,0,0,0,0,0,0,0,0,0,0,0,0,0,0,0,0,0,0,0,0,0,0,0,0,0,0,0,0,0,0,0,0,0,0,0,0,0,0,0,0,0,0,0,0,0,0,0,0,0,0,0,0,0,0,0,0,0,0,0,0,0,0,0,0,0,0,0,0,0,0,0,0,0,0,0,0,0,0,0,0,0,0,0,0,0,0,0,0,0,0,0,0,0,0,0,0,0,0,0,0,0,0,0,0,0,0,0,0,0,0,0,0,0,0,0,0,0,0,0,0,0,0,0,0,0,0,0,0,0,0,0,0,0,0,0,0,0,0,0,0,0,0,0,0,0,0,0,0,0,0,0,0,0,0,0,0,0,0,0,0,0,0,0,0,0,0,0,0,0,0,0,0,0,0,0,0,0,0
0,0,0,0,0,0,0,3.26532388e-07,6.02451166e-06,3.15120493e-05,0.000128352613,0.000408832288,0.00102410836,0.00202752655,0.00319632095,0.00405477296,0.0041989332,0.00361343883,0.00267502515,0.00191053881,0.00176563768,0.00241304076,0.0035693843,0.00453010867,0.00463137221,0.00380934679,0.00262142282,0.00168386343,0.00118813877,0.000944937876,0.000728180664,0.000490865895,0.000319842463,0.000302132005,0.000442797803,0.000653603473,0.000790469425,0.000751109674,0.000559448479,0.000336617758,0.000200795877,0.000208349262,0.00035650409,0.000582335505,0.000763303704,0.000782132274,0.000624545336,0.000388395394,0.000188109436,7.0953441e-05,2.084312e-05,4.76846239e-06,8.49611486e-07,0,0,0,0,0,0,0,0,0,0,0,3.26532388e-07,2.07668715e-06,1.02858985e-05,3.96770869e-05,0.000120659977,0.000286497844,0.000539049136,0.000818687097,0.00103696803,0.0011457207,0.0011457207,0.00103696803,0.000818687097,0.000539446476,0.000288962429,0.000132565762,8.44688363e-05,0.000141525402,0.000301549591,0.000532528963,0.000736584498,0.000793952732,0.000666489218,0.000435730495,0.000222122653,8.97179357e-05,3.60317975e-05,4.15927349e-05,0.000110436165,0.000265584763,0.000511138056,0.000792145364,0.00101978739,0.00113990341,0.00115045965,0.00105300345,0.000844572879,0.000567261145,0.000308337129,0.00013298497,4.50594263e-05,1.19057785e-05,2.4645861e-06,3.9733477e-07,0,0,0,0,0,0,0,0,0,0,0,0,0,0,0,0,0,0,0,0,8.49611486e-07,4.76846239e-06,2.084312e-05,7.0953441e-05,0.000188109436,0.000388395394,0.000624545336,0.000782132274,0.000762821427,0.000579417848,0.000342757763,0.000157909792,5.66574739e-05,1.58318532e-05,3.44534459e-06,5.83928885e-07,0,0,0,0,0,0,0,0,0,0,0,0,0,0,0,0,0,0,0,0,0,0,3.9733477e-07,2.4645861e-06,1.19057785e-05,4.47917494e-05,0.000131239499,0.000299472903,0.00053220244,0.000736584498,0.000793952732,0.000666489218,0.000435730495,0.000221854971,8.79724734e-05,2.80171807e-05,1.23234838e-05,2.76558497e-05,9.47793544e-05,0.000267214266,0.000592937527,0.00103644254,0.00142811579,0.0015518274,0.00132994351,0.000898760897,0.000478695669,0.000200795877,6.62713186e-05,1.71917025e-05,3.5015655e-06,4.82282095e-07,0,0,0,0,0,0,0,0,0,0,0,0,0,0,0,0,0,0,0,0,0,0,0,0,0,0,0,0,0,0,0,0,0,0,0,0,0,0,0,0,0,0,0,0,0,0,0,1.02099116e-06,5.58885216e-06,2.38259157e-05,7.910483e-05,0.000204542115,0.000411897243,0.000645983442,0.000789005978,0.000750525695,0.000556003134,0.000320785895,0.000144138394,5.04394654e-05,1.37463582e-05,2.91763666e-06,4.82282095e-07,0,0,0,0,0,0,0,0,0,0,0,0,0,0,0,0,0,0,0,0,0,0,0,0,0,0,0,0,0,0,0,0,0,0,0,0,0,0,0,0,0,0,0,0,0,0,0,0,0,0,0,0,0,0,0,0,0,0,0,0,0,0,0,0,0,0,0,0,0,0,0,0,0,0,0,0,0,0,0,0,0,0,0,0,0,0,0,0,0,0,0,0,0,0,0,0,0,0,0,0,0,0,0,0,0,0,0,0,0,0,0,0,0,0,0,0,0,0,0,0,0,0,0,0,0,0,0,0,0,0,0,0,0,0,0,0,0,0,0,0,0,0,0,0,0,0,0,0,0,0,0,0,0,0,0,0,0,0,0,0,0,0,0,0,0,0,0,0,0,0,0,0,0,0,0,0,0,0,0,0,0,0,0,0,0,0,0,0,0,0,0,0,0,0,0,0,0,0,0,0,0,0
0,0,0,0,0,0,0,4.51515223e-07,2.80065634e-06,1.35292469e-05,5.08995392e-05,0.000149135278,0.000341274404,0.000610192095,0.000860710162,0.000983812252,0.00097703011,0.000965532598,0.00107270942,0.00132200567,0.00169721018,0.00221565475,0.00286517633,0.00351291943,0.00395229525,0.00402514294,0.00370035904,0.00309359853,0.00242158551,0.00187094699,0.0014756857,0.00114455449,0.000812538788,0.000528600689,0.000397814046,0.000471474186,0.000686588079,0.000894229973,0.000974512322,0.000965752644,0.001050007,0.00135873042,0.0018030155,0.00213378001,0.00216979509,0.00192027422,0.00150256721,0.00103453731,0.000614306127,0.000325978092,0.00021815267,0.000302258372,0.000562422291,0.000945384118,0.00136825674,0.00175477334,0.00202897256,0.0020829393,0.0018308131,0.00133075993,0.000781438975,0.000365804924,0.000135534026,3.95311689e-05,9.08797616e-06,1.39076475e-06,0,0,0,0,0,0,0,0,0,0,0,0,0,0,0,0,0,0,0,0,0,0,0,0,0,0,0,0,0,0,0,0,0,0,0,0,0,0,0,0,0,0,0,0,0,0,0,0,0,0,0,0,0,0,0,0,0,0,0,0,0,0,0,0,0,0,0,0,0,0,0,4.51515223e-07,2.80065634e-06,1.35292469e-05,5.08995392e-05,0.000149135278,0.00034030894,0.000604773409,0.000837024943,0.000902215892,0.000757371491,0.000495146577,0.00025210705,9.9968374e-05,3.08721288e-05,7.42500833e-06,1.39076475e-06,0,0,0,0,0,0,0,0,0,0,0,0,0,0,0,0,0,0,0,0,0,1.16021322e-06,6.35094639e-06,2.70748105e-05,8.98915413e-05,0.000233398881,0.000473482117,0.000757754857,0.000977223232,0.00106801792,0.00108060144,0.00110510842,0.00115254507,0.0011762639,0.00116919449,0.00115018307,0.00108220628,0.000901408182,0.000622764057,0.000344224092,0.000149798835,5.08995392e-05,1.35292469e-05,2.80065634e-06,4.51515223e-07,0,0,0,0,0,0,0,0,0,0,0,0,0,0,0,0,0,0,0,0,0,0,3.04176801e-07,1.98348191e-06,1.0072952e-05,3.9839299e-05,0.000122713676,0.000294374814,0.000549964544,0.000800193688,0.000906738224,0.000800193688,0.000549964544,0.000294374814,0.000122713676,3.9839299e-05,1.0072952e-05,1.98348191e-06,3.04176801e-07,0,0,0,0,0,0,0,0,0,0,0,0,0,0,0,0,0,0,3.71058249e-07,2.3598636e-06,1.16884806e-05,4.50874428e-05,0.000135450175,0.000316905574,0.000577439608,0.000819425747,0.000905605567,0.000779461947,0.000522488929,0.000272763143,0.000110897218,3.51141377e-05,8.65903942e-06,1.66296782e-06,0,0,0,0,0,0,0,0,0,0,0,0,0,0,0,0,0,0,0,0,0,0,0,0,0,0,0,0,0,0,0,0,0,0,0,0,0,0,0,0,0,0,0,0,0,0,0,0,0,0,0,0,0,0,0,0,0,0,0,0,0,0,0,0,0,0,0,0,0,0,0,0,0,0,0,0,0,0,0,0,0,0,0,0,0,0,0,0,0,0,0,0,0,0,0,0,0,0,0,0,0,0,0,0,0,0,0,0,0,0,0,0,0,0,0,0,0,0,0,0,0,0,0,0,0,0,0,0,0,0,0,0,0,0,0,0,0,0,0,0,0,0,0,0,0,0,0,0,0,0,0,0,0,0,0,0,0,0,0,0,0,0,0,0,0,0,0,0,0,0,0,0,0,0,0,0,0,0,0,0,0,0,0,0,0,0,0,0,0,0
0,0,0,0,0,0,0,1.74216854e-06,9.7665916e-06,4.26302697e-05,0.000144097769,0.000389989881,0.000851540386,0.00151038482,0.00218589462,0.00258363328,0.00248772383,0.00194813283,0.00126340438,0.000764818177,0.000622561689,0.000814720711,0.00122062456,0.00173389746,0.00230352336,0.00285834771,0.00323354219,0.00325080991,0.00286501957,0.00219616779,0.00144699629,0.000804490467,0.000370442204,0.000140697755,5.5164408e-05,6.82533992e-05,0.000192350522,0.000499528797,0.0010568538,0.0018294594,0.00264376695,0.00330016926,0.00374670422,0.00407559199,0.00432265944,0.0043559162,0.00401187634,0.00329392457,0.00241008154,0.00165619645,0.00122782417,0.00109277018,0.00103905106,0.000881874023,0.000609737561,0.000332693706,0.000141901142,4.7234783e-05,1.22451576e-05,2.47225476e-06,1.08388608e-06,5.55861571e-06,2.66261398e-05,9.9792042e-05,0.000293933409,0.000678813622,0.00123687819,0.00179573856,0.00211980116,0.00211075343,0.00186498381,0.00151975309,0.00113419266,0.000740047676,0.000401739566,0.000175539376,6.05202013e-05,1.63647661e-05,3.47338842e-06,5.74147244e-07,0,0,0,0,0,0,0,0,0,0,0,0,0,0,0,0,0,0,0,0,0,1.21546968e-06,6.65341736e-06,2.83642788e-05,9.41727271e-05,0.000243503321,0.000490355477,0.000769030443,0.000939295927,0.000893485916,0.000661910674,0.00038188923,0.000171593892,6.00471806e-05,1.63647661e-05,3.47338842e-06,5.74147244e-07,0,0,0,0,0,0,0,0,0,0,0,0,0,0,0,0,0,0,0,0,0,0,0,0,0,0,0,0,0,0,0,0,0,0,0,0,0,0,0,0,0,0,0,0,0,0,0,0,0,0,0,0,0,0,0,0,0,0,0,0,0,0,0,0,0,0,0,0,0,0,0,0,0,0,0,0,0,0,0,0,0,0,0,0,0,0,0,0,0,0,0,0,0,0,0,0,0,0,0,0,0,0,0,0,0,0,0,0,0,0,0,0,0,0,0,0,0,0,0,0,0,0,0,0,0,0,0,0,0,0,0,0,0,0,0,0,0,0,0,0,0,0,0,0,0,0,0,0,0,0,0,0,0,0,0,0,0,0,0,0,0,0,0,0,0,0,0,0,0,0,0,0,0,0,0,0,0,0,0,0,0,0,0,0,0,0,0,0,0,0,0,0,0,0,0,0,0,0,0,0,0,0,0,0,0,0,0,0,0,0,0,0,0,0,0,0,0,0,0,0,0,0,0,0,0,0,0,0,0,0,0,0,0,0,0,0,0,0,0,0,0,0,0,0,0,0,0,0,0,0,0,0,0,0,0,0,0,0,0,0,0,0,0,0,0,0,0,0,0,0,0,0,0,0,0,0,0,0,0,0,0,0,0,0,0,0,0,0,0,0,0,0,0,0,0,0,0,0,0,0,0,0,0,0,0,0,0,0,0,0,0,0,0,0,0,0,0,0,0,0,0,0,0,0,0,0,0,0,0,0,0,0,0,0,0,0,0,0,0,0,0,0,0,0
0,0,0,0,0,0,0,0,0,0,0,0,1.27809797e-06,1.2203165e-05,6.54199386e-05,0.00026930261,0.000881918851,0.00230270604,0.0048165057,0.00812583303,0.0112017622,0.0129313912,0.0130259489,0.0120616925,0.0106356685,0.00884383834,0.00663877166,0.00430129314,0.00233179158,0.00103789755,0.000375272634,0.000109455152,2.52284848e-05,4.43180292e-06,3.88934953e-07,0,0,0,0,0,0,0,0,0,0,0,0,0,0,0,0,0,0,0,0,0,0,0,0,0,0,0,0,0,0,0,0,0,0,0,0,0,0,0,0,0,0,0,0,0,0,0,0,0,0,0,0,0,0,0,0,0,0,0,0,0,0,0,0,0,0,0,0,0,0,0,0,0,0,0,0,0,0,0,0,0,0,0,0,0,0,0,0,0,0,0,0,0,0,0,0,0,0,0,0,0,0,0,0,0,0,0,0,0,0,0,0,0,0,0,0,0,0,0,0,0,0,0,0,0,0,0,0,0,0,0,0,0,0,0,0,0,0,0,0,0,0,0,0,0,0,0,0,0,0,0,0,0,0,0,0,0,0,0,0,0,0,0,0,0,0,0,0,0,0,0,0,0,0,0,0,0,0,0,0,0,0,0,0,0,0,0,0,0,0,0,0,0,0,0,0,0,0,0,0,0,0,0,0,0,0,0,0,0,0,0,0,0,0,0,0,0,0,0,0,0,0,0,0,0,0,0,0,0,0,0,0,0,0,0,0,0,0,0,0,0,0,0,0,0,0,0,0,0,0,0,0,0,0,0,0,0,0,0,0,0,0,0,0,0,0,0,0,0,0,0,0,0,0,0,0,0,0,0,0,0,0,0,0,0,0,0,0,0,0,0,0,0,0,0,0,0,0,0,0,0,0,0,0,0,0,0,0,0,0,0,0,0,0,0,0,0,0,0,0,0,0,0,0,0,0,0,0,0,0,0,0,0,0,0,0,0,0,0,0,0,0,0,0,0,0,0,0,0,0,0,0,0,0,0,0,0,0,0,0,0,0,0,0,0,0,0,0,0,0,0,0,0,0,0,0,0,0,0,0,0,0,0,0,0,0,0,0,0,0,0,0,0,0,0,0,0,0,0,0,0,0,0,0,0,0,0,0,0,0,0,0,0,0,0,0,0,0,0,0,0,0,0,0,0,0
0,0,0,0,0,0,0,0,1.31665886e-07,1.12173881e-06,5.78394972e-06,2.34406474e-05,7.48635372e-05,0.000191524444,0.000402142805,0.000735171375,0.00128797752,0.00232594694,0.00420826081,0.00701934393,0.0101736897,0.0125339983,0.0131370858,0.0118769849,0.00947897449,0.00689676601,0.00478351249,0.00336041712,0.00252508824,0.00201125843,0.00156390138,0.00108311802,0.000631647413,0.000310806521,0.000158629482,0.000145195469,0.000212524959,0.000292094867,0.00032145196,0.000276583388,0.000185399375,9.67869624e-05,3.93506425e-05,1.24598606e-05,3.07256367e-06,5.90085606e-07,0,0,0,0,0,0,0,0,0,0,0,0,0,0,0,0,0,0,0,0,0,0,0,0,0,0,0,0,0,0,0,0,0,0,0,0,0,0,0,0,0,0,0,0,0,0,0,0,0,0,0,0,0,0,0,0,0,0,0,0,0,0,0,0,0,0,0,0,0,0,0,0,0,0,0,0,0,0,0,0,0,0,0,0,0,0,0,0,0,0,0,0,0,0,0,0,0,0,0,0,0,0,0,0,0,0,0,0,0,0,0,0,0,0,0,4.11688734e-07,2.25356257e-06,9.60719488e-06,3.1897012e-05,8.24764088e-05,0.000166087094,0.000260476403,0.000318146605,0.00030263041,0.000224194131,0.000129348758,5.81201435e-05,2.03384324e-05,5.54286953e-06,1.17646282e-06,1.94467996e-07,0,0,0,0,0,0,0,0,0,0,0,0,0,0,0,0,0,0,0,0,0,0,0,0,0,0,0,0,0,0,0,0,0,0,0,0,0,0,0,0,0,0,0,0,0,0,0,0,0,0,0,0,0,0,0,0,0,0,0,0,0,0,0,0,0,0,0,0,0,0,0,0,0,0,0,0,0,0,0,0,0,0,0,0,0,0,0,0,0,0,0,0,0,0,0,0,0,0,0,0,0,0,0,0,0,0,0,0,0,0,0,0,0,0,0,0,0,0,0,0,0,0,0,0,0,0,0,0,0,0,0,0,0,0,0,0,0,0,0,0,0,0,0,0,0,0,0,0,0,0,0,0,0,0,0,0,0,0,0,0,0,0,0,0,0,0,0,0,0,0,0,0,0,0,0,0,0,0,0,0,0,0,0,0,0,0,0,0,0,0,0,0,0,0,0,0,0,0,0,0,0,0,0,0,0,0,0,0,0,0,0,0,0,0,0,0,0,0,0,0,0,0,0,0,0,0,0,0,0,0,0,0,0,0,0,0,0,0,0,0,0,0,0,0,0,0,0,0,0,0,0,0,0,0,0,0,0,0,0,0,0,0,0,0,0,0,0,0,0,0,0,0,0,0,0,0,0,0,0,0,0,0,0,0
3.97218744e-06,3.08536048e-05,0.000147764068,0.000561526209,0.00170810718,0.0041831558,0.00826792616,0.0132211343,0.0171455577,0.0180677862,0.0154896888,0.0108035348,0.00612165775,0.00281038895,0.00104143225,0.000310040426,7.34092624e-05,1.27508682e-05,1.30114149e-06,0,0,0,0,0,0,0,0,0,0,0,0,0,0,0,0,0,0,0,0,0,0,0,0,0,0,0,0,0,0,0,0,0,0,0,0,0,0,0,0,0,0,0,0,0,0,0,0,0,0,0,0,0,0,0,0,0,0,0,0,0,0,0,0,0,0,0,0,0,0,0,0,0,0,0,0,0,0,0,0,0,0,0,0,0,0,0,0,0,0,0,0,0,0,0,0,0,0,0,0,0,0,0,0,0,0,0,0,0,0,0,0,0,0,0,0,0,0,0,0,0,0,0,0,0,0,0,0,0,0,0,0,0,0,0,0,0,0,0,0,0,0,0,0,0,0,0,0,0,0,0,0,0,0,0,0,0,0,0,0,0,0,0,0,0,0,0,0,0,0,0,0,0,0,0,0,0,0,0,0,0,0,0,0,0,0,0,0,0,0,0,0,0,0,0,0,0,0,0,0,0,0,0,0,0,0,0,0,0,0,0,0,0,0,0,0,0,0,0,0,0,0,0,0,0,0,0,0,0,0,0,0,0,0,0,0,0,0,0,0,0,0,0,0,0,0,0,0,0,0,0,0,0,0,0,0,0,0,0,0,0,0,0,0,0,0,0,0,0,0,0,0,0,0,0,0,0,0,0,0,0,0,0,0,0,0,0,0,0,0,0,0,0,0,0,0,0,0,0,0,0,0,0,0,0,0,0,0,0,0,0,0,0,0,0,0,0,0,0,0,0,0,0,0,0,0,0,0,0,0,0,0,0,0,0,0,0,0,0,0,0,0,0,0,0,0,0,0,0,0,0,0,0,0,0,0,0,0,0,0,0,0,0,0,0,0,0,0,0,0,0,0,0,0,0,0,0,0,0,0,0,0,0,0,0,0,0,0,0,0,0,0,0,0,0,0,0,0,0,0,0,0,0,0,0,0,0,0,0,0,0,0,0,0,0,0,0,0,0,0,0,0,0,0,0,0,0,0,0,0,0,0,0,0,0,0,0,0,0,0,0,0
0,0,0,0,0,0,0,0,0,0,0,0,0,0,4.51893031e-06,3.51261258e-05,0.000167584385,0.000628461157,0.00185335997,0.00429900919,0.0078449545,0.0112677651,0.0127513587,0.0113994347,0.00811037313,0.00469855182,0.0023815233,0.0012670631,0.000878097162,0.000757640461,0.000671819607,0.000559794935,0.000442922743,0.000369500225,0.000372513731,0.000431289863,0.000478013674,0.000452091047,0.000353750395,0.000240283783,0.00017556646,0.000187214196,0.000259743909,0.000359416122,0.000460506198,0.000543122705,0.000573285723,0.000518315824,0.000392378947,0.000262722254,0.000195188268,0.000201462344,0.000237988914,0.000248640457,0.000212363044,0.000158436939,0.000140112417,0.000194633062,0.000314474562,0.000439829374,0.000491568942,0.00043831332,0.000331370424,0.000263176694,0.000291371955,0.000393885344,0.000487915629,0.000500968305,0.000435959857,0.000360617941,0.000331408942,0.000346632219,0.000370367573,0.000373607655,0.000342991117,0.000276129913,0.000187172976,0.000103250329,4.53875023e-05,1.57165328e-05,4.24268802e-06,9.0050193e-07,1.48851968e-07,0,0,0,0,0,0,0,0,0,0,0,0,0,0,0,0,0,0,0,0,4.51670225e-07,2.80350784e-06,1.188901e-05,3.96574019e-05,0.000104204038,0.000215994373,0.000353616238,0.000457795245,0.000469287669,0.000383070095,0.000256950771,0.000164620481,0.000147078108,0.00019927353,0.000284416289,0.000358540702,0.000391704394,0.00037318173,0.000307170996,0.000213049693,0.000121137728,5.52772755e-05,1.9971222e-05,5.61362693e-06,1.25256946e-06,2.17663947e-07,0,0,0,0,0,0,0,0,0,0,0,0,0,0,0,0,0,0,0,0,0,0,1.80224322e-07,1.06337417e-06,4.88635702e-06,1.74868123e-05,4.87374163e-05,0.000105789056,0.000178832032,0.000235437873,0.00024139799,0.000192760219,0.000119874694,5.80582609e-05,2.18991321e-05,6.43303879e-06,1.4717424e-06,2.62224833e-07,0,0,0,0,0,0,0,0,1.48851968e-07,9.0050193e-07,4.24268802e-06,1.55676808e-05,4.4487e-05,9.90076395e-05,0.000171605294,0.000231743697,0.000244160452,0.000202551554,0.000139374304,9.99189899e-05,0.000110488094,0.000164189083,0.000224285002,0.000246282027,0.000211705692,0.000141910558,7.41845927e-05,3.09100333e-05,1.36123225e-05,1.88404977e-05,5.2808283e-05,0.00013056011,0.000255843072,0.000394165338,0.000477609825,0.000455225164,0.000341287465,0.000201212128,9.32502864e-05,3.39521569e-05,9.70548926e-06,2.17661845e-06,3.15119606e-07,0,0,0,0,0,0,0,0,0,0,0,0,0,0,0,0,0,0,0,0,0,0,0,0,0,0,0,0,0,2.17663947e-07,1.35335068e-06,6.25457778e-06,2.27681319e-05,6.55065788e-05,0.000149541639,0.000271970904,0.000395532933,0.000461257556,0.000431864707,0.000324458404,0.000195171182,9.36772919e-05,3.57338566e-05,1.07897416e-05,2.56950166e-06,4.51670225e-07,0,0,0,0,0,0,0,0,0,0,0,0,0,0,0,0,0,0,0,4.51670225e-07,2.35183762e-06,9.53717218e-06,3.0120229e-05,7.40838087e-05,0.000141910558,0.000211705692,0.000245966918,0.000222560056,0.000156835433,8.60731097e-05,3.67889325e-05,1.22459708e-05,3.17464871e-06,6.40950539e-07,1.00781242e-07,0,0,0,0,0,0,0,0,0,0,0,0,0,0,0,0,0,0,0,0,0,0,0,0,0,0,0,0,0,0,0,0,0,0,0,0,0,0,0,0,0,0,0,0,0,0,0,0,0,0,0,0,0,0,0,0,0,0,0,0,0,0,0,0,0,0,0,0,0,0,0,0,0,0,0,0,0,0,0,0,0,0,0,0,0,0,0,0,0,0,0,0,0,0,0,0,0,0,0,0,0,0,0,0,0,0,0,0,0,0,0,0,0,0,0,0,0,0,0,0,0,0,0,0,0,0,0,0,0,0,0,0,0,0,0,0,0,0,0,0,0,0,0,0,0,0,0,0,0,0,0,0,0,0,0,0,0,0,0,0,0,0,0,0,0,0,0,0,0,0
3.51149223e-06,1.96862224e-05,8.60678299e-05,0.000293459569,0.000780381525,0.0016188593,0.00262017322,0.00331199274,0.00328022637,0.00257541612,0.00166811853,0.000997566202,0.000663567519,0.000527956066,0.00047254869,0.000508248365,0.000706830583,0.00114028397,0.0019302281,0.00329718421,0.00534095108,0.00765114768,0.00930701786,0.0095093768,0.00822091955,0.00611067483,0.0039740866,0.00228871523,0.00117449775,0.000556742268,0.000302970251,0.000280245485,0.000359986705,0.000427567562,0.000418322332,0.000353192364,0.000308428436,0.00033410553,0.00040139565,0.000431750585,0.000376117705,0.00025769155,0.000137795037,5.74415161e-05,1.86485305e-05,4.71508677e-06,9.28455667e-07,1.42383287e-07,3.10605192e-07,1.83265796e-06,8.42132652e-06,3.01374123e-05,8.39958469e-05,0.000182320731,0.000308657605,0.000408949686,0.000430596675,0.000384402824,0.000353450762,0.000424665944,0.000601726844,0.000781641964,0.000830620363,0.000700463786,0.000465411418,0.000243292366,9.99467224e-05,3.22470873e-05,8.16561558e-06,1.62157515e-06,2.11351495e-07,0,0,0,0,0,0,0,0,0,0,0,0,0,0,0,0,0,0,0,0,0,0,2.56536929e-07,1.55195798e-06,7.3120038e-06,2.68299107e-05,7.66705238e-05,0.000170633389,0.000295750843,0.000399221864,0.00041969041,0.000343613437,0.000219097609,0.000108800651,4.20776768e-05,1.2673552e-05,2.97283889e-06,5.43088661e-07,0,0,0,0,0,0,0,0,0,0,0,0,0,0,0,0,0,0,0,0,0,0,0,0,0,0,0,0,0,0,0,0,0,0,0,0,0,0,0,0,0,0,0,0,0,0,0,0,0,0,0,0,0,0,0,0,0,0,0,0,0,0,0,0,0,0,0,0,0,0,0,0,0,0,6.51008415e-07,3.47560067e-06,1.44510534e-05,4.67945802e-05,0.000118009757,0.000231775063,0.00035452093,0.000422321702,0.000391806221,0.000283090708,0.000159296519,6.98093051e-05,2.38257608e-05,6.33295716e-06,1.31096998e-06,2.11351495e-07,0,0,0,0,0,0,0,0,0,0,0,0,0,0,0,0,0,0,0,0,0,0,0,0,0,0,0,0,0,0,0,0,0,0,0,0,0,5.43088661e-07,2.97283889e-06,1.2673552e-05,4.20776768e-05,0.000108800651,0.000219097609,0.000343613437,0.00041969041,0.000399221864,0.000295750843,0.000170633389,7.66705238e-05,2.68299107e-05,7.3120038e-06,1.55195798e-06,2.56536929e-07,0,0,0,0,0,0,3.75130011e-07,2.15872405e-06,9.67473008e-06,3.37681259e-05,9.17912785e-05,0.000194322151,0.000320383053,0.000411380007,0.000411380007,0.000320383053,0.000194322151,9.17912785e-05,3.37681259e-05,9.67473008e-06,2.15872405e-06,3.75130011e-07,0,0,0,0,0,0,0,0,0,0,0,0,0,0,0,0,0,0,0,0,0,0,0,0,0,0,0,0,0,0,0,0,0,0,0,0,0,0,0,0,0,0,0,0,0,0,0,0,0,0,0,0,0,0,0,0,0,0,0,0,0,0,0,0,0,0,0,0,0,0,0,0,0,0,0,0,0,0,0,0,0,0,0,0,0,0,0,0,0,0,0,0,0,0,0,0,0,0,0,0,0,0,0,0,0,0,0,0,0,0,0,0,0,0,0,0,0,0,0,0,0,0,0,0,0,0,0,0,0,0,0,0,0,0,0,0,0,0,0,0,0,0,0,0,0,0,0,0,0,0,0,0,0,0,0,0,0,0,0,0,0,0,0,0,0,0,0,0,0,0,0,0,0,0,0,0,0,0,0,0,0,0,0,0,0,0,0
0,0,0,0,0,0,0,0,0,0,0,0,1.61750659e-07,9.30810723e-07,4.17160429e-06,1.52667082e-05,4.68637729e-05,0.000122714581,0.000298288127,0.000699645735,0.00153662261,0.00297223211,0.0048448171,0.00655352535,0.00742637418,0.00730314052,0.00663171477,0.00593008143,0.0052998382,0.00454214904,0.00358681434,0.00264655225,0.00198494296,0.00165838995,0.00151305003,0.00137726382,0.00119214018,0.000996126785,0.000841995437,0.000742866568,0.000668317145,0.000583023348,0.000480966943,0.000380953299,0.000305150569,0.000270218044,0.00028060672,0.000316714405,0.000341638218,0.00032904907,0.000286524218,0.000245409562,0.000228279738,0.000229250879,0.000230793357,0.000231903821,0.000244806491,0.000270750095,0.000293410379,0.000293847948,0.000262187465,0.000201740787,0.000129542522,6.75938915e-05,2.81288437e-05,9.23416774e-06,2.4340411e-06,9.52607665e-07,2.4340411e-06,9.10023859e-06,2.75334945e-05,6.50564214e-05,0.000121328232,0.000182132342,0.000228465422,0.000257122786,0.00028416983,0.000326277483,0.000384143282,0.00044047125,0.000468204552,0.000450016795,0.000394851325,0.000325616499,0.000253372198,0.000178372184,0.000107311911,5.37359428e-05,2.5911559e-05,2.43743739e-05,4.86460757e-05,9.60342824e-05,0.000153625818,0.000199169153,0.000219452338,0.000224028319,0.000229776812,0.000238791639,0.000243122622,0.000241678608,0.000235751199,0.000216181647,0.000173076024,0.000114289035,6.08746339e-05,2.85097254e-05,2.1035796e-05,3.82508765e-05,7.90144063e-05,0.000132955245,0.000174958837,0.000179387926,0.000143244175,8.90814076e-05,4.31443153e-05,1.62737059e-05,4.78052649e-06,1.09368275e-06,3.56615433e-07,9.30810723e-07,4.17160429e-06,1.45603296e-05,3.95790775e-05,8.37889133e-05,0.000138144559,0.000177381135,0.000177442517,0.0001385449,8.58219859e-05,4.76200553e-05,3.93282863e-05,6.3821011e-05,0.000113214927,0.000167133764,0.000201155095,0.000208420622,0.000205474014,0.000207576415,0.000205732426,0.000180179705,0.000129556577,7.39750015e-05,3.31206206e-05,1.15686711e-05,3.31458133e-06,1.59999272e-06,4.28221935e-06,1.45603296e-05,3.95790775e-05,8.37889133e-05,0.000138144559,0.000177381135,0.000177381135,0.000138144559,8.37889133e-05,3.981325e-05,1.58421748e-05,9.63625743e-06,1.90740979e-05,4.70750254e-05,9.44717337e-05,0.000148161166,0.000180964461,0.000172138719,0.000127523505,7.35746602e-05,3.30592258e-05,1.15686711e-05,3.15283074e-06,6.69181933e-07,1.10615029e-07,0,0,0,3.35645649e-07,1.8816285e-06,8.07235392e-06,2.71078131e-05,7.2919717e-05,0.000158513494,0.000281812007,0.000415031774,0.000513692827,0.000544009947,0.000504230366,0.000418255079,0.000312957665,0.000207714968,0.00011818972,5.56838377e-05,2.11622297e-05,6.36501472e-06,1.49862896e-06,2.80705454e-07,0,0,0,0,7.48926616e-08,4.76303833e-07,2.35914825e-06,9.10023859e-06,2.73386299e-05,6.4096666e-05,0.000117337917,0.00016935587,0.000197525699,0.000200628017,0.000206453767,0.00024300032,0.000302798539,0.000343798139,0.000327775053,0.00025480613,0.000159692021,8.02364406e-05,3.24548005e-05,1.19416217e-05,9.64128679e-06,2.285928e-05,5.51281318e-05,0.000105456722,0.000157322954,0.000182783192,0.000165389061,0.00011654771,6.3962739e-05,2.73386299e-05,9.10023859e-06,2.35914825e-06,4.76303833e-07,7.48926616e-08,0,0,0,0,0,0,0,0,0,0,0,0,2.80705454e-07,1.49862896e-06,6.51179176e-06,2.16757761e-05,5.71151978e-05,0.000120115221,0.000203748415,0.000282037097,0.00032180552,0.000304163673,0.000237627552,0.000152165399,7.89596888e-05,3.28314486e-05,1.08385961e-05,2.82181168e-06,5.65271378e-07,9.1131721e-08,0,0,0,0,0,0,0,0,0,0,0,0,0,0,0,0,0,0,0,0,0,0,0,0,0,0,0,0,0,0,0,0,0,0,0,0,0,0,0,0,0,0,0,0,0,0,0,0,0,0,0,0,0,0,0,0,0,0,0,0,0,0,0,0,0,0,0,0,0,0,0,0,0,0,0,0,0,0,0,0,0,0,0,0,0,0,0,0,0,0,0,0,0,0,0,0,0,0,0,0,0,0,0,0,0,0,0,0,0,0,0,0,0,0,0,0,0,0,0,0,0,0,0,0,0,0,0,0,0,0,0,0,0,0,0,0,0,0,0,0,0,0,0,0,0,0,0,0,0,0,0,0,0,0,0,0,0,0,0,0,0,0,0,0,0,0,0,0,0,0,0,0,0,0,0,0,0,0,0,0,0,0,0,0,0,0,0,0,0,0,0,0,0,0,0,0,0,0,0
0,0,0,0,0,0,0,0,0,0,0,0,0,7.65114234e-07,1.39733186e-05,8.08243857e-05,0.000348404193,0.00118438463,0.00318777269,0.00680664631,0.0115567903,0.0156461859,0.0169552763,0.014796572,0.010517701,0.00623519934,0.00323537735,0.00159225514,0.000806257806,0.000436883863,0.000276470497,0.00024901399,0.000289891695,0.000321827326,0.000293661329,0.000211422222,0.000118837931,5.2078937e-05,1.77744255e-05,4.72449448e-06,9.78006055e-07,1.57671834e-07,0,0,0,0,0,0,0,0,0,0,0,0,0,1.91380942e-07,1.15778723e-06,5.45488004e-06,2.00155728e-05,5.71975237e-05,0.00012729543,0.000220635193,0.000297826346,0.000313096233,0.000256341508,0.000163450568,8.11671489e-05,3.13906674e-05,9.45468684e-06,2.21778872e-06,4.05153441e-07,0,0,0,0,0,0,0,0,0,0,0,0,0,0,0,0,0,0,0,0,0,0,2.79853412e-07,1.61044511e-06,7.21751431e-06,2.51916002e-05,6.84778656e-05,0.000144967652,0.000239011243,0.00030689653,0.00030689653,0.000239011243,0.000144967652,6.84778656e-05,2.51916002e-05,7.21751431e-06,1.61044511e-06,2.79853412e-07,0,0,0,0,0,0,0,0,0,0,0,0,0,0,0,0,0,0,0,0,0,0,0,0,0,0,0,0,0,4.85663425e-07,2.59285761e-06,1.07807333e-05,3.49095581e-05,8.80372997e-05,0.000172908166,0.000264478685,0.000315059222,0.00029229415,0.000211190515,0.000118837931,5.2078937e-05,1.77744255e-05,4.72449448e-06,9.78006055e-07,1.57671834e-07,0,0,0,0,0,0,0,0,0,0,0,0,0,0,0,0,0,0,0,0,0,0,0,0,0,0,0,0,0,0,0,0,0,0,0,0,0,0,0,0,0,0,0,0,0,0,0,0,0,0,0,0,0,0,0,0,0,0,0,0,0,0,0,0,0,0,0,0,0,0,0,0,0,0,0,0,0,0,0,0,0,0,0,0,0,0,0,0,0,0,0,0,0,0,0,0,0,0,0,0,0,0,0,0,0,0,0,0,0,0,0,0,0,0,0,0,0,0,0,0,0,0,0,0,0,0,0,0,0,0,0,0,0,0,0,0,0,0,0,0,0,0,0,0,0,0,0,0,0,0,0,0,0,0,0,0,0,0,0,0,0,0,0,0,0,0,0,0,0,0,0,0,0,0,0,0,0,0,0,0,0,0,0,0,0,0,0,0,0,0,0,0,0,0,0,0,0,0,0,0,0,0,0,0,0,0,0,0,0,0,0,0,0,0,0,0,0,0,0,0,0,0,0,0,0,0,0,0,0,0,0,0,0,0,0,0,0,0,0,0,0,0,0,0,0,0,0,0,0,0,0,0,0,0,0,0,0,0,0,0,0,0,0,0,0,0,0,0,0,0,0,0,0,0,0,0,0,0,0,0,0,0,0,0,0,0,0,0,0,0,0,0,0,0,0,0,0,0,0,0,0,0,0,0,0,0,0
0,0,0,0,0,0,0,0,0,0,0,0,4.78823772e-07,9.08212777e-06,5.21871041e-05,0.000228042524,0.000784922532,0.00213171988,0.00459418496,0.00791856308,0.0110566677,0.0127750353,0.0126139491,0.0110920749,0.00903040303,0.00694070245,0.00500458251,0.00330768881,0.0019470001,0.000991077215,0.000426538403,0.000152141933,4.84230239e-05,2.93322033e-05,6.16430092e-05,0.000144065348,0.000268871667,0.000391205967,0.000443294429,0.000391773205,0.000271976573,0.000157153214,0.000103940377,0.000133111162,0.000233755671,0.000359848334,0.000438484044,0.000416957452,0.000308889691,0.000178213845,8.0076642e-05,2.80218401e-05,7.63684244e-06,1.62090433e-06,2.67933683e-07,0,0,0,0,0,0,0,0,0,0,0,0,0,0,0,0,0,0,0,0,0,0,0,1.81406331e-07,1.15371158e-06,5.71437067e-06,2.2042759e-05,6.69000409e-05,0.000158561685,0.000297396962,0.000449481764,0.000565993082,0.000623142186,0.00062570978,0.000574434425,0.000463428796,0.000312834028,0.000170606636,7.37236194e-05,2.48842296e-05,6.61430127e-06,1.36921034e-06,2.20740868e-07,0,0,0,0,0,0,0,0,0,0,0,0,0,0,0,0,0,0,0,0,0,0,0,0,0,0,0,0,0,0,0,0,0,0,0,0,0,0,0,0,0,0,0,0,0,0,0,0,0,0,0,0,0,0,0,0,0,0,0,0,0,0,0,0,0,0,0,0,0,0,0,0,0,0,0,0,0,0,0,0,0,0,0,0,0,0,0,0,0,0,0,0,0,0,0,0,0,0,0,0,0,0,0,0,0,0,0,0,0,0,0,0,0,0,0,0,0,0,0,0,0,0,0,0,0,0,0,0,0,0,0,0,0,0,0,0,0,0,0,0,0,0,0,0,0,0,0,0,0,0,0,0,0,0,0,0,0,0,0,0,0,0,0,0,0,0,0,0,0,0,0,0,0,0,0,0,0,0,0,0,0,0,0,0,0,0,0,0,0,0,0,0,0,0,0,0,0,0,0,0,0,0,0,0,0,0,0,0,0,0,0,0,0,0,0,0,0,0,0,0,0,0,0,0,0,0,0,0,0,0,0,0,0,0,0,0,0,0,0,0,0,0,0,0,0,0,0,0,0,0,0,0,0,0,0,0,0,0,0,0,0,0,0,0,0,0,0,0,0,0,0,0,0,0,0,0,0,0,0,0,0,0,0,0,0,0,0,0,0,0,0,0,0,0,0,0,0,0,0,0,0,0,0,0,0,0,0,0,0,0,0,0,0,0,0,0,0,0,0,0,0,0,0,0,0,0,0,0,0,0,0,0,0,0,0,0,0,0,0,0,0,0,0,0,0,0,0,0,0,0,0,0,0,0,0,0,0,0,0,0,0,0,0
0,0,0,0,0,0,0,0,0,1.20099727e-06,7.01682968e-06,3.08796197e-05,0.000106571276,0.000289750933,0.000623555777,0.00106888988,0.00147985744,0.00170632181,0.00175579825,0.00182965095,0.00216607041,0.00284535339,0.00373491253,0.00456610358,0.00502621658,0.00486189639,0.00403938486,0.00282650316,0.0016413483,0.000782632925,0.000303752024,9.54919117e-05,2.40340649e-05,4.66818694e-06,4.64085264e-07,7.29506536e-07,4.28704465e-06,1.91464585e-05,6.72700422e-05,0.000186054047,0.000407353289,0.000711157163,0.00100146303,0.00115823239,0.00112847323,0.000953072881,0.000711322024,0.000467805955,0.000264705342,0.00012494777,4.79342946e-05,1.46019606e-05,3.64422172e-06,2.24953497e-06,7.9520772e-06,3.11897373e-05,9.5610723e-05,0.000229316148,0.000430460917,0.000634686059,0.000742451147,0.000709612658,0.00059659769,0.000499381876,0.000446651428,0.000393913632,0.000302846136,0.00018910787,9.31925788e-05,3.59566147e-05,1.08299237e-05,2.66204906e-06,1.25747799e-06,4.02918058e-06,1.59357188e-05,4.90854681e-05,0.00011774992,0.000219985806,0.000320077459,0.000363015849,0.000321922155,0.000228253154,0.000146605778,0.000127523825,0.000181989723,0.000277805947,0.000352329723,0.000351657986,0.000273776759,0.000166054004,7.84383522e-05,2.90042818e-05,9.21128779e-06,6.66850882e-06,1.92994832e-05,5.88554572e-05,0.000144797201,0.000285155891,0.000454532514,0.000593483416,0.00064167741,0.000581404066,0.000458992159,0.000365118741,0.000379792146,0.000509251961,0.00066439517,0.000719863366,0.000619358392,0.000418452076,0.000221627558,9.19055592e-05,2.98339269e-05,7.5791742e-06,1.5064482e-06,1.8060608e-07,2.65421289e-07,1.56606023e-06,7.19627166e-06,2.57533069e-05,7.17769262e-05,0.000155798437,0.000263370825,0.000346735795,0.000355513423,0.000283883247,0.000176542741,8.5503989e-05,3.22514509e-05,9.47411221e-06,2.1674753e-06,3.86185684e-07,0,0,0,0,0,0,0,0,0,0,0,0,0,0,0,0,0,0,0,0,0,0,0,0,0,0,0,0,0,0,3.86185684e-07,2.1674753e-06,9.47411221e-06,3.22514509e-05,8.5503989e-05,0.000177272254,0.000287989684,0.000373925832,0.000410613187,0.000437595217,0.000531073687,0.000714279564,0.00090766967,0.000987920384,0.000894810786,0.000674766916,0.000434932449,0.000272307505,0.000232390815,0.000306032477,0.000451992612,0.000633236312,0.000835882203,0.00103811316,0.00117827567,0.00118905774,0.00106242345,0.000850042974,0.000611509615,0.000388368844,0.000210677749,9.43768312e-05,3.39981182e-05,9.73953374e-06,2.1674753e-06,3.86185684e-07,0,0,0,0,0,0,0,0,0,0,0,0,0,0,1.8060608e-07,1.12026248e-06,5.4116985e-06,2.03598147e-05,5.96541083e-05,0.000136123569,0.000241909351,0.000334809961,0.000360886339,0.000302948581,0.000198058621,0.000100842815,3.99873476e-05,1.23488509e-05,2.97000318e-06,7.36912003e-07,1.12026248e-06,5.4116985e-06,2.03598147e-05,5.96541083e-05,0.000136123569,0.000241909351,0.000334809961,0.000360886339,0.000302948581,0.000198699743,0.000104532206,5.65220294e-05,7.02089903e-05,0.000160790662,0.000337896024,0.0005687391,0.000770721822,0.000875233919,0.00089973196,0.000917590995,0.000958191021,0.00097229212,0.000895150126,0.000715590324,0.000484072124,0.00027175838,0.000124666249,4.60642335e-05,1.34691141e-05,3.15060931e-06,5.56305873e-07,0,0,0,0,3.86185684e-07,2.1674753e-06,9.93819747e-06,3.47918291e-05,9.63339116e-05,0.000212499364,0.000376856618,0.000542738785,0.000640363603,0.00062200863,0.0004969453,0.000324504728,0.00017156457,7.27134977e-05,2.44930099e-05,6.51374371e-06,1.32619383e-06,2.19218365e-07,0,0,0,0,0,0,0,0,0,0,0,0,0,0,0,0,0,0,0,0,0,0,0,0,0,0,0,0,0,0,0,0,0,0,0,0,0,0,0,0,0,0,0,0,0,0,0,0,0,0,0,0,0,0,0,0,0,0,0,0,0,0,0,0,0,0,0,0,0,0,0,0,0,0,0,0,0,0,0,0,0,0,0,0,0,0,0,0,0,0,0,0,0,0,0,0,0,0,0,0,0,0,0,0,0,0,0,0,0,0,0,0,0,0,0,0,0,0,0,0,0,0,0,0,0,0,0,0,0,0,0,0,0,0,0,0,0,0,0,0,0,0,0,0,0,0,0,0,0,0,0,0,0,0,0,0,0,0,0,0,0,0,0,0,0,0,0,0,0,0,0,0,0,0,0,0,0,0,0,0
0,0,0,0,0,0,0,0,0,0,0,0,0,3.64638388e-07,2.16825447e-06,9.93064286e-06,3.74711035e-05,0.000114304916,0.00029547256,0.000663139667,0.00131123257,0.00227834684,0.00345343694,0.00459158196,0.00553132409,0.00639721354,0.00741096373,0.00842700445,0.00883847299,0.00812810688,0.00644348375,0.00449775408,0.00297114896,0.00209122815,0.00168020005,0.00144252951,0.00119188466,0.000898100423,0.000608400969,0.000366389865,0.000191877343,8.46833242e-05,3.05875088e-05,8.85371102e-06,1.99601144e-06,3.64638388e-07,0,0,0,0,0,9.55984096e-08,6.23379941e-07,3.16578445e-06,1.25209208e-05,3.85671499e-05,9.29990396e-05,0.000175583663,0.000263672167,0.000327396792,0.000367109963,0.000419550477,0.000504706341,0.00057788777,0.000565183685,0.000446711316,0.000279400148,0.000137298966,5.28674381e-05,1.59452658e-05,3.76342155e-06,6.94889941e-07,0,0,0,0,0,0,0,0,0,0,0,0,0,0,0,0,0,0,0,0,0,0,0,0,0,0,0,4.37097431e-07,2.33357371e-06,9.70266768e-06,3.14186274e-05,7.9233633e-05,0.000155617473,0.000238031006,0.000283553526,0.000263064945,0.000190071616,0.000106954223,4.68710807e-05,1.59969958e-05,4.25204843e-06,8.80206152e-07,1.41904764e-07,0,0,2.08545279e-07,1.23047578e-06,5.65421292e-06,2.02347392e-05,5.63961511e-05,0.000122413046,0.0002069342,0.000272435243,0.000279331949,0.000223051102,0.000138712141,6.71816994e-05,2.53404234e-05,7.44394461e-06,1.70301615e-06,3.03431581e-07,0,0,1.72242985e-07,1.04200934e-06,4.90939595e-06,1.80140299e-05,5.14778124e-05,0.000114565979,0.000198571832,0.000268043926,0.000281786834,0.000231144651,0.000149439202,8.27531591e-05,5.96702473e-05,8.77428637e-05,0.000157613483,0.000238395632,0.000283553526,0.000263064945,0.000190071616,0.000106954223,4.68710807e-05,1.59969958e-05,4.55548024e-06,2.5832223e-06,7.585849e-06,2.53404234e-05,6.71816994e-05,0.000138712141,0.000223051102,0.000279331949,0.000272551844,0.000207675879,0.000126086566,7.05664899e-05,6.30566542e-05,0.000106702493,0.000189207229,0.000280414784,0.000346457523,0.000376675174,0.000385147544,0.000383209383,0.000372366026,0.000366573229,0.000391776668,0.000450196004,0.000505485618,0.000515604832,0.000473426211,0.000412707095,0.000371017871,0.000348538363,0.00031174148,0.000239520217,0.000149101638,7.34151315e-05,2.82516232e-05,8.50922495e-06,1.99601144e-06,3.64638388e-07,0,0,0,0,0,0,0,0,0,0,0,0,0,0,0,0,0,0,0,0,0,0,0,0,0,0,0,0,0,0,0,0,0,0,0,0,0,0,0,0,0,0,0,0,0,0,0,0,0,0,0,0,0,0,0,0,0,0,0,0,0,0,0,0,0,0,0,0,0,0,0,0,0,0,0,0,0,0,0,0,0,0,0,0,0,0,0,0,0,0,0,0,0,0,0,0,0,0,0,0,0,0,0,0,0,0,0,0,0,0,0,0,0,0,0,0,0,0,0,0,0,0,0,0,0,0,0,0,0,0,0,0,4.37097431e-07,2.33357371e-06,9.70266768e-06,3.14186274e-05,7.9233633e-05,0.000155617473,0.000238031006,0.000283553526,0.000263064945,0.000190071616,0.000106954223,4.68710807e-05,1.59969958e-05,4.25204843e-06,8.80206152e-07,1.41904764e-07,0,0,0,0,0,0,0,0,0,0,0,0,0,0,0,0,0,0,0,0,0,0,0,0,0,0,0,0,0,0,0,0,0,0,0,0,0,0,0,0,0,0,0,0,0,0,0,0,0,0,0,0,0,0,0,0,0,0,0,0,0,0,0,0,0,0,0,0,0,0,0,0,0,0,0,0,0,0,0,0,0,0,0,0,0,0,0,0,0,0,0,0,0,0,0,0,0,0,0,0,0,0,0,0,0,0,0,0,0,0,0,0,0,0,0,0,0,0
0,0,0,0,0,0,0,0,0,0,0,0,1.43215876e-07,1.3586301e-06,6.96260609e-06,3.31628243e-05,0.000121971639,0.000378156121,0.00101981086,0.00241911316,0.00498678448,0.00874217311,0.012781988,0.0153919878,0.0151731692,0.0122332129,0.00810370223,0.00447289703,0.00212131166,0.000909162923,0.00036926236,0.000141341449,4.82134497e-05,1.38445351e-05,3.34209499e-06,6.41849073e-07,0,0,0,0,0,0,0,0,0,0,0,0,0,0,0,0,0,0,0,0,0,0,0,0,0,0,0,0,0,0,0,6.41849073e-07,3.34209499e-06,1.3552864e-05,4.28025581e-05,0.000105277305,0.000201662972,0.000300845826,0.000349532977,0.000316270494,0.000222872068,0.000122314783,5.2279165e-05,1.74022209e-05,4.51135633e-06,9.10827162e-07,1.43215876e-07,0,0,0,0,0,0,0,0,0,0,0,0,0,0,0,0,0,0,0,0,0,0,0,0,0,0,0,0,0,0,0,0,0,0,0,0,0,0,0,0,0,0,0,0,0,0,0,0,0,0,0,0,0,0,0,0,0,0,0,0,0,0,0,0,0,0,0,0,0,0,0,0,0,0,0,0,0,0,0,0,0,0,0,0,0,0,0,0,0,0,0,0,0,0,0,0,0,0,0,0,0,0,0,8.95605756e-07,4.90249901e-06,2.08999137e-05,6.9390161e-05,0.000179422803,0.000361313159,0.000566651809,0.0006921101,0.000658355486,0.000487933285,0.000282670644,0.000132466217,6.63676807e-05,7.52767554e-05,0.000143254815,0.00024428393,0.000329819606,0.000349397167,0.000296878774,0.000223459146,0.000194988706,0.000236358061,0.000311295782,0.000351984224,0.000316718315,0.000222872068,0.000122314783,5.2279165e-05,1.74022209e-05,4.51135633e-06,9.10827162e-07,1.43215876e-07,0,0,0,0,0,0,0,0,0,0,0,0,0,0,0,0,0,0,0,0,0,0,0,0,0,3.72636398e-07,2.09142964e-06,9.14171392e-06,3.1119912e-05,8.25040901e-05,0.000170348757,0.000273923232,0.000343040269,0.000334570604,0.000254130486,0.000150332264,6.92586399e-05,2.48497547e-05,6.94379118e-06,1.51111516e-06,2.5610901e-07,0,0,0,0,0,0,0,0,0,0,0,0,0,0,0,0,0,0,0,0,0,0,0,0,0,0,0,0,0,0,0,0,0,0,0,0,0,0,0,0,0,0,0,0,0,0,0,0,0,0,0,0,0,0,0,0,0,0,0,0,0,0,0,0,0,0,0,0,0,0,0,0,0,0,0,0,0,0,0,0,0,0,0,0,0,0,0,0,0,0,0,0,0,0,0,0,0,0,0,0,0,0,0,0,0,0,0,0,0,0,0,0,0,0,0,0,0,0,0,0,0,0,0,0,0,0,0,0,0,0,0,0,0,0,0,0,0,0,0,0,0,0,0,0,0,0,0,0,0,0,0,0,0,0,0,0,0,0,0,0,0,0,0,0,0,0,0,0,0,0,0,0,0,0,0,0,0,0,0,0,0,0,0,0,0,0,0,0,0,0,0,0,0,0,0,0,0,0,0,0,0,0
2.2382137e-05,0.000122966588,0.000526590072,0.00176071013,0.00459902928,0.00938899217,0.0149931625,0.0187534116,0.0184164841,0.0142579352,0.00876374339,0.0043271594,0.00175280909,0.000618889613,0.000252174322,0.000208338893,0.000263038764,0.000306634614,0.000283436078,0.000204715937,0.000115194654,5.04823256e-05,1.72295056e-05,4.57965317e-06,9.48022808e-07,1.52838006e-07,0,0,0,0,0,0,0,0,0,0,0,0,0,0,0,0,0,0,0,0,0,0,0,0,0,0,0,0,0,0,0,0,0,0,0,0,0,0,0,0,0,0,0,0,0,0,0,0,0,0,0,0,0,0,0,0,0,0,0,0,0,0,0,0,0,0,0,0,0,0,0,0,0,0,0,0,0,0,0,0,0,0,0,0,0,0,0,0,0,0,0,0,0,0,0,0,0,0,0,0,0,0,0,0,0,0,0,0,0,0,0,0,0,0,0,0,0,0,0,0,0,0,0,0,0,0,0,0,0,0,0,0,0,0,0,0,0,0,0,0,0,0,0,0,0,0,0,0,0,0,0,0,0,0,0,0,0,0,0,0,0,0,0,0,0,0,0,0,0,0,0,0,0,0,0,0,0,0,0,0,0,0,0,0,0,0,0,0,0,0,0,0,0,0,0,0,0,0,0,0,0,0,0,0,0,0,0,0,0,0,0,0,0,0,0,0,0,0,0,0,0,0,0,0,0,0,0,0,0,0,0,0,0,0,0,0,0,0,0,0,0,0,0,0,0,0,0,0,0,0,0,0,0,0,0,0,0,0,0,0,0,0,0,0,0,0,0,0,0,0,0,0,0,0,0,0,0,0,0,0,0,0,0,0,0,0,0,0,0,0,0,0,0,0,0,0,0,0,0,0,0,0,0,0,0,0,0,0,0,0,0,0,0,0,0,0,0,0,0,0,0,0,0,0,0,0,0,0,0,0,0,0,0,0,0,0,0,0,0,0,0,0,0,0,0,0,0,0,0,0,0,0,0,0,0,0,0,0,0,0,0,0,0,0,0,0,0,0,0,0,0,0,0,0,0,0,0,0,0,0,0,0,0,0,0,0,0,0,0,0,0,0,0,0,0,0,0,0,0,0,0,0,0,0,0,0,0,0,0,0,0,0,0,0,0,0,0,0,0,0,0,0,0,0,0,0,0,0,0,0,0,0,0,0,0
0,0,0,0,0,0,0,0,0,0,0,0,0,1.38361155e-07,1.24080166e-06,8.8162439e-06,4.19689708e-05,0.000160179821,0.000497431637,0.00127237687,0.00271381144,0.00487098712,0.00741123943,0.0095914054,0.0105437661,0.00979686624,0.00765284201,0.00501624002,0.00277808968,0.00134837857,0.000686487388,0.000593643412,0.000896559774,0.00143512366,0.00199799899,0.00233395322,0.00226792977,0.00182027447,0.0011990099,0.000653208957,0.000323394532,0.000211754311,0.000240961904,0.000311857811,0.000342898283,0.000307460093,0.000245334034,0.000219877189,0.0002566688,0.000318643036,0.000340913329,0.00029126785,0.000194827016,0.000101708623,4.13516402e-05,1.309345e-05,3.22880491e-06,6.20091722e-07,0,0,0,0,0,0,0,0,0,0,0,0,3.60004798e-07,2.02053452e-06,8.8318288e-06,3.00650116e-05,7.97073727e-05,0.000164574288,0.000264637803,0.000331411917,0.000323229356,0.00024551599,0.000145236312,6.69109158e-05,2.40073996e-05,6.82183298e-06,2.81958906e-06,7.23226084e-06,2.79488294e-05,8.71094357e-05,0.000211475861,0.000399899211,0.000589026059,0.000675791417,0.000603927895,0.000420389346,0.000227935804,9.62647974e-05,3.16677021e-05,8.11445921e-06,1.61955779e-06,3.65205612e-07,7.39605841e-07,3.75602825e-06,1.48553804e-05,4.57577915e-05,0.000109767238,0.000205072195,0.000298378282,0.000338106883,0.000298546647,0.00020611651,0.000114812062,6.47373447e-05,7.04653267e-05,0.0001306513,0.000226249064,0.000312225416,0.000336420584,0.000282410631,0.00018463153,9.40063257e-05,3.76364692e-05,1.35322138e-05,1.16004853e-05,3.05836039e-05,7.97073727e-05,0.000164574288,0.000264637803,0.000331411917,0.000323229356,0.00024551599,0.000145236312,6.69109158e-05,2.40073996e-05,6.70841108e-06,1.45989149e-06,2.47427446e-07,0,0,0,0,0,0,0,0,0,0,0,0,0,0,0,1.38361155e-07,8.79952013e-07,4.35843071e-06,1.68123217e-05,5.05070099e-05,0.000118168566,0.000215749776,0.000307917736,0.000347780259,0.000324166743,0.000281497395,0.000276241311,0.000315073409,0.000347417957,0.000321248127,0.000236214592,0.000135926201,6.10755788e-05,2.13726507e-05,5.82472692e-06,1.23628648e-06,2.0435678e-07,0,0,0,2.47427446e-07,1.45989149e-06,6.70841108e-06,2.40073996e-05,6.69109158e-05,0.000145236312,0.00024551599,0.000323229356,0.000331411917,0.000264637803,0.000164574288,7.97073727e-05,3.00650116e-05,8.8318288e-06,2.02053452e-06,3.60004798e-07,0,0,0,0,0,0,0,0,0,0,0,0,0,0,0,0,0,0,0,0,0,0,0,0,0,0,0,0,0,0,0,0,0,0,0,0,0,0,0,0,0,0,0,0,0,0,0,0,0,0,0,0,0,0,0,0,0,0,0,0,0,0,0,0,0,0,0,0,0,0,4.3262329e-07,2.36815724e-06,1.0715817e-05,3.67477954e-05,9.9763826e-05,0.000215884345,0.000375430391,0.000529151535,0.000608667046,0.000573279021,0.000441475782,0.000276392754,0.000139541211,5.63317353e-05,1.80486087e-05,4.56278756e-06,8.79952013e-07,1.38361155e-07,0,0,0,0,0,0,0,0,0,0,0,0,0,0,0,0,0,0,0,0,0,0,0,0,0,0,0,0,0,0,0,0,0,0,0,0,0,0,0,0,0,0,0,0,0,0,0,0,0,0,0,0,0,0,0,0,0,0,0,0,0,0,0,0,0,0,0,0,0,0,0,0,0,0,0,0,0,0,0,0,0,0,0,0,0,0,0,0,0,0,0,0,0,0,0,0,0,0,0,0,0,0,0,0,0,0,0,0,0,0,0,0,0,0,0,0,0,0,0,0,0,0,0,0,0,0,0,0,0,0,0,0,0,0,0,0,0,0,0,0,0,0,0,0,0,0,0,0,0,0,0,0,0,0,0,0,0,0,0,0,0,0,0,0,0,0,0,0,0,0,0,0,0,0,0,0,0,0,0,0,0
0,0,0,0,0,0,0,0,0,0,0,0,0,0,0,0,0,0,0,0,0,0,0,0,0,0,0,6.63555249e-07,4.2862218e-06,2.03506046e-05,7.60719794e-05,0.000224530447,0.000524947841,0.000975335577,0.00144428348,0.00170821456,0.0016167835,0.0012293494,0.000774910277,0.000489916176,0.000510122247,0.000845166476,0.00135388839,0.00175593379,0.0018051572,0.00152457216,0.00121599209,0.00120895237,0.00160550177,0.00224824763,0.00286371006,0.00322660747,0.0032471271,0.00298613121,0.00259724713,0.0022246365,0.00192500011,0.00169631341,0.00154519864,0.00148698693,0.00149604669,0.0015014499,0.00142854324,0.00122993978,0.000916676661,0.000569937953,0.000296141004,0.000158345007,0.000170935876,0.000325565584,0.000579104308,0.000819428207,0.000905608286,0.000779464288,0.000522490498,0.000274154726,0.000118322583,6.59864647e-05,0.000108627732,0.000253770794,0.000495148064,0.000757373765,0.000902218602,0.000837027457,0.000604775225,0.000340309962,0.000150295945,5.77021696e-05,4.34048458e-05,0.00010622176,0.000283785326,0.000617200583,0.00107554192,0.00150772348,0.00171697207,0.00162393185,0.00135433712,0.00112700643,0.00104386823,0.00101454673,0.000898745945,0.000684882091,0.000501370628,0.00048070008,0.000634758854,0.000835049069,0.000908923719,0.00078001233,0.000522490498,0.000272763962,0.000110897551,3.51142431e-05,8.65906542e-06,1.66297282e-06,0,0,0,0,0,0,0,9.65467158e-07,5.41870479e-06,2.36853528e-05,8.06288735e-05,0.00021456203,0.000445969953,0.000730378716,0.000961474243,0.00106625407,0.00108918625,0.00113125878,0.0012220799,0.00130841975,0.00133817135,0.00128991195,0.00115774084,0.000985654489,0.000878230547,0.000895474962,0.00095753533,0.000915861159,0.000716061287,0.00044251842,0.000213760625,8.06288735e-05,2.36853528e-05,5.41870479e-06,9.65467158e-07,0,0,0,0,0,0,0,0,0,0,0,0,0,0,0,0,0,0,0,0,0,0,0,0,0,0,0,0,0,0,0,0,0,0,0,0,0,0,0,0,0,0,0,0,0,0,0,0,0,0,0,0,0,0,0,0,0,0,0,0,0,0,0,0,0,0,0,0,0,0,0,0,0,0,0,0,0,0,0,0,0,0,0,0,0,0,0,0,0,0,0,0,0,0,0,0,0,0,0,0,0,0,0,0,0,0,0,0,0,0,0,0,0,0,0,0,0,0,0,0,0,0,0,0,0,0,0,0,0,0,0,0,0,0,0,0,0,0,0,0,0,0,0,0,0,0,0,0,0,0,0,0,0,0,0,0,0,0,0,0,0,0,0,0,0,0,0,0,0,0,0,0,0,0,0,0,0,0,0,0,0,0,0,0,0,0,0,0,0,0,0,0,0,0,0,0,0,0,0,0,0,0,0,0,0,0,0,0,0,0,0,0,0,0,0,0,0,0,0,0,0,0,0,0,0,0,0,0,0,0,0,0,0,0,0,0,0,0,0,0,0,0,0,0,0,0,0,0,0,0,0,0,0,0,0,0,0,0,0,0,0,0,0,0,0,0,0,0,0,0,0,0,0,0,0,0,0,0,0,0,0,0,0,0,0,0,0,0,0,0,0,0,0,0,0,0,0,0,0,0,0,0,0,0,0,0,0,0,0,0,0,0
0,0,0,0,0,0,0,0,0,0,0,0,0,0,0,0,0,0,0,0,0,0,0,0,1.29077355e-06,9.03026174e-06,4.48044551e-05,0.000174074148,0.000536948085,0.00133663732,0.00271428764,0.00454747674,0.00634511556,0.0074076509,0.00722360219,0.00584181477,0.00388022565,0.00210545087,0.000964304973,0.000483953461,0.000483691193,0.000766936411,0.00115137765,0.00146562099,0.00159840795,0.00155184783,0.00142038837,0.00128404393,0.00113003263,0.000902329203,0.000609118513,0.000333381615,0.000148392654,6.88881292e-05,8.46230512e-05,0.000203189893,0.000446204055,0.000797334688,0.00116773393,0.00142739175,0.00148890356,0.00136615043,0.00117291613,0.00104239359,0.00100648788,0.000966264475,0.000814095006,0.000559435711,0.000304457358,0.000129561035,4.31271184e-05,1.11802856e-05,2.78147864e-06,3.52625836e-06,1.49416417e-05,5.48253153e-05,0.000156671622,0.000348679109,0.000604349131,0.000815785963,0.000857612211,0.000702153474,0.000447712838,0.000222327613,8.59832119e-05,2.58976444e-05,6.07481818e-06,1.10976914e-06,0,0,0,0,0,1.3302967e-06,7.10218175e-06,2.95298618e-05,9.56219213e-05,0.00024114587,0.000473618457,0.000724442283,0.000862989099,0.000800923437,0.000580376127,0.000335147887,0.000180758288,0.000166064817,0.00029451693,0.00052873192,0.000765834535,0.000867746698,0.000768081532,0.000538994079,0.000330262414,0.00026002944,0.000363620028,0.000588113876,0.000802529765,0.000863280076,0.000724442283,0.000473618457,0.00024114587,9.56219213e-05,2.95298618e-05,7.10218175e-06,1.3302967e-06,0,0,0,0,0,0,0,0,0,0,0,0,0,0,0,0,0,6.34703103e-07,3.74492675e-06,1.72084762e-05,6.15839967e-05,0.000171640481,0.000372561491,0.000629799819,0.000829150842,0.00085014082,0.000678851265,0.000422167438,0.000204466067,7.71230373e-05,2.26554864e-05,5.18309327e-06,9.23487535e-07,0,0,0,0,0,0,5.24217845e-07,3.17133316e-06,1.49416417e-05,5.48253153e-05,0.000156671622,0.000348679109,0.000604349131,0.000815785963,0.000857612211,0.000702153474,0.000447712838,0.000222327613,8.59832119e-05,2.58976444e-05,6.07481818e-06,1.10976914e-06,0,3.54925275e-07,2.25726079e-06,1.11802856e-05,4.31271184e-05,0.000129561035,0.000303127065,0.000552333529,0.000783798526,0.000866231396,0.000745572284,0.00049977201,0.000260903871,0.000106075598,3.35874354e-05,8.2825593e-06,1.59066485e-06,0,0,0,0,0,0,0,0,0,0,0,0,0,0,0,0,0,0,0,0,0,0,0,0,0,0,0,0,0,0,0,0,0,0,0,0,0,0,0,0,0,0,0,0,0,0,0,0,0,0,0,0,0,0,0,0,0,0,0,0,0,0,0,0,0,0,0,0,0,0,0,0,0,0,0,0,0,0,0,0,0,0,0,0,0,0,0,0,0,0,0,0,0,0,0,0,0,0,0,0,0,0,0,0,0,0,0,0,0,0,0,0,0,0,0,0,0,0,0,0,0,0,0,0,0,0,0,0,0,0,0,0,0,0,0,0,0,0,0,0,0,0,0,0,0,0,0,0,0,0,0,0,0,0,0,0,0,0,0,0,0,0,0,0,0,0,0,0,0,0,0,0,0,0,0,0,0,0,0,0,0,0,0,0,0,0,0,0,0,0,0,0,0,0,0,0,0,0,0,0,0,0,0,0,0,0,0,0,0,0,0,0,0,0,0,0,0,0,0,0,0,0,0,0,0,0,0,0,0,0,0,0,0,0,0,0,0,0,0,0,0,0,0,0,0,0,0,0,0,0,0,0,0,0,0,0,0,0,0,0,0,0,0,0
0,0,0,0,0,0,0,0,0,0,0,0,0,0,0,0,0,0,0,0,0,0,0,1.21546259e-06,7.66481835e-06,3.40408411e-05,0.000124196239,0.000356830886,0.000839112104,0.00165487727,0.00280696459,0.00416959248,0.00544644676,0.00623108028,0.0062732293,0.00569235438,0.00479890259,0.00377732841,0.0027192022,0.00186226022,0.00159139385,0.00217865392,0.00351797,0.00504485633,0.00601723927,0.00604838555,0.00533920837,0.00435383339,0.00339391741,0.00252235792,0.00173075314,0.00105240967,0.000545747496,0.000234362406,8.15205528e-05,2.2615455e-05,4.83134434e-06,8.39561803e-07,0,0,0,0,0,0,0,0,0,0,0,0,0,0,0,0,0,0,0,0,0,0,0,5.74143897e-07,3.47336817e-06,1.63646707e-05,6.00468306e-05,0.000171592891,0.000381887004,0.000661906816,0.000893480708,0.000939290452,0.00076902596,0.000490352619,0.000243501901,9.41721782e-05,2.83641135e-05,6.65337857e-06,1.21546259e-06,0,0,0,0,0,0,0,0,0,0,5.74143897e-07,3.47336817e-06,1.63646707e-05,6.00468306e-05,0.000171592891,0.000381887004,0.000661906816,0.000893480708,0.000939290452,0.00076902596,0.000490352619,0.000243501901,9.41721782e-05,2.83641135e-05,6.65337857e-06,1.21546259e-06,0,0,0,0,0,0,0,0,0,0,0,0,0,0,0,0,0,0,0,0,0,0,0,0,0,0,0,0,0,0,0,0,0,0,0,0,0,0,0,0,0,0,0,0,0,0,0,0,0,0,0,0,0,0,0,0,0,0,0,0,0,0,0,0,0,0,0,0,0,0,0,0,0,0,0,0,0,0,0,0,0,0,0,0,0,0,0,0,0,0,0,0,0,0,0,0,0,0,0,0,0,0,0,0,0,0,0,0,0,0,0,0,0,0,0,0,0,0,0,0,0,0,0,0,0,0,0,0,0,0,0,0,0,0,0,0,0,0,0,0,0,0,0,0,0,0,0,0,0,0,0,0,0,0,0,0,0,0,0,0,0,0,0,0,0,0,0,0,0,0,0,0,0,0,0,0,0,0,0,0,0,0,0,0,0,0,0,0,0,0,0,0,0,0,0,0,0,0,0,0,0,0,0,0,0,0,0,0,0,0,0,0,0,0,0,0,0,0,0,0,0,0,0,0,0,0,0,0,0,0,0,0,0,0,0,0,0,0,0,0,0,0,0,0,0,0,0,0,0,0,0,0,0,0,0,0,0,0,0,0,0,0,0,0,0,0,0,0,0,0,0,0,0,0,0,0,0,0,0,0,0,0,0,0,0,0,0,0,0,0,0,0,0,0,0,0,0,0,0,0,0,0,0,0,0,0,0,0,0,0,0,0,0,0,0,0,0,0,0,0,0,0,0,0,0,0,0,0,0,0,0,0,0,0,0,0,0,0
0,0,0,0,0,0,0,0,0,0,0,0,0,0,0,0,0,0,0,0,0,0,0,0,0,0,0,0,0,0,0,0,0,0,0,0,0,0,0,0,0,0,0,7.28494655e-07,3.88928384e-06,1.63304199e-05,5.34032628e-05,0.000137332171,0.000280230248,0.00046204109,0.000632709921,0.000751776574,0.000821048479,0.000879638666,0.000979400859,0.0011499311,0.00136637883,0.00155985175,0.00166342261,0.00164505643,0.00151737093,0.00133365097,0.0011500017,0.000981360358,0.000817345015,0.000668378175,0.000563456066,0.000506503895,0.00046373534,0.000396392556,0.000295387582,0.000183991241,9.35302155e-05,3.81131379e-05,1.232808e-05,3.14092915e-06,6.18058523e-07,4.61429115e-07,1.94464192e-06,8.29543477e-06,2.73899828e-05,7.14410666e-05,0.000148718266,0.000250703832,0.00034984459,0.000417033817,0.000444793916,0.00045383132,0.000472922154,0.000503818853,0.000508944221,0.000448177449,0.000326687986,0.000193336269,9.74281366e-05,6.1979707e-05,9.53406809e-05,0.000206329879,0.000392975007,0.000615539559,0.000795841883,0.000862305101,0.000811843659,0.000730055868,0.000738507826,0.000902032673,0.00117537141,0.00145237539,0.00166853334,0.00184093323,0.00200779895,0.00216553843,0.00228186766,0.00233756047,0.00234144895,0.00232187224,0.00231100417,0.00231667689,0.00229720022,0.00218530105,0.00194945126,0.00161987014,0.00125315665,0.000890764312,0.000563685038,0.000305279051,0.000136903198,5.01175576e-05,1.69286729e-05,1.37634074e-05,3.32328647e-05,7.9736191e-05,0.000154472187,0.000241831715,0.000315563094,0.000358574857,0.00037314639,0.000374926676,0.000387851901,0.000433473934,0.000503476127,0.000556694057,0.000565867078,0.000555506312,0.000572245872,0.000631056738,0.000703440938,0.000746603664,0.000735466177,0.000684201005,0.000638553958,0.000627629256,0.00062943349,0.00060030222,0.000525116606,0.000420883453,0.000313639606,0.000232471942,0.000211177625,0.000273747368,0.000421914869,0.000634541917,0.000859256578,0.00100382718,0.000979887806,0.000786177435,0.000528260213,0.000333577897,0.000256237274,0.000263439133,0.000292918739,0.000311603872,0.000325356087,0.000350462299,0.000397156948,0.000476301784,0.000585716939,0.000680658305,0.000689472502,0.000579966166,0.000395574812,0.000216328472,9.42256793e-05,3.25813753e-05,8.90665698e-06,1.85471663e-06,2.52859281e-07,0,0,0,0,0,0,0,1.43535611e-07,8.68339846e-07,4.09115732e-06,1.50116697e-05,4.28981143e-05,9.54715093e-05,0.000165476285,0.000223369612,0.000234822019,0.000192256004,0.000122587845,6.08753213e-05,2.36865192e-05,7.95935062e-06,5.75449758e-06,1.53155352e-05,4.28981143e-05,9.54715093e-05,0.000165476285,0.000223369612,0.000234822019,0.000192256004,0.000122587845,6.08753213e-05,2.3542985e-05,7.09101043e-06,1.66334044e-06,3.03864879e-07,0,0,0,0,0,0,9.71817664e-08,6.18058523e-07,3.06126381e-06,1.1808597e-05,3.54749889e-05,8.29989457e-05,0.000151233941,0.000214821063,0.000238389864,0.000209557593,0.000155735812,0.000122796216,0.000137770125,0.000188454862,0.000232440077,0.00023060777,0.000179258314,0.000108725667,5.13583651e-05,1.88936876e-05,5.41313214e-06,1.20783303e-06,2.0988992e-07,0,0,0,0,0,0,0,0,0,0,0,0,0,1.43535611e-07,8.68339846e-07,4.09115732e-06,1.50116697e-05,4.28981143e-05,9.58357555e-05,0.000167420927,0.000231455161,0.000261004173,0.00025828394,0.000252268894,0.000259234198,0.00025983725,0.000226311477,0.00016005612,8.9432249e-05,3.90591769e-05,1.33308103e-05,3.54336851e-06,7.33504055e-07,1.18253797e-07,0,0,0,0,0,0,0,0,0,0,0,0,0,0,0,0,0,0,0,0,0,0,0,0,0,0,0,0,0,0,0,0,0,0,0,0,0,0,0,0,0,0,0,0,0,0,0,0,0,0,0,0,0,0,0,0,0,0,0,0,0,0,0,0,0,0,0,0,0,0,0,0,0,0,0,0,0,0,0,0,0,0,0,0,0,0,0,0,0,0,0,0,0,0,0,0,0,0,0,0,0,0,0,0,0,0,0,0,0,0,0,0,0,0,0,0,0,0,0,0,0,0,0,0,0,0,0,0,0,0,0,0,0,0,0,0,0,0,0,0,0,0,0,0,0,0,0,0,0,0,0,0,0,0,0,0,0,0,0,0,0,0,0,0,0,0,0,0,0,0,0,0,0,0,0,0
0,0,0,0,0,0,0,0,0,0,0,0,0,0,1.00678031e-06,1.33734773e-05,7.06556521e-05,0.000290060264,0.000938448483,0.00239810013,0.00484787793,0.00777034598,0.0099064731,0.0100934379,0.00827785789,0.00552522483,0.00305358354,0.00143812187,0.000615666243,0.000290854507,0.000218095093,0.000281270882,0.000497512774,0.000970045567,0.00174565644,0.00262274319,0.00316405977,0.00302653259,0.00228932915,0.00138076674,0.000705110775,0.00040400436,0.000402492242,0.00054646918,0.000683300897,0.000707662772,0.000598371241,0.000414970417,0.000248797132,0.000168900356,0.000203236997,0.000338612679,0.000517331834,0.000652265226,0.000681657463,0.000618477614,0.000534948899,0.000496632791,0.000509310822,0.000522954284,0.000488193411,0.000409103466,0.000333566456,0.000296684322,0.000289276905,0.000277667975,0.000238597816,0.000174338011,0.000105305166,5.15346437e-05,2.01520275e-05,6.23465357e-06,1.48827228e-06,2.85822572e-07,1.65939156e-07,9.31337016e-07,4.07090747e-06,1.38580449e-05,3.67399942e-05,7.5858207e-05,0.000121981079,0.000152759669,0.000148988033,0.000113452977,6.84329062e-05,3.68768877e-05,3.03257437e-05,5.13507003e-05,9.66174511e-05,0.00015556941,0.000214660886,0.000268168343,0.00031521839,0.000342540327,0.000325517969,0.000257182175,0.000163909648,8.30256698e-05,3.31956949e-05,1.04342299e-05,2.69285465e-06,1.17271334e-06,3.39496107e-06,1.23943275e-05,3.64887046e-05,8.58579879e-05,0.000163345427,0.000255382162,0.00033479193,0.000377393313,0.000378482524,0.000358742306,0.000357865583,0.000412233814,0.000522013532,0.00063643985,0.000682675223,0.000620149803,0.000470191594,0.000295616095,0.000154566624,7.24273325e-05,4.69947355e-05,6.73387846e-05,0.000121596341,0.000191633872,0.0002501761,0.000271503291,0.000245648419,0.000184414437,0.00011358561,5.66309078e-05,2.25796843e-05,7.13320167e-06,1.73128848e-06,3.40910927e-07,5.22803836e-08,0,0,0,0,0,0,0,0,0,0,0,0,1.65939156e-07,9.31337016e-07,4.07090747e-06,1.38580449e-05,3.67399942e-05,7.5858207e-05,0.000121981079,0.000152759669,0.000148988033,0.000113167148,6.69446388e-05,3.08416471e-05,1.10658737e-05,3.37797035e-06,2.16118883e-06,6.14929025e-06,1.90604579e-05,4.68811615e-05,8.98027776e-05,0.000133970012,0.000155650945,0.000140838789,9.92474249e-05,5.44681412e-05,2.3280497e-05,7.74940362e-06,2.00895744e-06,4.05601524e-07,6.37756315e-08,0,0,0,0,0,0,0,0,0,0,0,0,0,0,0,0,0,0,0,0,0,0,0,0,0,0,0,0,0,0,0,0,0,0,0,0,0,0,0,0,0,0,0,0,0,0,0,0,2.85822572e-07,1.48827228e-06,6.03524194e-06,1.90604579e-05,4.68811615e-05,8.98027776e-05,0.000133970012,0.000155650945,0.000140838789,9.92474249e-05,5.44681412e-05,2.3280497e-05,7.74940362e-06,2.00895744e-06,4.05601524e-07,6.37756315e-08,0,0,0,0,0,0,0,0,0,0,0,0,2.85822572e-07,1.48827228e-06,6.03524194e-06,1.90604579e-05,4.68811615e-05,8.98027776e-05,0.000133970012,0.000155650945,0.000140838789,9.92474249e-05,5.44681412e-05,2.3280497e-05,7.74940362e-06,2.00895744e-06,4.05601524e-07,6.37756315e-08,0,0,2.39037673e-07,1.27617321e-06,5.30614673e-06,1.71820629e-05,4.33308958e-05,8.51033113e-05,0.000130173215,0.000155068344,0.000143863651,0.000103945421,5.84905945e-05,2.56326239e-05,8.74835762e-06,2.32533913e-06,4.8136277e-07,7.76041728e-08,0,0,0,0,0,0,0,0,0,0,0,0,0,0,0,0,0,0,0,0,0,0,0,0,0,0,0,0,0,0,0,0,0,0,2.39037673e-07,1.27617321e-06,5.30614673e-06,1.71820629e-05,4.33308958e-05,8.51033113e-05,0.000130173215,0.000155068344,0.000143863651,0.000103945421,5.84905945e-05,2.56326239e-05,8.74835762e-06,2.32533913e-06,4.8136277e-07,7.76041728e-08,0,0,0,0,0,0,0,0,0,0,0,0,0,0,0,0,0,0,0,0,0,0,0,0,0,0,0,0,0,0,0,0,0,0,0,0,0,0,0,0,0,0,0,0,0,0,0,0,0,0,0,0,0,0,0,0,0,0,0,0,0,0,0,0,0,0,0,0,0,0,0,0,0,0,0,0,0,0,0,0,0,0,0,0,0,0,0,0,0,0,0,0,0,0,0,0,0,0,0,0,0,0,0,0,0,0,0,0,0,0,0,0,0,0,0,0,0,0,0,0,0,0,0
0,0,0,0,0,0,0,0,0,0,0,0,0,5.62985189e-08,1.84761494e-06,1.63311431e-05,8.30536997e-05,0.000329756261,0.00104268411,0.0026414714,0.00538236417,0.00886343533,0.0118630119,0.0129867659,0.0117046444,0.00873916333,0.00543540697,0.00282906101,0.00123694728,0.000457806836,0.000153953253,7.97307019e-05,0.000118426735,0.000227057575,0.000374680878,0.000517463847,0.000614455157,0.000656653143,0.000665508134,0.000660532944,0.000638172259,0.000588424058,0.000519320891,0.000452666397,0.000399844832,0.000351484238,0.000291704061,0.000218580277,0.000151859627,0.000121394263,0.000146398441,0.000218644764,0.000305429779,0.000376689426,0.000431224394,0.000483410887,0.000525713593,0.000522914024,0.000452073074,0.000336065002,0.000230883012,0.00018282838,0.00019702202,0.000238134406,0.000258865674,0.00023333063,0.000171058491,0.000103616026,6.02625637e-05,5.59866044e-05,9.30244917e-05,0.000160363862,0.000229414759,0.000262742032,0.000239881516,0.000174362156,0.00010076905,4.62111075e-05,1.68309117e-05,5.16566436e-06,2.85860947e-06,7.01688938e-06,2.05510705e-05,4.80822472e-05,8.76115672e-05,0.000124395229,0.000137827215,0.000120315959,8.69969135e-05,6.40583588e-05,6.90684509e-05,0.000100286573,0.000141456406,0.000179425584,0.000221687247,0.000286888724,0.000369642204,0.000428109512,0.000423087588,0.000361460849,0.000283607385,0.000216589585,0.000159258324,0.000105313866,6.08741537e-05,3.74957481e-05,4.15433439e-05,7.14660544e-05,0.000116797229,0.000162425746,0.000200747876,0.000238379067,0.00028116082,0.000317953924,0.000331370879,0.000320717498,0.00030085579,0.000280772799,0.000254160092,0.000211008264,0.000152261907,9.17598519e-05,4.49784024e-05,1.76479386e-05,5.47414894e-06,1.3137859e-06,2.52312476e-07,0,0,1.21591653e-07,6.99711613e-07,3.13588992e-06,1.09453313e-05,2.97524937e-05,6.29860339e-05,0.00010384641,0.000133341438,0.000133341438,0.00010384641,6.30691849e-05,3.02555332e-05,1.33153861e-05,1.18323238e-05,2.55510851e-05,5.54293394e-05,9.58623219e-05,0.000129469101,0.000136460033,0.000113428847,7.87392478e-05,5.78932082e-05,6.52718273e-05,9.58666702e-05,0.000127960538,0.000137064018,0.00011491159,7.51257223e-05,3.82507425e-05,1.51676224e-05,4.6840493e-06,1.12655351e-06,2.11012681e-07,0,0,8.3151836e-08,5.03039295e-07,2.37005465e-06,8.69643349e-06,2.48513727e-05,5.53077472e-05,9.58623219e-05,0.000129400594,0.000136035106,0.000111376122,7.10165532e-05,3.52657762e-05,1.36387229e-05,4.31891701e-06,2.09014582e-06,4.86008173e-06,1.51676224e-05,3.82507425e-05,7.51257223e-05,0.00011491159,0.000136887992,0.000126996947,9.17587664e-05,5.16331044e-05,2.2627432e-05,7.72269227e-06,2.05271427e-06,4.24927365e-07,6.85057896e-08,0,0,0,0,0,0,0,0,0,0,0,0,0,0,0,0,0,0,0,0,0,0,0,0,0,0,0,0,0,0,0,0,0,0,0,0,0,0,0,0,0,0,0,0,0,0,0,0,0,0,0,0,0,0,0,0,0,0,0,0,4.61509842e-08,3.00942222e-07,1.52831066e-06,6.04458609e-06,1.86186354e-05,4.46637855e-05,8.34429348e-05,0.000121408754,0.000137574139,0.000121408754,8.34429348e-05,4.46637855e-05,1.86186354e-05,6.04458609e-06,1.52831066e-06,3.00942222e-07,4.61509842e-08,0,0,0,0,0,0,0,0,0,0,0,0,0,0,0,0,0,0,0,0,0,0,0,0,0,0,0,0,0,0,0,0,0,0,0,0,0,0,0,0,0,0,0,0,0,0,0,0,0,0,0,0,0,0,0,0,0,0,0,0,0,0,0,0,0,0,0,0,0,0,0,0,0,0,0,0,0,0,0,0,0,0,0,0,0,0,0,0,0,0,0,0,0,0,0,0,0,0,0,0,0,0,0,0,0,0,0,0,0,0,0,0,0,0,0,0,0,0,0,0,0,0,0,0,0,0,0,0,0,0,0,0,0,0,0,0,0,0,0,0,0,0,0,0,0,0,0,0,0,0,0,0,0,0,0,0,0,0,0,0,0,0,0,0,0,0,0,0,0,0,0,0,0,0,0,0,0,0,0,0,0,0,0,0,0,0,0,0,0,0,0
0,0,0,0,0,0,0,0,0,0,0,0,0,0,1.64355215e-06,1.39793269e-05,7.18160506e-05,0.000287646558,0.000919672934,0.00236737925,0.0049272992,0.00833327954,0.0115192329,0.0131057449,0.0123780981,0.00981250277,0.00662266883,0.00386973566,0.00198620743,0.000899393413,0.000355729753,0.000122865966,4.76393273e-05,5.04946901e-05,9.99283689e-05,0.000176156225,0.000247624985,0.00028267726,0.00028806102,0.000318084735,0.000427191431,0.000606183204,0.000773884596,0.000841712512,0.000784529866,0.00064605753,0.000493377431,0.000388585684,0.000382806874,0.00048987028,0.000651119739,0.000757251581,0.000733964439,0.000608522481,0.000477787592,0.000415717237,0.000420590193,0.000441435416,0.00043001671,0.000367586572,0.000266782659,0.000159923224,7.74999029e-05,2.98978529e-05,9.09528232e-06,2.38132034e-06,1.73755927e-06,5.98292441e-06,2.0882458e-05,5.67644034e-05,0.000120170251,0.000198127242,0.000254592502,0.000255533747,0.000203335055,0.000138807452,0.000108708054,0.000133630936,0.000196710289,0.000253072025,0.000261426913,0.000220175141,0.000170931354,0.000160667287,0.000199973729,0.000256008327,0.000286075202,0.000281890002,0.000273890339,0.000290778437,0.000328829657,0.000374559725,0.000433758505,0.000508538668,0.000558365069,0.000525058601,0.00040059541,0.000242145864,0.000114888827,4.26129586e-05,1.23592155e-05,2.79816774e-06,4.9449436e-07,0,0,0,0,0,0,0,0,0,0,0,0,0,0,0,0,2.79475529e-07,1.5685623e-06,6.85624202e-06,2.33397862e-05,6.18776757e-05,0.000127760758,0.000205441123,0.000257278573,0.000250926364,0.000190596657,0.000112748484,5.1943651e-05,1.8637198e-05,5.2078104e-06,1.13332919e-06,1.92080541e-07,0,0,0,0,0,0,0,0,0,0,0,0,0,0,0,0,0,0,0,0,0,0,0,0,0,0,0,0,0,0,0,0,0,0,0,0,0,0,0,0,0,0,0,0,0,0,0,0,0,0,0,0,0,0,0,0,0,0,0,0,0,0,0,0,0,0,0,0,0,0,0,0,0,0,0,0,0,0,0,0,0,0,0,0,0,0,0,0,0,0,0,0,0,0,0,0,0,0,0,0,0,0,0,0,0,0,0,0,0,0,0,0,0,0,0,0,0,0,0,0,0,0,0,0,0,0,0,0,0,0,0,0,0,0,0,0,0,0,0,0,0,0,0,0,0,0,0,0,0,0,0,0,0,0,0,0,0,0,0,0,0,0,0,0,0,0,0,0,0,0,0,0,0,0,0,0,0,0,0,0,0,0,0,0,0,0,0,0,0,0,0,0,0,0,0,0,0,0,0,0,0,0,0,0,0,0,0,0,0,0,0,0,0,0,0,0,0,0,0,0,0,0,0,0,0,0,0,0,0,0,0,0,0,0,0,0,0,0,0,0,0,0,0,0,0,0,0,0,0,0,0,0,0,0,0,0,0,0,0,0,0,0,0,0,0,0,0,0,0,0,0,0,0,0,0,0,0,0,0,0,0,0,0,0,0,0,0,0,0,0,0,0,0,0,0,0,0,0,0,0,0,0,0,0,0,0,0,0,0,0,0,0,0,0,0,0,0,0,0,0,0,0,0,0,0,0
0,0,0,0,0,0,0,0,0,0,0,0,0,0,0,0,0,8.5103662e-07,8.37873637e-06,4.55622638e-05,0.000189720794,0.000633508578,0.00169186691,0.00364691527,0.0064129595,0.00935539438,0.0115845972,0.0124604581,0.0117821654,0.00973225769,0.00689946177,0.00415814199,0.00220470892,0.00118886532,0.000823199063,0.000738477036,0.000700563195,0.000633488781,0.000559023812,0.000528605792,0.00058054988,0.000712913922,0.000885558749,0.00103154783,0.00107434452,0.000969149299,0.000741656626,0.000478191468,0.000267507924,0.000152476947,0.000124914669,0.000147808717,0.000181993633,0.000205576155,0.000216270151,0.000218891147,0.000216513719,0.000209838382,0.000195337549,0.00016577588,0.000120590989,7.18108376e-05,3.41118869e-05,1.27563453e-05,3.72197584e-06,8.51508882e-07,1.51715934e-07,0,0,0,0,0,0,0,0,0,0,0,0,0,0,0,0,0,0,0,0,0,0,0,0,0,0,0,0,0,0,0,0,0,0,0,0,0,0,0,0,0,0,0,0,0,0,0,0,0,0,0,0,0,0,0,0,0,0,0,0,0,0,0,0,0,2.18548923e-07,1.16678796e-06,4.85133844e-06,1.57093286e-05,3.96168541e-05,7.79911303e-05,0.000120013622,0.000146031513,0.000145658412,0.000131561175,0.000127030049,0.000138789453,0.000148892059,0.000136148114,9.97844212e-05,5.772483e-05,2.75756941e-05,1.60921988e-05,2.37397443e-05,5.03204928e-05,9.08267038e-05,0.000128767007,0.000142413829,0.000123102208,8.493258e-05,5.2980195e-05,4.56248221e-05,6.67245168e-05,0.000104827908,0.000136583335,0.000140281352,0.000114352761,7.94735172e-05,6.17889839e-05,7.38768047e-05,0.000107189177,0.000137117049,0.00014012952,0.000113108553,7.56166026e-05,5.28744765e-05,5.8929157e-05,9.02311693e-05,0.000127117341,0.000145093977,0.000134751848,0.000112161997,0.000103541984,0.000118569605,0.000140282563,0.000142476441,0.000115665581,7.36006808e-05,3.65252808e-05,1.4125825e-05,4.25461651e-06,9.98006666e-07,1.82319367e-07,0,0,0,0,0,0,0,0,0,0,0,0,0,0,0,0,0,0,0,0,0,0,0,0,0,0,0,0,0,0,0,0,0,0,0,0,0,0,0,0,0,0,0,0,0,0,0,0,0,0,0,0,0,0,0,0,0,0,0,0,0,0,0,0,0,0,0,0,0,0,0,0,0,0,0,0,0,0,0,0,0,0,0,0,0,0,0,0,0,0,0,0,0,0,0,0,0,0,0,0,0,0,0,0,0,0,0,0,0,0,0,0,0,0,0,0,0,0,0,0,0,0,0,0,0,0,0,0,0,0,0,0,0,0,0,0,0,0,0,0,0,0,0,0,0,0,0,0,0,0,0,0,0,0,0,0,0,0,0,0,0,0,0,0,0,0,0,0,0,0,0,0,0,0,0,0,0,0,0,0,0,0,0,0,0,0,0,0,0,0,0,0,0,0,0,0,0,0,0,0,0,0,0,0,0,0,0,0,0,0,0,0,0,0,0,0,0,0,0,0,0,0,0,0,0,0,0,0,0,0,0,0,0,0,0,0,0,0,0,0,0,0,0,0,0,0,0,0,0,0,0,0,0,0,0,0,0,0,0,0,0,0,0,0,0,0,0,0,0,0,0
0,0,0,0,0,1.1186773e-06,6.9883543e-06,3.15092351e-05,0.000111856757,0.000312161992,0.000689504054,0.00121335951,0.00172253064,0.00201458501,0.00200477397,0.00176924958,0.0014425132,0.00112424388,0.000880194657,0.000771468798,0.000848896291,0.00111614655,0.00150835033,0.00191806533,0.002258035,0.00249179558,0.00259844942,0.00253037073,0.00224684362,0.00179371515,0.00130683419,0.000917245176,0.000676565589,0.000564894356,0.000525746157,0.000494111298,0.000435669061,0.000382617472,0.000412710099,0.000601318037,0.000987231516,0.00155374884,0.00219051465,0.00267902456,0.00278595072,0.00243366129,0.00177621252,0.00108295946,0.000553069525,0.00023725692,8.53719971e-05,2.56283468e-05,7.0841938e-06,5.15731128e-06,1.46332969e-05,4.02829822e-05,8.74379271e-05,0.000147810206,0.000194664956,0.000199968192,0.000161706593,0.000108767959,7.90416364e-05,9.70516368e-05,0.00016554845,0.000262684685,0.000345607361,0.000371407618,0.000326404707,0.000237805811,0.000155383454,0.000119563099,0.000142182946,0.000207480923,0.000292161309,0.000388744129,0.000504971202,0.000637848574,0.000763034893,0.000863543143,0.000957878207,0.00107908698,0.00121820551,0.00130200971,0.00124706837,0.00103674397,0.000737021649,0.000444483174,0.000226048719,9.98370038e-05,5.1108561e-05,5.98086481e-05,0.000113866133,0.000206348587,0.000332653425,0.000492539795,0.00067200994,0.000813320531,0.000832298527,0.000696090062,0.000467172547,0.000249461559,0.000105801649,3.67043112e-05,1.5769078e-05,2.53109345e-05,6.79741846e-05,0.00015746344,0.000294747154,0.000446413254,0.000548515624,0.000546856045,0.000441356895,0.000287173335,0.000149878265,6.24220151e-05,2.06494087e-05,5.40412659e-06,1.0956486e-06,1.48960977e-07,0,0,0,0,0,0,0,0,0,0,0,0,0,0,0,0,0,0,0,0,0,0,0,0,0,0,0,0,0,0,0,0,0,0,0,0,0,0,0,0,0,0,1.79905985e-07,1.0352874e-06,4.6398363e-06,1.61946199e-05,4.40215388e-05,9.32949668e-05,0.000154380354,0.000200956762,0.000211754477,0.00019855606,0.000203068868,0.000256182933,0.00034004364,0.000396266022,0.000379114559,0.000301590854,0.000226225803,0.000212582233,0.000271122581,0.000357244407,0.00040857248,0.000401394948,0.000375530525,0.000393191289,0.000469223395,0.000549427027,0.000561315454,0.000481476748,0.000353144687,0.000249675706,0.000224905948,0.000280738334,0.000364186675,0.000401741096,0.000355580685,0.00025227575,0.000153525181,0.000106370241,0.000118850647,0.000164577442,0.000200618559,0.000194745639,0.000147810206,8.74379271e-05,4.02829822e-05,1.44533913e-05,4.03872523e-06,8.78911642e-07,3.28866952e-07,1.0352874e-06,4.74119691e-06,1.68233386e-05,4.70587193e-05,0.000104703335,0.000187659396,0.000276310713,0.000343178016,0.000371961051,0.000366874016,0.000343673099,0.00031130278,0.000264534577,0.000198458461,0.000124777175,6.48432683e-05,3.3090281e-05,3.27780693e-05,6.31764291e-05,0.000117666793,0.000174981303,0.000203299266,0.00018395277,0.000129629336,7.11420876e-05,3.04071907e-05,1.02706354e-05,3.50285722e-06,4.56849064e-06,1.453669e-05,4.04319415e-05,8.83168294e-05,0.000152161145,0.000210716908,0.000246736376,0.000269202099,0.000303587192,0.000354367723,0.000390682611,0.000378604118,0.000321679557,0.000260365084,0.000230261699,0.000226700075,0.000215181193,0.000173276127,0.000111784104,5.6876745e-05,2.34771723e-05,1.15703161e-05,1.78614591e-05,4.43337552e-05,9.31936047e-05,0.000153650273,0.000197290867,0.000197290867,0.000153650273,9.31936047e-05,4.40215388e-05,1.61946199e-05,4.6398363e-06,1.0352874e-06,1.79905985e-07,0,0,0,0,0,0,0,0,0,0,0,0,0,0,0,0,0,0,0,0,0,0,0,0,0,0,0,0,0,0,0,0,0,0,0,0,0,0,0,0,0,0,0,0,0,0,0,0,0,0,0,0,0,0,0,0,0,0,0,0,0,0,0,0,0,0,0,0,0,0,0,0,0,0,0,0,0,0,0,0,0,0,0,0,0,0,0,0,0,0,0,0,0,0,0,0,0,0,0,0,0,0,0,0,0,0,0,0,0,0,0,0,0,0,0,0,0,0,0,0,0,0,0,0,0,0,0,0,0,0,0,0,0,0,0,0,0,0,0,0,0,0,0,0,0,0,0,0,0,0,0,0,0,0,0,0,0,0,0,0,0,0,0,0,0,0,0,0,0,0,0,0,0,0,0,0,0,0,0,0,0,0,0,0,0,0,0
0,0,0,0,0,1.36939773e-06,8.55594066e-06,3.97479464e-05,0.000144387989,0.000410694877,0.000916990668,0.00161795471,0.00229157325,0.00269958799,0.00283071723,0.00287959473,0.00294918119,0.00290553243,0.00260986645,0.00219090681,0.00198877117,0.00224655289,0.00289155602,0.00358030407,0.00393502833,0.00376795943,0.00316111467,0.00238414646,0.00173839463,0.00141178719,0.00138834257,0.00146357223,0.00140801807,0.00116910163,0.000905536017,0.00081898599,0.000966736939,0.00124389015,0.00150641875,0.00169503246,0.00184723158,0.00202725547,0.00223779725,0.00236972544,0.00226354124,0.00186931768,0.00133385003,0.000890329135,0.000664886676,0.00061491169,0.000628508252,0.000637516905,0.000622825369,0.000564240423,0.000446309834,0.000291951569,0.000152969783,6.31937281e-05,2.03828864e-05,5.15360061e-06,1.01480416e-06,1.55625258e-07,0,0,0,0,0,0,0,0,0,8.50820298e-07,4.92416211e-06,2.07377146e-05,6.88561265e-05,0.000181215018,0.000379044795,0.000635179158,0.000863347748,0.000974295199,0.000951327679,0.000849186546,0.000718216282,0.000564514924,0.000389099821,0.000222806451,0.000102521026,3.72481299e-05,1.05745021e-05,2.35949031e-06,4.10017959e-07,0,0,0,0,0,0,0,0,0,0,0,0,0,0,0,0,0,0,0,0,0,0,0,0,0,0,0,0,0,0,0,0,0,0,0,0,0,0,0,0,0,0,0,0,0,0,4.10017959e-07,2.35949031e-06,1.05745021e-05,3.69086388e-05,0.000100328077,0.000212394555,0.000350179408,0.000449639287,0.000449639287,0.000350179408,0.000212394555,0.000100328077,3.69086388e-05,1.05745021e-05,2.35949031e-06,4.10017959e-07,0,0,0,0,0,0,0,0,0,0,0,0,0,0,0,0,0,0,0,0,0,0,0,0,0,3.39492184e-07,2.00309933e-06,9.20452911e-06,3.29402605e-05,9.22176723e-05,0.000202487284,0.000351874219,0.000498373059,0.000611792455,0.000715054034,0.000843309602,0.000957799022,0.000954223959,0.000781538365,0.000510600967,0.000262959695,0.000106208692,3.36424852e-05,8.33964051e-06,1.61738931e-06,1.89843655e-07,0,0,0,0,0,0,0,0,0,0,0,0,0,0,0,0,0,0,0,0,0,0,0,0,0,0,0,0,0,0,0,0,0,0,0,0,0,0,0,0,0,0,0,0,0,0,0,0,0,0,0,0,0,0,0,0,0,0,0,0,0,0,0,0,0,0,0,0,0,0,0,0,0,0,0,0,0,0,0,0,0,0,0,0,0,0,0,0,0,0,0,0,0,0,0,0,0,0,0,0,0,0,0,0,0,0,0,0,0,0,0,0,0,0,0,0,0,0,0,0,0,0,0,0,0,0,0,0,0,0,0,0,0,0,0,0,0,0,0,0,0,0,0,0,0,0,0,0,0,0,0,0,0,0,0,0,0,0,0,0,0,0,0,0,0,0,0,0,0,0,0,0,0,0,0,0,0,0,0,0,0,0,0,0,0,0,0,0,0,0,0,0,0,0,0,0,0,0,0,0,0,0,0,0,0,0,0,0,0,0,0,0,0,0,0,0,0,0,0,0,0,0,0,0,0,0,0,0,0,0,0,0,0,0,0,0,0,0,0,0,0,0,0,0,0,0,0,0,0,0,0,0,0,0,0,0,0,0,0,0,0,0
0,0,0,0,0,8.91694338e-06,5.11181935e-05,0.0002237269,0.000766925103,0.00205821104,0.0043325856,0.00717356546,0.00938575724,0.0097857009,0.00826281446,0.00582919136,0.00364725482,0.00225154169,0.00159134568,0.0014385305,0.00164836645,0.00218248585,0.00297553422,0.00377146529,0.00416367638,0.00386920903,0.00297901161,0.00189658464,0.00103211939,0.000571485709,0.000466161394,0.000541808853,0.000609349852,0.000559245136,0.000403182522,0.000226872767,9.94235804e-05,3.39330472e-05,9.01950354e-06,1.86710538e-06,3.01010335e-07,0,0,0,0,0,0,0,0,0,0,0,0,0,0,0,0,0,0,0,0,0,0,0,0,0,0,9.27177077e-07,4.95000862e-06,2.0581432e-05,6.6645624e-05,0.000168071471,0.000330097923,0.00050491464,0.000601477635,0.000558016975,0.000403182522,0.000226872767,9.94235804e-05,3.39330472e-05,9.01950354e-06,1.86710538e-06,3.01010335e-07,0,0,0,0,0,0,0,0,0,0,0,2.0278466e-07,1.3223221e-06,6.71530547e-06,2.65595491e-05,8.18091683e-05,0.000196249998,0.000366643256,0.00053346279,0.000604492524,0.00053346279,0.000366643256,0.000196249998,8.18091683e-05,2.65595491e-05,6.71530547e-06,1.3223221e-06,2.0278466e-07,0,0,0,0,0,0,0,0,0,0,0,0,0,0,0,0,0,0,0,0,0,0,0,0,0,0,0,0,0,0,0,0,0,0,0,0,0,0,0,0,0,0,0,0,0,0,0,0,0,0,0,0,0,0,0,0,0,0,0,0,0,0,0,0,0,0,0,0,0,0,1.70065314e-06,9.18397551e-06,3.86313169e-05,0.000126573348,0.000323027179,0.000642140431,0.00099429459,0.00119920774,0.00112659538,0.000824395793,0.000469891681,0.000208619023,7.23474364e-05,2.0755704e-05,1.07927352e-05,2.7225923e-05,8.18091683e-05,0.000196249998,0.000366643256,0.00053346279,0.000604492524,0.00053346279,0.000366643256,0.000196249998,8.18091683e-05,2.65595491e-05,6.71530547e-06,1.3223221e-06,2.0278466e-07,0,0,0,0,0,0,0,0,0,0,0,0,0,0,0,0,0,0,0,0,0,0,0,0,0,0,0,0,0,0,0,0,0,0,0,0,0,0,0,0,0,0,0,0,0,0,0,0,0,0,0,0,0,0,0,0,0,0,0,0,0,0,0,0,0,0,0,0,0,0,0,0,0,0,0,0,0,0,0,0,0,0,0,0,0,0,0,0,0,0,0,0,0,0,0,0,0,0,0,0,0,0,0,0,0,0,0,0,0,0,0,0,0,0,0,0,0,0,0,0,0,0,0,0,0,0,0,0,0,0,0,0,0,0,0,0,0,0,0,0,0,0,0,0,0,0,0,0,0,0,0,0,0,0,0,0,0,0,0,0,0,0,0,0,0,0,0,0,0,0,0,0,0,0,0,0,0,0,0,0,0,0,0,0,0,0,0,0,0,0,0,0,0,0,0,0,0,0,0,0,0,0,0,0,0,0,0,0,0,0,0,0,0,0,0,0,0,0,0,0,0,0,0,0,0,0,0,0,0,0,0,0,0,0,0,0,0,0,0,0,0,0,0,0,0,0,0,0,0,0,0
0,0,0,0,0,0,0,5.51572737e-08,1.26743944e-06,7.33702383e-06,3.19012256e-05,0.000109360525,0.000298270243,0.000651308998,0.00114596425,0.00163808601,0.00192186677,0.00187931333,0.00157554821,0.00120854091,0.000985913046,0.00106192349,0.0015277411,0.00235740434,0.00332201983,0.00403233414,0.00417359017,0.00373984154,0.0030178409,0.00233851352,0.00185562211,0.00152951887,0.00125282964,0.000965602077,0.000688399614,0.000486254631,0.00040309352,0.000418317861,0.000464913521,0.00050069047,0.000557581891,0.000708022814,0.000988558805,0.00135163522,0.00167437997,0.00181585015,0.00170504381,0.00139169736,0.00100102301,0.000643350124,0.000370439443,0.000189776377,9.0092127e-05,5.39669454e-05,6.29222453e-05,9.60023763e-05,0.000127128267,0.000133332657,0.000109118381,6.9576954e-05,3.45508924e-05,1.34174052e-05,4.37542204e-06,2.68153491e-06,7.27473304e-06,2.23733816e-05,5.68942971e-05,0.000119262236,0.000211249458,0.000322125646,0.000425332802,0.000484409607,0.000478178461,0.000425773393,0.000370553014,0.000334727485,0.000305343783,0.000267036231,0.000228360959,0.000206421335,0.000202903972,0.000205581082,0.00020210768,0.000184513025,0.000149111977,0.000101901519,5.82639504e-05,3.26808488e-05,3.25921184e-05,6.02477663e-05,0.000113551082,0.000182919521,0.000253324684,0.000312488253,0.000353617886,0.000370042348,0.000354016391,0.000307417735,0.000249647826,0.000204767434,0.000178307993,0.00015478209,0.000120825157,8.37033546e-05,6.44803905e-05,8.03067426e-05,0.000131963136,0.000199129087,0.000247021121,0.000247380788,0.000201097687,0.0001380975,9.45959609e-05,8.84670651e-05,0.000110411169,0.00013285626,0.000131054745,0.000101808424,6.17092239e-05,2.91493714e-05,1.0723455e-05,3.0723213e-06,6.85527537e-07,1.1912683e-07,0,0,0,0,0,0,0,0,0,0,0,0,0,0,0,0,0,0,0,2.4719777e-07,1.28715373e-06,5.21966594e-06,1.64847116e-05,4.05458479e-05,7.7667226e-05,0.000115865895,0.000134616962,0.000121806456,8.58355653e-05,4.71075567e-05,2.01344732e-05,6.70218337e-06,1.73747578e-06,3.50790322e-07,5.51572737e-08,0,0,0,0,0,4.5215443e-08,2.94841727e-07,1.49732979e-06,5.92205436e-06,1.82412111e-05,4.37583917e-05,8.17514365e-05,0.000118947638,0.00013478533,0.000119014756,8.22663882e-05,4.63514776e-05,2.86789155e-05,3.90528637e-05,8.60569682e-05,0.000177319395,0.00031613911,0.000510276388,0.000788089748,0.00119058392,0.00172085312,0.00229127607,0.00273364381,0.00288231759,0.00267068445,0.00217178499,0.00156125378,0.00102855288,0.000687272363,0.000536228094,0.000489863729,0.000453994856,0.000388293031,0.000306802283,0.000232479515,0.000168530286,0.000110250176,6.09454521e-05,2.72644392e-05,9.63759763e-06,2.71950396e-06,8.76823243e-07,1.59596602e-06,5.92205436e-06,1.82412111e-05,4.37583917e-05,8.17514365e-05,0.000118947638,0.00013478533,0.000118947638,8.17514365e-05,4.38775191e-05,1.89267394e-05,8.99437527e-06,1.22207851e-05,2.94442134e-05,6.17544371e-05,0.000101741306,0.000130638431,0.000130638431,0.000101741306,6.17092239e-05,2.91493714e-05,1.0723455e-05,3.0723213e-06,6.85527537e-07,1.1912683e-07,0,0,0,0,4.5215443e-08,2.94841727e-07,1.49732979e-06,5.92205436e-06,1.82412111e-05,4.37583917e-05,8.17514365e-05,0.000118947638,0.000135023584,0.000120318695,8.78960831e-05,6.52724167e-05,7.69562688e-05,0.000131351597,0.000212546084,0.000283740442,0.000311908493,0.000293381308,0.000247840986,0.000192411841,0.000134029084,7.97474651e-05,3.88464061e-05,1.50984078e-05,4.58909744e-06,1.10371678e-06,2.06735175e-07,0,0,0,0,0,4.5215443e-08,2.94841727e-07,1.49732979e-06,5.92205436e-06,1.82412111e-05,4.37583917e-05,8.17514365e-05,0.000118947638,0.00013478533,0.000118947638,8.17514365e-05,4.37583917e-05,1.82412111e-05,5.92205436e-06,1.49732979e-06,2.94841727e-07,4.5215443e-08,0,0,0,0,0,0,0,0,0,0,0,0,0,0,0,0,0,0,0,0,0,0,0,0,0,0,0,0,0,0,0,0,4.5215443e-08,2.94841727e-07,1.49732979e-06,5.92205436e-06,1.82412111e-05,4.37583917e-05,8.17514365e-05,0.000118947638,0.00013478533,0.000118947638,8.17514365e-05,4.37583917e-05,1.82412111e-05,5.92205436e-06,1.49732979e-06,2.94841727e-07,4.5215443e-08,0,0,0,0,0,0,0,0,0,0,0,0,0,0,0,0,0,0,0,0,0,0,0,0,0,0,0,0,0,0,0,0,0,0,0,0,0,0,0,0,0,0,0,0,0,0,0,0,0,0,0,0,0,0,0,0,0,0,0,0,0,0,0,0,0,0,0,0,0,0,0,0,0,0,0,0,0,0,0,0,0,0,0,0,0,0,0,0,0,0,0,0,0,0,0,0,0,0,0,0,0,0,0,0,0,0,0,0,0,0,0,0,0,0,0,0,0,0,0,0,0,0,0,0,0,0,0,0
0,0,0,0,0,0,0,0,2.40799222e-07,1.31812233e-06,5.69631881e-06,1.91465383e-05,5.0666861e-05,0.000106791777,0.000182673129,0.000264896072,0.000355706466,0.000514622717,0.000909581223,0.00182618694,0.0035367616,0.00598365038,0.00851710766,0.0101114234,0.0100704266,0.00856676286,0.00643695077,0.00449324503,0.00306671595,0.00207627879,0.00134513593,0.000799890747,0.000455687353,0.000321739315,0.000350705928,0.000460448102,0.000578782277,0.000670230943,0.000719270769,0.000714093245,0.000663698326,0.000611310234,0.000600881031,0.000640232706,0.000702593265,0.000745030256,0.000729575984,0.000655370679,0.000563299186,0.000488717381,0.000423376201,0.000339248087,0.000233598516,0.000132896064,6.35192226e-05,3.37948842e-05,4.0590897e-05,7.8629775e-05,0.000137780723,0.000197758527,0.000238410031,0.000255120605,0.000254335816,0.000235556632,0.000192790761,0.000133229056,8.02168904e-05,5.66623422e-05,7.16607888e-05,0.00011695167,0.000166659378,0.000188284861,0.000166078109,0.000114143704,6.10967235e-05,2.54689029e-05,8.26854241e-06,2.09061486e-06,4.11666489e-07,6.31311003e-08,0,0,0,0,0,2.8864959e-07,1.54104108e-06,6.40742967e-06,2.07481748e-05,5.23241595e-05,0.000102766378,0.000157190474,0.000187252551,0.00017372234,0.000125519141,7.06302313e-05,3.10663839e-05,1.14525652e-05,7.17465221e-06,1.73931587e-05,5.08227962e-05,0.000120022199,0.000222734964,0.000324308432,0.000370791407,0.000333582619,0.000239419479,0.000147736594,0.000104203621,0.000116538892,0.000159496887,0.000195407797,0.000202962129,0.000194026381,0.000197088414,0.000223089359,0.000256698513,0.000277761389,0.000276895768,0.000250873894,0.000202903174,0.000153323181,0.00013623115,0.00017722343,0.000272693409,0.000390797565,0.000493016405,0.000553362495,0.000556476383,0.000492321427,0.000370228993,0.000228987956,0.000113806372,4.4815467e-05,1.38616052e-05,3.33820208e-06,6.33794217e-07,0,0,0,0,0,0,0,0,0,0,0,0,0,0,0,0,0,0,0,0,0,0,0,0,0,0,1.66328302e-07,9.57153239e-07,4.28966326e-06,1.49723959e-05,4.06991897e-05,8.61601911e-05,0.000142054134,0.00018240113,0.00018240113,0.000142054134,8.61601911e-05,4.06991897e-05,1.49723959e-05,4.40340879e-06,1.6452735e-06,3.40838602e-06,1.18960716e-05,3.39948222e-05,7.56568683e-05,0.000131132498,0.00017701035,0.000186085867,0.000152520556,9.81024961e-05,5.25306145e-05,3.36291504e-05,4.63184997e-05,8.74783122e-05,0.000142294934,0.00018240113,0.00018240113,0.000142054134,8.61601911e-05,4.06991897e-05,1.49723959e-05,4.28966326e-06,9.57153239e-07,1.66328302e-07,0,0,0,0,0,0,1.66328302e-07,9.57153239e-07,4.28966326e-06,1.49723959e-05,4.06991897e-05,8.64488398e-05,0.000143595176,0.000188808546,0.00020314929,0.000194378298,0.000188926561,0.000197889651,0.000202224943,0.000178011997,0.000126476286,7.0796556e-05,3.09526373e-05,1.05640664e-05,2.80795985e-06,5.81268905e-07,9.37108047e-08,0,0,0,0,0,0,0,0,0,0,0,0,0,0,0,7.701217e-08,4.89783524e-07,2.4259136e-06,9.35778094e-06,2.81123299e-05,6.57729238e-05,0.000119846082,0.000170069673,0.000187956069,0.00016177529,0.000108441212,5.66112775e-05,2.30164279e-05,7.28784752e-06,1.79716101e-06,3.45144627e-07,0,0,0,6.31311003e-08,4.11666489e-07,2.09061486e-06,8.26854241e-06,2.54689029e-05,6.10967235e-05,0.000114143704,0.000166078109,0.000188191149,0.000166078109,0.000114143704,6.10967235e-05,2.54689029e-05,8.26854241e-06,2.09061486e-06,4.11666489e-07,6.31311003e-08,0,0,0,0,0,0,0,0,0,0,0,0,0,0,0,0,0,0,0,0,0,0,0,0,0,0,0,0,0,0,0,0,0,0,0,0,0,0,0,0,0,0,0,0,0,0,0,0,0,0,0,0,0,0,0,0,0,0,0,0,0,0,0,0,0,0,0,0,0,0,0,0,0,0,0,0,0,0,0,0,0,0,0,0,0,0,0,0,0,0,0,0,0,0,0,0,0,0,0,0,0,0,0,0,0,0,0,0,0,0,0,0,0,0,0,0,0,0,0,0,0,0,0,0,0,0,0,0,0,0,0,0,0,0,0,0,0,0,0,0,0,0,0,0,0,0,0,0,0,0,0,0,0,0,0,0,0,0,0,0,0,0,0,0,0,0,0,0,0,0,0,0,0,0,0,0,0,0,0,0,0,0
0,0,0,0,0,0,0,0,0,0,0,8.73990745e-07,4.94560284e-06,2.26276515e-05,8.92352774e-05,0.000280167524,0.000755032389,0.00181106214,0.00388991917,0.00733007551,0.0117518897,0.0156374078,0.0170226752,0.0150772825,0.0108929152,0.0065336233,0.00346423758,0.00190396263,0.00128015259,0.000965366762,0.000664868158,0.00037530065,0.000167791609,5.86501832e-05,1.59840398e-05,3.39258005e-06,5.6078971e-07,0,0,0,0,0,0,0,0,0,0,0,0,0,0,0,0,0,0,0,0,0,0,0,0,0,0,0,0,0,0,0,0,0,0,0,0,0,0,0,0,0,0,0,0,0,0,0,0,0,0,0,0,0,0,0,0,0,0,0,0,0,0,0,0,0,0,0,0,0,0,0,0,0,0,0,0,0,0,0,0,0,0,0,0,0,0,0,0,0,0,0,0,0,0,0,0,0,0,0,0,0,0,0,0,0,0,0,0,0,0,0,0,0,0,0,0,0,0,0,0,0,0,0,0,0,0,0,0,0,0,0,0,0,0,0,0,0,0,0,0,0,0,0,0,0,0,0,0,0,0,0,0,0,0,0,0,0,0,0,0,0,0,0,0,0,0,0,0,0,0,0,0,0,0,0,0,0,0,0,0,0,0,0,0,0,0,0,0,0,0,0,0,0,0,0,0,0,0,0,0,0,0,0,0,0,0,0,0,0,0,0,0,0,0,0,0,0,0,0,0,0,0,0,0,0,0,0,0,0,0,0,0,0,0,0,0,0,0,0,0,0,0,0,0,0,0,0,0,0,0,0,0,0,0,0,0,0,0,0,0,0,0,0,0,0,0,0,0,0,0,0,0,0,0,0,0,0,0,0,0,0,0,0,0,0,0,0,0,0,0,0,0,0,0,0,0,0,0,0,0,0,0,0,0,0,0,0,0,0,0,0,0,0,0,0,0,0,0,0,0,0,0,0,0,0,0,0,0,0,0,0,0,0,0,0,0,0,0,0,0,0,0,0,0,0,0,0,0,0,0,0,0,0,0,0,0,0,0,0,0,0,0,0,0,0,0,0,0,0,0,0,0,0,0,0,0,0,0,0,0,0,0,0,0,0,0,0,0,0,0,0,0,0,0,0,0,0,0,0,0,0,0,0,0,0,0,0,0,0,0,0,0,0,0,0,0,0,0,0,0,0,0,0,0
0,0,0,0,0,0,0,0,0,0,0,0,1.25846409e-07,8.85850196e-07,6.39690498e-06,3.22256487e-05,0.000125716764,0.000407037065,0.0010881614,0.00238322732,0.00424510849,0.0061171371,0.0071099747,0.00666304705,0.00504760268,0.00311575435,0.00160444346,0.000742326418,0.000369777272,0.000234099936,0.000166522529,0.000108609894,6.45660991e-05,5.18862046e-05,8.37574187e-05,0.000160987772,0.000261802621,0.00034187294,0.000366462661,0.000349257946,0.000346059815,0.000405354421,0.000528083846,0.000666531948,0.000753349557,0.000751559554,0.000692266265,0.000650737673,0.000674210481,0.000744443669,0.000806792532,0.000818128853,0.000772874648,0.000707967407,0.000674696246,0.000689025967,0.000719731302,0.000735086698,0.000738065134,0.000744657809,0.000750088385,0.000729546932,0.000667941906,0.000584160859,0.000520700221,0.000504729958,0.000522966001,0.000536972521,0.000516781246,0.000462942105,0.000403194426,0.000365929302,0.000354223696,0.000344471813,0.000312236122,0.000259678032,0.000217468836,0.000216723408,0.000258752618,0.000312733577,0.000343313954,0.000338802625,0.000311084814,0.000272843889,0.000226451799,0.000177525147,0.000148468206,0.000165174069,0.00023331846,0.00033167126,0.000433153546,0.000524223673,0.000594992018,0.000616533519,0.000554407915,0.000413865621,0.000249385195,0.000119472685,4.51387373e-05,1.33684061e-05,3.22141668e-06,1.34965827e-06,3.83720911e-06,1.49423992e-05,4.61996908e-05,0.000113295629,0.000224756824,0.000368741288,0.000515180912,0.000630197569,0.000683965672,0.000660665191,0.000586550699,0.000545208756,0.000627354015,0.000847293265,0.0011115913,0.00127999621,0.00126683064,0.00109263676,0.000847289026,0.000614776594,0.000435707298,0.000318564687,0.00025555423,0.000223112557,0.0001901307,0.000140902555,8.51842537e-05,4.08044845e-05,1.52916494e-05,4.49203982e-06,1.02768314e-06,1.83105439e-07,0,0,0,0,0,0,0,0,3.15390705e-07,1.64223295e-06,6.65958323e-06,2.10322481e-05,5.17309828e-05,9.90928081e-05,0.000147933049,0.000172381707,0.000158523026,0.000121411667,9.59615557e-05,0.00011242509,0.000179251322,0.000279890792,0.00037903215,0.000435775477,0.0004222764,0.000341661819,0.000230713389,0.000139874632,0.000106315836,0.000140636374,0.000223373279,0.000306994058,0.000337635741,0.000295417874,0.000213771162,0.000153046429,0.000156579708,0.000223397718,0.000307074762,0.000344506657,0.000304861393,0.000215384422,0.000135541812,0.000111835579,0.000155712358,0.000242172034,0.000318636013,0.000333574081,0.000275236393,0.000178649205,9.11670567e-05,3.65593938e-05,1.15136433e-05,2.84558193e-06,5.51500532e-07,7.03731732e-08,0,0,0,1.43321017e-07,9.073373e-07,4.4762831e-06,1.72091029e-05,5.15576041e-05,0.000120371154,0.000219059889,0.000310883392,0.000344988183,0.000302956259,0.000221484187,0.000159472944,0.000146536546,0.000165171789,0.000175286326,0.000152400942,0.000104361399,5.58297514e-05,2.32733023e-05,7.68158177e-06,2.65291825e-06,3.78820601e-06,1.2268319e-05,3.40321926e-05,7.38700119e-05,0.000124874205,0.000164400734,0.000168562544,0.000134599931,8.37056821e-05,4.05407193e-05,1.52916494e-05,4.49203982e-06,1.02768314e-06,1.83105439e-07,0,0,0,0,0,0,0,0,0,0,0,0,0,0,0,0,0,0,7.03731732e-08,4.475607e-07,2.21678259e-06,8.55107366e-06,2.56888471e-05,6.01028299e-05,0.000109514497,0.000155408457,0.000171752919,0.00014782911,9.90928081e-05,5.17309828e-05,2.10322481e-05,6.65958323e-06,1.64223295e-06,3.15390705e-07,0,0,5.76887504e-08,3.76177909e-07,1.91038899e-06,7.55573524e-06,2.32733023e-05,5.58297514e-05,0.000104303705,0.000151760995,0.000171967734,0.000151760995,0.000104303705,5.58297514e-05,2.32733023e-05,7.55573524e-06,1.91038899e-06,3.76177909e-07,1.43321017e-07,5.31159391e-07,2.56589374e-06,9.65336871e-06,2.82842998e-05,6.4541403e-05,0.000114698498,0.000158746239,0.000171110049,0.000143639537,9.39071856e-05,4.78134448e-05,1.89595346e-05,5.85506366e-06,1.40819238e-06,2.63765943e-07,0,0,0,0,0,0,0,0,0,0,0,0,0,0,0,8.56322668e-08,5.31159391e-07,2.56589374e-06,9.65336871e-06,2.82842998e-05,6.4541403e-05,0.000114698498,0.000158746239,0.000171110049,0.000143639537,9.39071856e-05,4.78134448e-05,1.89595346e-05,5.85506366e-06,1.40819238e-06,2.63765943e-07,0,0,0,0,0,0,0,0,0,0,0,0,0,0,0,0,3.15390705e-07,1.64223295e-06,6.65958323e-06,2.10322481e-05,5.17309828e-05,9.90928081e-05,0.00014782911,0.000171752919,0.000155408457,0.000109514497,6.01028299e-05,2.56888471e-05,8.55107366e-06,2.21678259e-06,4.475607e-07,7.03731732e-08,0,0,0,0,0,0,0,0,0,0,0,0,0,0,0,0,0,0,0,0,0,0,0,0,0,0,0,0,0,0,0,0,0,0,0,0,0,0,0,0,0,0,0,0,0,0,0,0,0,0,0,0,0,0,0,0,0,0,0,0,0,0,0,0,0,0,0,0,0,0,0,0,0,0,0,0,0,0,0,0,0,0,0,0,0,0,0,0,0,0,0,0,0,0,0,0,0,0,0,0,0,0
0,0,0,0,0,0,0,0,0,0,8.86904133e-08,5.50128447e-07,2.76518016e-06,1.06493697e-05,3.23627758e-05,7.88969046e-05,0.000156819264,0.000264527454,0.000410187725,0.000647113539,0.0010782527,0.00177319479,0.00263344576,0.00336666263,0.00366602154,0.00345232531,0.00292656908,0.00237465256,0.00193453745,0.0015669945,0.00121024929,0.000885784151,0.00064417675,0.000483408649,0.000368959488,0.000308660882,0.000374294264,0.0006480883,0.00112619647,0.0016518746,0.00197981923,0.00195925898,0.0016488969,0.00123338358,0.000862081821,0.000591867085,0.000430612768,0.000370442285,0.000379519277,0.000406868961,0.000417745332,0.000414330941,0.000408988216,0.000391589934,0.000339506281,0.000251558421,0.000157486274,9.35258524e-05,7.82779001e-05,0.000106150804,0.00015093752,0.000177610434,0.000164475209,0.000118794674,6.6846341e-05,2.92944042e-05,9.99811511e-06,2.65752834e-06,7.78027274e-07,1.33619668e-06,5.31826174e-06,1.76572517e-05,4.56565246e-05,9.19409512e-05,0.000144192109,0.000176116644,0.000167634983,0.000124758557,7.49452412e-05,4.48908537e-05,4.94965334e-05,9.43086863e-05,0.000174279546,0.000264895842,0.000324885898,0.000321793778,0.000258466148,0.000173691383,0.000116050236,0.000119375635,0.000191368912,0.000307935615,0.000416901987,0.000464728104,0.000430514115,0.000334903924,0.000219143046,0.00011972666,5.44013628e-05,2.29887656e-05,1.82815531e-05,3.6495074e-05,7.67359894e-05,0.000129333782,0.000170271903,0.000174582342,0.000139406838,8.68524436e-05,4.28944082e-05,1.98976058e-05,1.89801564e-05,4.04890626e-05,8.57938055e-05,0.000148614106,0.000211220993,0.000254637153,0.000271183625,0.000263030072,0.000237754374,0.000210863366,0.000199029696,0.000200513524,0.000192983391,0.000160702193,0.000116184246,8.89834152e-05,9.82914575e-05,0.00013631989,0.000172712548,0.000178630912,0.000154057414,0.000131827187,0.0001508234,0.000221457796,0.000309243822,0.000356549863,0.000333143892,0.000268179232,0.000227258265,0.000259400197,0.000367231089,0.000509187128,0.000616059623,0.00062410185,0.000523174978,0.000373950739,0.000260214106,0.000223505456,0.000250951282,0.000318359663,0.000425157387,0.000583639858,0.000786315428,0.000993032601,0.00114670869,0.00120587567,0.00117874881,0.00112041442,0.00108124883,0.00106285324,0.0010300676,0.00094876942,0.000810679596,0.000644101513,0.000503489802,0.000433679677,0.000441728622,0.000499870554,0.00056197945,0.000585069969,0.000558424929,0.000512441398,0.000485782155,0.000488584635,0.000503219653,0.000507327446,0.000486372181,0.00044030992,0.00039409602,0.000392214651,0.00046392903,0.000595164961,0.00073743469,0.000839902068,0.000870197821,0.000815385297,0.000679892395,0.000491800521,0.000300485476,0.000153767657,7.36496732e-05,5.59763146e-05,8.61577028e-05,0.000146149447,0.000212525492,0.000262256144,0.000283337054,0.000277743604,0.000259635689,0.000253322111,0.00027785365,0.000322366807,0.000346424137,0.000315864354,0.000235421813,0.000141280815,6.77487042e-05,2.58432159e-05,7.80328929e-06,1.85829889e-06,3.26654111e-07,0,0,0,0,0,0,0,0,8.86904133e-08,5.50128447e-07,2.65752834e-06,9.99811511e-06,2.92944042e-05,6.6846341e-05,0.000118794674,0.000164523122,0.000177872085,0.000151837643,0.000108579358,8.20842109e-05,9.32189238e-05,0.000137997033,0.000193090277,0.000234213407,0.000252220773,0.000249121718,0.000223765677,0.000174838023,0.000113346917,5.90710792e-05,2.43323506e-05,7.82556981e-06,1.97861385e-06,5.47029737e-07,9.65624426e-07,4.0598521e-06,1.41702762e-05,3.85188022e-05,8.15443105e-05,0.000134443834,0.000172629311,0.000172629311,0.000134443834,8.15443105e-05,3.85188022e-05,1.41702762e-05,4.19019292e-06,1.67492224e-06,3.91919683e-06,1.3894209e-05,4.05658301e-05,9.41653459e-05,0.000175120646,0.000262981893,0.000322308333,0.000328170203,0.000289469939,0.000242603931,0.000216775228,0.000207097966,0.000186905487,0.000142664858,8.73462851e-05,4.20961825e-05,1.58377532e-05,4.65246202e-06,1.06438432e-06,1.89644601e-07,0,0,0,0,0,0,0,0,0,0,0,0,0,0,0,0,0,0,0,0,0,0,0,0,0,0,0,0,0,0,0,0,0,0,0,0,0,0,0,0,0,0,0,0,0,0,0,0,0,0,0,0,0,0,0,0,0,0,0,0,0,0,0,0,0,0,0,0,0,0,0,0,0,0,0,0,0,0,0,0,0,0,0,0,0,0,0,0,0,0,0,0,0,0,0,0,0,0,0,0,0,0,0,0,0,0,0,0,0,0,0,0,0,0,0,0,0,0,0,0,0,0,0,0,0,0,0,0,0,0,0,0,0,0,0,0,0,0,0,0,0,0,0,0,0,0,0,0,0,0,0,0,0,0,0,0,0,0,0,0,0,0,0,0,0,0,0,0,0,0,0,0,0,0,0,0,0,0,0,0,0,0
0,0,0,0,0,0,0,0,0,0,0,0,0,0,5.26868949e-07,3.16761177e-06,1.51479589e-05,5.5906542e-05,0.000167166252,0.000409592107,0.000836487795,0.00144818228,0.00216217538,0.00282501835,0.00326936618,0.00339844178,0.00325582488,0.00299692912,0.00274358893,0.00247347106,0.00209161751,0.00158640643,0.00106372508,0.000652587882,0.000421746311,0.000368439354,0.000436082925,0.00054386173,0.000631729733,0.000691431855,0.00074742468,0.000811563493,0.000867109605,0.000888410036,0.000859145194,0.00077529408,0.000646390479,0.000494538777,0.000346621622,0.00022724511,0.000158605008,0.000154804828,0.000208360047,0.000282065032,0.000325855417,0.000311739783,0.000256581406,0.000208525437,0.000206812751,0.000256064667,0.000331956123,0.000399352123,0.000423012396,0.000380673974,0.00028242677,0.000168896809,8.02857958e-05,3.00938188e-05,8.81762527e-06,2.03698998e-06,3.67705462e-07,0,0,5.76887014e-08,4.46550687e-07,2.35794778e-06,9.77250954e-06,3.20881149e-05,8.29267205e-05,0.000170261453,0.000280234791,0.000375189321,0.000417630413,0.000397022821,0.000331862574,0.000254987705,0.000203750243,0.000207673518,0.00026441426,0.000328464018,0.00034121019,0.000282099972,0.000183121745,9.30203024e-05,3.69549418e-05,1.14755888e-05,2.78502651e-06,5.2816708e-07,5.76887014e-08,0,0,2.11478496e-07,1.2736875e-06,6.08185672e-06,2.24927783e-05,6.52790075e-05,0.000149597212,0.000272278922,0.000399066753,0.000481274918,0.000495132864,0.00045895986,0.000409435323,0.000368644502,0.000334711713,0.000293399255,0.000234246935,0.000161493135,9.24767233e-05,4.27574646e-05,1.57391969e-05,4.74551422e-06,2.05536453e-06,4.67514118e-06,1.52916364e-05,4.05406849e-05,8.3705611e-05,0.000134599817,0.0001685624,0.000164400594,0.000124874099,7.38699492e-05,3.40321637e-05,1.22106198e-05,3.48239843e-06,1.19008892e-06,2.42825935e-06,9.08222615e-06,2.82547163e-05,6.98265094e-05,0.000138246241,0.000222166465,0.000295002221,0.000332367832,0.000331019823,0.000308530479,0.000284982703,0.000273194958,0.000290424516,0.000366970178,0.000525474507,0.000752636038,0.000996934124,0.00119575607,0.00130807776,0.0013287607,0.00127376207,0.00116587398,0.00104344988,0.000958236915,0.000936836543,0.000953773248,0.000960619879,0.000932278138,0.000874859362,0.000800129489,0.000715495165,0.000638945168,0.000607292737,0.000649650171,0.000755472204,0.000885580037,0.00101508983,0.00113848759,0.00122324394,0.00119675264,0.0010175694,0.00074556878,0.000510584142,0.000412255014,0.000456415166,0.000575302012,0.00069385888,0.000776978168,0.000828428132,0.000863691267,0.000886654205,0.000877940176,0.00080365753,0.000650330743,0.000450247822,0.000261357724,0.000125621606,4.94586852e-05,1.57998694e-05,4.07330255e-06,7.42528563e-07,1.25846302e-07,0,1.5198949e-07,8.74639079e-07,3.91986044e-06,1.36816573e-05,3.71905985e-05,7.87325029e-05,0.000129807947,0.000166676714,0.000166676714,0.000129807947,7.87325029e-05,3.71905985e-05,1.36816573e-05,3.91986044e-06,8.74639079e-07,1.5198949e-07,1.83105283e-07,1.02768226e-06,4.49203601e-06,1.52916364e-05,4.05406849e-05,8.3705611e-05,0.000134599817,0.0001685624,0.000164400594,0.000124874099,7.38699492e-05,3.40321637e-05,1.22106198e-05,3.41202539e-06,7.42528563e-07,1.25846302e-07,0,0,0,0,0,0,1.25846302e-07,7.42528563e-07,3.41202539e-06,1.22106198e-05,3.40321637e-05,7.38699492e-05,0.000124874099,0.000164583696,0.000169590082,0.00013927495,0.000100024929,8.55734098e-05,0.000114288884,0.00017963253,0.000253295701,0.000299183505,0.000293436508,0.000238374474,0.000159535062,8.9043131e-05,4.83147245e-05,4.40173509e-05,7.26725177e-05,0.000120570371,0.000161876519,0.000170043797,0.000139220082,8.8770647e-05,4.40821982e-05,1.70483951e-05,5.13487766e-06,1.20448979e-06,2.20040429e-07,0,0,0,0,0,0,0,0,0,0,0,0,1.03939743e-07,6.28798804e-07,2.96256683e-06,1.08705364e-05,3.10642003e-05,6.91346494e-05,0.000119827842,0.000161750662,0.000170043797,0.000139220082,8.8770647e-05,4.40821982e-05,1.70483951e-05,5.13487766e-06,1.20448979e-06,2.20040429e-07,0,0,0,0,0,0,0,0,0,0,0,0,0,0,0,0,0,0,0,0,0,0,0,0,0,0,0,0,0,0,0,0,0,0,0,0,0,0,0,0,0,0,0,0,0,0,0,0,0,0,0,0,0,0,0,0,0,0,0,0,0,0,0,0,0,0,0,0,0,0,0,0,0,0,0,0,0,0,0,0,0,0,0,0,0,0,0,0,0,0,0,0,0,0,0,0,0,0,0,0,0,0,0,0,0,0,0,0,0,0,0,0,0,0,0,0,0,0,0,0,0,0,0,0,0,0,0,0,0,0,0,0,0,0,0,0,0,0,0,0,0,0,0,0,0,0,0,0,0,0,0,0,0,0,0,0,0,0,0,0,0,0,0
0,2.80704476e-07,1.49862374e-06,6.23106441e-06,2.01770788e-05,5.08839308e-05,9.99377215e-05,0.000152863787,0.000182098402,0.000169074534,0.000122854425,7.23172657e-05,4.32479604e-05,4.74565664e-05,8.67438317e-05,0.000158197506,0.000264559199,0.000450608607,0.000845265286,0.00164170269,0.00294736119,0.00454539616,0.00582201085,0.00611693144,0.00527793284,0.00380402681,0.00238928103,0.00140714483,0.000833793119,0.000495933256,0.000274356082,0.000130438796,5.08530605e-05,1.59476206e-05,3.85776391e-06,7.57006683e-07,1.85507045e-07,8.64043731e-07,4.24649863e-06,1.63491407e-05,4.95276239e-05,0.000117812252,0.000221384672,0.000331655453,0.000403776005,0.000413698591,0.000376839532,0.000325447898,0.00028222754,0.000260653153,0.000269875266,0.000313822926,0.000396240062,0.000522130858,0.000680816735,0.000830676662,0.000909433689,0.000868147693,0.000710179155,0.000506418531,0.000356888001,0.000326410526,0.000408332301,0.000538324841,0.000638820612,0.000663053827,0.000612501647,0.000518125357,0.000413842441,0.00032647782,0.000271378931,0.000243362159,0.000221433425,0.000194763276,0.000177052094,0.000185062174,0.000214242088,0.000247668058,0.000283170157,0.000332365137,0.000393826727,0.000445554456,0.000470901668,0.000479189571,0.000493949012,0.000528688726,0.00057325909,0.000599032454,0.000582855218,0.000530515756,0.000474611641,0.000449885219,0.000475411073,0.000547840824,0.000635304148,0.000688168875,0.000682052095,0.000649586821,0.000637073487,0.000633443351,0.000579672594,0.000453194638,0.000306199114,0.000209666482,0.000185480944,0.000203935371,0.000231779754,0.000274116673,0.000359798542,0.000486689629,0.00059957614,0.000647227041,0.000644739644,0.000654114169,0.000712664296,0.000807025343,0.000896504285,0.000930707387,0.00086298479,0.000686035141,0.000455336574,0.000255217262,0.000142263524,0.00012302777,0.000169746743,0.000240891048,0.000296265762,0.000308632169,0.000271863645,0.000200527966,0.000122130344,6.1866625e-05,3.15175264e-05,3.20499815e-05,6.12733392e-05,0.000112006712,0.00016465961,0.000194976848,0.000196713941,0.000193807228,0.000218031113,0.000279879722,0.000365444809,0.000451577113,0.000512735485,0.000522897241,0.000468335425,0.000361526801,0.000236986266,0.000132204795,7.03079745e-05,5.69316654e-05,8.49539948e-05,0.000136269687,0.000183233332,0.00020415518,0.000202658709,0.000200597858,0.000207431431,0.000210980516,0.000204607597,0.000209983746,0.000254809343,0.000329878458,0.000387738279,0.00039648053,0.000384992061,0.000411686048,0.000487057988,0.000547949746,0.000520902163,0.000400432442,0.000251673132,0.000147264292,0.000116256194,0.000140033258,0.000175205994,0.000182533081,0.000153075086,0.000111535267,9.368842e-05,0.000120219102,0.000184925979,0.000259282949,0.000308085783,0.000307851602,0.000258001109,0.000179461345,0.000102075872,4.67753093e-05,1.70638624e-05,4.91443799e-06,1.09367894e-06,1.94864112e-07,0,0,0,0,0,0,0,0,0,0,0,0,0,0,0,0,0,0,0,0,0,0,0,0,0,7.48924008e-08,4.76302174e-07,2.35914004e-06,9.1002069e-06,2.73385347e-05,6.39625162e-05,0.000116547304,0.000165388485,0.000182782556,0.000157322406,0.000105456355,5.50530454e-05,2.2382898e-05,7.08724865e-06,1.74769394e-06,3.3564448e-07,0,3.3564448e-07,1.82258639e-06,7.56355106e-06,2.48526527e-05,6.49330468e-05,0.00013661689,0.000236006363,0.000343957607,0.000437410505,0.000500427316,0.000521180261,0.0004871787,0.000398742393,0.000285517325,0.000195861175,0.000161460941,0.000172773331,0.000190863125,0.000185222771,0.000160816347,0.000147148808,0.000160582167,0.000183706751,0.000184116652,0.000148829834,9.45820183e-05,4.69131107e-05,1.81432251e-05,5.46463411e-06,1.28184085e-06,2.34171194e-07,0,0,0,0,0,0,0,0,0,0,0,0,0,0,0,0,0,0,0,0,0,0,0,0,0,0,0,0,0,0,0,0,0,0,0,1.10614644e-07,6.69179602e-07,3.15281976e-06,1.15686309e-05,3.30591107e-05,7.3574404e-05,0.000127523061,0.000172138119,0.000180963831,0.00014816065,9.44714047e-05,4.69131107e-05,1.81432251e-05,5.46463411e-06,1.28184085e-06,2.34171194e-07,0,0,0,0,0,0,0,0,0,0,0,0,0,0,0,0,0,0,0,0,0,0,0,0,0,0,0,0,0,0,0,0,0,0,0,0,0,0,0,0,0,0,0,0,0,0,0,0,0,0,0,0,0,0,0,0,0,0,0,0,0,0,0,0,0,0,0,0,0,0,0,0,0,0,0,0,0,0,0,0,0,0,0,0,0,0,0,0,0,0,0,0,0,0,0,0,0,0,0,0,0,0,0,0,0,0,0,0,0,0,0,0,0,0,0,0,0,0,0,0,0,0,0,0,0,0,0,0,0,0,0,0,0,0,0,0,0,0,0,0,0,0,0
0,0,0,0,0,0,0,0,0,0,0,0,0,0,0,0,0,0,0,0,0,0,0,0,0,0,0,0,0,0,0,0,0,0,0,0,0,0,0,0,0,0,0,1.45475452e-07,9.48619116e-07,4.81748521e-06,1.93156324e-05,6.02746472e-05,0.000148474296,0.000291777804,0.00046750634,0.000632338455,0.00075619931,0.000833673603,0.000859385962,0.000813117273,0.00068829226,0.000526282448,0.000413523328,0.000429613819,0.000591064556,0.000834797585,0.00104725378,0.00111920851,0.00100293082,0.000750150591,0.000484992959,0.000324202183,0.000305693947,0.000376298888,0.000436623497,0.000417622147,0.000333111106,0.000260159057,0.000265077559,0.000344903171,0.000433372746,0.00046571112,0.000444920624,0.000436360622,0.00049401283,0.000614230969,0.000763745266,0.000908555589,0.000993214406,0.00094400372,0.000743001701,0.000469890032,0.000237831783,0.000109259494,9.75790955e-05,0.000227931612,0.000562269732,0.00113945297,0.0018656995,0.00249351907,0.00278432727,0.002710518,0.00244790806,0.00215976262,0.0018532731,0.00146421182,0.0010124549,0.000618098942,0.000394399206,0.000363790658,0.000465004491,0.000620457692,0.000796736009,0.000991646064,0.00116604919,0.0012289438,0.00111576514,0.000859460548,0.000572025872,0.00037485514,0.000344854662,0.000484720366,0.000711904776,0.000891950403,0.000932539499,0.000850910143,0.00072686347,0.000601345838,0.000462360151,0.000307004901,0.000166742009,7.20257296e-05,2.43431894e-05,6.47049119e-06,1.33944057e-06,2.15941455e-07,0,0,0,0,0,0,0,0,3.83276781e-07,2.52295611e-06,1.17572966e-05,4.36605731e-05,0.000127614042,0.000297527002,0.00055826935,0.000854719483,0.00109169142,0.00120560314,0.00121534782,0.00118827857,0.00115412214,0.0010689984,0.000880106852,0.000612768433,0.000365743959,0.000239848009,0.000289997607,0.000519433037,0.0008623346,0.0011714804,0.00129313723,0.0012004323,0.0010289706,0.000935397597,0.000934203808,0.000909080853,0.000777487657,0.00060099384,0.000532854973,0.000681745974,0.00101632684,0.00136896616,0.00154070215,0.00143540699,0.00111615167,0.000744850654,0.000474698435,0.000371689706,0.000395472329,0.000440747866,0.000417994918,0.000315453913,0.000186280225,8.58200007e-05,3.07919122e-05,8.60421407e-06,1.87245814e-06,3.17350664e-07,0,0,0,0,0,0,0,0,0,0,0,0,0,0,0,0,0,0,0,0,0,0,0,0,0,0,0,0,0,0,0,0,0,0,0,0,0,0,0,0,2.6210819e-07,1.58566215e-06,7.47079997e-06,2.7412581e-05,7.83355922e-05,0.000174339067,0.000302173721,0.000407891841,0.000428804907,0.000351075756,0.000223855793,0.000111163496,4.29914858e-05,1.2948786e-05,3.35475124e-06,2.42734116e-06,8.60421407e-06,3.07919122e-05,8.58200007e-05,0.000186280225,0.000314899029,0.000414574262,0.000425069222,0.000339424684,0.000211083129,0.000102232748,3.85614108e-05,1.13277115e-05,2.59153939e-06,4.61742477e-07,0,0,0,0,0,0,0,0,0,2.6210819e-07,1.58566215e-06,7.47079997e-06,2.7412581e-05,7.83355922e-05,0.000174339067,0.000302173721,0.000407891841,0.000428804907,0.000351075756,0.000223855793,0.000111163496,4.29914858e-05,1.2948786e-05,3.0374006e-06,5.54883021e-07,0,0,0,0,0,0,0,0,0,0,0,0,0,0,0,0,0,0,0,0,0,0,0,0,0,0,0,0,0,0,0,0,0,0,0,0,0,0,0,0,0,0,0,0,0,0,0,0,0,0,0,0,0,0,0,0,0,0,0,0,0,0,0,0,0,0,0,0,0,0,0,0,0,0,0,0,0,0,0,0,0,0,0,0,0,0,0,0,0,0,0,0,0,0,0,0,0,0,0,0,0,0,0,0,0,0,0,0,0,0,0,0,0,0,0,0,0,0,0,0,0,0,0,0,0,0,0,0,0,0,0,0,0,0,0,0,0,0,0,0,0,0,0,0,0,0,0,0,0,0,0,0,0,0,0,0,0,0,0,0,0,0,0,0,0,0,0,0,0,0,0,0,0,0,0,0
0,0,0,0,0,0,0,0,0,0,0,0,0,0,0,0,0,0,0,0,0,0,0,0,0,0,0,0,0,0,0,0,0,0,0,0,0,0,0,0,0,0,0,0,0,0,0,3.42527657e-07,3.17968824e-06,1.58962795e-05,6.20334721e-05,0.000188974551,0.000450297702,0.000839237206,0.0012300775,0.00143706813,0.00138586626,0.00118950076,0.00100657753,0.000870937769,0.00071790109,0.000529410246,0.00038247236,0.000365351791,0.00048454295,0.000648563029,0.000748676757,0.000773059849,0.000830862398,0.00102079659,0.00127598948,0.00139124851,0.0012281252,0.000856198519,0.000468133234,0.000202218841,7.71656945e-05,5.60962882e-05,0.000116706986,0.000258580303,0.000458792103,0.00063498234,0.000684437379,0.000574555783,0.000375627196,0.000192133153,8.13899014e-05,4.87769425e-05,9.72403114e-05,0.000267215334,0.000625885857,0.00120246023,0.00190388769,0.00250656244,0.00277188641,0.00260655529,0.00211311323,0.00150269106,0.000991081089,0.000762682834,0.000953568709,0.0015785517,0.00242798351,0.00308604105,0.00317330861,0.00264407217,0.00182321464,0.00113263068,0.000799468079,0.000781808661,0.00089903008,0.000998312108,0.00101695641,0.00093833753,0.000760137314,0.000518655533,0.000290911931,0.000144349109,0.000104990878,0.000174012443,0.000337336554,0.000539316656,0.000677217536,0.00067124823,0.000548337093,0.000431837767,0.000433111716,0.000555978599,0.000701471078,0.000771042804,0.000766329687,0.000770002553,0.000830370019,0.000911196706,0.000959830963,0.000959721325,0.000898297935,0.000751108785,0.000532232786,0.000314970571,0.000181114924,0.000173329465,0.000290185759,0.000482279908,0.000647503958,0.000680172965,0.000557160025,0.00035687168,0.000185195306,0.000102397515,0.000123294407,0.000246489821,0.000445505229,0.000648269503,0.000771137478,0.000798237067,0.000792739201,0.000798237067,0.000771137478,0.000648269503,0.000444625069,0.000241671882,0.000102754965,3.42041538e-05,8.86709386e-06,1.79023543e-06,2.81491534e-07,0,0,2.30754052e-07,1.50470544e-06,7.64152449e-06,3.02228165e-05,9.3092826e-05,0.000223318086,0.000417213102,0.00060704148,0.000687868102,0.00060704148,0.000417213102,0.000223318086,9.3092826e-05,3.02228165e-05,7.64152449e-06,1.50470544e-06,2.30754052e-07,0,0,0,0,0,0,0,0,0,0,0,0,0,0,0,0,0,0,0,0,0,0,0,0,0,0,0,0,0,0,0,0,0,0,0,0,0,0,0,0,0,0,0,0,0,0,0,0,0,7.3241874e-07,4.11071563e-06,1.79680853e-05,6.11663457e-05,0.00016216221,0.00033482135,0.000538397509,0.000674247399,0.000657600229,0.000499910551,0.000297994003,0.000147978443,9.23243271e-05,0.00013790446,0.000279507799,0.000479813165,0.000647000532,0.000680172965,0.00055687851,0.000355081428,0.000176328217,6.81933576e-05,2.05394435e-05,4.8179434e-06,8.8015884e-07,0,0,0,0,0,0,0,0,0,0,0,0,0,0,0,0,0,0,0,0,0,0,0,0,0,0,0,0,0,0,0,0,0,0,0,0,0,0,0,0,0,0,0,0,0,0,0,0,0,0,0,0,0,0,0,0,0,0,0,0,0,0,0,0,0,0,0,0,0,0,0,0,0,0,0,0,0,0,0,0,0,0,0,0,0,0,0,0,0,0,0,0,0,0,0,0,0,0,0,0,0,0,0,0,0,0,0,0,0,0,0,0,0,0,0,0,0,0,0,0,0,0,0,0,0,0,0,0,0,0,0,0,0,0,0,0,0,0,0,0,0,0,0,0,0,0,0,0,0,0,0,0,0,0,0,0,0,0,0,0,0,0,0,0,0,0,0,0,0,0,0,0,0,0,0,0,0,0,0,0,0,0,0,0,0,0,0,0,0,0,0,0,0,0,0,0,0,0,0,0,0
0,0,0,0,0,0,0,0,0,0,0,0,0,0,0,0,0,0,0,0,0,0,0,0,0,0,2.3818255e-07,1.43326316e-06,6.72995581e-06,2.49024637e-05,7.17698889e-05,0.000162427928,0.000290040836,0.000411847821,0.000470675299,0.000440107925,0.000342961671,0.000225924047,0.000126198516,5.93063379e-05,2.35777826e-05,1.03271375e-05,1.29711741e-05,3.22899335e-05,7.26564513e-05,0.000134862416,0.000212306408,0.000299584525,0.000404928473,0.000546137649,0.000729704061,0.000945240492,0.00118976527,0.00148590346,0.00185366799,0.00226235148,0.00262949911,0.00286711303,0.00291367237,0.00273950118,0.00236274529,0.00186047663,0.00133683624,0.000874781302,0.000522875564,0.000304609292,0.000215602145,0.000218902625,0.000257986701,0.00028540258,0.000282558199,0.000254640821,0.000211209386,0.000157367411,0.000100812322,5.35803354e-05,2.43084744e-05,1.41956233e-05,2.18503048e-05,4.68902254e-05,8.50059154e-05,0.000121562309,0.000139241429,0.000137231587,0.000141815404,0.000190017493,0.000298133898,0.000443205825,0.000572896189,0.000639445168,0.000630517343,0.000568397283,0.000481928696,0.000392339237,0.00032448144,0.000309335043,0.000357192318,0.000439089184,0.00050584817,0.00052124066,0.000477139616,0.000396350601,0.000334151094,0.000367437479,0.000561192429,0.000925640713,0.00138709662,0.00180143808,0.00203476742,0.00207478833,0.00205491477,0.00213131813,0.00235018541,0.00266443495,0.00303434744,0.003416911,0.0036778945,0.0036334398,0.00322247624,0.00257706852,0.00189968095,0.00132323228,0.000893851297,0.000619805056,0.000489643021,0.000462482696,0.000475624318,0.000476614698,0.000445737878,0.000390426848,0.000326198922,0.000268001018,0.000223824947,0.000188783777,0.000150272701,0.000103858477,5.8957918e-05,2.66643089e-05,9.49729712e-06,2.7561703e-06,1.25060912e-06,3.12867866e-06,1.05804772e-05,2.87607174e-05,6.08864434e-05,0.000100450994,0.000129361781,0.000131226995,0.00010956435,8.94170405e-05,9.88295997e-05,0.000147481268,0.000217599147,0.000276331779,0.000303460587,0.000307609167,0.000307600723,0.000301976507,0.000270976604,0.000207082897,0.000129340026,6.47213597e-05,2.57091111e-05,8.20772606e-06,2.68160751e-06,3.42208306e-06,1.07524372e-05,2.94371054e-05,6.39178028e-05,0.000110965245,0.000157657313,0.000189783048,0.000200769541,0.000189783048,0.000157861297,0.000112054245,6.86158744e-05,4.50305993e-05,5.16446699e-05,8.88369077e-05,0.000145847705,0.000201091741,0.000230427075,0.00022020054,0.000174999084,0.000114539993,6.09293711e-05,2.60072598e-05,8.81730724e-06,2.35727294e-06,4.86270871e-07,8.03800342e-08,0,0,0,0,0,0,0,0,0,0,0,0,0,0,0,0,0,0,0,0,0,0,0,0,0,0,0,0,0,5.44218515e-08,3.46113169e-07,1.7143097e-06,6.61282191e-06,1.99106284e-05,4.68365937e-05,8.65792284e-05,0.000128009775,0.000158285346,0.000179369144,0.000207205062,0.000246066998,0.000272016729,0.000254836697,0.000193012524,0.000116299459,5.64448082e-05,2.70103136e-05,2.84112792e-05,6.1492082e-05,0.00012586735,0.000204475258,0.000259251485,0.000256033011,0.00019695404,0.000118012507,5.50789129e-05,2.00233525e-05,5.66998933e-06,1.25060912e-06,2.14859583e-07,0,0,0,0,0,0,0,0,0,0,0,0,0,0,2.03978737e-07,1.08900072e-06,4.52791015e-06,1.46620215e-05,3.69756837e-05,7.26214647e-05,0.000111081101,0.000132324937,0.000122763602,8.87000593e-05,4.9911955e-05,2.18731641e-05,7.46526233e-06,1.98428864e-06,4.10762741e-07,2.70200957e-07,1.08900072e-06,4.52791015e-06,1.46620215e-05,3.69756837e-05,7.26214647e-05,0.000111081101,0.000132324937,0.000122763602,8.87000593e-05,4.9911955e-05,2.18731641e-05,7.46526233e-06,1.98428864e-06,4.10762741e-07,6.62222023e-08,0,0,0,0,0,0,0,0,0,0,0,0,0,0,0,0,0,0,0,0,0,0,0,0,0,0,0,0,0,0,0,0,0,0,0,0,0,0,0,4.46125771e-08,2.90910547e-07,1.47736561e-06,5.84309451e-06,1.79979976e-05,4.31749529e-05,8.06614294e-05,0.000117361687,0.000132988212,0.000117361687,8.06614294e-05,4.31749529e-05,1.79979976e-05,5.84309451e-06,1.47736561e-06,2.90910547e-07,4.46125771e-08,0,0,0,0,0,0,0,0,0,0,0,0,0,0,0,0,0,0,0,0,0,0,0,0,0,0,0,0,0,0,0,0,0,0,0,0,0,0,0,0,0,0,0,0,0,0,0,0,0,0,0,0,0,0,0,0,0,0,0,0,0,0,0,0,0,0,0,0,0,0,0,0,0,0,0,0,0,0,0,0,0,0,0,0,0,0,0,0,0,0,0,0,0,0,0,0,0,0,0,0,0,0,0,0,0,0,0,0
0,0,0,0,0,0,0,0,0,0,0,0,0,0,0,0,0,0,0,0,0,0,0,0,0,0,0,0,0,0,0,0,0,0,0,0,1.2243602e-07,7.04570612e-07,3.15766644e-06,1.10213388e-05,3.01363588e-05,6.47195692e-05,0.000110736681,0.000157471649,0.000204098545,0.000274431208,0.000398937674,0.000569769314,0.000720699444,0.000770059228,0.000695594817,0.000562057083,0.000466617737,0.000457251633,0.000503710037,0.00054047358,0.000529503377,0.000482391029,0.000432246425,0.000399603596,0.000392993482,0.000425933507,0.000511371251,0.000637359529,0.000763679048,0.000850420152,0.000883709293,0.000869538807,0.000815840405,0.000737647858,0.000667459253,0.000632317504,0.0006194057,0.000587298252,0.000513305039,0.000411149253,0.000306725516,0.000217163176,0.000156243377,0.000141640369,0.000186260976,0.000288007511,0.000430422947,0.000587892178,0.000725907451,0.000811015947,0.000840305472,0.000857400156,0.000911389958,0.000990610633,0.00102476544,0.000966312325,0.000851212087,0.000766575357,0.000771208273,0.000853120212,0.000955032146,0.0010322809,0.00108200794,0.00112531537,0.00118681308,0.00129500244,0.00147199459,0.00170695578,0.00195595304,0.00217508123,0.00234339687,0.00245325671,0.00249769736,0.00247613289,0.0023980891,0.00226904381,0.0020843402,0.00185411975,0.00161376082,0.00138770411,0.00116036828,0.000910046888,0.000658231813,0.000467006564,0.000390899766,0.000438186943,0.000563239501,0.000687839798,0.000737797698,0.000682888732,0.00055197619,0.000404958364,0.00028733018,0.000213452606,0.000178913333,0.000168742347,0.000161513744,0.000144965346,0.000129113473,0.000134235074,0.0001693624,0.000231177175,0.000318847144,0.000434528708,0.000561079091,0.000655415752,0.000677734948,0.000625924855,0.000537201948,0.000460262754,0.000423600233,0.00041897958,0.000409308546,0.000361123832,0.000276974236,0.000195305735,0.000155735186,0.000166095541,0.000202969756,0.000235677791,0.000247880962,0.00024108774,0.000225393455,0.00020545662,0.000176253631,0.000133501723,8.50151699e-05,4.67788758e-05,3.13663383e-05,4.37046351e-05,8.48806649e-05,0.000152772739,0.000243692546,0.000353529828,0.000467336097,0.000546534679,0.00054450124,0.00044946319,0.00030252626,0.00016460624,7.20127107e-05,2.52122205e-05,7.0439133e-06,1.56307966e-06,2.58949502e-07,0,0,0,0,0,0,0,0,0,0,0,0,0,0,0,5.6689472e-08,3.60534827e-07,1.78574063e-06,6.88836142e-06,2.0693783e-05,4.84161441e-05,8.82199671e-05,0.000125190083,0.000138356448,0.0001190845,7.98247218e-05,4.16721595e-05,1.69426358e-05,5.36466156e-06,1.3229092e-06,2.54064606e-07,0,0,0,0,1.01376223e-07,7.20584236e-07,3.45314752e-06,1.29940028e-05,3.84361468e-05,8.94654687e-05,0.000164073174,0.000237361932,0.00027183957,0.000249583419,0.000192690879,0.000144497356,0.000130497341,0.000139830007,0.000142341965,0.00011993657,7.99471584e-05,4.16721595e-05,1.69426358e-05,5.36466156e-06,1.48097493e-06,1.25921911e-06,4.83734949e-06,1.84760987e-05,5.53295292e-05,0.000131387012,0.000249059913,0.000380162704,0.000472042121,0.000481876887,0.000408133113,0.000290083894,0.000181352182,0.000123561717,0.000133469501,0.000198544008,0.000281709856,0.000343162527,0.000369471742,0.000375759902,0.000376145832,0.000365303944,0.00033080561,0.000270187999,0.000193704171,0.000118454409,6.02029266e-05,2.48243699e-05,8.23823178e-06,2.72180669e-06,3.17645519e-06,9.90531772e-06,2.7414808e-05,5.97512351e-05,0.000102002202,0.000138749182,0.000157829109,0.000168429603,0.000194782927,0.000244179394,0.000289609877,0.000297177312,0.000265654787,0.000223522376,0.000190217402,0.000159022457,0.000118464886,7.29188552e-05,3.5755545e-05,1.37334341e-05,4.13643065e-06,9.70283773e-07,1.77254851e-07,0,0,0,0,0,0,0,0,0,0,0,0,0,0,0,0,0,0,0,0,0,0,0,0,0,0,0,0,0,0,0,0,0,0,0,0,0,0,0,0,0,0,0,0,0,0,0,0,0,0,0,0,0,0,0,0,0,0,0,0,0,0,0,0,0,0,0,0,0,0,0,0,0,0,0,0,0,0,0,0,0,0,0,0,0,0,0,0,0,0,0,0,0,0,0,0,0,0,0,0,0,0,0,0,0,0,0,0,0,0,0,0,0,0,0,0,0,0,0,0,0,0,0,0,0,0,0,0,0,0,0,0,0,0,0,0,0,0,0,0,0,0,0,0,0,0,0,0,0,0,0,0,0,0,0,0,0,0,0,0,0,0,0,0,0,0,0,0,0,0,0,0
0,0,0,0,0,0,0,0,0,0,0,0,0,0,0,0,6.91801965e-08,4.39973584e-07,2.17920336e-06,8.40611457e-06,2.52533659e-05,5.90839576e-05,0.000107657991,0.000152773949,0.000168841338,0.000145323088,9.74129718e-05,5.08540313e-05,2.06757063e-05,6.54668896e-06,1.61439356e-06,3.10044154e-07,0,0,5.6710802e-08,4.83222473e-07,3.40325477e-06,1.59635804e-05,6.07634633e-05,0.000189834052,0.000496611956,0.00112526611,0.00227372973,0.00414433686,0.0067441087,0.00959033123,0.0117122107,0.0122369818,0.0110903591,0.00900677498,0.00684442862,0.00501688422,0.00352904071,0.00230737343,0.00135897052,0.000709750638,0.00032783499,0.000133583513,4.93164809e-05,2.324967e-05,3.10456426e-05,6.40654274e-05,0.000112856289,0.000156055148,0.000168209366,0.000141204538,9.23152567e-05,4.70870859e-05,1.92169945e-05,8.64800525e-06,1.27520471e-05,3.5548475e-05,8.66958603e-05,0.000169515424,0.000266018314,0.000340276449,0.000365140361,0.000344039109,0.000298726752,0.000242573955,0.00017787961,0.000111717308,5.8898617e-05,3.06762202e-05,3.03631309e-05,5.70713629e-05,0.000104519726,0.000155791727,0.000190038263,0.000201882635,0.000207843274,0.000227148641,0.00026526404,0.000321607489,0.000395439553,0.000468905718,0.000499076387,0.000450808494,0.000337869097,0.00021812467,0.000146547032,0.000136506564,0.000159092025,0.000171316029,0.000149584636,0.000102535533,5.4883317e-05,2.28787698e-05,7.42764928e-06,1.87800379e-06,3.69800884e-07,5.6710802e-08,0,0,0,0,0,0,0,0,0,0,0,0,0,0,0,0,0,0,0,0,0,0,0,0,0,0,0,0,0,0,0,0,0,0,0,0,0,0,0,0,0,0,0,0,0,0,0,0,0,0,0,0,1.49413068e-07,8.59812795e-07,3.85341365e-06,1.34497352e-05,3.65601688e-05,7.73978833e-05,0.000127607532,0.000163851324,0.000163851324,0.000127607532,7.73978833e-05,3.65601688e-05,1.34497352e-05,3.85341365e-06,8.59812795e-07,1.49413068e-07,0,0,0,0,0,0,0,0,0,0,0,0,0,0,0,0,0,0,0,0,0,0,0,0,0,0,0,0,0,0,0,0,0,0,0,0,0,0,0,0,0,0,0,0,0,0,0,0,0,0,0,0,0,0,0,0,0,0,0,1.23713042e-07,7.29941727e-07,3.35418707e-06,1.20036337e-05,3.34552737e-05,7.26177563e-05,0.000122757319,0.000161613788,0.000165705046,0.000132318173,8.22866907e-05,3.98534669e-05,1.5032423e-05,4.41589008e-06,1.0102617e-06,1.80001408e-07,0,0,0,0,0,0,0,0,0,0,0,0,0,0,0,0,0,0,0,0,0,0,0,0,0,0,0,0,0,0,0,0,0,0,0,0,0,0,0,0,0,0,0,0,0,0,0,0,0,0,0,0,0,0,0,0,0,0,0,0,0,0,0,0,0,0,0,0,0,0,0,0,0,0,0,0,0,0,0,0,0,0,0,0,0,0,0,0,0,0,0,0,0,0,0,0,0,0,0,0,0,0,0,0,0,0,0,0,0,0,0,0,0,0,0,0,0,0,0,0,0,0,0,0,0,0,0,0,0,0,0,0,0,0,0,0,0,0,0,0,0,0,0,0,0,0,0,0,0,0,0,0,0,0,0,0,0,0,0,0,0,0,0,0,0,0,0,0,0,0,0,0,0,0,0,0,0,0,0,0,0,0,0,0,0,0,0,0,0,0,0,0,0,0,0,0,0,0,0,0,0,0,0,0,0,0
0,0,0,0,0,0,0,0,0,0,0,0,0,0,0,0,0,0,0,0,0,0,0,0,0,0,0,0,0,0,0,0,0,0,0,0,0,3.92983553e-07,2.88632675e-06,1.89163783e-05,8.47273285e-05,0.000311742706,0.000948111863,0.00238357735,0.00493504789,0.00840321318,0.0118023191,0.0137903164,0.0136032445,0.0115512897,0.00861088181,0.00570616569,0.00337249684,0.00179696208,0.000927585961,0.000565149782,0.000477401,0.000494737575,0.000538408327,0.000580500459,0.000598932492,0.000567314212,0.000475781935,0.000344359678,0.000211132138,0.000107933669,4.54422764e-05,1.62160925e-05,8.00475575e-06,1.41893728e-05,3.64012866e-05,7.7055316e-05,0.000128136691,0.000169274403,0.000184578154,0.000183454506,0.000193844822,0.000230782704,0.000277355026,0.000299414593,0.000275131116,0.000210839781,0.000134683021,7.75197967e-05,5.74833417e-05,7.61637563e-05,0.000119036816,0.000158109663,0.000165826074,0.000135710734,8.65329876e-05,4.29710095e-05,1.66186528e-05,5.00544177e-06,1.17412797e-06,2.14493826e-07,0,0,0,0,0,0,0,3.07440328e-07,1.60083549e-06,6.49170827e-06,2.05020666e-05,5.04269467e-05,9.6594874e-05,0.00014410263,0.000167423367,0.000151490917,0.000106753853,5.85877562e-05,2.5041282e-05,8.33551797e-06,2.16090188e-06,4.36278578e-07,6.85992043e-08,0,0,0,0,0,3.07440328e-07,1.60083549e-06,6.49170827e-06,2.05020666e-05,5.04269467e-05,9.6594874e-05,0.00014410263,0.000167423367,0.000151490917,0.000106753853,5.85877562e-05,2.5041282e-05,8.33551797e-06,2.16090188e-06,4.36278578e-07,6.85992043e-08,0,0,0,0,0,0,0,0,0,0,0,0,0,0,0,0,0,0,0,0,0,0,0,0,0,0,0,0,6.85992043e-08,4.36278578e-07,2.16090188e-06,8.33551797e-06,2.5041282e-05,5.85877562e-05,0.000106753853,0.000151490917,0.000167423367,0.00014410263,9.6594874e-05,5.04269467e-05,2.05020666e-05,6.49170827e-06,1.60083549e-06,3.07440328e-07,0,0,0,0,0,0,0,0,0,0,0,0,0,0,0,0,0,0,0,0,0,0,0,0,0,0,0,0,0,0,0,0,0,0,0,0,0,0,0,0,0,0,0,0,0,0,0,6.85992043e-08,4.36278578e-07,2.16090188e-06,8.33551797e-06,2.5041282e-05,5.85877562e-05,0.000106753853,0.000151490917,0.000167423367,0.00014410263,9.6594874e-05,5.04269467e-05,2.05020666e-05,6.49170827e-06,1.60083549e-06,3.07440328e-07,0,0,0,0,0,0,0,0,0,0,0,0,0,0,0,0,0,0,0,0,0,0,0,0,0,0,0,0,0,0,0,0,0,0,0,0,0,0,0,0,0,0,0,0,0,0,0,0,0,0,0,0,0,0,0,0,0,0,0,0,0,0,0,0,0,0,0,0,0,0,0,0,0,0,0,0,0,0,0,0,0,0,0,0,0,0,0,0,0,0,0,0,0,0,0,0,0,0,0,0,0,0,0,0,0,0,0,0,0,0,0,0,0,0,0,0,0,0,0,0,0,0,0,0,0,0,0,0,0,0,0,0,0,0,0,0,0,0,0,0,0,0,0,0,0,0,0,0,0,0,0,0,0,0,0,0,0,0,0,0,0,0,0,0,0,0,0,0,0,0,0,0,0,0,0,0,0,0,0,0,0,0,0,0,0,0,0,0,0,0,0,0,0,0,0,0,0,0,0,0,0,0,0,0,0,0,0,0,0,0,0,0,0,0
0,0,0,0,0,0,0,0,0,0,0,0,0,0,0,0,0,0,0,0,0,0,0,0,0,0,0,0,5.43107968e-08,3.28561175e-07,1.71280454e-06,6.53819567e-06,1.97115011e-05,4.71141755e-05,8.97883486e-05,0.000137152475,0.000170187402,0.000178218478,0.000179642745,0.00022998913,0.000433652344,0.000983131375,0.00219183727,0.00438295337,0.00753623683,0.0109311373,0.0133005763,0.0136235245,0.0118783525,0.00898277014,0.00603711136,0.00368502752,0.00205876003,0.00105235569,0.000516102225,0.000298167764,0.000249012565,0.000250128086,0.000238379646,0.000203807996,0.000165278635,0.000140317306,0.000130747133,0.000128701188,0.000129458184,0.000133017862,0.000138597222,0.00014450544,0.000150641924,0.000155874053,0.000155603399,0.00014388362,0.000118107905,8.26569538e-05,4.76860529e-05,2.21816166e-05,8.18677681e-06,2.51515427e-06,1.35221518e-06,3.61209147e-06,1.19549768e-05,3.21325192e-05,6.85014296e-05,0.000116194207,0.000157236181,0.000170040556,0.000147078974,0.000101880338,5.76491885e-05,3.13352432e-05,3.00946374e-05,5.75101322e-05,0.000116550039,0.000203329197,0.000298783275,0.0003695019,0.000384774023,0.000340769181,0.000269273348,0.000216462638,0.000207954205,0.000232670093,0.000260318502,0.000270837582,0.000264516948,0.000250560907,0.000234636053,0.000217699701,0.000198552392,0.000174523466,0.000142443176,0.00010299377,6.30281305e-05,3.16151094e-05,1.26977873e-05,4.0437106e-06,9.98219324e-07,1.96561046e-07,3.01436125e-08,0,0,0,1.14975953e-07,6.29372347e-07,2.68308627e-06,8.90816059e-06,2.3033916e-05,4.63846112e-05,7.27455484e-05,8.88516157e-05,8.45182705e-05,6.27774751e-05,3.69824749e-05,1.97115011e-05,1.66698963e-05,2.85785577e-05,5.21066864e-05,7.72981988e-05,8.97445933e-05,8.12042605e-05,5.72236796e-05,3.1405021e-05,1.3422975e-05,4.46811985e-06,1.15831657e-06,2.33860089e-07,3.67714961e-08,0,0,0,0,0,0,0,9.56765289e-08,5.36986537e-07,2.3471874e-06,7.9902156e-06,2.11833976e-05,4.37380187e-05,7.03313583e-05,8.80775535e-05,8.59029185e-05,6.52494574e-05,3.85986696e-05,1.77825524e-05,6.38031681e-06,1.78285815e-06,3.8798747e-07,6.57574547e-08,0,0,0,0,0,0,0,0,0,0,0,0,0,0,0,0,0,0,0,0,0,0,0,0,0,0,0,0,0,0,0,0,0,0,0,0,0,0,0,0,0,0,0,0,0,0,0,0,0,0,0,0,0,0,0,0,0,0,0,0,0,0,0,0,0,0,0,0,5.43107968e-08,3.28561175e-07,1.54800619e-06,5.68009385e-06,1.62317264e-05,3.61243715e-05,6.26126774e-05,8.45182705e-05,8.88516157e-05,7.27455484e-05,4.63846112e-05,2.3033916e-05,8.90816059e-06,2.68308627e-06,6.29372347e-07,1.14975953e-07,0,0,0,0,0,0,0,0,0,0,0,0,0,0,0,0,0,7.94178441e-08,4.57018113e-07,2.04821311e-06,7.14896618e-06,1.94329039e-05,4.11394606e-05,6.78275013e-05,8.70922409e-05,8.70922409e-05,6.78275013e-05,4.11394606e-05,1.94329039e-05,7.14896618e-06,2.04821311e-06,4.57018113e-07,7.94178441e-08,0,0,0,0,0,0,0,0,0,0,0,0,0,0,0,0,0,0,0,0,0,0,0,0,0,0,0,0,0,0,0,0,0,0,0,0,0,0,0,0,0,0,0,0,0,0,0,0,0,0,0,0,0,0,0,0,0,0,0,0,0,0,0,0,0,0,0,0,0,0,0,0,0,0,0,0,0,0,0,0,0,0,0,0,0,0,0,0,0,0,0,0,0,0,0,0,0,0,0,0,0,0,0,0,0,0,0,0,0,0,0,0,0,0,0,0,0,0,0,0,0,0,0,0,0,0,0,0,0,0,0,0,0,0,0,0,0,0,0,0,0,0,0,0,0,0,0,0,0,0,0,0,0,0,0,0,0,0,0,0,0,0,0,0,0,0,0,0,0,0,0,0,0,0
0,0,0,0,0,0,0,0,0,0,0,0,0,0,0,0,0,0,0,0,0,0,0,0,0,0,0,9.79741071e-08,5.78074776e-07,2.65633662e-06,9.50623537e-06,2.6494786e-05,5.76569559e-05,9.82386092e-05,0.000133145721,0.00015119726,0.000165642089,0.000211462601,0.000309759577,0.000431586856,0.000507411484,0.000484094422,0.000373552796,0.000240612478,0.000150623204,0.000132039988,0.000176197236,0.000254575908,0.000333612429,0.000388051817,0.000416547469,0.000453299496,0.000557880147,0.000778796237,0.00111864411,0.00152429246,0.00191456024,0.00222515251,0.00241684819,0.00244008914,0.0022409337,0.00184311284,0.00138646154,0.00103480878,0.00085879648,0.000823776635,0.00086209503,0.000920902172,0.000957678151,0.000937443022,0.000854041121,0.00073581769,0.000618122298,0.000523628359,0.000466550047,0.000449059826,0.00044501067,0.000410845014,0.000326287225,0.000216179782,0.000127547361,9.6468163e-05,0.00013696936,0.00024090025,0.000373503617,0.00048220818,0.000533396147,0.000546821511,0.000580803329,0.000670007468,0.000781274174,0.000841267556,0.000804367718,0.000683657299,0.000524350264,0.000365816137,0.000231449636,0.000136051353,8.90149999e-05,8.87873202e-05,0.000121307402,0.000170569299,0.000241389412,0.00037082614,0.000600213545,0.000927368461,0.00128496638,0.0015698343,0.00170364411,0.00169069373,0.00161666954,0.0015791414,0.00162361046,0.00174751482,0.00192631593,0.00211358968,0.00223970781,0.00224789162,0.00213788731,0.00196620634,0.00180290601,0.0016784624,0.00156711039,0.00142494375,0.00124712552,0.00106987003,0.000919113837,0.000781952575,0.000635384152,0.000478043365,0.000329928225,0.000216692196,0.000158496262,0.00016006483,0.000201492035,0.00024315222,0.000248787545,0.00021118893,0.000155609656,0.000117428997,0.000113371603,0.000131307007,0.000145658892,0.000145027332,0.000143319753,0.000161824876,0.000204943533,0.000256514054,0.000294926781,0.000304611638,0.000280091935,0.000230215392,0.000180301196,0.000159104183,0.000178189299,0.000224057652,0.000271196188,0.000298307812,0.000293757068,0.000254819551,0.000190655954,0.000122654716,7.50030226e-05,6.198097e-05,8.13001421e-05,0.000114500088,0.000136282671,0.000133160223,0.00011579001,0.000107756228,0.000119237158,0.000135504812,0.00013322714,0.000105202423,6.5233322e-05,3.15618126e-05,1.19048744e-05,3.61547588e-06,1.4809989e-06,3.19424874e-06,1.06514703e-05,2.89536968e-05,6.12949807e-05,0.000101058335,0.000129761478,0.000129761478,0.000101058335,6.12949807e-05,2.89536968e-05,1.06514703e-05,3.05169735e-06,6.8092571e-07,1.18327152e-07,0,0,0,0,0,0,0,0,0,0,0,0,0,0,0,0,0,0,0,0,0,0,0,0,0,0,4.49119196e-08,2.92862506e-07,1.48727847e-06,6.10577144e-06,1.94083678e-05,4.92682221e-05,0.00010157048,0.000173895137,0.000252870054,0.00031622669,0.000338358637,0.00030397949,0.000224521962,0.000135998724,7.42058999e-05,5.46882503e-05,7.22139556e-05,0.000108097179,0.000138569519,0.000150128929,0.000152323983,0.000168285814,0.000209635313,0.000264076575,0.000306498405,0.000315725652,0.000283427612,0.000217472255,0.000139625636,7.35482877e-05,3.12986146e-05,1.06025432e-05,2.86168397e-06,5.78074776e-07,9.79741071e-08,0,0,0,0,0,0,0,0,0,0,0,0,0,0,0,0,0,0,0,0,0,6.66665417e-08,4.13518887e-07,2.07852226e-06,8.004886e-06,2.43263534e-05,5.87098042e-05,0.000113479386,0.000177410165,0.000226746955,0.000239031383,0.000210676191,0.000161983725,0.000124143966,0.000116023115,0.000129456955,0.000137916257,0.000121926511,8.54306666e-05,4.67913319e-05,1.9999314e-05,6.65719278e-06,1.72581241e-06,3.48435528e-07,1.97338505e-07,8.00073188e-07,3.49714858e-06,1.19048744e-05,3.15618126e-05,6.51666545e-05,0.00010478891,0.000131229527,0.000127989469,9.72172258e-05,5.7509376e-05,2.6494786e-05,9.50623537e-06,2.65633662e-06,5.78074776e-07,9.79741071e-08,0,0,0,0,0,0,4.49119196e-08,2.92862506e-07,1.48727847e-06,5.88230065e-06,1.8118761e-05,4.34646493e-05,8.12026535e-05,0.000118149163,0.000133880539,0.000118149163,8.12026535e-05,4.34646493e-05,1.8118761e-05,5.88230065e-06,1.48727847e-06,2.92862506e-07,4.49119196e-08,0,0,0,0,0,0,0,0,0,0,0,0,0,0,0,0,0,0,0,0,0,0,0,0,0,0,0,0,0,0,0,0,0,0,0,0,0,0,0,0,0,0,0,0,0,0,0,0,0,0,0,0,0,0,0,0,0,0,0,0,0,0,0,0,0,0,0,0,0,0,0,0,0,0,0,0,0,0,0,0,0,0,0,0,0,0,0,0,0,0,0,0,0,0,0,0,0,0,0,0,0,0,0,0,0,0,0,0,0,0,0,0,0,0,0,0,0,0,0,0,0,0,0,0
0,0,0,0,0,0,0,0,0,0,0,0,0,0,0,0,0,0,0,0,0,0,0,0,0,0,0,0,0,0,0,0,0,0,1.71761974e-07,8.94361081e-07,3.80878559e-06,1.31089255e-05,3.79703404e-05,9.89921972e-05,0.000248865592,0.000616413883,0.00145554007,0.00309810019,0.00571331663,0.00894517243,0.0117920539,0.0130766956,0.0122681545,0.0098737875,0.00699405911,0.00454032898,0.00284403556,0.00179179348,0.00113604578,0.000693726834,0.000384588081,0.000186115988,8.16070477e-05,4.61845039e-05,5.33890965e-05,8.13901152e-05,0.000115024122,0.000151111818,0.000198189233,0.000259407306,0.000315284852,0.000334021101,0.000300670278,0.000229206084,0.000148141818,8.11331751e-05,3.92614375e-05,2.40603026e-05,3.49270824e-05,7.13238398e-05,0.000125071797,0.000172725128,0.000186142782,0.000156327224,0.0001023106,5.21799382e-05,2.08384691e-05,6.9829498e-06,3.9966952e-06,8.79450261e-06,2.30502703e-05,4.98152405e-05,8.77434396e-05,0.000130695131,0.000172090202,0.0002076043,0.000231942073,0.000242297189,0.000247355521,0.000261432937,0.00028488598,0.000302143359,0.000306214488,0.000313661395,0.00034304907,0.000385016681,0.000407123846,0.000388911586,0.000340291866,0.000283334213,0.000228343443,0.000175336591,0.000130542805,0.000110679385,0.000128466201,0.000175756972,0.000223721617,0.000242380562,0.000221154281,0.000170924239,0.000111919495,6.15342197e-05,2.87012421e-05,1.42028512e-05,1.56091601e-05,3.10608831e-05,5.69236969e-05,8.26874605e-05,9.38974786e-05,8.3856397e-05,6.14607852e-05,4.43950793e-05,4.54066923e-05,6.37565213e-05,8.56759475e-05,9.3741611e-05,8.05392363e-05,5.39660048e-05,2.81727253e-05,1.14855933e-05,3.83167978e-06,1.93476011e-06,4.28662015e-06,1.26746549e-05,3.04049172e-05,5.68038624e-05,8.2649132e-05,9.36537344e-05,8.2649132e-05,5.68038624e-05,3.04049172e-05,1.26746549e-05,4.1148581e-06,1.04039903e-06,2.04866723e-07,3.14173293e-08,0,0,0,0,0,0,0,3.14173293e-08,2.04866723e-07,1.04039903e-06,4.1148581e-06,1.26746549e-05,3.04049172e-05,5.68038624e-05,8.2649132e-05,9.36537344e-05,8.27176738e-05,5.72082444e-05,3.22631089e-05,1.93245716e-05,2.26488113e-05,4.12700508e-05,6.82114389e-05,8.95641532e-05,9.17992659e-05,7.33032061e-05,4.55861664e-05,2.20785009e-05,8.32784174e-06,2.44636768e-06,5.59676875e-07,9.97193356e-08,0,0,0,0,0,0,0,0,0,0,0,0,0,0,0,0,0,0,0,0,0,0,0,0,0,0,0,0,0,0,0,0,0,0,0,0,0,0,0,0,0,0,0,0,0,0,0,0,0,0,0,0,0,0,0,0,6.85360325e-08,4.0438186e-07,1.85819272e-06,6.64991675e-06,1.85339532e-05,4.02296543e-05,6.80065698e-05,8.95327418e-05,9.17992659e-05,7.33032061e-05,4.55861664e-05,2.20785009e-05,8.32784174e-06,2.44636768e-06,5.59676875e-07,9.97193356e-08,0,0,0,0,0,0,0,0,0,0,0,0,0,1.19834256e-07,6.55966442e-07,2.79645993e-06,9.28457444e-06,2.40072129e-05,4.83445905e-05,7.59630587e-05,9.33729385e-05,9.12782587e-05,7.55837438e-05,6.36900388e-05,6.80595065e-05,8.41462875e-05,9.48000568e-05,8.67957381e-05,6.25214784e-05,3.51492881e-05,1.54036472e-05,5.25723059e-06,1.39738732e-06,2.89269734e-07,4.66353856e-08,0,0,0,0,0,0,0,0,0,0,0,0,0,0,0,0,0,0,0,0,0,0,0,0,0,0,0,0,0,0,0,0,0,0,0,0,0,0,0,0,0,0,0,0,0,0,0,0,0,0,0,0,0,0,0,0,0,0,0,0,0,0,0,0,0,0,0,0,0,0,0,0,0,0,0,0,0,0,0,0,0,0,0,0,0,0,0,0,0,0,0,0,0,0,0,0,0,0,0,0,0,0,0,0,0,0,0,0,0,0,0,0,0,0,0,0,0,0,0,0,0,0,0,0,0,0,0,0,0,0,0,0,0,0,0,0,0,0,0,0,0,0,0,0,0,0,0,0,0,0,0,0,0,0,0,0,0,0,0,0,0,0,0,0,0,0,0,0,0,0
0,0,0,0,0,0,0,0,0,0,0,0,0,0,0,0,0,0,0,0,0,0,0,0,0,0,0,0,0,0,0,0,0,0,0,0,0,0,0,0,0,0,0,3.06197056e-07,2.2388157e-06,1.16691673e-05,4.68261703e-05,0.000149820802,0.000386645909,0.000812088562,0.00140674247,0.00204741779,0.00257645914,0.0029213617,0.00313045425,0.00327722974,0.00335326763,0.00327476999,0.00297525553,0.00247495526,0.00187664372,0.00131206936,0.000880688132,0.000614285506,0.000482164962,0.000422246838,0.000376187007,0.00031866154,0.000260408417,0.000224058251,0.000217902895,0.00023123274,0.000243212071,0.000238564143,0.000227305826,0.000243569192,0.000312887123,0.000417214828,0.000502320924,0.000527009218,0.000502795843,0.000478222996,0.000482547651,0.000494034058,0.000471003822,0.000415718613,0.00039515983,0.000492595943,0.000736758698,0.00107370147,0.0014013508,0.00163883477,0.00176412471,0.00178492631,0.00169501812,0.00149485349,0.00123886555,0.00102038044,0.000904304782,0.000887418426,0.000915411735,0.000925677976,0.000887809319,0.000816356172,0.000752141013,0.000731013915,0.000768105903,0.000856244015,0.00096311954,0.00103578029,0.00103490586,0.000974851516,0.000913796537,0.000897994355,0.000922809648,0.000939128555,0.000888922543,0.000746738128,0.000540669617,0.000334786016,0.000187604285,0.000125514069,0.000141921537,0.000208302354,0.00028533353,0.000335933031,0.000339074999,0.000298168645,0.000239305364,0.000196332712,0.000191901791,0.000233336818,0.000319198171,0.000433534487,0.000533075656,0.000561005711,0.000490713614,0.000352443998,0.000211808836,0.000123656125,0.000107224217,0.00014909864,0.000214694906,0.000262632363,0.000265271096,0.000224595559,0.000167106649,0.000125760974,0.000121747192,0.000156246506,0.000213365671,0.000269770859,0.00030473623,0.000308646682,0.000286856349,0.000252296847,0.000212970075,0.000170553772,0.000130650727,0.000108853762,0.000120268805,0.000160241304,0.000200385703,0.000210817286,0.000189581383,0.000162222371,0.000153864555,0.000169869408,0.000204089344,0.000248678079,0.000288151322,0.000296955478,0.000258362552,0.000183704332,0.000104836565,4.75197622e-05,1.69931842e-05,4.90666493e-06,1.73049394e-06,3.2276365e-06,1.02501773e-05,2.71247106e-05,5.7016884e-05,9.66135093e-05,0.000134833633,0.000158923301,0.000161249806,0.000141126261,0.00010485649,6.47342406e-05,3.35459815e-05,1.8345842e-05,2.05330945e-05,3.8774299e-05,6.73819576e-05,9.3002963e-05,0.000100246417,8.41525612e-05,5.50901295e-05,2.84469699e-05,1.31065886e-05,1.07384852e-05,2.15880825e-05,4.6862205e-05,8.42663427e-05,0.000124388541,0.000154138732,0.00016474483,0.000155654786,0.000134953388,0.000116659152,0.000110646203,0.000111935918,0.000105384617,8.30667125e-05,5.23920693e-05,2.63111755e-05,1.19869382e-05,1.01620296e-05,2.06437386e-05,4.34475755e-05,7.34209269e-05,9.76144194e-05,0.000103763671,9.39066767e-05,8.42515544e-05,8.79614137e-05,0.000100317433,0.000104758005,9.28646473e-05,7.47323442e-05,6.81192606e-05,7.951912e-05,9.6904534e-05,0.00010139331,8.5299454e-05,5.891798e-05,4.03338907e-05,4.14146971e-05,6.15919669e-05,8.80341416e-05,0.00010351655,0.000100658495,9.08541348e-05,9.47135703e-05,0.000123467875,0.000170199041,0.000217713469,0.000250479673,0.000260649263,0.000248433338,0.000219171283,0.000179259715,0.000136125737,0.000102051219,9.13234845e-05,0.000108827337,0.000142628957,0.00017045951,0.000173931017,0.000148711755,0.000105314617,6.09997059e-05,2.86780794e-05,1.1709266e-05,7.54219063e-06,1.44478177e-05,3.34393707e-05,6.37390031e-05,9.78693482e-05,0.000124500064,0.000137950351,0.000140092839,0.000132167985,0.000112958898,8.77278112e-05,7.10476448e-05,7.57806389e-05,0.000100820705,0.000133534332,0.000162536576,0.000184735675,0.00019880407,0.000197809284,0.000174188833,0.000130595327,8.10990973e-05,4.09282119e-05,1.65533029e-05,5.32091134e-06,1.34889121e-06,2.62207607e-07,4.12287792e-08,0,0,0,0,0,0,0,0,0,0,0,0,0,3.3797492e-08,2.20387333e-07,1.27374896e-06,5.25160059e-06,1.70651255e-05,4.38159989e-05,8.91192472e-05,0.000143926997,0.000185086229,0.000190119124,0.000158011845,0.000112227498,8.17541381e-05,7.90516611e-05,9.33817956e-05,0.000102346684,9.13924778e-05,6.42102531e-05,3.52118029e-05,1.50500504e-05,5.00972618e-06,1.29872274e-06,2.62207607e-07,4.12287792e-08,0,0,0,0,0,0,0,0,0,0,0,0,0,0,0,0,0,0,0,0,0,0,0,0,0,0,0,0,0,0,0,0,0,0,0,0,0,0,0,0,0,0,0,0,0,0,0,0,0,0,0,0,0,0,0,0,0,0,0,0,0,0,0,0,0,0,0,0,0,0,0,0,0,0,0,0,0,0,0,0,0,0,0,0,0,0,0,0,0,0,0,0,0,0,0,0,0,0,0,0,0,0,0,0,0,0,0,0,0,0,0,0,0,0,0,0,0,0,0,0,0,0,0,0,0,0,0,0,0,0,0
0,0,0,0,0,0,0,0,0,0,0,0,0,0,0,0,0,0,0,0,0,0,0,0,0,0,0,0,0,6.75840341e-08,3.98764802e-07,1.83238153e-06,6.62513004e-06,1.86752726e-05,4.15032234e-05,7.36194732e-05,0.00010656559,0.000130194979,0.000139346915,0.000133411417,0.000113177891,8.41423652e-05,5.92175517e-05,5.33628801e-05,7.57413327e-05,0.000130853906,0.000228407535,0.000386192173,0.000610313941,0.000869185157,0.00110771625,0.00130127352,0.00147711671,0.00166539187,0.00184843907,0.00198236495,0.00205746074,0.00211165976,0.00217271937,0.00219800839,0.00209958667,0.00184748622,0.00152742639,0.00127014422,0.00113462605,0.00107823236,0.00102431757,0.000932079538,0.000812973452,0.000705574968,0.000637118531,0.000597990909,0.000551803737,0.000473951272,0.000378244349,0.000307864735,0.000303730704,0.000375627199,0.000492525709,0.000596995776,0.000640003626,0.000613838888,0.000551497677,0.00049256924,0.000458656291,0.0004615795,0.000513995969,0.000612874384,0.000718631881,0.000771290562,0.000735122678,0.000624880974,0.000487866966,0.00037095152,0.000300699876,0.000281337437,0.000302289364,0.000353284499,0.00043360355,0.000542893685,0.000664683217,0.000769734911,0.00083989394,0.000882089954,0.000914732133,0.000948244993,0.000984637981,0.00102529131,0.00106789952,0.00110135478,0.00111281617,0.00110101205,0.00108267759,0.00108975356,0.00115531269,0.00128992092,0.00145925494,0.00158305261,0.00157527559,0.00140951081,0.00114837428,0.00090042656,0.000746203603,0.000696025203,0.000699837824,0.000690406785,0.000630066776,0.000527725364,0.000419622284,0.000337121907,0.000289846227,0.00026542111,0.000241619219,0.000204542815,0.000163757096,0.000146372076,0.00017368465,0.000241364003,0.000318152968,0.000364010143,0.000356985534,0.000308966625,0.000253711422,0.000222616615,0.000229973827,0.000271903725,0.000329831181,0.000374630272,0.000375648344,0.000319586547,0.000226471474,0.000140210448,9.96880695e-05,0.000120093346,0.00019376343,0.000298844201,0.000407916649,0.000495086669,0.000538543934,0.000521559606,0.000440869785,0.000316931455,0.00018904365,9.19559066e-05,3.71479915e-05,1.69447586e-05,2.01244252e-05,4.11392494e-05,7.65945693e-05,0.000120880588,0.000169175056,0.000224317225,0.000293895852,0.000375577563,0.000445033169,0.000463907044,0.000409048273,0.000297185312,0.000175147359,8.44351449e-05,3.95663173e-05,3.68829056e-05,7.12802881e-05,0.00013666929,0.000212741112,0.000263068697,0.000257527854,0.000199347579,0.000121843091,5.87088219e-05,2.22648509e-05,6.66665683e-06,1.75403146e-06,1.29365777e-06,4.12528484e-06,1.28973627e-05,3.18825442e-05,6.29711417e-05,0.000101609988,0.000138581231,0.000166839527,0.000183974764,0.000187568645,0.000173072669,0.000139534792,9.50827564e-05,5.336714e-05,2.42151879e-05,8.76406708e-06,2.51072058e-06,5.51902694e-07,9.83341861e-08,0,0,0,0,0,0,0,0,0,0,0,6.75840341e-08,3.98764802e-07,1.83238153e-06,6.55754622e-06,1.82765077e-05,3.96708451e-05,6.70619259e-05,8.8289089e-05,9.052413e-05,7.23525748e-05,4.53517176e-05,2.36042025e-05,1.47697102e-05,2.06888941e-05,4.02227476e-05,6.71602621e-05,8.8289089e-05,9.052413e-05,7.22849894e-05,4.49529527e-05,2.17718199e-05,8.21216402e-06,2.41238645e-06,5.51902694e-07,9.83341861e-08,0,0,0,0,0,0,6.75840341e-08,3.98764802e-07,1.83238153e-06,6.55754622e-06,1.82765077e-05,3.97018245e-05,6.73099375e-05,8.97184511e-05,9.66066648e-05,9.28237425e-05,9.99561261e-05,0.0001393519,0.000211088794,0.000291056254,0.000352524541,0.000389293231,0.000409633039,0.000411217285,0.000378495047,0.000309946444,0.000231038465,0.000170587835,0.000134606069,0.000112280891,9.77059253e-05,9.3828862e-05,9.82653215e-05,9.81907124e-05,8.30921025e-05,5.63525196e-05,3.00383972e-05,1.24985978e-05,4.05770075e-06,1.02594739e-06,2.02021026e-07,3.09809275e-08,0,0,0,0,0,0,0,0,0,0,0,0,6.75840341e-08,5.16934502e-07,2.47923622e-06,9.31516171e-06,2.74321149e-05,6.33445841e-05,0.000114734991,0.000163055329,0.000181843832,0.000159150973,0.000109304855,5.88996393e-05,2.48947676e-05,8.25025925e-06,2.14290863e-06,4.36021985e-07,5.58194163e-08,0,0,0,0,0,0,3.77929173e-08,2.40356144e-07,1.19049174e-06,4.59223317e-06,1.3795832e-05,3.22773747e-05,5.88132118e-05,8.34599139e-05,9.2237476e-05,7.93895325e-05,5.32163911e-05,2.77813926e-05,1.12950714e-05,3.57643498e-06,8.81937976e-07,1.69376117e-07,0,0,0,0,0,0,0,0,0,0,0,0,0,0,0,0,0,0,0,0,0,0,0,0,0,0,0,0,0,0,0,0,0,0,0,0,0,0,0,0,0,0,0,0,0,0,0,0,0,0,0,0,0,0,0,0,0,0,0,0,0,0,0,0,0,0,0,0,0,0,0,0,0,0,0,0,0,0,0,0,0,0,0,0,0,0,0,0,0,0,0,0,0,0,0,0,0,0,0,0,0,0,0,0,0,0,0,0,0,0,0,0,0,0,0,0,0,0,0,0
0,0,0,0,0,0,0,0,0,0,0,0,0,0,0,0,0,0,0,0,0,0,0,0,0,0,0,0,4.64174238e-08,4.69557821e-07,2.4220206e-06,9.79237626e-06,3.10367951e-05,7.71197012e-05,0.00015030583,0.00022984709,0.00027659418,0.000264739134,0.000209114146,0.000151313973,0.000119246975,0.000107613235,9.58541505e-05,7.55705128e-05,6.01838298e-05,7.71643611e-05,0.000156620435,0.000316897709,0.000544474602,0.000790099255,0.00100076206,0.0011610899,0.00130265198,0.00147966758,0.00173367503,0.00205668635,0.00237458937,0.00257780034,0.00259169907,0.00242645204,0.00215667458,0.00185913767,0.00157608719,0.00132616084,0.00112225891,0.000971015958,0.00086190252,0.000766582112,0.000657035427,0.000529886379,0.000409019592,0.000323950895,0.000288536074,0.000295880094,0.000324349257,0.000347153234,0.000347454704,0.000326014913,0.000291348909,0.000246420733,0.000194299255,0.000149521919,0.000130868842,0.000145986743,0.000192545951,0.000270446587,0.000379121625,0.00050311828,0.000612477099,0.000686114249,0.00072548287,0.00073954433,0.000725492549,0.000677494493,0.000606323204,0.00053777396,0.000489203046,0.000452798674,0.000405078935,0.000337427799,0.000272633174,0.000248463409,0.000289809913,0.000397511555,0.000550058946,0.000711644718,0.000848670441,0.000946218361,0.00101059751,0.00105816225,0.0010978479,0.00112472874,0.00113509144,0.0011416375,0.00116668605,0.00122456022,0.00131058218,0.00139829631,0.00144952534,0.00144380149,0.00139762507,0.00133687225,0.00125269038,0.00110564072,0.000882138556,0.000629213594,0.00042615894,0.000322630298,0.00030272731,0.000305074032,0.000280383215,0.000227413067,0.000174468214,0.000138239731,0.000114484866,9.89050732e-05,9.94299905e-05,0.000123680858,0.000164735276,0.00020567555,0.000236572433,0.000261000618,0.000284098283,0.000304339941,0.000322020674,0.000349043103,0.00039685573,0.000451945339,0.0004727229,0.000423974077,0.000316915569,0.000205964259,0.00014562855,0.000154914863,0.000214956057,0.000286674249,0.000331836735,0.000331108215,0.000291692419,0.000237688,0.000193046932,0.000173896313,0.000189852743,0.000235852217,0.000282091433,0.000290775598,0.000253993127,0.000203589302,0.000178362548,0.000190933058,0.000227782793,0.000266167068,0.000284065591,0.000266433896,0.000215497547,0.000153718576,0.000109293113,9.45521106e-05,9.83083659e-05,0.000100622796,9.45526763e-05,9.30361887e-05,0.000112612866,0.000151621083,0.000187132169,0.000196721162,0.000180569241,0.000157591429,0.000142480752,0.000135447072,0.000131485873,0.000126637439,0.000115283992,9.25288969e-05,6.17978451e-05,3.31361182e-05,1.40240288e-05,4.63515477e-06,1.20161875e-06,2.42602648e-07,1.81121886e-07,7.63318136e-07,3.17376827e-06,1.02771161e-05,2.5917531e-05,5.09028873e-05,7.78605719e-05,9.27511085e-05,8.60492394e-05,6.21729284e-05,3.49850093e-05,1.53316545e-05,5.23265964e-06,1.39085629e-06,2.87917761e-07,4.64174238e-08,0,5.63411361e-08,3.40844012e-07,1.60587641e-06,6.0117113e-06,1.74914297e-05,4.03574798e-05,7.47516113e-05,0.000114007821,0.000148580779,0.000172905421,0.000185664963,0.000184533503,0.000165564779,0.000129372513,8.51801597e-05,4.60533387e-05,2.00844762e-05,7.16358975e-06,2.94138556e-06,4.49811802e-06,1.26836328e-05,3.02628124e-05,5.65383757e-05,8.22628511e-05,9.32160208e-05,8.23191917e-05,5.6879222e-05,3.18686895e-05,1.85078531e-05,2.09341549e-05,3.8510373e-05,6.5157279e-05,8.77091506e-05,9.21732191e-05,7.54650472e-05,4.81186403e-05,2.38950093e-05,9.24118071e-06,2.82980757e-06,9.40818418e-07,1.54827672e-06,5.47526186e-06,1.65332738e-05,3.98938818e-05,7.771613e-05,0.00012584129,0.000177593016,0.000233428744,0.00030308835,0.000390568003,0.000475411234,0.000520283426,0.000506267922,0.000458522699,0.000426635254,0.000436806227,0.000465009154,0.000460241414,0.000393104192,0.000281212457,0.00017027603,9.86137001e-05,7.89169083e-05,0.000100683967,0.000139457578,0.000167242463,0.000165180239,0.00013305099,8.69286856e-05,4.57637543e-05,1.92734626e-05,6.44949777e-06,1.70512962e-06,3.40844012e-07,5.63411361e-08,0,0,0,0,3.12704927e-08,2.03909228e-07,1.03553647e-06,4.09562631e-06,1.26154168e-05,3.02628124e-05,5.65696489e-05,8.24667583e-05,9.42515635e-05,8.63584818e-05,6.91537936e-05,6.05256249e-05,6.91537936e-05,8.63584818e-05,9.42515635e-05,8.24667583e-05,5.65696489e-05,3.02628124e-05,1.26154168e-05,4.26658558e-06,1.92571754e-06,3.81377149e-06,1.14700587e-05,2.8283656e-05,5.49154041e-05,8.47667051e-05,0.000107024353,0.000116819037,0.000118725827,0.000116901428,0.000107498457,8.6891485e-05,6.2331623e-05,4.84430361e-05,5.41161952e-05,7.39730089e-05,9.12382505e-05,9.05190264e-05,7.03631452e-05,4.26774065e-05,2.0159378e-05,7.41622109e-06,2.12478292e-06,4.74103148e-07,8.23867781e-08,1.42975726e-07,7.63318136e-07,3.17376827e-06,1.02771161e-05,2.5917531e-05,5.09028873e-05,7.78605719e-05,9.27511085e-05,8.60492394e-05,6.21729284e-05,3.49850093e-05,1.53316545e-05,5.23265964e-06,1.39085629e-06,2.87917761e-07,4.64174238e-08,9.9253273e-08,5.57061088e-07,2.43493398e-06,8.28891954e-06,2.19753116e-05,4.53731083e-05,7.29606057e-05,9.13702196e-05,8.91142887e-05,6.76887245e-05,4.00416312e-05,1.84473302e-05,6.61883674e-06,1.84950801e-06,4.02491883e-07,6.82157126e-08,0,0,0,0,0,0,0,0,0,0,0,0,0,0,0,0,0,0,0,0,0,0,0,0,0,0,0,0,0,0,0,0,0,0,0,0,0,0,0,0,0,0,0,0,0,0,0,0,0,0,0,0,0,0,0,0,0,0,0,0,0,0,0,0,0,0,0,0,0,0,0,0,0,0,0,0,0,0,0,0,0,0,0,0,0,0,0,0
0,0,0,0,0,0,0,0,0,0,0,0,0,0,0,0,0,0,0,0,0,0,0,0,0,0,0,0,1.20001085e-07,7.29629074e-07,3.34815468e-06,1.20513319e-05,3.50282991e-05,8.21577927e-05,0.000159274506,0.000261709326,0.000374958797,0.000479740504,0.000553436243,0.000571168306,0.000517992996,0.000406826486,0.000279519494,0.000183932043,0.000145221226,0.000155836194,0.000188391609,0.000219596682,0.000246429953,0.000285019993,0.000355753499,0.000466582208,0.000613690858,0.000795475432,0.0010139414,0.00125132726,0.00145591369,0.00157318365,0.00159400484,0.00155296407,0.00147609641,0.00135379997,0.00118023358,0.000993479435,0.000853029784,0.000786042252,0.000763539677,0.000725374572,0.000630014932,0.000492810278,0.000369702735,0.000297732561,0.00026227719,0.000227477428,0.000182891489,0.000149347168,0.000148176324,0.000178662343,0.000224695797,0.000275930403,0.000332503447,0.000391378296,0.000439429803,0.000472164032,0.000511133293,0.000579074119,0.000657359957,0.000694422377,0.000667053696,0.000613284192,0.000588792525,0.00060434275,0.000624801511,0.000617320633,0.000580367614,0.000528891496,0.000471927634,0.000410051657,0.000347367798,0.000303466827,0.000314026537,0.000418017074,0.000636277831,0.000945001309,0.00127484926,0.00155608219,0.00176067823,0.00188443548,0.00191199738,0.00183369163,0.00167729683,0.00150062806,0.00136840241,0.00135141898,0.00150518074,0.00180460426,0.00211966119,0.00230006854,0.00228567792,0.00211725108,0.00186583735,0.00158198913,0.00129715694,0.00103464001,0.000808867854,0.000623515888,0.000477542754,0.000369059839,0.000292041609,0.000232612197,0.000176364452,0.000118997575,6.79266823e-05,3.24089974e-05,1.59091752e-05,1.96203209e-05,5.02402488e-05,0.000119839121,0.000229985239,0.000351821534,0.000431922196,0.000433963021,0.000376907226,0.0003190317,0.000300417481,0.000309632805,0.000307184072,0.000268723554,0.000200819792,0.000127108058,6.97411592e-05,4.06444376e-05,4.32941888e-05,7.57520753e-05,0.000130200602,0.00019094002,0.000239802944,0.000266467968,0.000272550727,0.000266673595,0.000256933637,0.00024632796,0.000231679339,0.000206200809,0.000165750315,0.000115042658,6.64730633e-05,3.11722475e-05,1.16595771e-05,3.4477028e-06,9.91858915e-07,1.3504644e-06,5.47337366e-06,1.94768645e-05,5.44766347e-05,0.000120105353,0.000209612749,0.000290975904,0.000324311545,0.000297046687,0.00023907965,0.000198006297,0.000200177591,0.000236319676,0.000279412576,0.000308718658,0.000315064819,0.000293080795,0.000242534841,0.000178910232,0.000132123417,0.000126578057,0.000161717641,0.000211161036,0.000242876431,0.000242796243,0.00021859256,0.000182427259,0.000139240312,9.27463845e-05,5.13929351e-05,2.29448709e-05,8.10204086e-06,2.23612744e-06,4.86628412e-07,2.89171812e-07,1.07626369e-06,4.50867179e-06,1.47798994e-05,3.83442213e-05,8.0479478e-05,0.000139555993,0.000204641072,0.000258031691,0.000280095272,0.000257956365,0.000197216178,0.000122684702,6.12384009e-05,2.44996329e-05,8.84377514e-06,6.81667014e-06,1.56139673e-05,3.66350415e-05,6.83571053e-05,9.94590012e-05,0.000112701811,9.94590012e-05,6.84252233e-05,3.70010166e-05,1.71941e-05,1.2075958e-05,2.16104427e-05,4.56111925e-05,7.89170734e-05,0.000107687577,0.000117767515,0.000109776768,0.000100475562,0.000104059497,0.000115209833,0.000115504941,9.49719688e-05,6.19811007e-05,3.27881136e-05,1.80295175e-05,2.06728073e-05,4.03122347e-05,7.21516398e-05,0.000102925695,0.000116925495,0.000110878316,0.000100166269,0.000104825096,0.000131907056,0.000176195562,0.000232980558,0.000296607988,0.0003450947,0.000345046082,0.000284570897,0.000192381053,0.000114789244,8.01803555e-05,8.58706866e-05,0.000108652258,0.000124432924,0.000125854646,0.000123119382,0.000125142927,0.000125224842,0.000110370446,7.96074245e-05,4.55152348e-05,2.0358439e-05,7.12418638e-06,1.94156732e-06,4.12093727e-07,6.81186349e-08,0,0,0,0,0,0,4.61201873e-08,2.93316081e-07,1.49061132e-06,5.85061765e-06,1.80876015e-05,4.44092408e-05,8.7436706e-05,0.000140379923,0.000188042316,0.000216699609,0.000222952427,0.000211892897,0.000188146919,0.00015239441,0.000107568989,6.33357839e-05,3.01420035e-05,1.1419483e-05,3.40303456e-06,7.89382363e-07,1.44207146e-07,0,0,0,0,0,0,0,3.78072475e-08,2.46534224e-07,1.25200405e-06,4.95177223e-06,1.52525318e-05,3.65889227e-05,6.83571053e-05,9.94590012e-05,0.000112739622,9.9705533e-05,6.96091116e-05,4.15406949e-05,3.05050636e-05,4.15406949e-05,6.96091116e-05,9.9705533e-05,0.000112739622,9.94590012e-05,6.83571053e-05,3.65889227e-05,1.52525318e-05,4.95177223e-06,1.25200405e-06,2.46534224e-07,3.78072475e-08,0,0,0,0,0,0,0,0,0,0,0,0,0,0,0,0,0,0,0,0,0,0,0,0,0,0,0,0,0,0,0,0,0,0,0,0,0,0,0,0,0,0,0,0,0,0,0,0,0,0,0,0,0,0,0,0,0,0,0,0,0,0,0,0,0,0,0,0,0,0,0,0,0,0,0,0,0,0,0,0,0,0,0,0,0,0,0,0,0,0,0,0,0,0,0,0,0,0,0,0,0,0,0,0,0,0,0,0,0,0,0,0,0,0,0,0,0,0,0,0,0,0,0
0,0,0,0,0,0,0,0,0,0,0,0,0,0,0,0,0,0,0,0,0,0,0,0,0,0,0,0,0,0,0,0,0,0,0,0,0,0,0,0,1.24724724e-07,8.34221591e-07,4.3012072e-06,1.72304149e-05,5.58926238e-05,0.000148886124,0.000333352158,0.000641839704,0.00108518595,0.00163767338,0.00223104587,0.00277128979,0.00318178756,0.00343768711,0.00355075324,0.00352307048,0.00333089243,0.00296061598,0.00245034934,0.00188702315,0.00136569147,0.000956839505,0.000692784891,0.000558178499,0.000496072765,0.000444779423,0.000380340272,0.000317069818,0.000270935791,0.000234840829,0.000194993837,0.000157524562,0.000143770298,0.000161617043,0.000194093074,0.000221690249,0.000250246326,0.000308888597,0.000417906253,0.000561711799,0.000693650643,0.000769306979,0.000784768473,0.000785252256,0.000827463732,0.000924155076,0.00102712265,0.00107265352,0.00104526642,0.000987260369,0.000949281976,0.000946090223,0.000963435874,0.000986865724,0.00101251673,0.00103523321,0.00103414576,0.000977146243,0.000845400507,0.000659696782,0.000480795277,0.000376214195,0.000377709539,0.000463019515,0.000572277142,0.000646948517,0.000667164432,0.000660962371,0.000672121468,0.000714460515,0.000765599214,0.00080589363,0.000843589575,0.000888392239,0.000918032578,0.000891845132,0.00079022325,0.000633868178,0.00047080572,0.000345814772,0.000270550956,0.000221914509,0.000173465051,0.000123660782,8.97727458e-05,8.18804459e-05,8.96355673e-05,9.22453729e-05,7.80197923e-05,5.21781249e-05,2.78875395e-05,1.46761548e-05,1.75024732e-05,4.36878981e-05,0.000105052813,0.00020824913,0.000340820077,0.000468468257,0.000551596121,0.000566226587,0.000514538769,0.000420929474,0.00031725706,0.000226734856,0.00015948609,0.000118741866,0.000103016964,0.000101151248,9.57991784e-05,7.69865285e-05,4.9716855e-05,2.56906497e-05,1.23094354e-05,1.10996425e-05,2.20184543e-05,4.40745071e-05,7.06498049e-05,8.84763514e-05,8.62918701e-05,6.6107161e-05,4.18800805e-05,3.12393826e-05,5.15812306e-05,0.000121603509,0.000251727038,0.000420510285,0.000567590956,0.000629707714,0.000590529269,0.000492533768,0.0004021051,0.000361557331,0.000363182403,0.00036514292,0.000336871096,0.000286192343,0.000243034558,0.000225969788,0.000230128078,0.000239886751,0.0002454368,0.000246951479,0.000246174578,0.000236323261,0.000206153795,0.000154241885,9.51340699e-05,4.74657693e-05,1.9578215e-05,9.33068756e-06,1.2481922e-05,2.74777549e-05,5.2328304e-05,7.89853855e-05,9.54966709e-05,9.77648197e-05,9.64927324e-05,0.000107115261,0.000133275433,0.000164796996,0.000192427614,0.000221385281,0.00026545546,0.000323395909,0.000364691131,0.000350896345,0.000275409939,0.000172638221,8.56089274e-05,3.3550977e-05,1.10877028e-05,5.94783789e-06,1.1601644e-05,2.77851634e-05,5.47077986e-05,8.65421223e-05,0.000113289146,0.000128276634,0.00013121424,0.000123861358,0.00010953195,9.91212824e-05,0.000108081562,0.000139422449,0.000172886753,0.000179305286,0.000148122101,9.61279905e-05,4.8825224e-05,1.9397199e-05,6.0233968e-06,1.4618265e-06,2.77228469e-07,3.02800969e-08,0,0,0,0,0,0,0,4.49472959e-08,3.44854047e-07,1.73654953e-06,6.85786196e-06,2.13002245e-05,5.20188348e-05,0.00010032403,0.00015393572,0.000190951436,0.000197747893,0.000180144287,0.000152356633,0.000121044436,8.6573998e-05,5.28467396e-05,2.78689657e-05,1.74639834e-05,2.39232477e-05,4.74949901e-05,8.5711432e-05,0.00013213084,0.000179369678,0.000221629751,0.000252186969,0.000261809272,0.000246115478,0.000212953218,0.000176725376,0.000144731205,0.000113677639,8.07152628e-05,5.19342739e-05,3.80805571e-05,4.43941071e-05,6.52909293e-05,8.56752916e-05,9.05135908e-05,7.77288231e-05,6.09403698e-05,5.81809583e-05,7.74708338e-05,0.000111420118,0.000142795721,0.000155333043,0.000142476458,0.000110359842,7.51834854e-05,5.62071037e-05,6.6788279e-05,0.000105996223,0.000153895921,0.000179752541,0.000164595324,0.000117643873,6.55922695e-05,2.85210842e-05,9.67172172e-06,2.55775439e-06,5.27499871e-07,8.48367982e-08,0,0,0,0,0,0,1.15496542e-07,6.32222021e-07,2.69523475e-06,8.94849499e-06,2.3303755e-05,4.75111766e-05,7.69307923e-05,0.000102045951,0.000118762448,0.000135179868,0.000162385364,0.000198656663,0.000226926414,0.00022794915,0.000195215889,0.000139790368,8.23742583e-05,3.94163874e-05,1.51460162e-05,4.63506996e-06,1.11823567e-06,1.97451036e-07,3.02800969e-08,0,0,0,0,0,0,0,0,0,0,0,0,0,0,0,0,0,0,0,0,0,0,0,0,0,0,0,5.45567054e-08,3.30048835e-07,1.55501525e-06,5.7058122e-06,1.63052205e-05,3.62879356e-05,6.28961753e-05,8.49009526e-05,8.92539184e-05,7.3074926e-05,4.65946317e-05,2.3138209e-05,8.94849499e-06,2.69523475e-06,6.32222021e-07,1.15496542e-07,0,0,0,0,0,0,0,0,0,0,0,0,0,0,0,0,0,0,0,0,0,0,0,0,0,0,0,0,0,0,0,0,0,0,0,0,0,0,0,0,0,0,0,0,0,0,0,0,0,0,0,0,0,0,0,0,0,0,0,0,0,0,0,0,0,0,0,0,0,0,0,0,0,0,0,0,0,0,0,0,0,0,0,0,0,0,0,0
0,0,0,0,0,0,0,0,0,0,0,0,0,0,0,0,0,0,0,0,0,0,0,0,1.7016422e-07,8.86041608e-07,3.59307603e-06,1.1347627e-05,2.79106587e-05,5.34640054e-05,7.97589298e-05,9.26666543e-05,8.38482505e-05,5.91688677e-05,3.28994573e-05,1.59749252e-05,1.19953359e-05,2.1261667e-05,4.27204234e-05,7.00739194e-05,8.9927942e-05,8.9927942e-05,7.00359474e-05,4.2478951e-05,2.00656343e-05,7.38173469e-06,2.46256244e-06,2.52897765e-06,9.6709723e-06,3.50122125e-05,0.000101238643,0.000234161038,0.000438166941,0.000673100328,0.000864933038,0.000951097172,0.000922164452,0.000824007378,0.000723097192,0.000661891327,0.000639499455,0.000629430982,0.000607793039,0.00056199047,0.000484715365,0.00037638648,0.000254425423,0.000149927974,9.00303269e-05,8.62144338e-05,0.000136156017,0.000232144149,0.00036938387,0.00055395618,0.000802384544,0.001121416,0.00147762253,0.00179132803,0.0019772847,0.00199476951,0.00185322649,0.0015868748,0.0012488786,0.000919511629,0.000684163574,0.000586161264,0.000603519455,0.000672108049,0.000736655379,0.000783489385,0.000828572608,0.00088553594,0.000954923097,0.00103563562,0.00113057911,0.00123887361,0.00134568612,0.00141677117,0.00141136018,0.00131594284,0.00116395667,0.00100658335,0.000870952761,0.000762769839,0.000689239742,0.000654073207,0.000642831424,0.000632590583,0.000610155947,0.000574544492,0.000529324593,0.000476377021,0.00041491399,0.00034743373,0.000283847196,0.00023953568,0.000229056507,0.000252815925,0.000285544664,0.000289132067,0.000248482337,0.000188614371,0.000149072041,0.000146413968,0.000165388917,0.000179886327,0.000177423945,0.000166261398,0.000164347915,0.000186065302,0.000238980975,0.000322237078,0.000420459405,0.000504321517,0.00054441656,0.00052575521,0.000454486764,0.000356121004,0.000262814137,0.000196989691,0.00016368788,0.000155970603,0.000165868995,0.000186629935,0.000204858856,0.00019995769,0.000162202772,0.000105554739,5.41925596e-05,2.19660847e-05,7.78347154e-06,6.00159522e-06,1.5810171e-05,4.43199289e-05,0.000102525315,0.000196011932,0.000316850828,0.000442912511,0.000545143216,0.0005993481,0.00060113319,0.000569684356,0.000528591075,0.000482936166,0.000422396418,0.000347432344,0.000281544915,0.000254242243,0.000276883831,0.000333964639,0.000394861738,0.000433945234,0.000442313346,0.000421775524,0.00037612571,0.000314651832,0.000256053081,0.000222125664,0.000233870587,0.000312041599,0.000469456471,0.000683868116,0.00087724022,0.000946879519,0.000843815874,0.0006175944,0.000372202823,0.000186454604,8.09210125e-05,3.9064185e-05,3.76569132e-05,5.80169342e-05,8.21668969e-05,9.28667284e-05,8.21217949e-05,5.74714954e-05,3.47356877e-05,2.64728568e-05,3.73146413e-05,6.42860178e-05,0.000100845625,0.000145702923,0.000210845173,0.000307484581,0.000414050311,0.00047338466,0.00044348125,0.00034464354,0.000237945206,0.000164143683,0.00012038208,8.80981746e-05,6.24811145e-05,5.18412992e-05,6.08955096e-05,8.06575132e-05,9.30795725e-05,8.59615732e-05,6.27698549e-05,3.84153997e-05,2.66079874e-05,3.31189852e-05,5.4848397e-05,8.00455086e-05,9.27128566e-05,8.38482505e-05,5.9086868e-05,3.24275604e-05,1.38600236e-05,4.6136007e-06,1.19603106e-06,2.41474514e-07,3.79687667e-08,3.11250809e-08,3.45271894e-07,1.82845856e-06,7.55906935e-06,2.45839265e-05,6.39644342e-05,0.000134866685,0.000238434241,0.000370332415,0.000531374924,0.000724170908,0.00092798443,0.00108921556,0.00115629726,0.00112554224,0.0010428552,0.000959976324,0.00088989602,0.000801702764,0.000662570127,0.000484650181,0.000319235048,0.000205309114,0.000140517526,0.000103132321,8.2636812e-05,8.07654166e-05,9.50357139e-05,0.000114057498,0.000129082002,0.000142207145,0.000158110843,0.000173502375,0.000179831574,0.000174026636,0.000160655841,0.00014375885,0.000121234114,9.06843146e-05,5.70283158e-05,3.00548168e-05,1.66982651e-05,1.88534377e-05,3.57083654e-05,6.20539796e-05,8.56490993e-05,9.23198038e-05,7.76686692e-05,5.15522253e-05,2.93900885e-05,2.15769522e-05,3.10696682e-05,5.42237741e-05,7.99012359e-05,9.27046176e-05,8.41208551e-05,6.04858576e-05,3.80718803e-05,3.1834596e-05,4.98393887e-05,9.16010133e-05,0.000144978796,0.000188444966,0.000204969038,0.000194431196,0.000168034376,0.000134136363,9.59087574e-05,5.84728318e-05,2.93981239e-05,1.29349766e-05,8.8787297e-06,1.64709498e-05,3.66183499e-05,6.82881711e-05,0.000105523057,0.000141002152,0.00017180988,0.000195402145,0.000201965068,0.000180394492,0.000133584119,8.00207917e-05,3.82822942e-05,1.45066377e-05,4.35284471e-06,1.02835251e-06,1.7016422e-07,0,0,0,0,0,0,4.62015767e-08,2.86578906e-07,1.38438863e-06,5.20832709e-06,1.52603603e-05,3.48223245e-05,6.20261266e-05,8.6408868e-05,9.54788155e-05,8.77278287e-05,7.64631912e-05,7.64631912e-05,8.77278287e-05,9.54788155e-05,8.6408868e-05,6.21448464e-05,3.54721884e-05,1.8030808e-05,1.44065346e-05,2.51682839e-05,4.83516246e-05,7.60463745e-05,9.5337679e-05,9.86177973e-05,9.2561991e-05,9.07645816e-05,9.65191506e-05,9.85316911e-05,8.54466601e-05,5.9426125e-05,3.24836391e-05,1.38600236e-05,4.6136007e-06,1.19603106e-06,2.41474514e-07,3.79687667e-08,0,0,0,0,0,0,0,0,0,0,0,0,0,0,0,0,0,0,0,0,0,0,0,0,0,0,0,0,0,0,0,0,0,0,0,0,0,0,0,0,0,0,0,0,0,0,0,0,0,0,0,0,0,0,0,0,0,0,0,0,0,0,0,0,0,0,0,0,0,0,0,0,0,0,0,0,0,0,0,0,0,0,0,0,0,0,0,0,0,0,0,0,0,0,0,0,0,0
0,0,0,0,0,0,0,0,0,0,0,0,0,0,0,0,0,0,0,0,0,0,0,0,0,0,0,0,0,0,0,0,0,0,0,0,0,0,0,0,0,0,2.0553548e-07,1.32161571e-06,5.70184035e-06,1.95926704e-05,5.3907551e-05,0.000120088012,0.000221394151,0.000351378483,0.000507582546,0.000703686196,0.000949857301,0.00122001577,0.00146309505,0.00165328817,0.00179635191,0.00187960774,0.00186240861,0.00174138118,0.00157631712,0.00141531907,0.0012383771,0.00101451882,0.000776280572,0.000588706835,0.00047202577,0.000397130879,0.000342809329,0.000317403909,0.000327135333,0.000355826397,0.000392383435,0.000467276023,0.000635202322,0.000900239601,0.00117127665,0.00132317922,0.0013019885,0.00114995425,0.000943081541,0.000736697133,0.000559887353,0.000426844389,0.000343313625,0.000311717566,0.000331564767,0.000392058037,0.000471573879,0.000553562855,0.000642094488,0.000751766062,0.000888025166,0.0010508379,0.00124151062,0.0014409489,0.0015884311,0.00161774286,0.00152387389,0.00137368914,0.0012439714,0.00115707216,0.00108133849,0.000986316938,0.000887543892,0.000827565278,0.000817860182,0.000817028898,0.000774124759,0.000677308538,0.00055398331,0.000435524402,0.000336159558,0.000260528295,0.00021685279,0.000210580969,0.000226711941,0.000232510023,0.000205911505,0.000158638018,0.000124124344,0.000125986906,0.000159092713,0.000197114669,0.000215139784,0.000208647857,0.000193668921,0.000190864551,0.000210310028,0.000250512431,0.000300878851,0.000338410367,0.000333962202,0.000276109368,0.000186978172,0.000106301776,6.51549435e-05,7.83324659e-05,0.000151128751,0.000275664531,0.000415904255,0.000509254239,0.000503877681,0.000401332087,0.000256293601,0.000130706777,5.30382397e-05,1.70688417e-05,4.34444613e-06,8.66862503e-07,1.8734321e-07,4.09779273e-07,1.93066284e-06,7.0841746e-06,2.02440993e-05,4.50540717e-05,7.80901074e-05,0.000105410615,0.000110815134,9.07277556e-05,5.78505732e-05,2.87277441e-05,1.11101976e-05,3.34632703e-06,9.72012139e-07,1.26876363e-06,5.14972777e-06,1.86996979e-05,5.36841434e-05,0.000122883885,0.000228130817,0.000352250703,0.00046959981,0.000564954294,0.00063533208,0.000673599571,0.000664673731,0.00060310584,0.000506646116,0.000406390782,0.000326337995,0.000277583453,0.000267037886,0.000299001032,0.00036320779,0.000429062486,0.000459965244,0.000433435058,0.000351906595,0.000241380151,0.000137172439,6.35402703e-05,2.36930756e-05,7.00589573e-06,1.65885718e-06,3.00954889e-07,3.75949095e-08,0,0,0,0,0,1.19327119e-07,7.25531236e-07,3.27354487e-06,1.16374977e-05,3.27107477e-05,7.29822254e-05,0.000129777474,0.000184597062,0.000210590115,0.000192888577,0.000141747766,8.3376207e-05,3.91168074e-05,1.45792182e-05,4.29955428e-06,9.99710492e-07,2.39628441e-07,4.09779273e-07,1.93066284e-06,7.0841746e-06,2.02440993e-05,4.50540717e-05,7.80901074e-05,0.000105410615,0.000110815134,9.07277556e-05,5.78505732e-05,2.87277441e-05,1.12535951e-05,4.13127621e-06,4.13127621e-06,1.12994563e-05,2.91913048e-05,6.04930291e-05,0.000101821914,0.00014787585,0.000204837805,0.000294914179,0.000435520802,0.000613917431,0.000791238831,0.000931144954,0.00101394236,0.00103026458,0.000982820856,0.000898666608,0.000822227479,0.000785062047,0.000782419267,0.000776361608,0.000723972961,0.000609495091,0.000458636026,0.000318829231,0.00022232832,0.000166403136,0.000132047746,0.000113620885,0.000122377967,0.000162299948,0.0002129062,0.000245326155,0.000259356377,0.000295399597,0.000396553961,0.000553152529,0.000689900525,0.000718621517,0.000611215171,0.000420959978,0.000233611056,0.000103990672,3.69680965e-05,1.045253e-05,2.33329434e-06,3.80667872e-07,0,0,0,3.75949095e-08,2.45149606e-07,1.24497238e-06,4.92396144e-06,1.51668686e-05,3.63834272e-05,6.79731892e-05,9.89004066e-05,0.000112068841,9.89004066e-05,6.80552032e-05,3.68673227e-05,1.73904372e-05,1.28814494e-05,2.3423251e-05,4.83851467e-05,8.14162799e-05,0.000107205274,0.000110259511,8.96850507e-05,6.18790886e-05,4.7908864e-05,5.99433759e-05,9.61843761e-05,0.000142463776,0.000178907663,0.000189628173,0.000169919414,0.000127628148,7.90833894e-05,3.97297539e-05,1.59518181e-05,5.06735867e-06,1.24497238e-06,2.45149606e-07,3.75949095e-08,8.20122525e-08,4.83895346e-07,2.26942972e-06,8.2491568e-06,2.36229229e-05,5.38560039e-05,9.8904676e-05,0.000149651987,0.000192328904,0.000217721955,0.000224329178,0.000213485608,0.000185357796,0.000142050331,9.24662423e-05,4.95133501e-05,2.13143188e-05,7.28970983e-06,1.93066284e-06,4.09779273e-07,6.77360581e-08,0,0,0,0,0,0,0,0,0,0,0,0,0,0,0,0,0,0,0,0,0,0,0,0,0,0,0,0,0,0,0,0,0,0,0,0,0,0,0,0,0,0,0,0,0,0,0,0,0,0,0,0,0,0,0,0,0,0,0,0,0,0,0,0,0,0,0,0,0,0,0,0,0,0,0,0,0,0,0,0,0,0,0,0,0,0,0,0,0,0,0,0,0,0,0,0,0,0,0,0,0,0,0,0,0,0,0,0,0,0,0,0,0,0,0,0,0,0,0,0,0,0,0
0,0,0,0,0,0,0,0,0,0,0,0,0,0,0,0,0,0,0,0,0,0,0,0,0,0,0,0,0,0,0,0,0,0,0,0,0,0,0,0,0,0,1.19228077e-07,7.4881848e-07,3.67050614e-06,1.39448858e-05,4.2386883e-05,0.00010420782,0.000211917995,0.000365762656,0.00055101457,0.00074011143,0.000893744977,0.000969328305,0.000948952262,0.000863793894,0.000779920735,0.000750330571,0.000776493768,0.000812000888,0.000801628487,0.000720792052,0.000587405885,0.000446554268,0.000341174583,0.000287587364,0.000276558086,0.000294962658,0.000334847546,0.000383043209,0.000418616696,0.000428363338,0.0004220138,0.000425567127,0.000456389749,0.000507032044,0.000560317319,0.000617892153,0.000693674283,0.000774814127,0.000813640374,0.000773989955,0.000673000935,0.000566537684,0.000508598042,0.000527206653,0.000614668716,0.00073615269,0.000861164169,0.000985450159,0.00111387622,0.00124170922,0.00136741764,0.00149552844,0.00162208593,0.0017378879,0.00183438419,0.00188084037,0.00182027465,0.00162809247,0.0013651772,0.00114875258,0.0010705287,0.00113199303,0.00124342291,0.00128945839,0.00121803661,0.00106654452,0.000905727361,0.000778356951,0.000693957824,0.000652520104,0.000657883802,0.000717104645,0.000831090764,0.00097672263,0.00110374092,0.00115711901,0.00110707231,0.000966459564,0.000785513935,0.000621884047,0.000506491952,0.000440224838,0.000413660386,0.000416039275,0.000430821819,0.000440081242,0.000435322477,0.000418823367,0.000394154295,0.000360250964,0.00031804769,0.000280379574,0.000268401199,0.000291257776,0.000333664071,0.000368896298,0.000382723373,0.000380192151,0.000375698436,0.000382880254,0.000406313488,0.000433190026,0.000438356538,0.000408486065,0.000358935473,0.000317046051,0.00028964157,0.000258188372,0.000207420404,0.000149736012,0.000115948734,0.000127179417,0.000175439652,0.000226844779,0.000246766038,0.000228207711,0.000193337436,0.000168094968,0.000160468719,0.00016414326,0.000172938861,0.000189060625,0.000222372906,0.000285395219,0.000384251759,0.000511151346,0.000643324236,0.000745411813,0.000777666711,0.000719599002,0.000594498476,0.000458902868,0.000359879961,0.000306671915,0.000280379963,0.000258201627,0.000229303799,0.000199134629,0.000187610994,0.000217476246,0.000296167109,0.000404368408,0.000502509214,0.000551346884,0.000533789492,0.000463909686,0.000374409336,0.000292814349,0.000229355788,0.000181262024,0.000141190992,0.000103328009,6.85805037e-05,4.47703983e-05,3.9366231e-05,5.22203552e-05,7.37682078e-05,9.11484458e-05,9.84565051e-05,9.96099982e-05,9.88020369e-05,9.26420323e-05,7.7075621e-05,5.75661859e-05,4.6753808e-05,5.22299564e-05,6.83774904e-05,8.01071683e-05,7.56142755e-05,5.63290459e-05,3.4299984e-05,2.16979993e-05,2.45117369e-05,4.2767689e-05,7.10872191e-05,9.98768276e-05,0.000121045677,0.000132862757,0.00013793856,0.000138404461,0.000134363645,0.000125777662,0.00011521634,0.000107160328,0.000101778902,9.22737599e-05,7.29001706e-05,4.71963992e-05,2.4308056e-05,9.83093169e-06,3.18775583e-06,1.2706904e-06,2.41485166e-06,8.0406695e-06,2.2666911e-05,5.12062987e-05,9.43267681e-05,0.000145266832,0.000193370216,0.000231289737,0.000258190287,0.000279279312,0.000306623621,0.000351799256,0.000409881148,0.000456777927,0.000469967035,0.00044560589,0.000394677511,0.000331767435,0.000267166199,0.000203797389,0.000141791452,8.57317561e-05,4.33163912e-05,1.78077074e-05,5.82924115e-06,1.52708044e-06,2.92934384e-07,4.84217279e-08,0,0,0,8.530206e-08,4.78759611e-07,2.14109716e-06,7.48351721e-06,2.06892708e-05,4.62157132e-05,8.56866637e-05,0.000137097932,0.000197202012,0.000261197957,0.000318346521,0.000353183927,0.000355080862,0.0003240744,0.000267586692,0.000196692231,0.000125464124,6.76245257e-05,3.00872451e-05,1.08564222e-05,3.14438132e-06,7.14651999e-07,1.22878809e-07,0,0,0,0,0,0,0,0,0,0,0,0,0,0,0,0,3.98929098e-08,2.47447539e-07,1.19535511e-06,4.49714788e-06,1.31766105e-05,3.00674555e-05,5.34337933e-05,7.40768832e-05,8.0369876e-05,6.96440063e-05,5.25804366e-05,4.45490354e-05,5.25804366e-05,6.96440063e-05,8.0369876e-05,7.40768832e-05,5.34337933e-05,3.00674555e-05,1.31766105e-05,4.49714788e-06,1.19535511e-06,2.47447539e-07,3.98929098e-08,0,0,0,0,0,0,0,0,0,0,0,0,0,0,1.46928879e-07,7.65055665e-07,3.10245382e-06,9.79814747e-06,2.40995539e-05,4.61636788e-05,6.88681214e-05,8.00133404e-05,7.23990594e-05,5.10187588e-05,2.81466165e-05,1.27325399e-05,7.0860834e-06,1.08308651e-05,2.4308056e-05,4.61964659e-05,6.88681214e-05,8.00133404e-05,7.23990594e-05,5.10187588e-05,2.79996883e-05,1.19674849e-05,3.98362934e-06,1.03271712e-06,2.08501997e-07,3.27842618e-08,0,0,0,0,0,0,0,0,0,0,0,0,0,0,0,0,0,0,0,0,0,0,0,0,0,0,0,0,0,0,0,0,0,0,0,0,0,0,0,0,0,0,0,0,0,0,0,0,0,0,0,0,0,0,0,0,0,0,0,0,0,0,0,0,0,0,0,0,0,0,0,0,0,0,0,0,0,0,0,0,0,0,0,0,0,0,0,0,0,0,0,0,0,0
0,0,0,0,0,0,0,0,0,0,0,0,0,0,0,0,0,0,0,0,0,0,0,0,0,0,0,1.63221958e-07,9.41922188e-07,4.39916762e-06,1.58953212e-05,4.56308049e-05,0.000105464699,0.000199579464,0.000315313532,0.000422851439,0.000484839508,0.000473148108,0.000390664306,0.000278931607,0.000195192674,0.000173914063,0.000207779551,0.000262301562,0.000308317355,0.000339022113,0.000361330786,0.000381816731,0.000411593342,0.000477670835,0.000612560661,0.000824110923,0.00107937573,0.00132994681,0.00154842748,0.00172174544,0.00182033792,0.00181260932,0.00171640921,0.00159852378,0.0015099947,0.00144505697,0.00136478446,0.00123897014,0.00106617657,0.000875305022,0.000713645847,0.000619381348,0.000598792848,0.000621490814,0.000635377326,0.000595881018,0.000497127064,0.000375366602,0.000275800752,0.000221272533,0.000211467173,0.000239771197,0.000297428939,0.000363010346,0.00040254387,0.000389331819,0.000325263612,0.000238271346,0.000164812491,0.000134297943,0.000159253438,0.00022799952,0.000305895091,0.000354124458,0.000357577916,0.000334832324,0.000318789853,0.000324125169,0.000337922091,0.000339039023,0.000319743236,0.000286664425,0.000249810721,0.000218403562,0.000204541539,0.000220229578,0.000267021091,0.000336277666,0.000425429672,0.000551347126,0.000736293887,0.000972946245,0.00120504914,0.00135681539,0.00139441954,0.00136175966,0.00135438928,0.00145233006,0.00165870176,0.00189882434,0.00208804682,0.00219953351,0.00225688406,0.00227796689,0.0022497442,0.00214549292,0.00194975672,0.00167261055,0.00135387051,0.00105168313,0.000815445522,0.000661084637,0.000573641811,0.000529827959,0.000510792469,0.000492863428,0.000451188699,0.000386364074,0.000336564915,0.000346407583,0.00042004841,0.000513191267,0.000574915424,0.000591170785,0.000578869021,0.000549231596,0.000494304094,0.000410107717,0.000314196601,0.00023250048,0.000176771035,0.000143423893,0.000126589669,0.000120627909,0.00011540784,0.000101986697,8.43437918e-05,7.6313996e-05,8.42694502e-05,9.74651937e-05,9.81507667e-05,7.97958549e-05,5.22607616e-05,3.21825676e-05,3.24346436e-05,5.96735599e-05,0.000111230825,0.000169191667,0.000205742362,0.000205884289,0.000181335983,0.000154735569,0.000136398827,0.000126102869,0.000128804366,0.000152224875,0.000190152185,0.000222346331,0.000236764847,0.000240453273,0.000241026895,0.000230647657,0.000201930728,0.000171318719,0.000169853802,0.000210042594,0.000269176046,0.000308109177,0.000303772331,0.000261427323,0.000200657079,0.000140107093,9.57343103e-05,8.18483554e-05,0.000103862539,0.000148411469,0.000185252363,0.000186623637,0.000149694852,9.81118702e-05,6.13221536e-05,5.70451863e-05,8.81047144e-05,0.00014646902,0.000215564541,0.00027321317,0.000299040987,0.00028419596,0.000235504712,0.000169949692,0.000105589423,5.53349928e-05,2.38999974e-05,8.33630622e-06,2.31765292e-06,4.97344605e-07,8.6425538e-08,0,0,0,0,7.15597794e-08,4.22222817e-07,1.94017448e-06,6.94330498e-06,1.93516542e-05,4.20045498e-05,7.10069573e-05,9.34828443e-05,9.58493653e-05,7.65372763e-05,4.75973863e-05,2.30525841e-05,8.69525848e-06,2.55429917e-06,5.84369305e-07,1.04118861e-07,0,0,4.00161497e-08,2.54495501e-07,1.26052443e-06,4.86237906e-06,1.46073952e-05,3.4176146e-05,6.22729986e-05,8.83695847e-05,9.76635018e-05,8.40597563e-05,5.63469354e-05,2.94156801e-05,1.19595231e-05,3.89094363e-06,1.51818881e-06,2.89162441e-06,9.61482654e-06,2.72217028e-05,6.23204733e-05,0.000117140677,0.000183207815,0.000240856591,0.000267962166,0.000255787719,0.000217923182,0.00017865629,0.000151945542,0.000138399182,0.000138650914,0.00015635399,0.000186359817,0.000211848321,0.000218208021,0.000203023792,0.000171619518,0.000129841824,8.49066583e-05,4.62135944e-05,2.03570342e-05,7.12264472e-06,2.06529572e-06,1.10712986e-06,2.99139703e-06,9.69420135e-06,2.50663891e-05,5.04775095e-05,7.91644904e-05,9.66917293e-05,9.19760172e-05,6.81375123e-05,3.93119239e-05,1.7663986e-05,6.18129555e-06,1.68459959e-06,3.57552847e-07,5.9103088e-08,0,0,0,0,3.2803433e-08,2.13905255e-07,1.08630048e-06,4.29640187e-06,1.3233849e-05,3.17463543e-05,5.93099967e-05,8.62955359e-05,9.77856513e-05,8.62955359e-05,5.94599809e-05,3.25470918e-05,1.65632024e-05,1.50773222e-05,2.82743611e-05,5.37914926e-05,8.26440711e-05,0.000101084774,0.000102227061,9.46364439e-05,9.30469756e-05,0.000100142996,0.000103152678,8.98286312e-05,6.25750306e-05,3.42248373e-05,1.46073952e-05,4.86237906e-06,1.26052443e-06,2.54495501e-07,4.00161497e-08,0,0,0,0,0,0,0,0,0,0,0,0,0,0,0,0,0,0,0,0,0,0,0,0,0,0,0,0,0,0,0,0,0,0,0,0,0,0,0,0,0,0,0,0,0,0,0,0,0,0,0,0,0,0,0,0,0,0,0,0,0,0,0,0,0,0,0,0,0,0,0,0,0,0,0,0,0,0,0,0,0,0,0,0,0,0,0,0,0,0,0,0,0,0,0,0,0,0,0,0,0,0,0,0,0,0,0,0,0,0,0,0,0,0,0,0,0,0,0,0,0,0,0,0,0,0,0,0,0,0,0,0,0,0,0
0,0,0,0,0,0,0,0,0,0,0,0,0,3.18133198e-07,1.65651305e-06,6.71749191e-06,2.12151349e-05,5.21808116e-05,9.99544737e-05,0.000149114564,0.000173246404,0.000156759818,0.000110466785,6.06254566e-05,2.59122255e-05,8.81012842e-06,3.37752198e-06,5.87902595e-06,2.01054313e-05,5.96709113e-05,0.000145095703,0.000291283046,0.000486362153,0.000676147102,0.000778275356,0.00073637075,0.000575131317,0.000398096875,0.000330903822,0.000479858539,0.000941257642,0.00182250492,0.00322172497,0.00515495929,0.00742182736,0.00947957582,0.010575717,0.0102232005,0.00860772438,0.00644563717,0.00444144324,0.00291647211,0.00186018232,0.00116540896,0.000752733073,0.000546758006,0.00044688514,0.000370103738,0.000296519543,0.000244461249,0.000215702597,0.000186483094,0.000140015069,8.52874661e-05,4.0979621e-05,1.54246185e-05,4.53110054e-06,1.0366194e-06,1.8469764e-07,0,0,0,0,0,0,0,0,0,2.21953988e-07,1.53309771e-06,6.83604577e-06,2.39141471e-05,6.60851994e-05,0.000144100435,0.000250727594,0.000356191653,0.000433077234,0.000486351916,0.000540978394,0.000598409207,0.000632136572,0.000629737225,0.000609851683,0.000587373792,0.000550730592,0.000489862923,0.00042590919,0.000391351149,0.000385762143,0.000370361366,0.00031241533,0.000223821189,0.000148821853,0.000121755787,0.000141612831,0.000179224638,0.000205312904,0.000216225968,0.000229536937,0.000256170213,0.000285099483,0.000297216367,0.000284570686,0.000256994944,0.000233113055,0.000220817147,0.00020889759,0.000185843477,0.000161284201,0.00015588499,0.00017088716,0.000181223371,0.000162362673,0.000116147312,6.51736084e-05,2.85302471e-05,9.73730997e-06,2.58820557e-06,5.35778109e-07,8.63768857e-08,0,0,8.63768857e-08,5.35778109e-07,2.58820557e-06,9.73730997e-06,2.85302471e-05,6.51026254e-05,0.000115695864,0.000160126623,0.000172597944,0.000144888561,9.47237594e-05,4.82292086e-05,1.9124398e-05,5.90597661e-06,1.42043737e-06,2.6605953e-07,0,0,0,5.81903853e-08,3.7944898e-07,1.92700086e-06,7.62143645e-06,2.34756763e-05,5.63152213e-05,0.000105210682,0.000153080639,0.000173616406,0.000153962885,0.000109164634,7.01158597e-05,6.0989701e-05,8.7096816e-05,0.000133243259,0.000170432642,0.000175805825,0.000154412495,0.000135732409,0.000142724701,0.000166881273,0.000177417046,0.000153962885,0.000105363994,5.63152213e-05,2.34756763e-05,7.62143645e-06,1.92700086e-06,3.7944898e-07,5.81903853e-08,0,0,0,0,0,0,0,0,0,0,0,0,0,0,0,0,0,0,0,0,0,0,0,0,0,0,0,0,0,0,0,0,0,0,0,0,0,0,0,0,0,0,0,0,0,0,0,0,0,0,0,0,0,0,0,0,0,0,0,0,0,0,0,0,0,0,0,0,0,0,0,0,0,0,0,0,0,0,0,0,0,0,0,0,0,0,0,0,0,0,0,0,0,0,0,0,0,0,0,0,0,0,0,0,0,0,0,0,0,0,0,0,0,0,0,0,0,0,0,0,0,0,0,0,0,0,0,0,0,0,0,0,0,0,0,0,0,0,0,0,0,0,0,0,0,0,0,0,0,0,0,0,0,0,0,0,0,0,0,0,0,0,0,0,0,0,0,0,0,0,0,0,0,0,0,0,0,0,0,0,0,0,0,0,0,0,0,0,0,0,0,0,0,0,0,0,0,0,0,0,0,0,0,0,0,0,0,0,0,0,0,0,0,0,0,0,0,0,0,0,0,0,0,0,0,0,0,0,0,0,0,0,0,0,0,0,0,0,0,0,0,0,0,0,0,0,0,0,0,0,0,0,0,0,0,0,0,0,0,0,0,0,0,0,0,0,0,0,0,0,0,0,0,0,0,0,0,0,0,0
0,0,8.08775108e-07,6.48774628e-06,3.58917651e-05,0.000149504937,0.000500072989,0.00135068443,0.00296760084,0.0053469666,0.00800039297,0.0101283193,0.0111468332,0.0110179077,0.0100551471,0.00856148712,0.00675126489,0.00487401309,0.00322297181,0.00199947623,0.00122703598,0.000799809426,0.000580010288,0.000454783118,0.000350406149,0.000240516452,0.000137403685,6.30794513e-05,2.31328429e-05,7.82183193e-06,7.72698437e-06,2.3652362e-05,6.9125527e-05,0.000162210456,0.000305105821,0.000465515342,0.000587216796,0.000630438176,0.000597657649,0.000515183645,0.000408225533,0.00030391522,0.000238661341,0.000234861418,0.000270937173,0.000292158012,0.000259236455,0.000181784188,9.95987538e-05,4.25699948e-05,1.41703191e-05,3.67351727e-06,7.41670368e-07,1.16618142e-07,0,0,0,0,0,0,0,0,0,0,0,3.03431195e-07,1.70301398e-06,7.44393515e-06,2.53403912e-05,6.7181614e-05,0.000138711965,0.000223050819,0.000279331594,0.000272434896,0.000206933937,0.00012241289,5.63960794e-05,2.02347135e-05,5.65420573e-06,1.23047421e-06,2.08545014e-07,0,0,0,0,0,0,0,0,0,0,0,0,0,0,0,0,0,0,0,0,0,0,0,0,0,0,0,0,0,0,0,0,0,0,0,0,0,0,0,0,0,0,0,0,0,0,0,0,0,0,0,0,0,0,0,0,0,0,0,0,0,0,0,0,0,0,0,0,0,0,0,0,0,0,0,0,0,0,0,0,0,0,0,0,0,0,0,0,0,5.22646291e-07,2.72140854e-06,1.10358562e-05,3.48533622e-05,8.57254379e-05,0.000164210574,0.000244973408,0.00028461849,0.000257533442,0.000181480763,9.95987538e-05,4.25699948e-05,1.41703191e-05,3.67351727e-06,7.41670368e-07,1.16618142e-07,1.72242766e-07,1.04200801e-06,4.90938971e-06,1.8014007e-05,5.14777469e-05,0.000114565833,0.00019857158,0.000268043585,0.000281786476,0.000230707248,0.000147105441,7.30503994e-05,2.82515873e-05,8.50921413e-06,1.9960089e-06,3.64637924e-07,0,0,0,0,0,0,0,0,0,0,0,0,0,0,0,0,0,0,0,0,0,0,0,0,0,0,0,0,0,0,0,0,0,0,0,0,0,0,0,0,0,0,0,0,0,0,0,0,0,0,0,0,0,0,0,0,0,0,0,0,0,0,0,0,0,0,0,0,0,0,0,0,0,0,0,0,0,0,0,0,0,0,0,0,0,0,0,0,0,0,0,0,0,0,0,0,0,0,0,0,0,0,0,0,0,0,0,0,0,0,0,0,0,0,0,0,0,0,0,0,0,0,0,0,0,0,0,0,0,0,0,0,0,0,0,0,0,0,0,0,0,0,0,0,0,0,0,0,0,0,0,0,0,0,0,0,0,0,0,0,0,0,0,0,0,0,0,0,0,0,0,0,0,0,0,0,0,0,0,0,0,0,0,0,0,0,0,0,0,0,0,0,0,0,0,0,0,0,0,0,0,0,0,0,0,0,0,0,0,0,0,0,0,0,0,0,0,0,0,0,0,0,0,0,0,0,0,0,0,0,0,0,0,0,0,0,0,0,0,0,0,0,0,0,0,0,0,0,0,0,0,0,0,0,0,0,0,0,0
3.85109517e-07,2.00525737e-06,8.91242771e-06,3.03424126e-05,8.51864054e-05,0.000201100971,0.000416499253,0.000778840167,0.00132547428,0.00202574072,0.00272227512,0.00316885849,0.00319939215,0.00289012194,0.00253005746,0.00237799243,0.00242146111,0.00240141712,0.00209911016,0.00156987955,0.00107144236,0.000812788163,0.000816351903,0.000974651525,0.00116462843,0.0012990659,0.0013232918,0.00121623734,0.00100736547,0.000775152354,0.000599830894,0.00050600587,0.000458030823,0.000411873841,0.000359189702,0.000314714026,0.000278475363,0.000232336301,0.000167605207,9.99661231e-05,5.2946288e-05,3.98567171e-05,6.31692378e-05,0.000115733859,0.000175577408,0.000208934846,0.000193837949,0.000140053218,7.88086274e-05,3.45366965e-05,1.17872978e-05,3.13309836e-06,6.48575032e-07,1.0456174e-07,0,2.23581881e-07,1.25485803e-06,5.4850294e-06,1.86719508e-05,4.95024635e-05,0.000102209274,0.00016435397,0.000205824201,0.000200742401,0.000152478321,9.01993755e-05,4.20939683e-05,1.78217821e-05,1.64642703e-05,4.14980673e-05,0.000104875255,0.000211283119,0.00033360277,0.000413628379,0.000408360569,0.000338670708,0.000277490962,0.00028331094,0.000349211739,0.000415132342,0.00042992849,0.000400821855,0.000378077093,0.000392009049,0.000416265108,0.000399371812,0.000321222303,0.000209942285,0.00011016929,4.60628593e-05,1.52787952e-05,4.00257061e-06,7.67798815e-07,1.2691629e-07,0,0,0,0,0,0,0,0,0,0,0,0,0,0,2.68681778e-07,1.47074998e-06,6.26997532e-06,2.08170523e-05,5.3826851e-05,0.000108393968,0.000169995575,0.00020763307,0.000197506683,0.000146386994,8.48766467e-05,4.02638312e-05,2.24995082e-05,3.20354538e-05,6.89390174e-05,0.000127487515,0.000185308579,0.000209982126,0.000185308579,0.0001273606,6.81712183e-05,2.8417991e-05,9.22597118e-06,2.33269075e-06,4.5933406e-07,7.04411591e-08,0,0,0,0,0,0,0,0,0,0,0,0,0,0,0,0,0,0,0,1.0456174e-07,6.48575032e-07,3.13309836e-06,1.17872978e-05,3.45366965e-05,7.89942111e-05,0.000141389876,0.000200095061,0.000232015455,0.000242269266,0.000267762653,0.000337066946,0.000431204582,0.000497112715,0.000498327869,0.000439972841,0.000353403604,0.000279983345,0.00026629265,0.000343422348,0.000486683403,0.000611268742,0.000638012753,0.000575476252,0.000517953339,0.000556423066,0.000704730922,0.000915119342,0.00112901017,0.00128897614,0.00133092043,0.00121850545,0.000990285316,0.000751399525,0.000604892205,0.000590331182,0.000679362881,0.00082298482,0.000984853201,0.00112291119,0.00117360037,0.00109149302,0.00089958578,0.00067550896,0.000485364647,0.000342561804,0.000229244812,0.000135782632,6.90857011e-05,3.70840299e-05,4.55491159e-05,0.000104799416,0.000228124398,0.000410161772,0.000608356812,0.000755873101,0.000803127321,0.000744702141,0.000609927007,0.000439739167,0.000274227226,0.000145047434,6.70820777e-05,3.8492843e-05,5.17654217e-05,9.91970936e-05,0.000165875765,0.000226895892,0.000263263941,0.000279302301,0.000293333704,0.000315905103,0.000348831171,0.000394731499,0.000449172451,0.000493826176,0.000516282405,0.000527708137,0.000545690162,0.000564606531,0.00055361117,0.000485414997,0.000364671579,0.000228268979,0.000117744325,5.39661381e-05,3.79242494e-05,6.81605669e-05,0.000146477528,0.000260839026,0.000367875651,0.000409345892,0.000359245228,0.000248615158,0.000135796778,5.93292521e-05,2.44825984e-05,2.19403357e-05,4.6504077e-05,9.65140735e-05,0.000159757685,0.000209006686,0.000222193622,0.000208091223,0.000198892593,0.000212472607,0.000232971622,0.000236896265,0.000226935184,0.000224108211,0.00023131753,0.000224629674,0.000184778352,0.000122553051,6.64531588e-05,3.74688363e-05,4.26684195e-05,8.08138831e-05,0.000140438326,0.000193837949,0.000208934846,0.00017539183,0.000114665874,5.8382864e-05,2.31506417e-05,7.14935699e-06,1.71948088e-06,3.22072824e-07,0,0,0,0,0,0,0,0,0,0,0,0,0,0,0,0,0,0,0,0,0,0,0,0,0,0,0,0,0,0,0,0,0,0,0,0,0,0,0,0,0,0,0,0,0,0,0,0,0,0,0,0,0,0,0,0,0,0,0,0,0,0,0,0,0,0,0,0,0,0,0,0,0,0,0,0,0,0,0,0,0,0,0,0,0,0,0,0,0,0,0,0,0,0,0,0,0,0,0,0,0,0,0,0,0,0,0,0,0,0,0,0,0,0,0,0,0,0,0,0,0,0,0,0,0,0,0,0,0,0,0,0,0,0,0,0,0,0,0,0,0,0,0,0,0,0,0,0,0,0,0,0,0,0,0,0,0,0,0,0,0,0,0,0,0,0,0,0,0,0,0,0,0,0,0,0,0,0,0,0
0,5.81903691e-08,1.34320894e-06,8.01932826e-06,3.77042855e-05,0.000137745405,0.000408185499,0.000996781573,0.00203094835,0.00348362871,0.00505906693,0.00624849481,0.00662973599,0.00620780246,0.00544442343,0.00488722932,0.00473856703,0.00475773692,0.00455027024,0.00394770974,0.00313702301,0.00245632885,0.00210086719,0.00202175744,0.0020331072,0.00195692831,0.00170898632,0.00132271528,0.000903245422,0.000545778005,0.000290733501,0.00013447396,5.43691664e-05,2.53331624e-05,3.01028989e-05,6.15013648e-05,0.000110778391,0.000157796393,0.000177777442,0.000164539136,0.000140847681,0.000136614326,0.000156985446,0.000176745731,0.000167486748,0.000126278159,7.45123309e-05,3.43281113e-05,1.23168047e-05,3.44169676e-06,7.48985678e-07,1.26940676e-07,0,0,0,0,0,0,0,0,0,0,0,0,3.18133109e-07,1.65651259e-06,7.03562327e-06,2.28716422e-05,5.88982897e-05,0.000121169579,0.000201295315,0.000273200793,0.000305874313,0.00028371311,0.000217385218,0.000136378969,6.92508681e-05,2.81482754e-05,9.07688005e-06,2.30704335e-06,4.51452357e-07,7.09850862e-08,0,2.66059456e-07,1.42043698e-06,5.90597496e-06,1.91243927e-05,4.82291951e-05,9.4723733e-05,0.00014488852,0.000172597896,0.000160126578,0.000115695831,6.51026073e-05,2.85302391e-05,9.73730726e-06,2.58820485e-06,7.20475564e-07,1.12299593e-06,4.53109928e-06,1.54246142e-05,4.08932314e-05,8.44335248e-05,0.000135770313,0.000170028239,0.000165830241,0.000126226086,7.5932768e-05,4.02340858e-05,3.14411974e-05,5.16708939e-05,9.54727188e-05,0.000145015455,0.000172597896,0.000160126578,0.000115695831,6.51026073e-05,2.85302391e-05,9.73730726e-06,2.58820485e-06,5.3577796e-07,8.63768616e-08,0,0,0,0,0,0,0,0,0,0,0,0,0,0,0,0,0,0,0,0,0,0,0,3.18133109e-07,1.65651259e-06,6.71749004e-06,2.1215129e-05,5.23654946e-05,0.000100991065,0.000153645609,0.00018867097,0.000197653018,0.000194900271,0.000196395748,0.000195940469,0.000174455666,0.000128196084,7.49637794e-05,3.45260376e-05,1.30657906e-05,6.88339352e-06,1.30657906e-05,3.44550506e-05,7.45123309e-05,0.000125960019,0.000165830241,0.000170028239,0.000135770313,8.44335248e-05,4.08932314e-05,1.54246142e-05,4.53109928e-06,1.10760418e-06,6.36149929e-07,2.34090174e-06,9.25969463e-06,2.89005472e-05,7.18147994e-05,0.000143134783,0.000232685634,0.000316542281,0.000375698017,0.000411785652,0.000435493725,0.000441929084,0.00041360693,0.000354755081,0.000303068683,0.00029211351,0.000313151101,0.000324512881,0.000294685969,0.00022961972,0.000165075238,0.000135788364,0.000146933753,0.000171314484,0.000173535891,0.000140810218,8.96871725e-05,4.53537567e-05,2.17410692e-05,2.34110177e-05,5.86069031e-05,0.000142083992,0.000275522167,0.000420710897,0.000505322353,0.000477612994,0.000355308076,0.000208055535,9.58838289e-05,3.47676754e-05,9.91461692e-06,2.406972e-06,1.38905545e-06,4.53109928e-06,1.54246142e-05,4.11047348e-05,8.5695224e-05,0.000141651259,0.000191450312,0.000226819921,0.000261692399,0.000310659756,0.000355534866,0.000353906007,0.000287459067,0.000185376809,9.39561611e-05,3.72763063e-05,1.15753818e-05,2.80924542e-06,5.32760082e-07,5.81903691e-08,0,0,0,1.26940676e-07,7.48985678e-07,3.44169676e-06,1.23168047e-05,3.43281113e-05,7.45123309e-05,0.000125960019,0.000165830241,0.000170028239,0.000135770313,8.44335248e-05,4.08932314e-05,1.54246142e-05,4.53109928e-06,1.03661911e-06,1.84697588e-07,0,0,0,0,0,0,0,0,0,0,0,0,0,0,2.66059456e-07,1.42043698e-06,5.90597496e-06,1.91243927e-05,4.82291951e-05,9.4723733e-05,0.00014488852,0.000172597896,0.000160126578,0.000115695831,6.51026073e-05,2.85302391e-05,9.73730726e-06,2.58820485e-06,5.3577796e-07,8.63768616e-08,0,0,0,0,0,0,0,0,0,0,0,0,0,0,0,0,0,0,0,0,0,0,0,0,0,0,0,0,0,0,0,0,0,0,0,0,0,0,0,0,0,0,0,0,0,0,0,0,0,0,0,0,0,0,0,0,0,0,0,0,0,0,0,0,0,0,0,0,0,0,0,0,0,0,0,0,0,0,0,0,0,0,0,0,0,0,0,0,0,0,0,0,0,0,0,0,0,0,0,0,0,0,0,0,0,0,0,0,0,0,0,0,0,0,0,0,0,0,0,0,0,0,0,0,0,0,0,0,0,0,0,0,0,0,0,0,0,0,0,0,0,0,0,0,0,0,0,0,0,0,0,0,0,0,0,0,0,0,0,0,0,0,0,0,0,0,0,0,0,0,0,0,0,0,0
0,1.96702777e-07,1.23404002e-06,7.34176865e-06,3.06208673e-05,0.000101973007,0.000274083211,0.000601369978,0.00108728726,0.00163715541,0.00208267387,0.0023072955,0.00238975398,0.00262244282,0.00330820357,0.00442647809,0.00549843,0.00590644006,0.00542644819,0.00439810753,0.00336485886,0.00261899984,0.00210653553,0.00165100169,0.00117298585,0.00072013382,0.000372907522,0.000163869523,7.27019879e-05,6.25317503e-05,0.000102739659,0.000164253533,0.000210230772,0.000210158048,0.000163671242,9.92716303e-05,4.68925946e-05,1.72508224e-05,4.94244337e-06,1.10280817e-06,1.91639335e-07,0,1.0797126e-07,6.69723582e-07,3.23526154e-06,1.21716547e-05,3.56628592e-05,8.13783967e-05,0.000144620034,0.000200158561,0.000215747734,0.000181110957,0.000118404866,6.02865958e-05,2.39055312e-05,7.38248119e-06,1.77554922e-06,3.32574883e-07,0,0,0,8.87315078e-08,5.64316401e-07,2.79507734e-06,1.07818026e-05,3.23903277e-05,7.57819277e-05,0.000138083676,0.000195950049,0.00021655831,0.000186393468,0.000124943269,6.52261067e-05,2.65189561e-05,8.39687674e-06,2.07064424e-06,3.97667059e-07,0,0,0,0,0,0,0,0,0,0,0,0,0,0,0,0,0,0,0,0,0,0,0,0,0,0,0,0,0,0,0,0,0,0,0,0,0,0,0,0,0,0,0,0,0,0,0,0,0,0,0,0,0,0,0,0,0,0,0,0,0,0,0,0,3.97667059e-07,2.07064424e-06,8.39687674e-06,2.65189561e-05,6.52261067e-05,0.000124943269,0.000186393468,0.000216631035,0.000196424377,0.000140492425,8.53087317e-05,6.17349619e-05,8.13346042e-05,0.000135244848,0.000196217521,0.000232313927,0.000234369258,0.000225323833,0.00023107968,0.00024880444,0.000257725331,0.000253500318,0.000251106835,0.000254361955,0.000248586733,0.000235030296,0.000257086058,0.000374003043,0.000600665897,0.000870592568,0.00106821568,0.00111552541,0.00102669976,0.000875534822,0.000727504482,0.000614722131,0.000549114875,0.000530218266,0.000539179184,0.000539582042,0.000498302554,0.000421115334,0.000370371769,0.00043474741,0.00065690796,0.000976833824,0.00125331499,0.00136243566,0.00127744674,0.00105820362,0.000791288529,0.000552470598,0.000390022751,0.000307164232,0.000264018006,0.000216296446,0.000154233942,0.000104482895,0.000102971964,0.000171676055,0.000305004329,0.00045927853,0.000565130817,0.000570031485,0.000475527871,0.000334857603,0.000218543023,0.000180282199,0.000239300114,0.000376844837,0.000549431241,0.000718638842,0.000862995311,0.000951878384,0.000932150183,0.000778491081,0.000544376337,0.000332936504,0.000217292558,0.000196874469,0.000216753099,0.000217234209,0.000175979299,0.000112036421,5.6251745e-05,2.47311097e-05,1.86460789e-05,3.71815681e-05,8.16558351e-05,0.000144620034,0.000200158561,0.000215747734,0.000181110957,0.000118404866,6.02865958e-05,2.39055312e-05,7.38248119e-06,1.77554922e-06,7.55086613e-07,2.50655554e-06,1.1276051e-05,3.97668837e-05,0.000110180879,0.000240476579,0.000414762812,0.000567313719,0.000617604741,0.000536869257,0.000373754015,0.000209503448,9.85973313e-05,5.24309013e-05,6.06692031e-05,0.000108460784,0.000173781172,0.000226242017,0.000246456126,0.000244620263,0.000244228176,0.000246857142,0.000229799554,0.000179840873,0.000112864682,5.57407011e-05,2.14958488e-05,6.47442489e-06,1.51870778e-06,2.77442877e-07,0,0,0,0,0,0,0,0,0,0,0,0,0,0,0,0,0,0,0,0,0,0,0,0,0,0,0,0,0,0,0,0,0,0,0,0,0,0,0,0,0,0,0,0,0,0,0,0,0,0,0,0,0,0,0,0,0,0,0,0,0,0,0,0,0,0,0,0,0,0,0,0,0,0,0,0,0,0,0,0,0,0,0,0,0,0,0,0,0,0,0,0,0,0,0,0,0,0,0,0,0,0,0,0,0,0,0,0,0,0,0,0,0,0,0,0,0,0,0,0,0,0,0,0,0,0,0,0,0,0,0,0,0,0,0,0,0,0,0,0,0,0,0,0,0,0,0,0,0,0,0,0,0,0,0,0,0,0,0,0,0,0,0,0,0,0,0,0,0,0,0,0,0,0,0,0,0,0,0,0,0,0,0,0,0,0,0,0,0,0,0,0
0,8.62013389e-07,6.83799454e-06,3.39437707e-05,0.000131670076,0.00040191165,0.000969618515,0.00186464056,0.00289723745,0.00371767124,0.00408975886,0.0041133585,0.00417179494,0.00467162335,0.00570718917,0.00685092459,0.00736208916,0.00677312283,0.00528037121,0.00353321774,0.00212255719,0.00128193646,0.000943437984,0.000952416948,0.00119073327,0.00153786302,0.00181462137,0.00186000339,0.00165581684,0.00132375334,0.00100719294,0.000779367789,0.000641574083,0.000563120954,0.000513093975,0.00047223989,0.000429895775,0.000375738098,0.000300864026,0.000209115162,0.00012078018,5.62438317e-05,2.08093476e-05,5.98937492e-06,1.37024155e-06,2.44140116e-07,0,0,0,0,0,0,0,0,0,0,0,0,0,0,0,0,0,0,0,0,0,0,0,7.6918186e-08,5.01569581e-07,2.54718042e-06,1.00742943e-05,3.10310101e-05,7.44395253e-05,0.000139071339,0.000202347604,0.00022928987,0.000202347604,0.000139071339,7.44395253e-05,3.10310101e-05,1.00742943e-05,2.54718042e-06,5.01569581e-07,7.6918186e-08,0,0,0,0,0,0,0,0,0,0,0,0,0,0,0,0,0,0,0,0,0,0,0,0,0,0,0,0,0,0,0,0,0,0,0,0,0,0,0,0,0,0,0,0,0,0,0,0,0,0,0,0,0,0,0,0,0,0,2.44140116e-07,1.37024155e-06,5.98937492e-06,2.03888266e-05,5.40541885e-05,0.000111607362,0.00017946623,0.000224749626,0.000219200557,0.00016649862,9.84931598e-05,4.55439626e-05,1.75149861e-05,1.04689657e-05,2.32602211e-05,6.59327892e-05,0.000152547343,0.000278105982,0.000398666755,0.000449499252,0.000398666755,0.000278105982,0.000152547343,6.57649961e-05,2.22701838e-05,5.9196041e-06,1.37276329e-06,1.10002308e-06,4.54683128e-06,1.74497374e-05,5.28203003e-05,0.000126431158,0.000239907232,0.000361686366,0.000434252517,0.000416504447,0.000324113486,0.000222013019,0.000179005419,0.000225921035,0.000336493528,0.000436379612,0.000451153878,0.000366473657,0.000237992628,0.000138617882,0.000107411246,0.000139325087,0.000199883093,0.000249184048,0.000273468944,0.000299164653,0.00035743269,0.000432845901,0.000464345583,0.000408416125,0.000286557604,0.000162226286,8.59941333e-05,7.53499721e-05,0.000127379672,0.000226558252,0.000337729081,0.000410376225,0.00040619106,0.00032727469,0.000213824479,0.00011256826,4.74082642e-05,1.58642741e-05,4.19422484e-06,8.38397505e-07,1.38586175e-07,0,0,0,1.38586175e-07,8.38397505e-07,3.95008487e-06,1.4494033e-05,4.14188893e-05,9.21794336e-05,0.000159770285,0.000215960716,0.000228330802,0.000192473073,0.00014109191,0.000117552402,0.00014109191,0.000192473073,0.000228330802,0.000215960716,0.000159770285,9.21794336e-05,4.14188893e-05,1.4494033e-05,3.95008487e-06,8.38397505e-07,1.38586175e-07,0,0,0,0,0,0,0,0,0,0,0,0,0,0,0,0,0,0,0,0,0,0,0,0,0,0,0,0,0,0,0,0,0,0,0,0,0,0,0,0,0,0,0,0,0,0,0,0,0,0,0,0,0,0,0,0,0,0,0,0,0,0,0,0,0,0,0,0,0,0,0,0,0,0,0,0,0,0,0,0,0,0,0,0,0,0,0,0,0,0,0,0,0,0,0,0,0,0,0,0,0,0,0,0,0,0,0,0,0,0,0,0,0,0,0,0,0,0,0,0,0,0,0,0,0,0,0,0,0,0,0,0,0,0,0,0,0,0,0,0,0,0,0,0,0,0,0,0,0,0,0,0,0,0,0,0,0,0,0,0,0,0,0,0,0,0,0,0,0,0,0,0,0,0,0,0,0,0,0,0,0,0,0,0,0,0,0,0,0,0,0,0,0,0,0,0,0,0,0,0,0,0,0,0,0,0,0,0,0,0,0,0,0,0,0,0,0,0
0,6.36727384e-07,3.93408419e-06,1.91583242e-05,7.28474328e-05,0.000217701379,0.000518052099,0.000994205995,0.00156764991,0.00208114051,0.00239206039,0.00244425336,0.00227906434,0.00202107017,0.00183791001,0.00184176196,0.00200221744,0.00217741989,0.00223367278,0.00211359154,0.00183082693,0.00146255552,0.00114232897,0.000986482734,0.00101572126,0.00116827823,0.0013704535,0.00155467116,0.00164338835,0.00158649406,0.00141649147,0.00121654231,0.00103128804,0.000848036934,0.000651759206,0.000455782903,0.000286492733,0.000167291763,0.000116232083,0.000144474093,0.000246767509,0.000388916979,0.000512309318,0.000567368696,0.000547902828,0.00048749316,0.000425871314,0.000381499193,0.000352444259,0.000331208695,0.000308243663,0.000269193324,0.000205951462,0.000130607006,6.6521805e-05,2.67497972e-05,8.39686698e-06,2.07064183e-06,3.97666597e-07,0,0,0,0,0,0,8.87314046e-08,5.64315744e-07,2.79507409e-06,1.078179e-05,3.239029e-05,7.57818396e-05,0.000138083516,0.000195949821,0.000216558059,0.000186393251,0.000124943123,6.52260308e-05,2.65189252e-05,8.39686698e-06,2.07064183e-06,3.97666597e-07,0,2.30872107e-07,1.29577457e-06,5.66387709e-06,1.9280778e-05,5.11165663e-05,0.000105541962,0.000169712981,0.000212535411,0.000207287911,0.000157450107,9.31404628e-05,4.29101619e-05,1.53960141e-05,4.30212323e-06,9.36232593e-07,1.58675929e-07,0,0,0,0,0,0,0,0,2.30872107e-07,1.29577457e-06,5.66387709e-06,1.9280778e-05,5.11165663e-05,0.000105541962,0.000169712981,0.000212535411,0.000207287911,0.000157450107,9.31404628e-05,4.29101619e-05,1.53960141e-05,4.30212323e-06,9.36232593e-07,1.58675929e-07,0,0,0,0,0,2.77442555e-07,1.51870601e-06,6.47441736e-06,2.14958238e-05,5.5581957e-05,0.000111928318,0.000175538538,0.00021440326,0.000203946688,0.000151087429,8.71698615e-05,3.93988155e-05,1.50021163e-05,9.48802276e-06,2.06379284e-05,5.40426975e-05,0.000116323758,0.000202103276,0.000288317255,0.000345371427,0.000353399959,0.000309698511,0.000229303398,0.00014033914,6.95281566e-05,2.74551581e-05,8.55554306e-06,2.07064183e-06,3.97666597e-07,0,1.58675929e-07,9.36232593e-07,4.49376226e-06,1.64988209e-05,4.78525976e-05,0.00011039126,0.000204342662,0.000306559406,0.000376206483,0.000379870794,0.000315699755,0.000214787613,0.000118552293,5.28889957e-05,2.03221238e-05,1.27474222e-05,2.61111171e-05,6.54206065e-05,0.00013578659,0.000229204617,0.000321065958,0.000388602354,0.000433960341,0.000494361587,0.00062074651,0.000833998007,0.00109655209,0.00133496401,0.00148937293,0.00153976529,0.00149556567,0.00137967392,0.00122240665,0.00105216968,0.000885452153,0.000736985801,0.000629740824,0.000568502035,0.000515251489,0.000422743607,0.000290141515,0.000159952157,6.96911938e-05,2.37928817e-05,6.37276521e-06,1.33389911e-06,1.58675929e-07,3.03610117e-07,2.16775251e-06,1.02320019e-05,3.77687596e-05,0.000109863898,0.000252785597,0.000462873552,0.000683317536,0.000832644511,0.000872064423,0.000829307216,0.000747317981,0.00063507439,0.000489421242,0.000341336368,0.000251792766,0.000260330955,0.000343622038,0.000423251745,0.000424216272,0.000335290644,0.000212195944,0.000121914612,9.6818106e-05,0.000129011042,0.000183582052,0.000216733026,0.000203131396,0.000156941736,0.000121504699,0.000138447147,0.000219466864,0.000332669617,0.000413448476,0.000408016878,0.00031818408,0.000197014546,0.000101981281,6.1916407e-05,8.24887733e-05,0.000161087957,0.000284340081,0.000420609824,0.000533538059,0.000604691066,0.000633244461,0.000620190915,0.000574536078,0.000528175865,0.000515210835,0.000534017448,0.000546608896,0.000513936744,0.000425306527,0.000302318585,0.000185552611,0.000112138017,9.85834898e-05,0.000135262761,0.00018893305,0.000217032365,0.000196022566,0.000138083516,7.57818396e-05,3.239029e-05,1.078179e-05,2.79507409e-06,5.64315744e-07,8.87314046e-08,0,0,0,0,0,0,0,0,0,0,0,0,0,0,0,0,0,0,0,0,0,0,0,0,0,0,0,0,0,0,0,0,0,0,0,0,0,0,0,0,0,0,0,0,0,0,0,0,0,0,0,0,0,0,0,0,0,0,0,0,0,0,0,0,0,0,0,0,0,0,0,0,0,0,0,0,0,0,0,0,0,0,0,0,0,0,0,0,0,0,0,0,0,0,0,0,0,0,0,0,0,0,0,0,0,0,0,0,0,0,0,0,0,0,0,0,0,0,0,0,0,0,0,0,0,0,0,0,0,0,0,0,0,0,0,0,0,0,0,0,0,0,0,0,0,0,0,0,0,0,0,0,0,0,0,0,0,0,0,0,0,0,0,0,0,0,0,0,0,0,0,0,0,0,0,0,0,0,0,0,0,0,0,0,0,0,0,0
0.000146513664,0.000203116322,0.000220708415,0.000192954481,0.000154359351,0.000161209636,0.000268799672,0.000526839005,0.00098808532,0.00168188695,0.00252044661,0.00323173477,0.00349813919,0.00326114236,0.00284140874,0.00265944334,0.00282567446,0.00305013775,0.0029697378,0.00252577544,0.00198728053,0.00164999815,0.00158966628,0.00171093207,0.00191039622,0.00211667733,0.00223192348,0.0021441165,0.00181975901,0.00135048311,0.000893539237,0.000565357135,0.000378503078,0.000271721484,0.00018696767,0.00011002452,5.26269007e-05,2.13320581e-05,1.33265765e-05,2.62097812e-05,6.45874991e-05,0.000132286262,0.000219612211,0.000301016656,0.000349293048,0.000349293048,0.000301016656,0.000219612211,0.000132286262,6.43536038e-05,2.48970389e-05,7.58853153e-06,1.99294667e-06,1.45417772e-06,5.00715889e-06,1.74767017e-05,4.75065984e-05,0.000100571476,0.000165814326,0.000212909822,0.000212909822,0.000165814326,0.000100571476,4.75065984e-05,1.74767017e-05,5.00715889e-06,1.11724815e-06,1.94148628e-07,0,3.36929562e-07,1.79879797e-06,7.47914616e-06,2.42185463e-05,6.13570547e-05,0.000121493832,0.000190041592,0.000240350016,0.000259089202,0.000259907684,0.000260281174,0.000253340691,0.000218948404,0.000156343541,8.89898444e-05,3.97902348e-05,1.38858268e-05,3.78432933e-06,8.03216228e-07,1.32770749e-07,0,0,0,0,0,0,0,0,0,0,0,0,0,0,0,0,0,0,0,0,0,1.32770749e-07,8.03216228e-07,3.78432933e-06,1.38858268e-05,3.96808481e-05,8.83113518e-05,0.00015306592,0.000206617372,0.000217210873,0.000177837217,0.00011339402,5.63098033e-05,2.17773118e-05,6.55919992e-06,1.53859349e-06,2.81075668e-07,0,0,0,0,0,0,0,0,0,1.32770749e-07,8.03216228e-07,3.78432933e-06,1.38858268e-05,3.96808481e-05,8.83113518e-05,0.00015306592,0.000206617372,0.000217613756,0.000179934988,0.000121900847,8.31759942e-05,8.79902477e-05,0.000133941676,0.000194156996,0.000233560783,0.000238196639,0.000228203073,0.000229840119,0.000239712895,0.000230075322,0.000189325851,0.000144249865,0.000139575693,0.000201251498,0.000310975682,0.000407583518,0.000426292347,0.000351581696,0.000228203073,0.000116455052,4.67002692e-05,1.49014556e-05,5.08906972e-06,7.51043291e-06,2.523989e-05,7.28423965e-05,0.000166654612,0.000303246273,0.000444391582,0.000534723458,0.000545746548,0.000497784122,0.00044175498,0.00042350589,0.000450965611,0.000489013787,0.000503647394,0.000521019463,0.00061825839,0.000836539049,0.00111665477,0.0013427593,0.00143978117,0.0014063916,0.0012748357,0.00108625222,0.000898301627,0.000765590536,0.000696821715,0.000655163964,0.000610179817,0.000569437157,0.000547394178,0.000522344615,0.000452456657,0.000331720522,0.000204999873,0.000125730631,0.000115624765,0.000158454213,0.000215219741,0.00025195017,0.000267129275,0.000289320612,0.000337376528,0.000390400522,0.000404188819,0.000354087559,0.00025757547,0.000159335664,0.000100456398,9.79746972e-05,0.000141195223,0.000195861852,0.000220808449,0.000197640919,0.000147121383,0.00011115746,0.000119325646,0.000168874732,0.000232134449,0.000285382016,0.000333507773,0.000393809661,0.000454152981,0.000471266197,0.000424746043,0.000349336409,0.000294022884,0.000265665426,0.000233387647,0.000176525747,0.000107836428,5.18953249e-05,1.953326e-05,5.73804562e-06,1.31274275e-06,3.66666149e-07,8.03216228e-07,4.065405e-06,1.54244201e-05,4.62400474e-05,0.000110088669,0.000209375729,0.000320011392,0.000395048091,0.000395048091,0.000320011392,0.000209375729,0.000110088669,4.62400474e-05,1.54244201e-05,4.34648067e-06,2.34180971e-06,6.69197071e-06,2.17773118e-05,5.63098033e-05,0.00011339402,0.000177837217,0.000217210873,0.000206617372,0.00015306592,8.83113518e-05,3.96808481e-05,1.38858268e-05,3.78432933e-06,8.03216228e-07,1.32770749e-07,0,0,0,0,0,0,0,0,0,0,0,0,0,0,0,0,0,0,0,0,0,0,0,0,0,0,0,0,0,0,0,0,0,0,0,0,0,0,0,0,0,0,0,0,0,0,0,0,0,0,0,0,0,0,0,0,0,0,0,0,0,0,0,0,0,0,0,0,0,0,0,0,0,0,0,0,0,0,0,0,0,0,0,0,0,0,0,0,0,0,0,0,0,0,0,0,0,0,0,0,0,0,0,0,0,0,0,0,0,0,0,0,0,0,0,0,0,0,0,0,0,0,0,0,0,0,0,0,0,0,0,0,0,0,0,0,0,0,0,0,0,0,0,0,0,0,0,0,0,0,0,0,0,0,0,0,0,0,0,0,0,0,0,0,0,0,0,0,0,0,0,0,0,0,0,0,0,0,0,0,0,0,0,0,0,0,0
2.24834881e-07,1.91845248e-06,1.09455702e-05,4.81498128e-05,0.000169480741,0.000487605169,0.00115829179,0.00231013491,0.00393552217,0.00582717855,0.00761440253,0.00887027355,0.00926760834,0.00874961548,0.00758825973,0.00621459576,0.00496047967,0.00396933122,0.00327196695,0.00283419311,0.00254171865,0.00224625576,0.0018824098,0.00150819787,0.00122324008,0.00106374842,0.000979013093,0.000888680839,0.000747500163,0.000565437333,0.000387449773,0.000259563159,0.000197660658,0.000177850221,0.000161825236,0.000133324247,0.000107421386,0.000105616049,0.000128880955,0.000153726365,0.000157664056,0.000145435983,0.000147954679,0.000190207699,0.000258495081,0.000304249833,0.000286919915,0.000212275321,0.000122562788,5.51810213e-05,1.93604885e-05,5.29342763e-06,1.12784649e-06,1.87263578e-07,0,0,0,0,1.94845144e-07,1.06657211e-06,4.54691885e-06,1.5096303e-05,3.90346551e-05,7.86061432e-05,0.000123278968,0.000150573275,0.000143229729,0.000106107197,6.12185259e-05,2.75072568e-05,9.62582759e-06,2.62334409e-06,5.56799466e-07,9.20383325e-08,0,0,0,0,0,0,0,0,0,0,0,0,0,0,0,0,0,0,0,0,0,0,0,0,0,0,0,0,0,0,0,0,0,0,0,0,0,0,0,0,0,0,0,0,0,0,0,0,0,0,0,0,0,0,0,0,0,0,0,0,0,0,0,0,0,0,0,0,0,0,0,0,0,0,0,0,0,0,0,0,0,0,0,0,0,0,9.20383325e-08,5.56799466e-07,2.62334409e-06,9.62582759e-06,2.75072568e-05,6.12185259e-05,0.000106107197,0.000143229729,0.000150573275,0.000123278968,7.86061432e-05,3.90346551e-05,1.5096303e-05,4.54691885e-06,1.30453838e-06,1.57519438e-06,6.44461896e-06,2.31552924e-05,6.54912159e-05,0.000146368543,0.000259787473,0.000368436848,0.000420372514,0.000388341199,0.000291795811,0.000178581203,8.88195868e-05,3.57132334e-05,1.15925989e-05,3.36465773e-06,2.51975217e-06,7.66398216e-06,2.27473782e-05,5.32208315e-05,9.69746784e-05,0.000137613609,0.000152086569,0.000130902125,8.77463116e-05,4.59421789e-05,1.93984683e-05,9.36806082e-06,1.35692575e-05,3.32114437e-05,6.97173966e-05,0.00011494455,0.000147591733,0.000147591733,0.00011494455,6.97173966e-05,3.2932164e-05,1.21150667e-05,3.47102473e-06,7.74490296e-07,1.3458624e-07,0,0,0,0,0,0,0,0,0,0,0,0,0,0,0,0,0,0,0,0,0,0,0,0,0,0,0,0,0,0,0,0,0,0,0,0,0,0,0,0,0,0,0,0,0,0,0,0,0,0,0,0,0,0,0,0,0,0,0,0,0,0,0,0,0,0,0,0,0,0,0,0,0,0,0,0,0,0,0,0,0,0,0,0,0,0,0,0,0,0,0,0,0,0,0,0,0,0,0,0,0,0,0,0,0,0,0,0,0,0,0,0,0,0,0,0,0,0,0,0,0,0,0,0,0,0,0,0,0,0,0,0,0,0,0,0,0,0,0,0,0,0,0,0,0,0,0,0,0,0,0,0,0,0,0,0,0,0,0,0,0,0,0,0,0,0,0,0,0,0,0,0,0,0,0,0,0,0,0,0,0,0,0,0,0,0,0,0,0,0,0,0,0,0,0,0,0,0,0,0,0,0,0,0,0,0,0,0,0,0,0,0,0,0,0,0,0,0,0,0,0,0,0,0,0,0,0,0,0,0,0,0,0,0,0,0,0,0,0,0,0,0,0,0,0,0
2.55324935e-05,6.09644289e-05,0.000117620617,0.00019775576,0.000336868805,0.00065678048,0.00137175176,0.00266843183,0.00450203398,0.00648297335,0.00801729312,0.00864474342,0.00833395971,0.00750433521,0.00672883227,0.00631681548,0.00611813738,0.00573903623,0.00495143579,0.00387910477,0.0028263483,0.00200311218,0.00142769551,0.00101637478,0.000693939118,0.000433326155,0.000237434547,0.000110695125,4.28446903e-05,1.3457707e-05,3.40143517e-06,7.74297941e-07,9.70444354e-07,3.88727635e-06,1.35679276e-05,3.68814492e-05,7.80780339e-05,0.000128728911,0.000165291203,0.000165291203,0.000128728911,7.80780339e-05,3.68814492e-05,1.35679276e-05,3.88727635e-06,8.67368585e-07,1.50726068e-07,0,0,0,0,0,0,0,0,0,0,0,0,0,0,0,0,0,0,0,0,0,0,0,0,0,0,0,0,0,0,0,0,0,1.81583209e-07,1.01913959e-06,4.45469567e-06,1.51645237e-05,4.02036879e-05,8.30098027e-05,0.000133480947,0.000167161215,0.000163034004,0.000123836075,7.32559005e-05,3.37492691e-05,1.21091182e-05,3.38366271e-06,7.36356247e-07,1.24800197e-07,0,0,0,0,0,0,0,0,0,0,0,0,0,0,0,0,0,0,0,0,0,0,0,0,0,0,0,0,0,0,0,0,0,0,0,0,0,0,0,0,0,0,0,0,0,0,0,0,0,0,0,0,0,0,0,0,0,0,0,0,0,0,0,0,0,0,0,0,0,0,0,0,0,0,0,0,0,0,0,1.50726068e-07,1.14289484e-06,5.49100131e-06,2.09086552e-05,6.30023372e-05,0.000150992027,0.000289069563,0.000445876022,0.000562792656,0.000597834576,0.000558479025,0.000482483156,0.000396878068,0.00030905626,0.000228430943,0.000175624302,0.000162956535,0.000174546993,0.000176444218,0.000147996632,9.85305897e-05,5.13009221e-05,2.08573985e-05,6.60421941e-06,1.6285804e-06,3.12768734e-07,0,0,0,0,0,0,0,0,0,0,0,0,0,0,0,0,0,0,0,0,0,0,0,0,0,0,0,0,0,0,0,0,0,0,0,0,0,0,0,0,8.4920371e-08,5.26743647e-07,2.54456242e-06,9.57311633e-06,2.80491609e-05,6.40048441e-05,0.000113744963,0.000157426517,0.000169687542,0.000142445403,9.3126497e-05,4.74159522e-05,1.88019163e-05,5.80638814e-06,1.3964855e-06,2.61573149e-07,0,0,0,0,0,0,0,0,0,0,0,0,0,0,0,0,0,0,0,0,0,0,0,0,0,0,0,0,0,0,0,0,0,0,0,0,0,0,0,0,0,0,0,0,0,0,0,0,0,0,0,0,0,0,0,0,0,0,0,0,0,0,0,0,0,0,0,1.81583209e-07,1.01913959e-06,4.45469567e-06,1.51645237e-05,4.02036879e-05,8.30098027e-05,0.000133480947,0.000167161215,0.000163034004,0.000123836075,7.32559005e-05,3.37492691e-05,1.21091182e-05,3.38366271e-06,7.36356247e-07,1.24800197e-07,0,0,0,0,0,0,0,0,0,0,0,0,0,0,0,0,0,0,0,0,0,0,0,0,0,0,0,0,0,0,0,0,0,0,0,0,0,0,0,0,0,0,0,0,0,0,0,0,0,0,0,0,0,0,0,0,0,0,0,0,0,0,0,0,0,0,0,0,0,0,0,0,0,0,0,0,0,0,0,0,0,0,0,0,0,0,0,0,0,0,0,0,0,0,0,0,0,0,0,0,0,0,0,0,0,0,0,0,0,0,0,0,0,0,0,0,0,0,0,0,0
2.64263928e-07,1.87335471e-06,1.01242596e-05,4.1701749e-05,0.000141602201,0.000397347799,0.000944624477,0.00193316542,0.00344350284,0.00535689973,0.00724842383,0.00848080963,0.00859492326,0.00772392155,0.00653896499,0.00569535116,0.0053419399,0.00515533895,0.00475347335,0.00402675564,0.00313569105,0.00230068584,0.00163762474,0.00114416627,0.000768246792,0.000472752592,0.00025334039,0.000113759729,4.15599735e-05,1.2181882e-05,2.8255085e-06,4.92936797e-07,0,0,0,0,0,0,0,0,0,0,0,0,0,0,0,0,0,0,0,0,0,0,0,0,0,0,0,0,0,0,0,0,0,0,0,0,0,0,0,0,0,0,0,0,7.88360592e-08,4.89003909e-07,2.3622515e-06,8.88722879e-06,2.60395155e-05,5.94190725e-05,0.000105595448,0.000146147338,0.000157529895,0.000132239581,8.64542388e-05,4.40187292e-05,1.74548105e-05,5.39037635e-06,1.29643114e-06,2.4283215e-07,0,0,0,0,0,0,0,0,0,0,0,0,0,0,0,0,0,0,0,0,0,0,0,0,0,0,0,0,0,0,0,0,0,0,0,0,0,0,0,0,0,0,0,0,0,0,0,0,0,0,0,0,0,0,0,0,0,0,0,0,0,0,0,0,5.31102809e-08,3.46322537e-07,1.75877091e-06,6.95607408e-06,2.14262159e-05,5.13988214e-05,9.6025638e-05,0.000139716479,0.000158459444,0.000140521704,9.96991901e-05,6.44066807e-05,5.77060589e-05,8.73772391e-05,0.000145442563,0.000211905177,0.0002656845,0.000299370573,0.000325191461,0.000365309635,0.000431605143,0.000513945809,0.000596761479,0.000685138242,0.000799763651,0.000937290323,0.00104689238,0.00106172957,0.000957700017,0.000775177077,0.000579436564,0.000409926426,0.000272352596,0.000163063476,8.36821853e-05,3.54552802e-05,1.20998674e-05,3.28115946e-06,6.83598341e-07,1.15858605e-07,0,0,0,0,0,0,2.02577085e-07,1.10889636e-06,4.72735194e-06,1.5695362e-05,4.05836476e-05,8.17254312e-05,0.000128170985,0.000156548399,0.000148913442,0.000110317796,6.36478298e-05,2.85988134e-05,1.00078045e-05,2.72744494e-06,5.78894658e-07,9.56906433e-08,0,0,0,0,0,0,7.88360592e-08,4.89003909e-07,2.3622515e-06,8.88722879e-06,2.60395155e-05,5.94190725e-05,0.000105595448,0.000146147338,0.000157529895,0.000132239581,8.64542388e-05,4.40187292e-05,1.74548105e-05,5.39037635e-06,1.29643114e-06,2.4283215e-07,0,0,0,0,0,0,0,0,0,0,0,0,0,0,0,0,0,0,0,0,0,0,0,0,0,0,0,0,0,0,0,0,0,0,0,0,0,0,0,0,0,0,0,0,0,0,0,0,0,0,0,0,0,0,0,0,0,0,0,0,0,0,0,0,0,0,0,0,0,0,0,0,0,0,0,0,0,0,0,0,0,0,0,0,0,0,0,0,0,0,0,0,0,0,0,0,0,0,0,0,0,0,0,0,0,0,0,0,0,0,0,0,0,0,0,0,0,0,0,0,0,0,0,0,0,0,0,0,0,0,0,0,0,0,0,0,0,0,0,0,0,0,0,0,0,0,0,0,0,0,0,0,0,0,0,0,0,0,0,0,0,0,0,0,0,0,0,0,0,0,0,0,0,0,0,0,0,0,0,0,0,0,0,0,0,0,0,0,0,0,0,0,0,0,0,0,0,0,0,0,0,0,0,0,0,0,0,0,0,0,0,0,0,0,0,0,0,0,0,0,0
0,4.93484352e-07,3.75259026e-06,1.96259667e-05,7.98026565e-05,0.00026126305,0.000698474222,0.00155238998,0.00291447678,0.00468749576,0.00652605069,0.00793168951,0.00851531842,0.00826519254,0.00753880228,0.0067336711,0.00598211152,0.00519181173,0.00429072914,0.00333210478,0.0024194485,0.00163322423,0.00102752232,0.000623259734,0.000394005369,0.000276770326,0.000205726183,0.000143095328,8.48306618e-05,4.07229023e-05,1.55282023e-05,4.61740824e-06,1.17657203e-06,7.63297108e-07,2.71588788e-06,1.0113322e-05,2.96515594e-05,6.89618736e-05,0.000128743324,0.000196056072,0.000248693322,0.000269544423,0.000258645357,0.000234770203,0.000222931093,0.000234207641,0.000256280087,0.000265113727,0.000243732047,0.000192306179,0.000126716709,6.81560347e-05,2.94104283e-05,1.01219413e-05,3.06647015e-06,2.55881506e-06,7.78279435e-06,2.31000233e-05,5.40458965e-05,9.84780448e-05,0.000139746987,0.000154444316,0.000132931457,8.91066137e-05,4.65177321e-05,1.89126986e-05,5.98845589e-06,1.47673499e-06,2.83606835e-07,0,0,0,0,0,0,1.97865764e-07,1.08310683e-06,4.61740824e-06,1.5330336e-05,3.96397964e-05,7.98247483e-05,0.000125190121,0.000152907563,0.000145450172,0.000107752142,6.21675765e-05,2.79336927e-05,9.77505362e-06,2.66401293e-06,5.65431344e-07,9.34651724e-08,0,0,0,0,0,0,0,0,0,0,7.70025743e-08,4.77631178e-07,2.30731278e-06,8.68053911e-06,2.54339162e-05,5.80371671e-05,0.000103139622,0.000142748399,0.000153866233,0.000129164094,8.44435784e-05,4.29949886e-05,1.70488652e-05,5.26501273e-06,1.26628013e-06,2.37184619e-07,0,0,0,0,0,0,0,0,0,0,0,0,0,0,0,0,0,0,0,0,0,0,0,0,0,0,0,0,0,0,0,0,0,0,0,0,0,0,0,0,0,0,0,0,0,0,1.97865764e-07,1.08310683e-06,4.61740824e-06,1.5330336e-05,3.96397964e-05,7.98247483e-05,0.000125190121,0.000152907563,0.000145878176,0.000110521713,7.48434391e-05,7.38196925e-05,0.000140239461,0.000296243359,0.000526728802,0.000758730553,0.000895042016,0.000888541359,0.000775729013,0.000634906833,0.000524259139,0.000455732524,0.000409120133,0.000364727523,0.000322519433,0.00029228127,0.000274682432,0.000258941589,0.000231552651,0.00018532551,0.000126205132,7.04650201e-05,3.15266752e-05,1.11447422e-05,3.06817712e-06,6.6769994e-07,1.13164089e-07,0,0,0,0,0,0,0,0,0,0,0,0,0,0,4.20279522e-07,2.26323201e-06,9.75047556e-06,3.24818614e-05,8.52254485e-05,0.000177005556,0.000292991212,0.00039048555,0.000425637049,0.000390336943,0.000319513789,0.000260269005,0.000235424395,0.000235793069,0.000240128972,0.000232766749,0.000205318567,0.000157472023,0.000100586673,5.19213092e-05,2.12661763e-05,6.84617231e-06,1.71786729e-06,3.38268138e-07,5.18750987e-08,0,0,0,0,0,0,0,0,0,0,0,0,0,0,0,0,0,0,0,0,0,0,0,0,0,0,0,0,0,0,0,0,0,0,0,0,0,0,0,0,0,0,0,0,0,0,0,0,0,0,0,0,0,0,0,0,0,0,0,0,0,0,0,0,0,0,0,0,0,0,0,0,0,0,0,0,0,0,0,0,0,0,0,0,0,0,0,0,0,0,0,0,0,0,0,0,0,0,0,0,0,0,0,0,0,0,0,0,0,0,0,0,0,0,0,0,0,0,0,0,0,0,0,0,0,0,0,0,0,0,0,0,0,0,0,0,0,0,0,0,0,0,0,0,0,0,0,0,0,0,0,0,0,0,0,0,0,0,0,0,0,0,0,0,0,0,0,0,0,0,0,0,0,0,0,0,0,0,0,0,0,0,0,0,0,0,0,0,0,0,0,0,0,0,0,0,0,0,0,0,0,0,0,0,0,0,0,0,0,0,0,0,0,0,0,0,0,0,0,0,0,0
0,1.36065083e-07,3.6066455e-06,2.46820638e-05,0.000118096564,0.000438718088,0.00130792332,0.00314534276,0.00613555721,0.00976525894,0.0127721197,0.0138690838,0.0127305263,0.0102221155,0.00761261764,0.00563582783,0.00428543153,0.00325703557,0.00236941818,0.00162212506,0.00105500949,0.000662807138,0.000408535844,0.000261676233,0.000196365671,0.00017601265,0.000159171591,0.000124516848,8.01867658e-05,4.69418933e-05,3.95383556e-05,6.07703708e-05,0.000101088455,0.000138647459,0.000149239039,0.000125279763,8.19041207e-05,4.17020074e-05,1.65361575e-05,5.10667888e-06,1.33796042e-06,8.77672117e-07,2.97590834e-06,1.06498871e-05,2.96822527e-05,6.44280662e-05,0.000108912986,0.000143387298,0.000147017151,0.000117395585,7.30065569e-05,3.535887e-05,1.33370954e-05,3.91787454e-06,8.96326338e-07,1.59701197e-07,0,0,0,0,0,0,0,0,0,0,0,0,0,0,0,0,0,0,0,0,0,0,0,0,0,0,0,0,0,0,0,0,0,0,0,0,0,0,0,0,0,0,0,0,0,0,0,0,0,0,0,0,0,0,0,0,0,0,0,0,0,0,0,0,0,0,0,0,0,0,0,0,0,0,0,0,0,0,0,0,0,0,0,0,0,0,0,0,0,0,0,0,0,0,0,0,0,0,0,0,0,0,0,0,0,0,0,0,0,0,0,0,0,0,0,0,0,0,0,0,0,0,0,0,0,0,0,0,0,0,0,0,0,0,0,0,0,0,0,0,0,0,0,0,0,0,0,0,0,0,0,0,0,0,0,0,0,0,0,0,0,0,0,0,0,0,0,0,0,0,0,0,0,0,0,0,0,0,0,0,0,0,0,0,0,0,0,0,0,0,0,0,0,0,0,0,0,0,0,0,0,0,0,0,0,0,0,0,0,0,0,0,0,0,0,0,0,0,0,0,0,0,0,0,0,0,0,0,0,0,0,0,0,0,0,0,0,0,0,0,0,0,0,0,0,0,0,0,0,0,0,0,0,0,0,0,0,0,0,0,0,0,0,0,0,0,0,0,0,0,0,0,0,0,0,0,0,0,0,0,0,0,0,0,0,0,0,0,0,0,0,0,0,0,0,0,0,0,0,0,0,0,0,0,0,0,0,0,0,0,0,0,0,0,0,0,0,0,0,0,0,0,0,0,0,0,0,0,0,0,0,0,0,0,0,0,0,0,0,0,0,0,0,0,0,0,0,0,0,0,0,0,0,0,0,0,0,0,0,0,0,0,0,0,0,0,0,0,0,0,0,0,0,0,0,0,0,0,0,0,0,0,0,0,0,0,0,0,0,0,0,0,0,0,0,0,0,0,0,0,0,0,0,0,0
0,0,1.11218066e-06,1.01189162e-05,5.50104281e-05,0.000225742744,0.000744723605,0.00198371178,0.00428932184,0.00755955821,0.0109213548,0.013043471,0.0130607216,0.0112461715,0.00872220354,0.00654788556,0.00508422222,0.00407399101,0.00314923788,0.00220925923,0.00139593641,0.000847154613,0.000555589836,0.000421928772,0.000357080623,0.00032343071,0.000309731569,0.00030276788,0.000283907874,0.0002409465,0.000176517043,0.000107714986,5.33049155e-05,2.10489527e-05,6.55924912e-06,1.58749193e-06,3.04877698e-07,0,0,0,0,0,0,0,0,0,0,0,0,0,0,0,0,0,0,0,0,0,0,0,0,0,0,0,0,0,0,0,0,0,0,0,0,0,0,0,0,0,0,0,0,0,0,0,0,0,0,0,0,2.12705941e-07,1.16434118e-06,4.96371956e-06,1.64801302e-05,4.26128301e-05,8.58117031e-05,0.000134579535,0.000164375819,0.000156359114,0.000115833686,6.68302215e-05,3.00287542e-05,1.05081947e-05,2.86381719e-06,6.07839393e-07,1.00475176e-07,0,0,0,0,0,0,0,0,0,0,0,0,0,0,0,0,0,0,0,0,0,0,0,0,0,0,0,0,0,0,0,0,0,0,0,0,0,0,0,0,0,0,0,0,0,0,0,0,0,0,0,0,0,0,0,0,0,0,0,0,0,0,0,0,0,0,0,1.21651536e-07,7.1777826e-07,3.29829419e-06,1.18036098e-05,3.2897788e-05,7.14076821e-05,0.000120711739,0.000158920718,0.000162943801,0.000130113274,8.09154971e-05,3.91893642e-05,1.47819285e-05,4.3423054e-06,9.93427088e-07,1.77001934e-07,0,0,0,0,0,0,0,0,0,0,0,0,0,0,0,0,0,0,0,0,0,0,0,0,0,0,0,0,0,0,0,0,0,0,0,0,0,0,0,0,0,0,0,0,0,0,0,0,0,0,0,0,0,0,0,0,0,0,0,0,0,0,0,0,0,0,0,0,0,0,0,0,0,0,0,0,0,0,0,0,0,0,0,0,0,0,0,0,0,0,0,0,0,0,0,0,0,0,0,0,0,0,0,0,0,0,0,0,0,0,0,0,0,0,0,0,0,0,0,0,0,0,0,0,0,0,0,0,0,0,0,0,0,0,0,0,0,0,0,0,0,0,0,0,0,0,0,0,0,0,0,0,0,0,0,0,0,0,0,0,0,0,0,0,0,0,0,0,0,0,0,0,0,0,0,0,0,0,0,0,0,0,0,0,0,0,0,0,0,0,0,0,0,0,0,0,0,0,0,0,0,0,0,0,0,0,0,0,0,0,0,0,0,0,0,0,0,0,0,0,0,0,0,0,0,0,0,0,0,0,0,0,0,0,0,0,0,0,0,0,0,0,0,0,0,0,0,0,0,0,0,0,0,0,0,0,0,0,0,0,0,0,0,0,0,0,0,0,0,0,0,0,0
8.41810282e-08,7.73749815e-07,4.7271572e-06,2.22648844e-05,8.40300208e-05,0.000260788225,0.000681818984,0.00151757767,0.00289452342,0.00475198928,0.00675033762,0.00837472959,0.00920614458,0.00910925448,0.00819902025,0.00673200915,0.00504615909,0.00347477623,0.00222334225,0.00133440687,0.000757697451,0.000424408058,0.000265806992,0.000211082556,0.000190487999,0.000158631105,0.000108842595,5.93005553e-05,2.53772019e-05,9.13610125e-06,5.53341754e-06,1.24436685e-05,3.35246161e-05,7.30011155e-05,0.000125182246,0.000172598308,0.000204861496,0.00024261287,0.000332136129,0.000502902853,0.0007349569,0.000971932383,0.00115368934,0.00122866875,0.00116102338,0.000956742508,0.000676846594,0.000406151599,0.000204484278,8.53405447e-05,2.91856157e-05,8.07173718e-06,1.69437294e-06,2.59295813e-07,0,0,0,0,0,0,0,0,0,0,0,0,0,1.494138e-07,8.59817008e-07,3.85343253e-06,1.34498011e-05,3.6560348e-05,7.73982626e-05,0.000127608157,0.000163852127,0.000163852127,0.000127608157,7.73982626e-05,3.6560348e-05,1.34498011e-05,3.85343253e-06,8.59817008e-07,1.494138e-07,0,0,2.16311514e-07,1.1840779e-06,5.04785946e-06,1.67594845e-05,4.33351593e-05,8.72662953e-05,0.000136860789,0.00016716215,0.000159009554,0.00011779718,6.79630591e-05,3.05377709e-05,1.06863189e-05,2.9123617e-06,6.18142865e-07,1.02178328e-07,0,0,0,0,0,0,0,0,0,0,0,0,0,0,0,0,0,0,0,0,0,0,0,0,0,0,0,0,0,0,0,0,0,1.8000229e-07,1.01026665e-06,4.41591173e-06,1.50324967e-05,3.98536622e-05,8.2287094e-05,0.000132318821,0.000165705858,0.00016161458,0.000122757921,7.26181122e-05,3.34554377e-05,1.20036925e-05,3.35420351e-06,7.29945304e-07,1.23713648e-07,0,0,0,0,0,0,0,0,0,0,0,0,0,0,0,0,0,0,0,0,0,0,0,0,0,4.02670863e-07,2.83816698e-06,1.38606721e-05,5.33132619e-05,0.000163762925,0.000404666341,0.000809212778,0.00131794888,0.00175931131,0.00193688747,0.00177055287,0.00135908691,0.000900512846,0.000549060064,0.000338892148,0.0002203308,0.000140917293,8.53627465e-05,6.17564033e-05,7.54512888e-05,0.000116108862,0.000156785851,0.000168333898,0.00014120523,9.23157092e-05,4.70031344e-05,1.8638221e-05,5.75583594e-06,1.38432727e-06,2.59295813e-07,0,0,0,0,0,0,0,0,0,0,0,0,0,0,0,0,0,0,0,8.41810282e-08,5.22157655e-07,2.52240868e-06,9.63918334e-06,2.86647743e-05,6.73010293e-05,0.000126204461,0.000192616249,0.000245608453,0.000268813371,0.000256167828,0.00021085525,0.00014624638,8.31540941e-05,3.79446754e-05,1.37090971e-05,3.85343253e-06,8.59817008e-07,1.494138e-07,0,0,0,0,0,0,0,0,0,0,0,0,0,0,0,0,0,0,0,0,0,0,0,0,0,0,0,0,2.59295813e-07,1.38432727e-06,5.75583594e-06,1.8638221e-05,4.70031344e-05,9.23157092e-05,0.00014120523,0.00016821019,0.000156055913,0.000112754664,6.34475983e-05,2.78049563e-05,9.48976984e-06,2.52240868e-06,5.22157655e-07,8.41810282e-08,0,0,0,0,0,0,0,0,0,0,0,0,0,0,0,0,0,0,0,0,0,0,0,0,0,0,0,0,0,0,0,0,0,0,0,0,0,0,0,0,0,0,0,0,0,0,0,0,0,0,0,0,0,0,0,0,0,0,0,0,0,0,0,0,0,0,0,0,0,0,0,0,0,0,0,0,0,0,0,0,0,0,0,0,0,0,0,0,0,0,0,0,0,0,0,0,0,0,0,0,0,0,0,0,0,0,0,0,0,0,0,0,0,0,0,0,0,0,0,0,0,0,0,0,0,0,0,0,0,0,0,0,0,0,0,0,0,0,0,0,0,0,0,0,0,0,0,0,0,0,0,0,0,0,0,0,0,0,0,0,0,0,0,0,0,0,0,0,0,0,0,0,0,0
0.00123989562,0.00312350972,0.00617117467,0.00960693404,0.0118988527,0.0119663977,0.0101823436,0.00786683415,0.00598797047,0.00466840987,0.00366732981,0.00286325505,0.00228220754,0.00195005639,0.00181279226,0.00172463325,0.00152785226,0.00117143669,0.000746594447,0.000387681196,0.000162160068,5.43721337e-05,1.45354644e-05,3.01388883e-06,4.05236011e-07,0,0,0,0,5.83748136e-07,3.30602714e-06,1.4133538e-05,4.7638555e-05,0.000127181486,0.000270425565,0.000460731311,0.00063253127,0.000702651903,0.00063253127,0.000460731311,0.000270425565,0.000127181486,4.7638555e-05,1.4133538e-05,3.30602714e-06,7.39493102e-07,9.90509699e-07,4.9060265e-06,1.89246317e-05,5.68527402e-05,0.000133015334,0.000242369743,0.00034393901,0.000380111417,0.000327164934,0.000219792176,0.000117153054,5.79112413e-05,5.24688546e-05,0.000101194167,0.000197159084,0.000308112305,0.000376329229,0.000357975432,0.000265194734,0.000153004048,6.87491503e-05,2.40579231e-05,6.55654902e-06,1.39161424e-06,2.30032286e-07,0,0,0,0,0,0,0,0,0,0,0,0,0,0,0,0,0,0,0,0,0,0,0,0,0,0,0,0,2.78514375e-07,1.64331311e-06,7.55125978e-06,2.70237033e-05,7.53176425e-05,0.000163483888,0.000276362763,0.000363840081,0.000373050704,0.000297887052,0.000185251498,8.97218538e-05,3.38423973e-05,9.94146495e-06,2.27439566e-06,4.05236011e-07,0,0,0,0,0,0,0,0,0,0,0,0,0,0,0,0,0,0,0,0,0,0,0,0,0,0,0,0,0,0,0,0,0,0,0,0,0,0,0,0,0,0,0,0,0,0,0,0,0,0,0,0,0,0,0,0,0,0,0,0,0,0,0,0,0,0,0,0,0,0,0,0,0,0,0,0,0,0,0,0,0,0,0,0,0,0,0,0,0,0,0,0,0,0,0,0,0,0,0,0,0,0,0,0,0,0,0,0,0,0,0,0,0,0,0,0,0,0,0,0,0,0,0,0,0,0,0,0,0,0,0,0,0,0,0,0,0,0,0,0,0,0,0,0,0,0,0,0,0,0,0,0,0,0,0,0,0,0,0,0,0,0,0,0,0,0,0,0,0,0,0,0,0,0,0,0,0,0,0,0,0,0,0,0,0,0,0,0,0,0,0,0,0,0,0,0,0,0,0,0,0,0,0,0,0,0,0,0,0,0,0,0,0,0,0,0,0,0,0,0,0,0,0,0,0,0,0,0,0,0,0,0,0,0,0,0,0,0,0,0,0,0,0,0,0,0,0,0,0,0,0,0,0,0,0,0,0,0,0,0,0,0,0,0,0,0,0,0,0,0,0,0,0,0,0,0,0,0,0,0,0,0,0,0,0,0,0,0,0,0,0,0,0,0,0,0,0,0,0,0,0,0,0,0,0,0,0,0,0,0,0,0,0,0,0,0,0,0,0,0,0,0,0,0,0,0,0,0,0,0,0,0,0,0,0,0,0,0,0,0,0,0,0,0,0,0
0,0,1.06016891e-07,1.58250241e-06,9.91689836e-06,4.50563062e-05,0.00016238487,0.000465800007,0.00106594867,0.00195707753,0.00290688255,0.00355472827,0.00372395162,0.00364007997,0.00378716673,0.00449822447,0.00560738863,0.00647113365,0.00644793772,0.00547091423,0.00410890241,0.00303757044,0.0025192538,0.00237798083,0.00230555543,0.00209998576,0.00172308181,0.00126289665,0.000848850217,0.000552749957,0.000358464406,0.000220696968,0.000118866873,5.26244754e-05,1.85518483e-05,6.31646157e-06,6.89935652e-06,2.24712773e-05,6.74095048e-05,0.000160732628,0.000302199299,0.000452515934,0.00055220737,0.000579661508,0.000574909963,0.000581932633,0.000583164352,0.000523668105,0.000390247292,0.000232613204,0.000109248856,4.02261159e-05,1.16011873e-05,2.61474987e-06,4.60494957e-07,0,0,0,0,0,0,0,0,0,0,0,0,0,0,0,0,0,0,0,0,0,0,0,0,0,0,0,0,0,0,0,0,0,0,1.06016891e-07,6.74248326e-07,3.33957371e-06,1.28821568e-05,3.87001408e-05,9.05446622e-05,0.000164983133,0.000234122192,0.000259076534,0.000224518495,0.000157018579,0.000103615867,9.80946978e-05,0.000143765361,0.000212208684,0.000256645632,0.000243676903,0.000180520297,0.000104151149,4.67981278e-05,1.63764316e-05,4.46309835e-06,9.47283576e-07,1.56584922e-07,0,0,0,0,0,0,0,0,0,0,0,0,0,0,0,0,0,0,0,0,0,0,0,0,0,0,0,0,0,0,0,0,0,0,0,0,0,0,0,0,0,0,0,0,0,0,0,0,0,0,0,0,0,0,0,0,0,0,0,0,1.8958709e-07,1.275202e-06,6.6916296e-06,2.62385844e-05,8.22181803e-05,0.000208315046,0.000429766218,0.000731137485,0.00104433672,0.00128569431,0.0014124151,0.00143343768,0.00137027327,0.0012351037,0.00104971256,0.000851617485,0.000666228526,0.000493474664,0.00033027532,0.000189906064,9.03713089e-05,3.48255893e-05,1.15466284e-05,7.02402322e-06,1.68515658e-05,4.67981278e-05,0.000104151149,0.000180520297,0.000243676903,0.000256170487,0.000209734651,0.000133732722,6.64097038e-05,2.56833578e-05,7.73567831e-06,1.81456037e-06,3.31490269e-07,0,0,0,0,0,2.28971726e-07,1.31764124e-06,5.9052584e-06,2.0611377e-05,5.60275288e-05,0.000118610287,0.000195555297,0.000251097986,0.000251097986,0.000195555297,0.000118610287,5.60275288e-05,2.0611377e-05,5.9052584e-06,1.31764124e-06,2.28971726e-07,0,0,3.97362291e-07,2.12143593e-06,8.82062895e-06,2.85624596e-05,7.20307548e-05,0.000141470783,0.000216392363,0.000258297657,0.000242083709,0.000185668683,0.000141309978,0.000160289245,0.000259560339,0.000401722636,0.000504639671,0.000497744677,0.000383294532,0.000230253422,0.000108204043,4.12277977e-05,1.89660155e-05,2.81788417e-05,6.68421347e-05,0.000133732722,0.000209734651,0.000256170487,0.000243676903,0.000180520297,0.000104151149,4.67981278e-05,1.63764316e-05,4.46309835e-06,9.47283576e-07,1.56584922e-07,0,0,0,0,0,0,0,0,0,0,0,0,0,0,0,0,0,0,0,0,0,0,0,0,0,0,0,0,0,0,0,0,0,0,0,0,0,0,0,0,0,0,0,0,0,0,0,0,0,0,0,0,0,0,0,0,0,0,0,0,0,0,0,0,0,0,0,0,0,0,0,0,0,0,0,0,0,0,0,0,0,0,0,0,0,0,0,0,0,0,0,0,0,0,0,0,0,0,0,0,0,0,0,0,0,0,0,0,0,0,0,0,0,0,0,0,0,0,0,0,0,0,0,0,0,0,0,0,0,0,0,0,0,0,0,0,0,0,0,0,0,0,0,0,0,0,0,0,0,0,0,0,0,0,0,0,0,0,0,0,0,0,0,0,0,0,0,0,0,0,0,0,0,0,0,0,0,0,0,0,0,0,0,0,0,0,0,0,0,0,0,0,0,0
0,0,5.07711875e-07,4.00335344e-06,1.91164849e-05,7.2008381e-05,0.00021734983,0.000526714684,0.00103893614,0.00169486403,0.00235089588,0.00289139826,0.00332334037,0.00371713724,0.00404881728,0.00414478186,0.00382300777,0.00309211385,0.0021912437,0.00143708906,0.00103399053,0.000983745015,0.00113514221,0.00132136536,0.00146375628,0.00155041455,0.00155339461,0.00142826906,0.00118155716,0.000886714476,0.000630138306,0.000458130564,0.000363659257,0.000304375395,0.000244303436,0.000189583013,0.000187201303,0.00029275268,0.000533530697,0.000886236938,0.00128257875,0.00164183059,0.00189757813,0.00200822492,0.00196475908,0.00178764782,0.00150341749,0.00113928526,0.000748940373,0.000412094498,0.000185229221,6.96591296e-05,3.31234878e-05,5.07727691e-05,0.000119306647,0.000236692445,0.000370639052,0.000455569535,0.000440027265,0.000336381572,0.000212172221,0.000134314041,0.000127925976,0.000173144625,0.000222978154,0.000232952383,0.000192743617,0.000132315422,9.59635384e-05,0.00011429236,0.00019174502,0.000303101454,0.000398657457,0.000428709564,0.000378806865,0.000283373118,0.000205532282,0.000199781746,0.00028335723,0.000427016529,0.000565040753,0.000625669971,0.000572904976,0.000432545344,0.000275599309,0.000174007512,0.00016689995,0.000256528311,0.000414895304,0.000589171925,0.00071494993,0.000744104943,0.000671619303,0.000539649818,0.000415743838,0.000357274983,0.000376550521,0.000429641194,0.000448555379,0.000396961178,0.000299373708,0.000215071857,0.000187566951,0.000210457075,0.000237912654,0.000226977409,0.000175060192,0.000117289719,9.58450741e-05,0.00013427853,0.000228345621,0.000342901556,0.000422226373,0.000422054615,0.000341888211,0.000223689203,0.000117614619,4.94011384e-05,1.64788739e-05,4.34332675e-06,8.58126198e-07,1.41847306e-07,0,0,0,0,0,0,0,0,0,0,0,0,0,0,0,0,0,0,0,0,0,0,0,2.49885082e-07,1.40248529e-06,6.13031348e-06,2.11184898e-05,5.67286458e-05,0.000120363961,0.000204557921,0.000285364484,0.000338592291,0.000354105898,0.000330966027,0.000271527455,0.000190582181,0.000118641266,8.60570222e-05,0.0001049157,0.00016118613,0.00021765526,0.000233686638,0.000196025731,0.000128155695,6.52512926e-05,2.58741896e-05,7.99044022e-06,2.01780727e-06,9.70751745e-07,3.02525639e-06,1.16697011e-05,3.50577225e-05,8.23229756e-05,0.00015109886,0.00021909445,0.00025765828,0.000261902549,0.000256378489,0.000260592233,0.000260762807,0.000229830654,0.000165771066,9.47789612e-05,4.2393535e-05,1.48350983e-05,4.04303602e-06,8.58126198e-07,1.41847306e-07,0,0,0,0,0,0,0,0,0,0,0,7.8728181e-08,5.13372231e-07,2.60711922e-06,1.03113568e-05,3.17612141e-05,7.61911939e-05,0.000142343887,0.000207109133,0.000234685389,0.000207109133,0.000142343887,7.61911939e-05,3.17612141e-05,1.05612418e-05,4.0096046e-06,6.64368545e-06,2.09473332e-05,5.53261609e-05,0.000114233642,0.000183689327,0.000230038306,0.00022435866,0.000170416571,0.000100810845,4.64439357e-05,1.68713403e-05,5.85004139e-06,6.36279568e-06,1.88431978e-05,5.10545655e-05,0.000109090581,0.000184157432,0.000250730946,0.00028762418,0.000298295762,0.000297441443,0.000283114561,0.000241057523,0.000175886977,0.000118808236,0.000102760246,0.000135981033,0.000194037674,0.000232918111,0.000220884124,0.000163529908,9.44903935e-05,4.32516616e-05,1.88781347e-05,1.88781347e-05,4.32516616e-05,9.44903935e-05,0.000163529908,0.000220742278,0.000232059979,0.000189994636,0.000121145933,6.01592893e-05,2.3266066e-05,7.00760404e-06,1.64377577e-06,3.00290738e-07,0,0,0,0,0,0,0,0,0,0,0,0,0,0,0,0,0,0,0,0,0,0,0,0,0,0,0,0,0,0,0,0,0,0,0,0,0,0,0,0,0,0,0,0,0,0,0,0,0,0,0,0,0,0,0,0,0,0,0,0,0,0,3.00290738e-07,1.64377577e-06,7.00760404e-06,2.3266066e-05,6.01592893e-05,0.000121145933,0.000189994636,0.000232059979,0.000220742278,0.000163529908,9.43485475e-05,4.2393535e-05,1.48350983e-05,4.04303602e-06,8.58126198e-07,1.41847306e-07,0,0,0,0,0,0,0,0,0,0,0,0,0,0,0,0,0,0,0,0,0,0,0,0,0,0,0,0,0,0,0,0,0,0,0,0,0,0,0,0,0,0,0,0,0,0,0,0,0,0,0,0,0,0,0,0,0,0,0,0,0,0,0,0,0,0,0,0,0,0,0,0,0,0,0,0,0,0,0,0,0,0,0,0,0,0,0,0,0,0,0,0,0,0,0,0,0,0,0,0,0,0,0,0,0,0,0,0,0,0,0,0,0,0,0,0,0,0,0,0
0,0,0,0,2.32043523e-06,1.27019409e-05,5.41498263e-05,0.000181994922,0.000478059092,0.000997613234,0.00169210346,0.00243081753,0.00312476598,0.00373246621,0.00408714081,0.003898759,0.00308669914,0.00197704039,0.0010540404,0.000614118761,0.000715407044,0.00129056777,0.00215413198,0.00295993046,0.00331291377,0.0030207694,0.00223955014,0.00134325355,0.000647327807,0.000248853869,7.58298735e-05,1.82211786e-05,3.32594826e-06,0,0,0,0,0,0,0,0,0,0,0,0,0,0,0,0,0,0,0,0,0,0,0,0,0,7.42119311e-07,4.71974509e-06,2.33770497e-05,9.01752274e-05,0.000270901377,0.00063381355,0.00115488359,0.00163885771,0.001811218,0.0015589298,0.00104498182,0.000545528353,0.000221795278,7.13246379e-05,2.39491404e-05,3.45676804e-05,0.000114635187,0.000327587367,0.000729059095,0.0012636439,0.00170574078,0.001793196,0.00146814467,0.000936130408,0.000464868598,0.000179783764,5.41498263e-05,1.27019409e-05,2.32043523e-06,0,0,0,0,0,0,0,0,0,0,0,0,0,0,0,0,0,0,0,0,0,0,0,0,0,0,0,0,0,0,0,0,0,0,0,0,0,0,0,0,0,0,0,0,0,0,0,0,0,0,0,0,0,0,0,0,0,0,0,0,0,0,0,0,0,0,0,0,1.09609603e-06,6.6309946e-06,3.12417335e-05,0.000114635187,0.000327587367,0.000729059095,0.0012636439,0.00170574078,0.001793196,0.00146814467,0.000936130408,0.000464868598,0.000179783764,5.41498263e-05,1.34440607e-05,7.04018065e-06,2.33770497e-05,9.01752274e-05,0.000270901377,0.00063381355,0.00115488359,0.00163885771,0.001811218,0.0015589298,0.00104498182,0.000545528353,0.000221795278,7.02285415e-05,1.73181445e-05,3.32594826e-06,0,0,0,0,0,0,0,0,0,0,0,0,0,0,0,0,0,0,0,0,0,0,0,0,0,0,0,0,0,0,0,0,0,0,0,0,0,0,0,0,0,0,0,0,0,0,0,0,0,0,0,0,0,0,0,0,0,0,0,0,0,0,0,0,0,0,0,0,9.03033869e-07,5.60133391e-06,2.70585964e-05,0.000101799464,0.000298271687,0.00068062046,0.0012095514,0.00167405623,0.00180443862,0.00151474872,0.000990296908,0.000504216011,0.000199937506,6.17444917e-05,1.4850073e-05,2.78154005e-06,0,7.42119311e-07,4.71974509e-06,2.33770497e-05,9.01752274e-05,0.000270901377,0.00063381355,0.00115488359,0.00163885771,0.001811218,0.0015589298,0.00104498182,0.000545528353,0.000221795278,7.02285415e-05,1.73181445e-05,3.32594826e-06,0,0,0,0,0,0,0,0,0,0,0,0,0,0,0,0,0,0,0,0,0,0,0,0,0,0,0,0,0,0,0,0,0,0,0,0,0,0,0,0,0,0,0,0,0,0,0,0,0,0,0,0,0,0,0,0,0,0,0,0,0,0,0,0,0,0,0,0,0,0,0,0,0,0,0,0,0,0,0,0,0,0,0,0,0,0,0,0,0,0,0,0,0,0,0,0,0,0,0,0,0,0,0,0,0,0,0,0,0,0,0,0,0,0,0,0,0,0,0,0,0,0,0,0,0,0,0,0,0,0,0,0,0,0,0,0,0,0,0,0,0,0,0,0,0,0,0,0,0,0,0,0,0,0,0,0,0,0,0,0,0,0,0,0,0,0,0,0,0,0,0,0,0,0,0
0,0,0,0,0,0,0,3.69092238e-07,3.04068848e-06,1.57979026e-05,6.41542604e-05,0.000206428037,0.000533496543,0.00112480373,0.00196589623,0.00290489824,0.00370087802,0.00412659045,0.00406296402,0.00355963054,0.00282653609,0.00212402353,0.00161218453,0.00128037996,0.00101469237,0.000732075927,0.000447272202,0.000222401567,8.83956047e-05,2.77567587e-05,6.86350665e-06,1.3371952e-06,1.69645183e-07,0,0,0,0,0,0,0,0,0,0,0,0,0,0,0,0,0,0,0,1.01360581e-07,6.28718897e-07,3.0371785e-06,1.14264295e-05,3.34793549e-05,7.63959e-05,0.000135765487,0.000187903597,0.000202538303,0.000170022206,0.000111155377,5.65954717e-05,2.24418844e-05,6.93047931e-06,1.66683894e-06,3.12212559e-07,0,0,0,0,0,0,0,0,0,0,0,0,0,0,0,0,0,0,0,0,0,0,0,0,0,0,0,0,0,0,0,0,0,0,0,0,0,0,0,0,0,0,0,0,0,0,0,0,0,0,0,0,0,0,0,0,0,0,0,0,0,0,0,0,0,0,0,0,0,0,0,0,0,0,0,0,0,0,0,0,0,0,0,0,0,1.7990597e-07,1.03528732e-06,4.72313465e-06,1.67243843e-05,4.67137652e-05,0.000103760543,0.000186630935,0.000279144648,0.000362632934,0.0004325188,0.000502670606,0.000593690459,0.000720419647,0.000879595577,0.00104118329,0.00115958174,0.00121789317,0.00125924465,0.00135133442,0.00151928401,0.00172872999,0.00192890638,0.00210527498,0.00230208219,0.00258297026,0.00294452955,0.0032820928,0.00347104193,0.00346303393,0.003285278,0.002983001,0.00260303178,0.00221316333,0.00188370052,0.00163577458,0.0014291466,0.0012132431,0.000978011042,0.00075870924,0.000601986907,0.000522537957,0.000482074277,0.000420778702,0.000314523516,0.000193113928,0.000102435443,6.70910004e-05,8.85792748e-05,0.000154544834,0.000241004846,0.000314671349,0.000346219916,0.000325148879,0.000267236455,0.000208647721,0.0001833588,0.000194894445,0.000212201552,0.000201852469,0.000164239815,0.000134128925,0.000150845992,0.000228727014,0.000348424451,0.000465207458,0.000526784255,0.00049890928,0.000389540816,0.000247059393,0.000125734545,5.08904137e-05,1.62830016e-05,4.25237194e-06,1.84391226e-06,4.84255715e-06,1.68233373e-05,4.70587156e-05,0.000104620021,0.000187129611,0.000273686738,0.000333056338,0.000341553838,0.0002957319,0.000214043727,0.00012734999,6.12353106e-05,2.34771705e-05,7.1103855e-06,1.66683894e-06,3.12212559e-07,0,0,0,0,0,0,1.23030746e-07,7.44292641e-07,3.50671261e-06,1.28671687e-05,3.67698787e-05,8.18328701e-05,0.000141837072,0.000191460013,0.00020127638,0.000164791158,0.000105075485,5.21789411e-05,2.01797379e-05,6.07801992e-06,1.42572295e-06,2.60456081e-07,0,0,0,0,0,0,0,0,0,0,0,0,0,0,0,0,0,0,0,0,0,0,0,0,0,0,0,0,0,0,0,0,0,0,0,0,0,0,0,0,0,0,0,0,0,0,0,0,0,0,0,0,0,0,0,0,0,0,0,0,0,0,0,0,0,0,0,0,0,0,0,0,0,0,0,0,0,0,0,0,0,0,0,0,0,0,0,0,0,0,0,0,0,0,0,0,0,0,0,0,0,0,0,0,0,0,0,0,0,0,0,0,0,0,0,0,0,0,0,0,0,0,0,0,0,0,0,0,0,0,0,0,0,0,0,0,0,0,0,0,0,0,0,0,0,0,0,0,0,0,0,0,0,0,0,0,0,0,0,0,0,0,0,0,0,0,0,0,0,0,0,0,0,0,0,0,0,0,0,0,0,0,0,0,0,0,0,0,0,0,0,0,0,0,0,0
0,0,0,0,0,0,0,0,6.80683757e-07,4.68080391e-06,2.41454327e-05,9.48942363e-05,0.000300051933,0.00077625992,0.00167037039,0.0030420929,0.00477607184,0.00658103726,0.00809256737,0.00902416674,0.00928589839,0.0090032192,0.00840833147,0.00767081199,0.0068084436,0.00577055241,0.00458705646,0.00339689044,0.00234387429,0.00149630743,0.000864210797,0.000437118414,0.000187762134,6.92339319e-05,3.07811816e-05,3.92003362e-05,8.19097814e-05,0.000149348936,0.000222254904,0.000277104777,0.000302751019,0.000299973075,0.000268363753,0.000208458259,0.000134509339,6.98903758e-05,2.87399323e-05,9.22592847e-06,2.33267996e-06,4.59331934e-07,7.04408331e-08,0,0,0,0,0,0,0,0,0,0,0,0,0,0,0,0,0,0,0,0,0,0,0,0,0,0,0,0,0,0,0,0,0,0,0,0,0,0,0,0,0,0,0,0,0,0,0,0,0,0,0,0,0,0,0,0,0,0,0,0,0,0,0,0,0,0,0,0,0,0,0,0,0,0,0,0,0,0,0,0,0,0,0,0,0,0,0,0,0,0,0,0,0,0,0,0,0,0,0,0,0,0,0,0,0,0,0,0,0,0,0,0,8.5929144e-08,5.46493872e-07,2.70680178e-06,1.04412862e-05,3.13673598e-05,7.33885442e-05,0.000133722647,0.000189761454,0.000209718855,0.000180506694,0.000120997246,6.31661025e-05,2.56814209e-05,8.13168229e-06,2.00524809e-06,3.85107735e-07,0,0,0,0,7.04408331e-08,4.59331934e-07,2.33267996e-06,9.22592847e-06,2.84178595e-05,6.81709028e-05,0.000127360011,0.000185307722,0.000209981154,0.000185307722,0.000127360011,6.81709028e-05,2.84178595e-05,9.22592847e-06,2.33267996e-06,4.59331934e-07,7.04408331e-08,3.85107735e-07,2.00524809e-06,8.13168229e-06,2.56814209e-05,6.31661025e-05,0.000120997246,0.000180506694,0.000209718855,0.000189761454,0.000133722647,7.33885442e-05,3.13673598e-05,1.04412862e-05,2.70680178e-06,5.46493872e-07,8.5929144e-08,0,0,0,0,0,0,0,0,0,0,0,0,0,0,0,0,0,0,0,0,0,0,0,0,0,0,0,0,0,0,0,0,0,0,0,0,0,0,0,0,0,0,0,0,0,0,0,0,0,0,0,0,0,0,0,0,0,0,0,0,0,0,0,0,0,0,0,0,0,0,0,0,0,0,0,0,0,0,0,0,0,0,0,0,0,0,0,0,0,0,0,0,0,0,0,0,0,0,0,0,0,0,0,0,0,0,0,0,0,0,0,0,0,0,0,0,0,0,0,0,0,0,0,0,0,0,0,0,0,0,0,0,0,0,0,0,0,0,0,0,0,0,0,0,0,0,0,0,0,0,0,0,0,0,0,0,0,0,0,0,0,0,0,0,0,0,0,0,0,0,0,0,0,0,0,0,0,0,0,0,0,0,0,0,0,0,0,0,0,0,0,0,0,0,0,0,0,0,0,0,0,0,0,0,0,0,0,0,0,0,0,0,0,0,0,0,0,0,0,0,0,0,0,0,0,0,0,0,0,0,0,0,0,0,0,0,0,0,0,0,0,0,0,0,0
0,0,0,0,0,0,0,0,0,0,1.99366165e-07,1.57715845e-06,8.54814577e-06,3.52996047e-05,0.000115890368,0.000306854553,0.000660568054,0.00116768143,0.00172063369,0.00217210333,0.00245740357,0.00264463246,0.00283053295,0.00299960587,0.003021866,0.00278750769,0.00232003591,0.00177058518,0.00132783772,0.0011107987,0.00109917922,0.00115820136,0.00114919788,0.00102308615,0.000817531653,0.000594905921,0.000402254479,0.000270227447,0.000215135671,0.00022953315,0.000280720305,0.000329785632,0.00035211407,0.000340405943,0.000296223218,0.000226861126,0.000148065715,7.99206466e-05,3.48795745e-05,1.21151351e-05,3.32564205e-06,7.06010847e-07,1.19657154e-07,2.99879467e-07,1.56146624e-06,6.3320581e-06,1.99978606e-05,4.91868e-05,9.42193222e-05,0.000140558723,0.000163305934,0.00014776531,0.000104128462,5.71469111e-05,2.44254433e-05,8.13052309e-06,2.10775895e-06,6.44034316e-07,1.37079732e-06,6.18074541e-06,2.31611293e-05,6.78458542e-05,0.000158796105,0.000301233702,0.000471449101,0.000619430112,0.000690306672,0.000652497489,0.000521612442,0.0003607601,0.000240992949,0.000190388635,0.000184065002,0.000182530259,0.000174908714,0.000181616861,0.000220442666,0.00027771308,0.000317892463,0.000318581641,0.000289568752,0.000255256242,0.000224735069,0.000190358588,0.000152289109,0.000130254435,0.000144478154,0.000192169247,0.000246621968,0.000276577111,0.000264545435,0.000213462237,0.000143158211,7.83675292e-05,3.44662124e-05,1.21344762e-05,3.90900765e-06,3.52287794e-06,1.04555779e-05,2.95364562e-05,6.57345923e-05,0.000113934683,0.000153795729,0.000161681006,0.000132373208,8.44048873e-05,4.19142261e-05,1.62099513e-05,4.88234326e-06,1.14525272e-06,2.09218793e-07,0,0,0,0,0,0,0,0,0,0,0,0,0,0,0,0,0,0,0,0,0,0,0,0,0,0,0,0,2.50793663e-07,1.33893603e-06,5.56710563e-06,1.80270852e-05,4.57052728e-05,9.07182297e-05,0.000143119141,0.00018603939,0.000215836941,0.000249652522,0.000298725849,0.000339235409,0.000329764685,0.000260489144,0.000168813912,0.000106014764,0.000102623117,0.000161797024,0.000270555761,0.000411287298,0.000571471287,0.000741136168,0.000894731311,0.000989000429,0.000993590779,0.0009246303,0.000843642144,0.000827775404,0.000943488447,0.00121906672,0.00160886878,0.00198221886,0.00218108018,0.00211428538,0.00180800247,0.00139056329,0.00102767357,0.000834471826,0.000817337632,0.000890200993,0.000950400019,0.000951030509,0.000912040105,0.000867793073,0.000814844498,0.00072159385,0.000574245284,0.000398240449,0.000240205478,0.000138132658,0.000104660026,0.00012700783,0.000176005049,0.000221225755,0.000244888259,0.000242489676,0.000215106525,0.000170712329,0.000131860264,0.000127786553,0.000173190684,0.000256200787,0.000347595721,0.000421403992,0.00046439261,0.000468115273,0.00042625948,0.000351029064,0.000276552011,0.000229521944,0.000204703593,0.000182282818,0.000160349765,0.000157041601,0.000181974443,0.00022150361,0.000252393388,0.000261423337,0.000249137211,0.000226488566,0.000208683699,0.000200522491,0.000188629123,0.00015761099,0.000112925954,7.96866328e-05,8.24247586e-05,0.000130810602,0.000215748328,0.000312266329,0.000387325931,0.000412468489,0.000379463769,0.000310888736,0.000249203044,0.000223903124,0.000231105284,0.000247766182,0.000257452209,0.000260231366,0.000270410444,0.00031073264,0.000388680624,0.000468691074,0.000487655637,0.000413862785,0.00028013635,0.000149894404,6.31405046e-05,2.0906146e-05,5.42966259e-06,1.10484432e-06,1.65740112e-07,0,0,0,0,0,0,0,0,0,0,1.74100126e-07,9.77140627e-07,4.2711167e-06,1.45395904e-05,3.85468852e-05,7.95889508e-05,0.000127980169,0.000160272465,0.000156315337,0.000118732764,7.0237009e-05,3.23584545e-05,1.16100988e-05,3.24422124e-06,7.06010847e-07,1.19657154e-07,0,0,0,0,0,0,0,0,0,0,0,0,0,0,0,0,0,0,0,0,0,0,0,0,0,0,0,5.48515585e-08,3.57677094e-07,1.8164341e-06,7.18413644e-06,2.21286974e-05,5.32932062e-05,0.000100319193,0.000149179576,0.000179720139,0.000186211456,0.000183578837,0.000185457207,0.000183809713,0.000160979873,0.000115751113,6.60922735e-05,2.95913088e-05,1.03359211e-05,2.81686715e-06,5.97874342e-07,9.88279638e-08,0,0,0,0,0,0,0,0,0,0,0,0,0,0,0,0,0,0,0,0,0,0,0,0,0,0,0,0,0,0,0,0,0,0,0,0,0,0,0,0,0,0,0,0,0,0,0,0,0,0,0,0,0,0,0,0,0,0,0,0,0,0,0,0,0,0,0,0,0,0,0,0,0,0,0,0,0,0,0,0,0,0,0,0,0,0,0,0,0,0,0,0,0,0,0,0,0,0,0,0,0,0,0,0,0,0,0,0,0,0,0,0,0,0,0,0,0,0,0,0,0,0,0,0,0
0,0,0,0,0,0,0,0,0,3.64563158e-07,2.98679929e-06,1.44235981e-05,5.65208174e-05,0.000177071363,0.000451720236,0.0009504433,0.00168022873,0.00257046313,0.00353913986,0.00458121113,0.00575421022,0.00704986459,0.00828965457,0.00918698346,0.00952329458,0.00925948214,0.00849933423,0.00738790373,0.00605523536,0.0046368218,0.0032992582,0.00219615478,0.0013908432,0.000843552905,0.000480416747,0.000246682743,0.000109645727,4.0669398e-05,1.23984592e-05,3.00735009e-06,5.2661981e-07,8.49004062e-08,0,0,0,0,0,0,0,0,0,0,0,0,0,0,0,0,0,0,0,0,0,0,0,0,0,0,0,0,0,0,0,0,0,0,0,0,0,0,0,0,0,0,0,0,0,0,0,0,0,0,0,0,0,0,0,0,0,0,0,0,0,0,0,0,0,0,0,0,0,0,0,0,0,0,0,0,0,0,0,0,0,0,0,0,0,0,0,0,0,0,0,0,0,0,0,0,0,0,0,0,0,0,0,0,0,0,0,0,0,0,0,0,0,0,0,0,0,0,0,0,0,0,0,2.18160028e-07,1.19419657e-06,5.09099649e-06,1.69027045e-05,4.37054845e-05,8.80120389e-05,0.000138030348,0.000168590652,0.000160368387,0.000118803828,6.85438448e-05,3.07987347e-05,1.077764e-05,2.9372496e-06,6.23425272e-07,1.03051504e-07,0,0,0,0,0,0,0,0,0,0,0,0,0,0,0,0,0,0,0,0,0,0,0,0,0,0,0,0,0,0,0,0,0,0,0,0,0,0,0,0,0,0,0,0,0,0,0,0,0,0,0,0,0,0,0,0,0,0,0,0,0,0,0,0,0,0,1.03051504e-07,6.23425272e-07,2.9372496e-06,1.077764e-05,3.07987347e-05,6.85438448e-05,0.000118803828,0.000160368387,0.000168590652,0.000138030348,8.80120389e-05,4.37054845e-05,1.69027045e-05,5.09099649e-06,1.19419657e-06,2.18160028e-07,0,0,0,0,0,0,0,0,0,0,0,0,0,0,0,0,0,0,0,0,0,0,0,0,0,0,0,0,0,0,0,0,0,0,0,0,0,0,0,0,0,0,0,0,0,0,0,0,0,0,0,0,0,0,0,0,0,0,0,0,0,0,0,0,0,0,0,0,0,0,0,0,0,0,0,0,0,0,0,0,0,0,0,0,0,0,0,0,0,0,0,0,0,0,0,0,0,0,0,0,0,0,0,0,0,0,0,0,0,0,0,0,0,0,0,0,0,0,0,0,0,0,0,0,0,0,0,0,0,0,0,0,0,0,0,0,0,0,0,0,0,0,0,0,0,0,0,0,0,0,0,0,0,0,0,0,0,0,0,0,0,0,0,0,0,0,0,0,0,0,0,0,0,0,0,0,0,0,0,0,0,0,0,0,0,0,0,0,0,0,0,0,0,0,0,0,0,0
4.17973614e-05,0.000108321957,0.000225630637,0.000389983224,0.000599110672,0.000907209841,0.00146986924,0.00249131359,0.00406840161,0.00600517648,0.00775827799,0.00867915957,0.00847298991,0.00745172542,0.00626482099,0.00536651623,0.00476869167,0.00424418334,0.00364687714,0.00301468597,0.0024635438,0.00206469668,0.00180102703,0.00159553753,0.00137263655,0.00110574857,0.00081769197,0.000551087982,0.0003435546,0.000217451706,0.000173034116,0.000186524625,0.000220143756,0.000240302123,0.000229847429,0.000188518738,0.000129664592,7.30888277e-05,3.31197593e-05,1.19074255e-05,3.36910845e-06,7.40846622e-07,1.28739846e-07,0,0,0,0,0,1.86381117e-07,1.02024047e-06,4.34940178e-06,1.44405232e-05,3.73389989e-05,7.5191511e-05,0.000117923759,0.000144032408,0.000137007863,0.000101497926,5.85592077e-05,2.64003892e-05,9.74029636e-06,5.0187733e-06,9.74029636e-06,2.64003892e-05,5.85592077e-05,0.000101497926,0.000137007863,0.000144032408,0.000118030364,7.58204561e-05,4.02290927e-05,2.47832996e-05,3.31757071e-05,6.3590394e-05,0.000105958645,0.000139252439,0.000142777619,0.00011401025,7.09012673e-05,3.43392265e-05,1.29524937e-05,3.80489482e-06,8.70478981e-07,1.55095895e-07,0,0,0,0,0,0,0,0,0,0,0,0,0,0,0,0,0,0,0,0,0,0,0,0,0,0,0,0,0,0,0,0,0,0,0,0,0,0,0,0,0,0,0,0,0,0,0,0,0,0,0,0,0,0,0,0,0,0,0,0,0,0,0,0,0,0,0,0,0,0,0,0,0,0,0,0,0,0,0,0,0,0,0,0,1.86381117e-07,1.02024047e-06,4.34940178e-06,1.46444824e-05,3.85281121e-05,8.08817075e-05,0.000138667214,0.000203725709,0.000273013603,0.000347762347,0.00041435029,0.000439058442,0.000398842736,0.000314266115,0.000238312512,0.000211532271,0.000231497776,0.000263099686,0.000272431616,0.000252736336,0.000222310126,0.000199352044,0.000181466257,0.000153297707,0.000110213451,6.56140214e-05,3.71580986e-05,3.43004432e-05,5.75586284e-05,9.77820733e-05,0.0001345695,0.000144935434,0.000121667072,7.95422521e-05,4.04994469e-05,1.60593044e-05,4.95941761e-06,1.19278192e-06,2.23417803e-07,0,0,0,0,0,0,0,0,0,0,0,0,0,0,0,0,0,0,0,0,0,0,0,0,0,0,0,2.23417803e-07,1.34787783e-06,5.82989675e-06,1.98641992e-05,5.35115505e-05,0.00011426057,0.000194446021,0.000266188694,0.000298999762,0.000287314475,0.000253202933,0.000218163529,0.00018248296,0.000137731927,8.72746345e-05,4.45192004e-05,1.79215523e-05,5.64087024e-06,1.39102142e-06,2.67145552e-07,0,0,0,0,0,0,0,0,0,0,0,0,0,0,0,0,0,0,0,0,0,0,0,0,0,0,0,0,0,0,0,0,0,0,0,0,0,0,0,0,0,0,0,0,0,0,0,0,0,0,0,0,0,0,0,0,0,0,0,0,0,0,0,0,0,0,0,0,0,0,0,0,0,0,0,0,0,0,0,0,0,0,0,0,0,0,0,0,0,0,0,0,0,0,0,0,0,0,0,0,0,0,0,0,0,0,0,0,0,0,0,0,0,0,0,0,0,0,0,0,0,0,0,0,0,0,0,0,0,0,0,0,0,0,0,0,0,0,0,0,0,0,0,0,0,0,0,0,0,0,0,0,0,0,0,0,0,0,0,0,0,0,0,0,0,0,0,0,0,0,0,0,0,0,0,0,0,0,0,0,0,0,0,0,0,0,0,0,0,0,0,0,0,0,0,0,0,0,0,0,0,0,0,0,0,0,0
4.06825714e-06,1.51411321e-05,4.7154505e-05,0.000124843772,0.000298046765,0.000668915209,0.00140518514,0.00267531522,0.00447118455,0.00645767599,0.00806472244,0.00881591315,0.0086140685,0.00772859034,0.00655123065,0.00537538567,0.00434341275,0.00349185846,0.00279650175,0.00222240271,0.00176797888,0.00145562564,0.00128877339,0.00123385889,0.00123634245,0.00123466684,0.0011728867,0.00102793495,0.000830245283,0.000655479702,0.000578269118,0.000614339443,0.000691836226,0.000698932593,0.000585015235,0.000407872281,0.000275106181,0.000251634946,0.000323199144,0.00041917363,0.000462738158,0.000418703102,0.000309207801,0.000185991969,9.08086698e-05,3.57810151e-05,1.13008142e-05,2.84188473e-06,5.17784729e-07,8.34760353e-08,2.14499965e-07,1.17416157e-06,5.00558502e-06,1.66191284e-05,4.29722392e-05,8.65354641e-05,0.000135714618,0.000165762213,0.000157677893,0.000116810661,6.73938872e-05,3.02820255e-05,1.05968239e-05,2.88797147e-06,6.12966089e-07,1.01322613e-07,2.70840073e-07,1.57644849e-06,7.14727407e-06,2.52403276e-05,6.94294227e-05,0.000148760021,0.00024833793,0.000323177293,0.000328958998,0.000266085907,0.000183390038,0.000134363501,0.00013500067,0.000159695341,0.000169282581,0.0001444334,9.65976384e-05,5.04283899e-05,2.05026534e-05,6.49189406e-06,1.60088131e-06,3.07449126e-07,0,0,0,0,0,0,0,0,0,0,0,0,0,0,0,0,0,0,1.2267758e-07,7.23832213e-07,3.32611298e-06,1.19031649e-05,3.31752576e-05,7.20099555e-05,0.000121729857,0.000160261102,0.000164318117,0.000131210688,8.15979622e-05,3.95198988e-05,1.49066037e-05,4.37892968e-06,1.00180594e-06,1.7849482e-07,0,0,0,0,0,0,0,0,0,0,0,0,0,0,0,0,0,0,0,0,0,0,0,0,0,0,0,0,0,0,0,0,0,0,0,0,0,0,0,0,0,0,0,0,0,0,0,0,0,0,0,0,0,0,0,0,0,0,0,5.62361402e-08,3.66705701e-07,1.86228515e-06,7.36548085e-06,2.26872776e-05,5.4423951e-05,0.000101677324,0.000147939633,0.000167637564,0.000147939633,0.000101677324,5.4423951e-05,2.26872776e-05,7.36548085e-06,1.86228515e-06,3.66705701e-07,5.62361402e-08,0,0,0,0,0,0,0,0,0,0,0,0,0,0,0,0,0,0,0,0,0,0,0,0,0,0,0,0,0,0,0,0,0,0,0,0,0,0,0,2.16763668e-07,1.28890737e-06,5.98212481e-06,2.16729202e-05,6.12961638e-05,0.00013533951,0.000233296382,0.000313975163,0.000329991531,0.000271164012,0.000175849001,9.60928537e-05,6.14119136e-05,7.32292982e-05,0.000114263868,0.000155204599,0.000166801476,0.000140022675,9.15425905e-05,4.66094961e-05,1.8482131e-05,5.7076324e-06,1.37273391e-06,2.57124282e-07,0,0,0,0,0,0,0,0,0,0,0,0,0,0,0,0,0,0,0,0,0,0,0,0,0,0,0,0,0,0,0,0,0,0,0,0,0,0,0,0,0,0,0,0,0,0,0,0,0,0,0,0,0,0,0,0,0,0,0,0,0,0,0,0,0,0,0,0,0,0,0,0,0,0,0,0,0,0,0,0,0,0,0,0,0,0,0,0,0,0,0,0,0,0,0,0,0,0,0,0,0,0,0,0,0,0,0,0,0,0,0,0,0,0,0,0,0,0,0,0,0,0,0,0,0,0,0,0,0,0,0,0,0,0,0,0,0,0,0,0,0,0,0,0,0,0,0,0,0,0,0,0,0,0,0,0,0,0,0,0,0,0,0,0,0,0,0,0,0,0,0,0,0,0,0,0,0,0,0,0,0,0,0,0,0,0,0,0,0,0,0,0,0,0,0,0,0,0,0,0
1.65427802e-05,5.25611332e-05,0.000130913936,0.000255531458,0.000397539931,0.000512077461,0.000603646768,0.000761015615,0.00110096057,0.00165534041,0.00231105455,0.00285701052,0.00310989821,0.00303529037,0.0027636602,0.00248086054,0.00228282196,0.00212088685,0.00188644054,0.00157061131,0.00137418344,0.00169221331,0.00296520537,0.00537682906,0.00843611785,0.010881215,0.0113814572,0.00961954517,0.00657383365,0.00364690023,0.00165512456,0.000621602091,0.000195782261,5.2282955e-05,1.31553591e-05,1.04379924e-05,2.77032967e-05,6.74336185e-05,0.000129171848,0.000192701767,0.000223887508,0.000202581781,0.000142756979,7.83466907e-05,3.34865457e-05,1.11467018e-05,2.88967392e-06,5.83415121e-07,9.17345363e-08,0,0,0,0,0,0,0,0,0,0,0,0,0,0,0,0,0,0,0,0,0,0,0,0,0,0,0,0,0,0,0,0,0,0,0,0,0,0,0,0,0,0,0,0,0,9.17345363e-08,5.83415121e-07,2.88967392e-06,1.11467018e-05,3.34865457e-05,7.83466907e-05,0.000142756979,0.000202581781,0.000223887508,0.000192701767,0.000129171848,6.74336185e-05,2.74164634e-05,8.68106058e-06,2.48455373e-06,2.35839206e-06,8.32472394e-06,2.80593449e-05,7.49105257e-05,0.000159281998,0.000271373025,0.000372564052,0.000413865453,0.000372564052,0.000271373025,0.000159281998,7.49105257e-05,2.80593449e-05,8.32472394e-06,1.94726636e-06,3.43830544e-07,0,0,0,0,0,0,0,0,0,0,0,0,0,0,0,0,0,0,0,0,0,0,0,0,0,0,0,0,0,0,0,0,0,0,0,0,0,0,0,0,0,0,0,0,0,0,0,0,0,0,1.11625438e-07,6.92389702e-07,3.3447557e-06,1.2583592e-05,3.68698328e-05,8.41325665e-05,0.000149514553,0.000206932726,0.000223049499,0.000187240474,0.00012241216,6.23269349e-05,2.47145899e-05,7.63233383e-06,1.8356409e-06,3.43830544e-07,0,0,0,0,0,0,0,0,0,0,0,0,0,0,0,0,0,0,0,0,0,0,0,0,0,0,0,0,0,0,0,0,0,0,0,0,0,0,0,0,0,0,0,0,0,0,0,0,0,0,0,0,0,0,0,0,0,0,0,0,0,0,0,0,0,0,0,0,0,0,0,0,0,0,0,0,0,0,0,0,0,0,0,0,0,0,0,0,0,0,0,0,0,0,0,0,0,0,0,0,0,0,0,0,0,0,0,0,0,0,0,0,0,0,0,0,0,0,0,0,0,0,0,0,0,0,0,0,0,0,0,0,0,0,0,0,0,0,0,0,0,0,0,0,0,0,0,0,0,0,0,0,0,0,0,0,0,0,0,0,0,0,0,0,0,0,0,0,0,0,0,0,0,0,0,0,0,0,0,0,0,0,0,0,0,0,0,0,0,0,0,0,0,0,0,0,0,0,0,0,0,0,0,0,0,0,0,0,0,0,0,0,0,0,0,0,0,0,0,0,0,0,0,0,0,0,0,0,0,0,0,0,0,0,0,0,0,0,0,0,0,0,0,0,0,0,0,0,0,0,0,0,0,0,0,0,0,0,0,0,0,0,0,0,0,0,0,0,0,0
1.99210827e-06,8.55108274e-06,2.90133362e-05,7.94699714e-05,0.000181415073,0.000361426416,0.000660028749,0.00113220688,0.00181926,0.00269979129,0.00366910895,0.00455440924,0.0051393456,0.00522980946,0.00478146517,0.00397713002,0.00311599545,0.00240781377,0.00190155427,0.00157883697,0.00143489915,0.00145246509,0.00156415455,0.00167514782,0.00170405908,0.00161266424,0.00142598729,0.00122329852,0.00108341351,0.00103694249,0.00106345009,0.00110523325,0.00108831289,0.000965215139,0.000754425405,0.000537664433,0.000411038953,0.000428078524,0.000569171449,0.000757274389,0.000917914455,0.00102782974,0.00109268827,0.00109315858,0.000994668214,0.000810350684,0.000610919362,0.000457977233,0.000353627849,0.000264354323,0.00017373482,9.40764403e-05,4.1583282e-05,1.92781648e-05,2.556896e-05,6.75852005e-05,0.00015906464,0.000295105342,0.000427771955,0.000484123833,0.000427771955,0.000295105342,0.000158943498,6.68337871e-05,2.19391015e-05,5.6219663e-06,1.12454616e-06,1.21140229e-07,0,0,2.15013078e-07,1.23731477e-06,5.54526014e-06,1.93548596e-05,5.26119606e-05,0.000111379529,0.00018378083,0.000236679989,0.00023998149,0.00019901188,0.000155324729,0.00015041382,0.000188870215,0.000234367069,0.000241791056,0.000197245382,0.000126112234,6.50637572e-05,3.48064095e-05,4.01878202e-05,8.06838508e-05,0.00014786518,0.000214689654,0.000243356862,0.000215221811,0.000150256446,9.00418176e-05,6.85007394e-05,0.000101885235,0.000194036061,0.000340252592,0.000528817998,0.000737091621,0.000915223389,0.000985513665,0.000892884643,0.000665123211,0.000401378438,0.000194445122,7.51757213e-05,2.3088852e-05,5.62145768e-06,1.06597491e-06,1.21140229e-07,0,0,0,0,0,0,0,0,0,0,0,0,0,0,0,0,0,0,0,0,0,0,0,0,0,0,0,0,1.21140229e-07,9.2943741e-07,4.68028175e-06,1.84830467e-05,5.72864123e-05,0.000139447762,0.000266759627,0.000401225471,0.000474632457,0.000441658653,0.000323259042,0.000186054373,8.41724087e-05,2.9915331e-05,8.34680108e-06,1.82695663e-06,2.5903127e-07,0,0,0,0,0,0,0,0,0,0,9.95538557e-08,6.33144583e-07,3.13598555e-06,1.20968306e-05,3.63408905e-05,8.50248495e-05,0.000154925378,0.000219849559,0.000242971356,0.000209127387,0.000140182269,7.31815628e-05,2.97534032e-05,9.42102164e-06,2.32319525e-06,4.46169461e-07,0,2.15013078e-07,1.23731477e-06,5.54526014e-06,1.93548596e-05,5.26119606e-05,0.000111379529,0.000183633792,0.00023579047,0.00023579047,0.000183633792,0.000111379529,5.26119606e-05,1.93548596e-05,5.54526014e-06,1.23731477e-06,2.15013078e-07,2.5903127e-07,1.45381847e-06,6.35469262e-06,2.16324288e-05,5.73511857e-05,0.000118414774,0.000190412646,0.000238458071,0.000232570541,0.000176654087,0.000104500681,4.82649991e-05,1.80252531e-05,8.4567053e-06,1.47066217e-05,4.01905944e-05,9.1303905e-05,0.000162258958,0.000224571373,0.000242061916,0.000203200582,0.000132846396,6.76395929e-05,2.68212258e-05,8.28290294e-06,1.99210827e-06,3.73138163e-07,0,0,3.73138163e-07,1.99210827e-06,8.28290294e-06,2.68212258e-05,6.77866363e-05,0.000133735925,0.000207391601,0.000257440004,0.000268516561,0.000260060811,0.000260918823,0.000269467502,0.000257560942,0.000213912759,0.000168217622,0.00016686206,0.000231654968,0.000338493181,0.000428309087,0.000445229129,0.000375972728,0.000256815349,0.000141579105,6.43561791e-05,3.10990753e-05,3.57448344e-05,7.44188789e-05,0.000140397283,0.000209127387,0.000242971356,0.000219849559,0.000154925378,8.50248495e-05,3.63408905e-05,1.20968306e-05,3.13598555e-06,6.33144583e-07,9.95538557e-08,0,0,0,0,0,0,0,0,0,0,0,0,0,0,0,0,0,0,0,0,0,0,0,0,0,0,0,0,0,0,0,0,0,0,0,0,0,3.11281853e-07,1.70394056e-06,7.26409341e-06,2.41176407e-05,6.23612142e-05,0.000125580065,0.00019694874,0.00024055374,0.000228821794,0.000169515361,9.78018532e-05,4.39452053e-05,1.53780863e-05,4.19101751e-06,8.8953497e-07,1.47039141e-07,0,0,0,0,0,0,0,0,0,0,0,0,0,0,0,0,0,0,0,0,0,0,0,0,0,0,0,0,0,0,0,0,0,0,0,0,0,0,0,0,0,0,0,0,0,0,0,0,0,0,0,0,0,0,0,0,0,0,0,0,0,0,0,0,0,0,0,0,0,0,0,0,0,0,0,0,0,0,0,0,0,0,0,0,0,0,0,0,0,0,0,0,0,0,0,0,0,0,0,0,0,0,0,0,0,0,0,0,0,0,0,0,0,0,0,0,0,0,0,0,0,0,0,0,0,0,0,0,0,0,0,0,0,0,0,0,0,0,0
0,1.94470735e-06,1.15924185e-05,5.25616511e-05,0.000185413542,0.00051656792,0.00113865558,0.00200062465,0.00283257396,0.00328878377,0.00321912568,0.00276392978,0.00219355949,0.00172429159,0.00146746868,0.00143313479,0.00152323995,0.00157611868,0.00148802301,0.00131025898,0.00125569936,0.00164214305,0.00282441991,0.0049710183,0.0076812234,0.00988660357,0.0104533224,0.00906411946,0.00645576584,0.00378240176,0.00182730319,0.000746384596,0.000317410535,0.000268248993,0.000417244711,0.000651249513,0.000872227379,0.00100123418,0.000999253177,0.00088598265,0.000731724698,0.000611381889,0.000542912948,0.00048009148,0.000377308324,0.000244395529,0.000125925807,5.0967418e-05,1.60940143e-05,3.96873491e-06,7.62195219e-07,0,0,0,0,0,0,0,0,0,0,0,0,0,0,0,0,0,0,0,0,0,0,0,0,0,0,0,0,0,0,0,0,0,0,0,0,0,0,0,0,0,0,0,0,0,0,0,0,0,0,0,0,0,0,0,0,0,0,0,0,0,0,0,0,0,0,0,0,0,0,0,0,0,0,0,4.425054e-07,2.48357089e-06,1.08557774e-05,3.69548686e-05,9.79735356e-05,0.000202289001,0.000325283601,0.000407360023,0.000397302304,0.000301779732,0.000178519433,8.2244575e-05,2.95090622e-05,8.24574602e-06,1.79444794e-06,3.04129227e-07,0,0,0,0,0,0,0,0,0,0,0,0,0,0,0,0,0,0,0,0,0,0,0,0,0,0,0,0,0,0,0,0,0,0,0,0,0,0,0,0,0,0,0,0,0,0,0,0,0,0,0,0,0,0,0,0,0,0,0,0,0,0,0,0,0,0,0,0,0,0,0,0,0,0,0,0,0,0,0,0,0,0,0,0,0,0,0,0,0,0,0,0,0,0,0,0,0,0,0,0,0,0,0,0,0,0,0,0,0,0,0,0,0,0,0,0,0,0,0,0,0,0,0,0,0,0,0,0,0,0,0,0,0,0,0,0,0,0,0,0,0,0,0,0,0,0,0,0,0,0,0,0,0,0,0,0,0,0,0,0,0,0,0,0,0,0,0,0,0,0,0,0,0,0,0,0,0,0,0,0,0,0,0,0,0,0,0,0,0,0,0,0,0,0,0,0,0,0,0,0,0,0,0,0,0,0,0,0,0,0,0,0,0,0,0,0,0,0,0,0,0,0,0,0,0,0,0,0,0,0,0,0,0,0,0,0,0,0,0,0,0,0,0,0,0,0,0,0,0,0,0,0,0,0,0,0,0,0,0,0,0,0,0,0,0,0,0,0,0,0,0,0,0,0,0,0,0,0,0,0,0,0,0,0,0,0,0,0,0,0,0,0,0,0,0,0,0,0,0,0,0,0,0,0,0,0,0,0,0,0,0,0,0,0,0,0,0,0,0
0,0,0,0,0,3.595033e-07,2.62309532e-06,1.22997939e-05,4.48942887e-05,0.000130904938,0.000305584955,0.000575355866,0.000880492763,0.0011079126,0.00116800686,0.00106536322,0.000885749102,0.000719104835,0.000606454369,0.000548118447,0.000538990792,0.000582824611,0.000686377643,0.000853612081,0.00107485359,0.00130363248,0.00145210166,0.00144300061,0.00128039524,0.00105066069,0.000842855054,0.000679059904,0.000528927615,0.000373608114,0.000234134184,0.000149522259,0.000140412442,0.000192137657,0.000257168131,0.000281225249,0.000241618066,0.000161898254,8.4518301e-05,3.4362577e-05,1.08804556e-05,2.68308721e-06,5.15286683e-07,0,2.99158449e-07,1.67903311e-06,7.33911389e-06,2.49835622e-05,6.62356007e-05,0.000136758702,0.000219909944,0.000275398205,0.000268598623,0.000204020011,0.000120689142,5.56019418e-05,1.99497798e-05,5.57458642e-06,1.6440893e-06,2.50631912e-06,9.56602806e-06,3.09761687e-05,7.81178107e-05,0.000153856902,0.000236979601,0.000289126364,0.00029033643,0.000265512714,0.000259216545,0.000283103296,0.000306315822,0.000305391161,0.000314375315,0.000407165444,0.000619774189,0.000885238159,0.00105641915,0.00101848096,0.000787217348,0.000489980544,0.000257796735,0.000148415597,0.000149400439,0.000211043006,0.000269920184,0.000275538114,0.000219909944,0.000136758702,6.62356007e-05,2.49835622e-05,7.33911389e-06,1.67903311e-06,2.99158449e-07,0,0,0,0,0,0,0,0,0,0,0,0,0,0,0,0,9.42521273e-08,6.14601078e-07,3.55214373e-06,1.46453035e-05,4.75900514e-05,0.000122191052,0.000248529643,0.000401373737,0.000515640483,0.00052750812,0.00042977211,0.000278609777,0.000143472038,5.85556026e-05,1.88929158e-05,4.80676935e-06,9.62062651e-07,1.39906364e-07,0,0,0,0,0,0,0,0,0,0,0,0,0,0,0,0,0,0,0,0,0,1.69817341e-07,1.02733505e-06,4.84025847e-06,1.7760344e-05,5.07528665e-05,0.000112952582,0.000195775408,0.000264269148,0.000277818519,0.00022745856,0.000145033986,7.21367243e-05,2.85849915e-05,1.21261578e-05,1.66699097e-05,4.59518397e-05,0.000112167043,0.000220895796,0.00035210327,0.000459535908,0.000495430861,0.000442678737,0.000327069468,0.000201101098,0.0001131591,8.816183e-05,0.000126887587,0.000210997647,0.000315778728,0.000442101054,0.000659242382,0.00108686835,0.00180053977,0.0027230887,0.00358854995,0.00403523322,0.0038242837,0.00304230979,0.00207057772,0.00130408414,0.000891246693,0.000729206682,0.000651615862,0.000578075436,0.000511513433,0.000471292416,0.000463345731,0.000485385051,0.000519903428,0.000528761236,0.000477835661,0.000367960357,0.000236827546,0.000133399102,9.31470885e-05,0.000133797813,0.000255070711,0.000421393422,0.000557567633,0.000597828684,0.000548078099,0.000477227021,0.000444730168,0.000463879393,0.000523215268,0.000596098835,0.000628580945,0.000572216596,0.000445762862,0.000333087106,0.000309757785,0.000382793433,0.000499461368,0.000595310174,0.000630674141,0.000594091793,0.000493344013,0.000353133445,0.000212057651,0.000104290706,4.16057153e-05,1.5040152e-05,1.31221152e-05,3.7203905e-05,0.00010609937,0.000242048784,0.000438493735,0.000637599045,0.000758125153,0.000760160108,0.000675552512,0.000568395073,0.000477305147,0.00040382388,0.000348895633,0.000337206522,0.000396480693,0.000527591808,0.00070305962,0.00087782776,0.000995993604,0.00101865054,0.000956379758,0.000855644833,0.000753951195,0.000661225236,0.000573571712,0.000482286864,0.000376725872,0.0002586046,0.000148506971,6.90585941e-05,2.54988499e-05,7.33911389e-06,1.67903311e-06,2.99158449e-07,0,0,0,0,0,0,0,0,0,0,0,0,0,0,0,0,0,0,0,0,0,0,0,0,0,0,0,0,0,0,0,0,0,0,0,0,0,0,0,0,0,0,0,0,0,0,0,0,0,0,0,0,0,0,0,0,0,0,0,0,0,0,0,0,0,0,0,0,0,0,0,0,0,0,0,0,0,0,0,0,0,0,0,0,0,0,0,0,0,0,0,0,0,0,0,0,0,0,0,0,0,0,0,0,0,0,0,0,0,0,0,0,0,0,0,0,0,0,0,0,0,0,0,0,0,0,0,0,0,0,0,0,0,0,0,0,0,0,0,0,0,0,0,0,0,0,0,0,0,0,0,0,0,0,0,0,0,0,0,0,0,0,0,0,0,0,0,0,0,0,0,0,0,0,0,0,0,0,0,0,0,0,0,0,0,0,0,0,0,0,0,0,0
0,2.10299311e-07,1.24656573e-06,5.59122003e-06,1.99976161e-05,5.6901437e-05,0.000131182643,0.000250950936,0.000412577263,0.000605900367,0.000814739127,0.00099870024,0.00108661034,0.00102760467,0.000861939683,0.000716703238,0.000711970789,0.000874981008,0.00113974481,0.00139737678,0.0015481223,0.00154976615,0.00145233715,0.00136107488,0.00133181002,0.00130720155,0.0011811103,0.000923684368,0.000621981899,0.000392933615,0.000279659253,0.00024093132,0.000219962666,0.000201163976,0.000202064243,0.00023219138,0.000273867051,0.000301860388,0.000301980058,0.000272162416,0.000224019399,0.000188042982,0.000199806827,0.000266755763,0.000349275996,0.000385055766,0.000340949342,0.000239578265,0.000133258894,5.91497752e-05,2.36181757e-05,1.79915418e-05,3.68568237e-05,7.95768004e-05,0.000137743546,0.000186495381,0.000198700544,0.000172381449,0.00013763222,0.000130031343,0.000157204517,0.000191670678,0.000196747624,0.000160581236,0.000104148605,5.93069751e-05,4.63100862e-05,7.01933479e-05,0.000122515806,0.000181096437,0.00022263678,0.000251056092,0.000307779637,0.000435762706,0.000624354578,0.000797160765,0.000863155529,0.000787830052,0.000619856934,0.000455756643,0.000372497511,0.000375810439,0.000403272111,0.000383309083,0.000297156617,0.000183091276,8.89178224e-05,3.39768848e-05,1.01946383e-05,2.40015909e-06,4.43055515e-07,0,0,0,0,0,0,0,0,0,0,0,0,0,0,0,0,0,0,0,0,0,0,0,0,0,0,0,0,0,0,0,0,0,0,0,0,0,0,0,0,0,0,0,0,0,0,0,0,0,0,0,0,0,0,0,0,0,0,0,0,0,9.8349928e-08,6.10044436e-07,3.24990631e-06,1.27043659e-05,3.92095645e-05,9.59020625e-05,0.00018664738,0.000290176194,0.000361494548,0.000361494548,0.000290176194,0.000187032229,9.80869093e-05,4.88707634e-05,4.66206963e-05,9.61972642e-05,0.000203859797,0.000363149684,0.000550827569,0.000746243844,0.000935177226,0.00108141884,0.00112099575,0.00101625035,0.000805332654,0.000589132533,0.0004767906,0.000543035328,0.000810731082,0.00125445363,0.00180176644,0.00232656905,0.00266734474,0.00270814945,0.00245885616,0.0020390966,0.00158139366,0.00116998806,0.000856730987,0.000677825058,0.000635669507,0.000683087236,0.000745237277,0.000758239726,0.00069980701,0.000595478512,0.000496708335,0.000440857282,0.000422708435,0.000405177063,0.00036000078,0.00029873769,0.000262765404,0.00028518825,0.000364956525,0.00047277953,0.000568581241,0.000615590405,0.000597089314,0.000531099123,0.000457858003,0.000407718229,0.000381311995,0.000360079417,0.000328763617,0.000289850434,0.0002597396,0.000246176679,0.000235616177,0.000211656888,0.000183435625,0.000179551898,0.000213903036,0.000268804914,0.000311656338,0.000318939727,0.00028539362,0.000224473276,0.000166303377,0.000142166823,0.000159315467,0.000191144804,0.000198814885,0.000166014224,0.000110986397,6.71459899e-05,6.00023138e-05,0.00010352981,0.00020372032,0.000354912215,0.000530771372,0.000683933652,0.000765548528,0.000764925408,0.000729916885,0.000733474871,0.000812019811,0.000931936664,0.00101246479,0.00098512203,0.000840053924,0.000625067031,0.000408976382,0.000248106694,0.000169498995,0.000163770141,0.000190094622,0.000200059501,0.000170297941,0.000113890391,5.94138007e-05,2.41558488e-05,7.64863007e-06,1.88612889e-06,3.62230901e-07,0,0,0,0,0,3.02939096e-07,1.61732982e-06,6.72462742e-06,2.17753066e-05,5.49144502e-05,0.000107853795,0.000164972138,0.000196522428,0.000182322409,0.000131732926,7.41267582e-05,3.24849377e-05,1.10870371e-05,3.02779183e-06,1.12407457e-06,2.64435763e-06,9.82103488e-06,2.95040218e-05,6.90289913e-05,0.000125779024,0.000178488917,0.000197260774,0.000169783924,0.000113809559,5.94138007e-05,2.41558488e-05,7.64863007e-06,1.88612889e-06,3.62230901e-07,8.08246327e-08,5.140301e-07,2.54600767e-06,9.82103488e-06,2.95040218e-05,6.90289913e-05,0.000125779024,0.000178488917,0.000197260774,0.000169783924,0.000113809559,5.94138007e-05,2.41558488e-05,7.64863007e-06,1.88612889e-06,3.62230901e-07,0,0,0,0,0,0,0,0,0,0,0,0,0,0,0,0,0,0,0,0,0,0,0,0,0,0,0,0,0,0,0,0,0,0,0,0,0,0,0,0,0,0,0,0,0,0,0,0,0,0,0,0,0,0,0,0,0,0,0,0,0,0,0,0,0,0,0,0,0,0,0,0,0,0,0,0,0,0,0,0,0,0,0,0,0,0,0,0,0,0,0,0,0,0,0,0,0,0,0,0,0,0,0,0,0,0,0,0,0,0,0,0,0,0,0,0,0,0,0,0,0,0,0,0,0,0,0,0,0,0,0,0,0,0,0,0,0,0,0,0,0,0,0,0
0,0,0,0,0,0,0,7.28495352e-07,4.23686283e-06,1.82218971e-05,6.1788036e-05,0.000165780542,0.000353355852,0.000600739762,0.000817479109,0.000892499818,0.000782338924,0.000552911428,0.000336623084,0.000277524428,0.000600311221,0.0017555367,0.00438897408,0.00879325803,0.0140184167,0.0177510574,0.0178284709,0.014184082,0.00892830003,0.0044418579,0.00174502997,0.000540948912,0.000132234403,2.52107246e-05,2.08426234e-06,0,0,0,0,0,0,0,0,0,0,0,0,0,0,0,0,0,0,0,0,0,0,0,0,0,0,0,0,0,0,0,0,0,0,0,0,0,0,0,0,0,0,0,0,0,0,0,0,0,0,0,0,0,0,0,0,0,0,0,0,0,0,0,0,0,0,0,0,0,0,0,0,0,0,0,0,0,0,0,0,0,0,0,0,0,0,0,0,0,0,0,0,0,0,0,0,0,0,0,0,0,0,0,0,0,0,0,0,0,0,0,0,0,0,0,0,0,0,0,0,0,0,0,0,0,0,0,0,0,0,0,0,0,0,0,0,0,0,0,0,0,0,0,0,0,0,0,0,0,0,0,0,0,0,0,0,0,0,0,0,0,0,0,0,0,0,0,0,0,0,0,0,0,0,0,0,0,0,0,0,0,0,0,0,0,0,0,0,0,0,0,0,0,0,0,0,0,0,0,0,0,0,0,0,0,0,0,0,0,0,0,0,0,0,0,0,0,0,0,0,0,0,0,0,0,0,0,0,0,0,0,0,0,0,0,0,0,0,0,0,0,0,0,0,0,0,0,0,0,0,0,0,0,0,0,0,0,0,0,0,0,0,0,0,0,0,0,0,0,0,0,0,0,0,0,0,0,0,0,0,0,0,0,0,0,0,0,0,0,0,0,0,0,0,0,0,0,0,0,0,0,0,0,0,0,0,0,0,0,0,0,0,0,0,0,0,0,0,0,0,0,0,0,0,0,0,0,0,0,0,0,0,0,0,0,0,0,0,0,0,0,0,0,0,0,0,0,0,0,0,0,0,0,0,0,0,0,0,0,0,0,0,0,0,0,0,0,0,0,0,0,0,0,0,0,0,0,0,0,0,0,0,0,0,0,0,0,0,0,0,0,0,0,0,0,0,0,0,0,0,0,0,0,0,0,0,0,0,0,0,0,0,0,0,0,0,0,0,0,0,0,0,0,0,0,0
0,4.05505687e-07,2.39259756e-06,1.09943294e-05,3.93454211e-05,0.000109659447,0.000238025941,0.000402373026,0.000529736471,0.000543146766,0.000433711522,0.000269718702,0.000131121144,5.2091452e-05,2.71050622e-05,4.78866163e-05,0.000124072726,0.000272810621,0.00050402514,0.000838187634,0.00142239949,0.00262537317,0.00493224706,0.00851464584,0.0126859624,0.0158445328,0.0163696342,0.0139010203,0.00967506689,0.00551229243,0.00256845745,0.000977163943,0.000302408498,7.59374723e-05,1.42927133e-05,1.7566837e-06,0,0,0,0,0,0,0,0,0,0,0,0,0,0,0,0,0,0,0,0,0,0,0,0,0,0,0,0,0,0,0,0,0,0,0,0,0,0,0,0,0,0,0,0,0,0,0,0,0,0,0,0,0,0,0,0,0,0,0,0,0,0,0,0,0,0,0,0,0,0,0,0,0,0,0,0,0,0,0,0,0,0,0,0,0,0,0,0,0,0,0,0,0,0,0,0,0,0,0,0,0,0,0,0,0,0,0,0,0,0,0,0,0,0,0,0,0,0,0,0,0,0,0,0,0,0,0,0,0,0,0,0,0,0,0,0,0,0,0,0,0,0,0,0,0,0,0,0,0,0,0,0,0,0,0,0,0,0,0,0,0,0,0,0,0,0,0,0,0,0,0,0,0,0,0,0,0,0,0,0,0,0,0,0,0,0,0,0,0,0,0,0,0,0,0,0,0,0,0,0,0,0,0,0,0,0,0,0,0,0,0,0,0,0,0,0,0,0,0,0,0,0,0,0,0,0,0,0,0,0,0,0,0,0,0,0,0,0,0,0,0,0,0,0,0,0,0,0,0,0,0,0,0,0,0,0,0,0,0,0,0,0,0,0,0,0,0,0,0,0,0,0,0,0,0,0,0,0,0,0,0,0,0,0,0,0,0,0,0,0,0,0,0,0,0,0,0,0,0,0,0,0,0,0,0,0,0,0,0,0,0,0,0,0,0,0,0,0,0,0,0,0,0,0,0,0,0,0,0,0,0,0,0,0,0,0,0,0,0,0,0,0,0,0,0,0,0,0,0,0,0,0,0,0,0,0,0,0,0,0,0,0,0,0,0,0,0,0,0,0,0,0,0,0,0,0,0,0,0,0,0,0,0,0,0,0,0,0,0,0,0,0,0,0,0,0,0,0,0,0,0,0,0,0,0,0,0,0,0,0,0,0,0,0,0,0,0,0,0,0,0,0,0,0,0
0,5.20912715e-07,2.85144892e-06,1.21560527e-05,4.03595186e-05,0.000104357993,0.000210584677,0.000332015548,0.000413187418,0.000419121089,0.000379648446,0.000361826413,0.000392705639,0.000427632016,0.000408723033,0.000339539387,0.000289832964,0.000333935633,0.000508618723,0.000857004809,0.00156689199,0.00305652717,0.00578647958,0.00968292394,0.0136060025,0.01570315,0.0147592001,0.0112672625,0.00698798321,0.00352847535,0.00146328199,0.000532070017,0.000251247683,0.000271653398,0.000405103226,0.000547861994,0.000635066482,0.000639437164,0.000559390865,0.000416921721,0.000257440053,0.000128539606,5.10480895e-05,1.5968272e-05,3.8877369e-06,7.46639559e-07,0,0,0,0,0,0,0,0,0,0,0,0,0,0,0,0,0,0,0,0,0,0,0,0,0,0,0,0,0,0,0,0,0,0,0,0,0,0,0,0,0,0,0,0,0,0,0,0,0,0,0,0,0,0,0,0,0,0,0,0,0,0,0,0,0,0,0,0,0,0,0,0,0,0,0,0,0,0,0,0,0,0,0,0,0,0,0,0,0,0,0,0,0,0,0,0,0,0,0,0,0,0,0,0,0,0,0,0,0,0,0,0,0,0,0,0,0,0,0,0,0,0,0,0,0,0,0,0,0,0,0,0,0,0,2.46061753e-07,1.48858686e-06,7.01343266e-06,2.57343647e-05,7.35398354e-05,0.000163665914,0.000283674446,0.000382920433,0.000402553187,0.000329582666,0.000210151193,0.000104357993,4.03595186e-05,1.21560527e-05,2.85144892e-06,5.20912715e-07,0,0,0,0,0,0,0,0,0,0,0,0,0,0,0,0,0,0,0,0,0,0,0,0,0,0,0,0,0,0,0,0,0,0,0,0,0,0,0,0,0,0,0,0,0,0,0,0,0,0,0,0,0,0,0,0,0,0,0,0,0,0,0,0,0,0,0,0,0,0,0,0,0,0,0,0,0,0,0,0,0,0,0,0,0,0,0,0,0,0,0,0,0,0,0,0,0,0,0,0,0,0,0,0,0,0,0,0,0,0,0,0,0,0,0,0,0,0,0,0,0,0,0,0,0,0,0,0,0,0,0,0,0,0,0,0,0,0,0,0,0,0,0,0,0,0,0,0,0,0,0,0,0,0,0,0,0,0,0,0,0,0,0,0,0,0,0,0,0,0,0,0,0,0,0,0,0,0,0,0,0,0,0,0,0,0,0,0,0,0,0,0,0,0,0,0,0,0,0,0,0,0,0,0,0,0,0,0,0,0,0,0,0,0,0,0,0,0,0,0,0,0,0,0,0,0,0,0,0,0,0,0,0,0,0,0,0,0,0,0,0,0,0,0,0,0,0,0,0,0,0,0,0,0,0,0,0,0,0,0,0,0,0,0,0
5.08915067e-06,2.3209508e-05,8.28242816e-05,0.000231797088,0.000509960742,0.000886966667,0.00124465771,0.00147925566,0.0016393185,0.00188700601,0.00228950331,0.00273721108,0.00311316126,0.0034579007,0.00392070707,0.00457386138,0.00526051173,0.00563652944,0.0054702213,0.00492496823,0.00442450756,0.00419236546,0.00402553065,0.00358495564,0.00280785827,0.00195111465,0.00130555259,0.000958720238,0.00079666541,0.000656497104,0.000468564798,0.000270957556,0.000123921422,4.4264877e-05,1.23689777e-05,2.69174998e-06,4.56207072e-07,0,0,0,0,0,0,0,0,0,0,0,0,0,0,0,0,0,0,0,0,0,0,1.14332599e-06,5.95327501e-06,2.41417215e-05,7.62442122e-05,0.000187530501,0.000359222326,0.000535896779,0.000622623218,0.000563372747,0.000397002095,0.000217879368,9.31248956e-05,3.09985823e-05,8.03608066e-06,1.62245675e-06,2.55110491e-07,0,0,0,0,0,0,0,0,0,0,0,0,0,0,0,0,0,0,0,0,0,0,0,0,0,0,0,0,0,0,0,0,0,0,0,0,0,0,0,0,0,0,0,0,0,0,0,0,0,0,0,0,0,0,0,0,0,0,0,0,0,0,0,0,0,0,0,0,0,0,0,0,0,0,0,0,0,0,0,0,0,0,0,0,0,0,0,0,0,0,0,0,0,0,0,0,0,0,0,0,0,0,0,2.09128064e-07,2.87084592e-06,1.61570689e-05,6.90737389e-05,0.00022987475,0.000603410257,0.0012535237,0.00206938217,0.00272784797,0.00288603426,0.0024625712,0.00170094031,0.000952693872,0.000432395509,0.000158556367,4.67600944e-05,1.10321258e-05,1.93288311e-06,2.55110491e-07,0,0,0,0,0,0,0,0,0,0,0,0,0,0,0,0,0,0,0,0,0,0,0,0,0,0,0,0,0,0,0,0,0,0,0,0,4.56207072e-07,2.69174998e-06,1.23689777e-05,4.4264877e-05,0.00012337044,0.000267786916,0.000452682726,0.000595970739,0.000611057757,0.000487939552,0.000303442302,0.000146964566,5.54339105e-05,1.62841383e-05,3.72546438e-06,6.63777351e-07,0,0,0,0,0,0,0,0,0,0,0,0,0,0,0,0,0,0,0,0,0,0,0,0,0,0,0,0,2.09128064e-07,1.36368629e-06,6.92537016e-06,2.73903711e-05,8.43682801e-05,0.000202388988,0.0003781124,0.000550150295,0.000623401944,0.000550150295,0.0003781124,0.000202388988,8.43682801e-05,2.73903711e-05,6.92537016e-06,1.36368629e-06,2.09128064e-07,0,0,0,0,0,0,0,0,0,0,0,0,0,0,0,0,0,0,0,0,0,0,0,0,0,0,0,0,0,0,0,0,0,0,0,0,0,0,0,0,0,0,0,0,0,0,0,0,0,0,0,0,0,0,0,0,0,0,0,0,0,0,0,0,0,0,0,0,0,0,0,0,0,0,0,0,0,0,0,0,0,0,0,0,0,0,0,0,0,0,0,0,0,0,0,0,0,0,0,0,0,0,0,0,0,0,0,0,0,0,0,0,0,0,0,0,0,0,0,0,0,0,0,0,0,0,0,0,0,0,0,0,0,0,0,0,0,0,0,0,0,0,0,0,0,0,0,0,0,0,0,0,0,0,0,0,0,0,0,0,0,0,0,0,0,0,0
0,1.25589289e-07,7.98725247e-07,4.26719456e-06,1.77441517e-05,5.83462664e-05,0.000155802114,0.000344455033,0.000640445929,0.00101871585,0.00141562894,0.00177466365,0.00210360608,0.00247046689,0.00292374089,0.00342689975,0.0038620688,0.00407395969,0.00395120592,0.00353996246,0.00306880886,0.00278685919,0.00275646029,0.00281723975,0.0027530901,0.00247310096,0.00203666807,0.00155687612,0.00112446047,0.000791332754,0.000560255483,0.000392608222,0.000253128005,0.000139097729,6.21295298e-05,2.19169095e-05,6.08916989e-06,1.32513157e-06,2.2458787e-07,0,0,0,0,0,0,0,0,0,0,0,0,0,3.92688624e-07,2.14955696e-06,9.16380707e-06,3.04249125e-05,7.86699872e-05,0.000158421902,0.00024845499,0.000303463617,0.000288663519,0.000213847204,0.000123379101,5.54378035e-05,1.93997803e-05,5.287057e-06,1.12216713e-06,1.85492979e-07,0,0,0,0,0,0,0,0,0,0,0,0,0,0,0,0,0,0,0,0,0,0,0,0,0,0,0,0,0,0,0,0,0,0,0,0,0,0,0,0,0,0,0,0,0,0,0,0,0,0,0,0,0,0,0,0,0,0,0,0,0,0,0,0,0,0,0,0,0,0,0,0,0,0,0,0,0,0,0,0,0,0,0,0,0,0,0,0,0,0,2.2458787e-07,1.32513157e-06,6.08916989e-06,2.17913203e-05,6.07344912e-05,0.000131829813,0.000222852857,0.000293392644,0.000300819887,0.00024020957,0.000149382735,7.23497306e-05,2.72897652e-05,8.0165788e-06,1.83402267e-06,3.26773412e-07,0,0,0,1.35029223e-06,7.99356522e-06,3.75202678e-05,0.000136356009,0.000403328544,0.00098626127,0.00201232914,0.00344037639,0.00492452642,0.00587717964,0.00582584158,0.00480214679,0.00333620854,0.00203310714,0.00118327859,0.00073367051,0.000497220612,0.0003342578,0.000199949015,0.000104808513,6.30732771e-05,7.84414114e-05,0.000143831065,0.000234370321,0.000306618459,0.000327879544,0.000310327882,0.000298929527,0.000314826095,0.000327880174,0.000295659001,0.000215408104,0.000123650346,5.54378035e-05,1.93997803e-05,5.287057e-06,1.12216713e-06,1.85492979e-07,0,0,0,0,0,0,0,0,0,0,0,0,0,0,0,0,0,0,0,0,0,0,0,0,0,0,0,0,0,0,0,0,4.70721664e-07,2.51308661e-06,1.04490568e-05,3.38355422e-05,8.53287732e-05,0.00016758853,0.000256341821,0.000305366214,0.000283301524,0.000204693098,0.000115181802,5.04766936e-05,1.72275834e-05,4.57914225e-06,9.47917044e-07,1.52820955e-07,0,0,0,0,0,0,0,0,0,0,0,0,0,0,0,0,0,0,0,0,0,0,0,0,0,0,0,0,0,0,0,0,0,0,0,0,0,0,0,0,0,0,0,0,0,0,0,0,0,0,0,0,0,0,0,0,0,0,0,0,0,0,0,0,0,0,0,0,0,0,0,0,0,0,0,0,0,0,0,0,0,0,0,0,0,0,0,0,0,0,0,0,0,0,0,0,0,0,0,0,0,0,0,0,0,0,0,0,0,0,0,0,0,0,0,0,0,0,0,0,0,0,0,0,0,0,0,0,0,0,0,0,0,0,0,0,0,0,0,0,0,0,0,0,0,0,0,0,0,0,0,0,0,0,0,0,0,0,0,0,0,0,0,0,0,0,0,0,0,0,0,0,0,0,0,0,0,0,0,0,0,0,0,0,0,0,0,0,0,0,0,0,0,0,0,0,0,0
